nohup: ignoring input
【全自動循環守護工廠啟動】
-> 💡 提示：按 Ctrl + C 可以隨時終止背景守護。


[2026-08-25 17:45:06] -> 🔄 開始新一輪全球開源專案自動巡航...
========================================
-> 🌍 [自動守護採購] 正在下載原始碼: https://raw.githubusercontent.com/psf/requests/refs/heads/main/src/requests/__init__.py
-> ✅ 原始碼下載成功。
-> 🧪 [深度融合] 正在將全球開源碼熔鑄至本地模組: RequestsAuto
-> 💾 寫入硬碟成功: manufacturing_hub/requestsauto_auto_fused.py
-> 🔍 [品質檢驗] 檢查模組語法: manufacturing_hub/requestsauto_auto_fused.py
-> 🎉 語法檢驗完美通過！
========================================
-> 🌍 [自動守護採購] 正在下載原始碼: https://raw.githubusercontent.com/fastapi/fastapi/refs/heads/master/fastapi/__init__.py
-> ✅ 原始碼下載成功。
-> 🧪 [深度融合] 正在將全球開源碼熔鑄至本地模組: FastAPIAuto
-> 💾 寫入硬碟成功: manufacturing_hub/fastapiauto_auto_fused.py
-> 🔍 [品質檢驗] 檢查模組語法: manufacturing_hub/fastapiauto_auto_fused.py
-> 🎉 語法檢驗完美通過！
========================================
-> 🌍 [自動守護採購] 正在下載原始碼: https://raw.githubusercontent.com/pallets/flask/refs/heads/main/src/flask/__init__.py
-> ✅ 原始碼下載成功。
-> 🧪 [深度融合] 正在將全球開源碼熔鑄至本地模組: FlaskAuto
-> 💾 寫入硬碟成功: manufacturing_hub/flaskauto_auto_fused.py
-> 🔍 [品質檢驗] 檢查模組語法: manufacturing_hub/flaskauto_auto_fused.py
-> 🎉 語法檢驗完美通過！
========================================
-> 🌍 [自動守護採購] 正在下載原始碼: https://raw.githubusercontent.com/pallets/click/refs/heads/main/src/click/__init__.py
-> ✅ 原始碼下載成功。
-> 🧪 [深度融合] 正在將全球開源碼熔鑄至本地模組: ClickAuto
-> 💾 寫入硬碟成功: manufacturing_hub/clickauto_auto_fused.py
-> 🔍 [品質檢驗] 檢查模組語法: manufacturing_hub/clickauto_auto_fused.py
-> 🎉 語法檢驗完美通過！
========================================
-> 🌍 [自動守護採購] 正在下載原始碼: https://raw.githubusercontent.com/Textualize/rich/refs/heads/main/rich/__init__.py
-> ✅ 原始碼下載成功。
-> 🧪 [深度融合] 正在將全球開源碼熔鑄至本地模組: RichAuto
-> 💾 寫入硬碟成功: manufacturing_hub/richauto_auto_fused.py
-> 🔍 [品質檢驗] 檢查模組語法: manufacturing_hub/richauto_auto_fused.py
-> 🎉 語法檢驗完美通過！
========================================
-> 🌍 [自動守護採購] 正在下載原始碼: https://raw.githubusercontent.com/pydantic/pydantic/refs/heads/main/pydantic/__init__.py
-> ✅ 原始碼下載成功。
-> 🧪 [深度融合] 正在將全球開源碼熔鑄至本地模組: PydanticAuto
-> 💾 寫入硬碟成功: manufacturing_hub/pydanticauto_auto_fused.py
-> 🔍 [品質檢驗] 檢查模組語法: manufacturing_hub/pydanticauto_auto_fused.py
-> 🎉 語法檢驗完美通過！

-> 💤 本輪巡航完畢。進入自動休眠，等待 30 秒後進行下一輪...

[2026-08-25 17:45:42] -> 🔄 開始新一輪全球開源專案自動巡航...
========================================
-> 🌍 [自動守護採購] 正在下載原始碼: https://raw.githubusercontent.com/psf/requests/refs/heads/main/src/requests/__init__.py
-> ✅ 原始碼下載成功。
-> 🧪 [深度融合] 正在將全球開源碼熔鑄至本地模組: RequestsAuto
-> 💾 寫入硬碟成功: manufacturing_hub/requestsauto_auto_fused.py
-> 🔍 [品質檢驗] 檢查模組語法: manufacturing_hub/requestsauto_auto_fused.py
-> 🎉 語法檢驗完美通過！
========================================
-> 🌍 [自動守護採購] 正在下載原始碼: https://raw.githubusercontent.com/fastapi/fastapi/refs/heads/master/fastapi/__init__.py
-> ✅ 原始碼下載成功。
-> 🧪 [深度融合] 正在將全球開源碼熔鑄至本地模組: FastAPIAuto
-> 💾 寫入硬碟成功: manufacturing_hub/fastapiauto_auto_fused.py
-> 🔍 [品質檢驗] 檢查模組語法: manufacturing_hub/fastapiauto_auto_fused.py
-> 🎉 語法檢驗完美通過！
========================================
-> 🌍 [自動守護採購] 正在下載原始碼: https://raw.githubusercontent.com/pallets/flask/refs/heads/main/src/flask/__init__.py
-> ✅ 原始碼下載成功。
-> 🧪 [深度融合] 正在將全球開源碼熔鑄至本地模組: FlaskAuto
-> 💾 寫入硬碟成功: manufacturing_hub/flaskauto_auto_fused.py
-> 🔍 [品質檢驗] 檢查模組語法: manufacturing_hub/flaskauto_auto_fused.py
-> 🎉 語法檢驗完美通過！
========================================
-> 🌍 [自動守護採購] 正在下載原始碼: https://raw.githubusercontent.com/pallets/click/refs/heads/main/src/click/__init__.py
-> ✅ 原始碼下載成功。
-> 🧪 [深度融合] 正在將全球開源碼熔鑄至本地模組: ClickAuto
-> 💾 寫入硬碟成功: manufacturing_hub/clickauto_auto_fused.py
-> 🔍 [品質檢驗] 檢查模組語法: manufacturing_hub/clickauto_auto_fused.py
-> 🎉 語法檢驗完美通過！
========================================
-> 🌍 [自動守護採購] 正在下載原始碼: https://raw.githubusercontent.com/Textualize/rich/refs/heads/main/rich/__init__.py
-> ✅ 原始碼下載成功。
-> 🧪 [深度融合] 正在將全球開源碼熔鑄至本地模組: RichAuto
-> 💾 寫入硬碟成功: manufacturing_hub/richauto_auto_fused.py
-> 🔍 [品質檢驗] 檢查模組語法: manufacturing_hub/richauto_auto_fused.py
-> 🎉 語法檢驗完美通過！
========================================
-> 🌍 [自動守護採購] 正在下載原始碼: https://raw.githubusercontent.com/pydantic/pydantic/refs/heads/main/pydantic/__init__.py
-> ✅ 原始碼下載成功。
-> 🧪 [深度融合] 正在將全球開源碼熔鑄至本地模組: PydanticAuto
-> 💾 寫入硬碟成功: manufacturing_hub/pydanticauto_auto_fused.py
-> 🔍 [品質檢驗] 檢查模組語法: manufacturing_hub/pydanticauto_auto_fused.py
-> 🎉 語法檢驗完美通過！

-> 💤 本輪巡航完畢。進入自動休眠，等待 30 秒後進行下一輪...

[2026-08-25 17:46:15] -> 🔄 開始新一輪全球開源專案自動巡航...
========================================
-> 🌍 [自動守護採購] 正在下載原始碼: https://raw.githubusercontent.com/psf/requests/refs/heads/main/src/requests/__init__.py
-> ✅ 原始碼下載成功。
-> 🧪 [深度融合] 正在將全球開源碼熔鑄至本地模組: RequestsAuto
-> 💾 寫入硬碟成功: manufacturing_hub/requestsauto_auto_fused.py
-> 🔍 [品質檢驗] 檢查模組語法: manufacturing_hub/requestsauto_auto_fused.py
-> 🎉 語法檢驗完美通過！
========================================
-> 🌍 [自動守護採購] 正在下載原始碼: https://raw.githubusercontent.com/fastapi/fastapi/refs/heads/master/fastapi/__init__.py
-> ✅ 原始碼下載成功。
-> 🧪 [深度融合] 正在將全球開源碼熔鑄至本地模組: FastAPIAuto
-> 💾 寫入硬碟成功: manufacturing_hub/fastapiauto_auto_fused.py
-> 🔍 [品質檢驗] 檢查模組語法: manufacturing_hub/fastapiauto_auto_fused.py
-> 🎉 語法檢驗完美通過！
========================================
-> 🌍 [自動守護採購] 正在下載原始碼: https://raw.githubusercontent.com/pallets/flask/refs/heads/main/src/flask/__init__.py
-> ✅ 原始碼下載成功。
-> 🧪 [深度融合] 正在將全球開源碼熔鑄至本地模組: FlaskAuto
-> 💾 寫入硬碟成功: manufacturing_hub/flaskauto_auto_fused.py
-> 🔍 [品質檢驗] 檢查模組語法: manufacturing_hub/flaskauto_auto_fused.py
-> 🎉 語法檢驗完美通過！
========================================
-> 🌍 [自動守護採購] 正在下載原始碼: https://raw.githubusercontent.com/pallets/click/refs/heads/main/src/click/__init__.py
-> ✅ 原始碼下載成功。
-> 🧪 [深度融合] 正在將全球開源碼熔鑄至本地模組: ClickAuto
-> 💾 寫入硬碟成功: manufacturing_hub/clickauto_auto_fused.py
-> 🔍 [品質檢驗] 檢查模組語法: manufacturing_hub/clickauto_auto_fused.py
-> 🎉 語法檢驗完美通過！
========================================
-> 🌍 [自動守護採購] 正在下載原始碼: https://raw.githubusercontent.com/Textualize/rich/refs/heads/main/rich/__init__.py
-> ✅ 原始碼下載成功。
-> 🧪 [深度融合] 正在將全球開源碼熔鑄至本地模組: RichAuto
-> 💾 寫入硬碟成功: manufacturing_hub/richauto_auto_fused.py
-> 🔍 [品質檢驗] 檢查模組語法: manufacturing_hub/richauto_auto_fused.py
-> 🎉 語法檢驗完美通過！
========================================
-> 🌍 [自動守護採購] 正在下載原始碼: https://raw.githubusercontent.com/pydantic/pydantic/refs/heads/main/pydantic/__init__.py
-> ✅ 原始碼下載成功。
-> 🧪 [深度融合] 正在將全球開源碼熔鑄至本地模組: PydanticAuto
-> 💾 寫入硬碟成功: manufacturing_hub/pydanticauto_auto_fused.py
-> 🔍 [品質檢驗] 檢查模組語法: manufacturing_hub/pydanticauto_auto_fused.py
-> 🎉 語法檢驗完美通過！

-> 💤 本輪巡航完畢。進入自動休眠，等待 30 秒後進行下一輪...

[2026-08-25 17:46:48] -> 🔄 開始新一輪全球開源專案自動巡航...
========================================
-> 🌍 [自動守護採購] 正在下載原始碼: https://raw.githubusercontent.com/psf/requests/refs/heads/main/src/requests/__init__.py
-> ✅ 原始碼下載成功。
-> 🧪 [深度融合] 正在將全球開源碼熔鑄至本地模組: RequestsAuto
-> 💾 寫入硬碟成功: manufacturing_hub/requestsauto_auto_fused.py
-> 🔍 [品質檢驗] 檢查模組語法: manufacturing_hub/requestsauto_auto_fused.py
-> 🎉 語法檢驗完美通過！
========================================
-> 🌍 [自動守護採購] 正在下載原始碼: https://raw.githubusercontent.com/fastapi/fastapi/refs/heads/master/fastapi/__init__.py
-> ✅ 原始碼下載成功。
-> 🧪 [深度融合] 正在將全球開源碼熔鑄至本地模組: FastAPIAuto
-> 💾 寫入硬碟成功: manufacturing_hub/fastapiauto_auto_fused.py
-> 🔍 [品質檢驗] 檢查模組語法: manufacturing_hub/fastapiauto_auto_fused.py
-> 🎉 語法檢驗完美通過！
========================================
-> 🌍 [自動守護採購] 正在下載原始碼: https://raw.githubusercontent.com/pallets/flask/refs/heads/main/src/flask/__init__.py
-> ✅ 原始碼下載成功。
-> 🧪 [深度融合] 正在將全球開源碼熔鑄至本地模組: FlaskAuto
-> 💾 寫入硬碟成功: manufacturing_hub/flaskauto_auto_fused.py
-> 🔍 [品質檢驗] 檢查模組語法: manufacturing_hub/flaskauto_auto_fused.py
-> 🎉 語法檢驗完美通過！
========================================
-> 🌍 [自動守護採購] 正在下載原始碼: https://raw.githubusercontent.com/pallets/click/refs/heads/main/src/click/__init__.py
-> ✅ 原始碼下載成功。
-> 🧪 [深度融合] 正在將全球開源碼熔鑄至本地模組: ClickAuto
-> 💾 寫入硬碟成功: manufacturing_hub/clickauto_auto_fused.py
-> 🔍 [品質檢驗] 檢查模組語法: manufacturing_hub/clickauto_auto_fused.py
-> 🎉 語法檢驗完美通過！
========================================
-> 🌍 [自動守護採購] 正在下載原始碼: https://raw.githubusercontent.com/Textualize/rich/refs/heads/main/rich/__init__.py
-> ✅ 原始碼下載成功。
-> 🧪 [深度融合] 正在將全球開源碼熔鑄至本地模組: RichAuto
-> 💾 寫入硬碟成功: manufacturing_hub/richauto_auto_fused.py
-> 🔍 [品質檢驗] 檢查模組語法: manufacturing_hub/richauto_auto_fused.py
-> 🎉 語法檢驗完美通過！
========================================
-> 🌍 [自動守護採購] 正在下載原始碼: https://raw.githubusercontent.com/pydantic/pydantic/refs/heads/main/pydantic/__init__.py
-> ✅ 原始碼下載成功。
-> 🧪 [深度融合] 正在將全球開源碼熔鑄至本地模組: PydanticAuto
-> 💾 寫入硬碟成功: manufacturing_hub/pydanticauto_auto_fused.py
-> 🔍 [品質檢驗] 檢查模組語法: manufacturing_hub/pydanticauto_auto_fused.py
-> 🎉 語法檢驗完美通過！

-> 💤 本輪巡航完畢。進入自動休眠，等待 30 秒後進行下一輪...

[2026-08-25 17:47:21] -> 🔄 開始新一輪全球開源專案自動巡航...
========================================
-> 🌍 [自動守護採購] 正在下載原始碼: https://raw.githubusercontent.com/psf/requests/refs/heads/main/src/requests/__init__.py
-> ✅ 原始碼下載成功。
-> 🧪 [深度融合] 正在將全球開源碼熔鑄至本地模組: RequestsAuto
-> 💾 寫入硬碟成功: manufacturing_hub/requestsauto_auto_fused.py
-> 🔍 [品質檢驗] 檢查模組語法: manufacturing_hub/requestsauto_auto_fused.py
-> 🎉 語法檢驗完美通過！
========================================
-> 🌍 [自動守護採購] 正在下載原始碼: https://raw.githubusercontent.com/fastapi/fastapi/refs/heads/master/fastapi/__init__.py
-> ✅ 原始碼下載成功。
-> 🧪 [深度融合] 正在將全球開源碼熔鑄至本地模組: FastAPIAuto
-> 💾 寫入硬碟成功: manufacturing_hub/fastapiauto_auto_fused.py
-> 🔍 [品質檢驗] 檢查模組語法: manufacturing_hub/fastapiauto_auto_fused.py
-> 🎉 語法檢驗完美通過！
========================================
-> 🌍 [自動守護採購] 正在下載原始碼: https://raw.githubusercontent.com/pallets/flask/refs/heads/main/src/flask/__init__.py
-> ✅ 原始碼下載成功。
-> 🧪 [深度融合] 正在將全球開源碼熔鑄至本地模組: FlaskAuto
-> 💾 寫入硬碟成功: manufacturing_hub/flaskauto_auto_fused.py
-> 🔍 [品質檢驗] 檢查模組語法: manufacturing_hub/flaskauto_auto_fused.py
-> 🎉 語法檢驗完美通過！
========================================
-> 🌍 [自動守護採購] 正在下載原始碼: https://raw.githubusercontent.com/pallets/click/refs/heads/main/src/click/__init__.py
-> ✅ 原始碼下載成功。
-> 🧪 [深度融合] 正在將全球開源碼熔鑄至本地模組: ClickAuto
-> 💾 寫入硬碟成功: manufacturing_hub/clickauto_auto_fused.py
-> 🔍 [品質檢驗] 檢查模組語法: manufacturing_hub/clickauto_auto_fused.py
-> 🎉 語法檢驗完美通過！
========================================
-> 🌍 [自動守護採購] 正在下載原始碼: https://raw.githubusercontent.com/Textualize/rich/refs/heads/main/rich/__init__.py
-> ✅ 原始碼下載成功。
-> 🧪 [深度融合] 正在將全球開源碼熔鑄至本地模組: RichAuto
-> 💾 寫入硬碟成功: manufacturing_hub/richauto_auto_fused.py
-> 🔍 [品質檢驗] 檢查模組語法: manufacturing_hub/richauto_auto_fused.py
-> 🎉 語法檢驗完美通過！
========================================
-> 🌍 [自動守護採購] 正在下載原始碼: https://raw.githubusercontent.com/pydantic/pydantic/refs/heads/main/pydantic/__init__.py
-> ✅ 原始碼下載成功。
-> 🧪 [深度融合] 正在將全球開源碼熔鑄至本地模組: PydanticAuto
-> 💾 寫入硬碟成功: manufacturing_hub/pydanticauto_auto_fused.py
-> 🔍 [品質檢驗] 檢查模組語法: manufacturing_hub/pydanticauto_auto_fused.py
-> 🎉 語法檢驗完美通過！

-> 💤 本輪巡航完畢。進入自動休眠，等待 30 秒後進行下一輪...

[2026-08-25 17:47:54] -> 🔄 開始新一輪全球開源專案自動巡航...
========================================
-> 🌍 [自動守護採購] 正在下載原始碼: https://raw.githubusercontent.com/psf/requests/refs/heads/main/src/requests/__init__.py
-> ✅ 原始碼下載成功。
-> 🧪 [深度融合] 正在將全球開源碼熔鑄至本地模組: RequestsAuto
-> 💾 寫入硬碟成功: manufacturing_hub/requestsauto_auto_fused.py
-> 🔍 [品質檢驗] 檢查模組語法: manufacturing_hub/requestsauto_auto_fused.py
-> 🎉 語法檢驗完美通過！
========================================
-> 🌍 [自動守護採購] 正在下載原始碼: https://raw.githubusercontent.com/fastapi/fastapi/refs/heads/master/fastapi/__init__.py
-> ✅ 原始碼下載成功。
-> 🧪 [深度融合] 正在將全球開源碼熔鑄至本地模組: FastAPIAuto
-> 💾 寫入硬碟成功: manufacturing_hub/fastapiauto_auto_fused.py
-> 🔍 [品質檢驗] 檢查模組語法: manufacturing_hub/fastapiauto_auto_fused.py
-> 🎉 語法檢驗完美通過！
========================================
-> 🌍 [自動守護採購] 正在下載原始碼: https://raw.githubusercontent.com/pallets/flask/refs/heads/main/src/flask/__init__.py
-> ✅ 原始碼下載成功。
-> 🧪 [深度融合] 正在將全球開源碼熔鑄至本地模組: FlaskAuto
-> 💾 寫入硬碟成功: manufacturing_hub/flaskauto_auto_fused.py
-> 🔍 [品質檢驗] 檢查模組語法: manufacturing_hub/flaskauto_auto_fused.py
-> 🎉 語法檢驗完美通過！
========================================
-> 🌍 [自動守護採購] 正在下載原始碼: https://raw.githubusercontent.com/pallets/click/refs/heads/main/src/click/__init__.py
-> ✅ 原始碼下載成功。
-> 🧪 [深度融合] 正在將全球開源碼熔鑄至本地模組: ClickAuto
-> 💾 寫入硬碟成功: manufacturing_hub/clickauto_auto_fused.py
-> 🔍 [品質檢驗] 檢查模組語法: manufacturing_hub/clickauto_auto_fused.py
-> 🎉 語法檢驗完美通過！
========================================
-> 🌍 [自動守護採購] 正在下載原始碼: https://raw.githubusercontent.com/Textualize/rich/refs/heads/main/rich/__init__.py
-> ✅ 原始碼下載成功。
-> 🧪 [深度融合] 正在將全球開源碼熔鑄至本地模組: RichAuto
-> 💾 寫入硬碟成功: manufacturing_hub/richauto_auto_fused.py
-> 🔍 [品質檢驗] 檢查模組語法: manufacturing_hub/richauto_auto_fused.py
-> 🎉 語法檢驗完美通過！
========================================
-> 🌍 [自動守護採購] 正在下載原始碼: https://raw.githubusercontent.com/pydantic/pydantic/refs/heads/main/pydantic/__init__.py
-> ✅ 原始碼下載成功。
-> 🧪 [深度融合] 正在將全球開源碼熔鑄至本地模組: PydanticAuto
-> 💾 寫入硬碟成功: manufacturing_hub/pydanticauto_auto_fused.py
-> 🔍 [品質檢驗] 檢查模組語法: manufacturing_hub/pydanticauto_auto_fused.py
-> 🎉 語法檢驗完美通過！

-> 💤 本輪巡航完畢。進入自動休眠，等待 30 秒後進行下一輪...

[2026-08-25 17:48:27] -> 🔄 開始新一輪全球開源專案自動巡航...
========================================
-> 🌍 [自動守護採購] 正在下載原始碼: https://raw.githubusercontent.com/psf/requests/refs/heads/main/src/requests/__init__.py
-> ✅ 原始碼下載成功。
-> 🧪 [深度融合] 正在將全球開源碼熔鑄至本地模組: RequestsAuto
-> 💾 寫入硬碟成功: manufacturing_hub/requestsauto_auto_fused.py
-> 🔍 [品質檢驗] 檢查模組語法: manufacturing_hub/requestsauto_auto_fused.py
-> 🎉 語法檢驗完美通過！
========================================
-> 🌍 [自動守護採購] 正在下載原始碼: https://raw.githubusercontent.com/fastapi/fastapi/refs/heads/master/fastapi/__init__.py
-> ✅ 原始碼下載成功。
-> 🧪 [深度融合] 正在將全球開源碼熔鑄至本地模組: FastAPIAuto
-> 💾 寫入硬碟成功: manufacturing_hub/fastapiauto_auto_fused.py
-> 🔍 [品質檢驗] 檢查模組語法: manufacturing_hub/fastapiauto_auto_fused.py
-> 🎉 語法檢驗完美通過！
========================================
-> 🌍 [自動守護採購] 正在下載原始碼: https://raw.githubusercontent.com/pallets/flask/refs/heads/main/src/flask/__init__.py
-> ✅ 原始碼下載成功。
-> 🧪 [深度融合] 正在將全球開源碼熔鑄至本地模組: FlaskAuto
-> 💾 寫入硬碟成功: manufacturing_hub/flaskauto_auto_fused.py
-> 🔍 [品質檢驗] 檢查模組語法: manufacturing_hub/flaskauto_auto_fused.py
-> 🎉 語法檢驗完美通過！
========================================
-> 🌍 [自動守護採購] 正在下載原始碼: https://raw.githubusercontent.com/pallets/click/refs/heads/main/src/click/__init__.py
-> ✅ 原始碼下載成功。
-> 🧪 [深度融合] 正在將全球開源碼熔鑄至本地模組: ClickAuto
-> 💾 寫入硬碟成功: manufacturing_hub/clickauto_auto_fused.py
-> 🔍 [品質檢驗] 檢查模組語法: manufacturing_hub/clickauto_auto_fused.py
-> 🎉 語法檢驗完美通過！
========================================
-> 🌍 [自動守護採購] 正在下載原始碼: https://raw.githubusercontent.com/Textualize/rich/refs/heads/main/rich/__init__.py
-> ✅ 原始碼下載成功。
-> 🧪 [深度融合] 正在將全球開源碼熔鑄至本地模組: RichAuto
-> 💾 寫入硬碟成功: manufacturing_hub/richauto_auto_fused.py
-> 🔍 [品質檢驗] 檢查模組語法: manufacturing_hub/richauto_auto_fused.py
-> 🎉 語法檢驗完美通過！
========================================
-> 🌍 [自動守護採購] 正在下載原始碼: https://raw.githubusercontent.com/pydantic/pydantic/refs/heads/main/pydantic/__init__.py
-> ✅ 原始碼下載成功。
-> 🧪 [深度融合] 正在將全球開源碼熔鑄至本地模組: PydanticAuto
-> 💾 寫入硬碟成功: manufacturing_hub/pydanticauto_auto_fused.py
-> 🔍 [品質檢驗] 檢查模組語法: manufacturing_hub/pydanticauto_auto_fused.py
-> 🎉 語法檢驗完美通過！

-> 💤 本輪巡航完畢。進入自動休眠，等待 30 秒後進行下一輪...

[2026-08-25 17:49:00] -> 🔄 開始新一輪全球開源專案自動巡航...
========================================
-> 🌍 [自動守護採購] 正在下載原始碼: https://raw.githubusercontent.com/psf/requests/refs/heads/main/src/requests/__init__.py
-> ✅ 原始碼下載成功。
-> 🧪 [深度融合] 正在將全球開源碼熔鑄至本地模組: RequestsAuto
-> 💾 寫入硬碟成功: manufacturing_hub/requestsauto_auto_fused.py
-> 🔍 [品質檢驗] 檢查模組語法: manufacturing_hub/requestsauto_auto_fused.py
-> 🎉 語法檢驗完美通過！
========================================
-> 🌍 [自動守護採購] 正在下載原始碼: https://raw.githubusercontent.com/fastapi/fastapi/refs/heads/master/fastapi/__init__.py
-> ✅ 原始碼下載成功。
-> 🧪 [深度融合] 正在將全球開源碼熔鑄至本地模組: FastAPIAuto
-> 💾 寫入硬碟成功: manufacturing_hub/fastapiauto_auto_fused.py
-> 🔍 [品質檢驗] 檢查模組語法: manufacturing_hub/fastapiauto_auto_fused.py
-> 🎉 語法檢驗完美通過！
========================================
-> 🌍 [自動守護採購] 正在下載原始碼: https://raw.githubusercontent.com/pallets/flask/refs/heads/main/src/flask/__init__.py
-> ✅ 原始碼下載成功。
-> 🧪 [深度融合] 正在將全球開源碼熔鑄至本地模組: FlaskAuto
-> 💾 寫入硬碟成功: manufacturing_hub/flaskauto_auto_fused.py
-> 🔍 [品質檢驗] 檢查模組語法: manufacturing_hub/flaskauto_auto_fused.py
-> 🎉 語法檢驗完美通過！
========================================
-> 🌍 [自動守護採購] 正在下載原始碼: https://raw.githubusercontent.com/pallets/click/refs/heads/main/src/click/__init__.py
-> ✅ 原始碼下載成功。
-> 🧪 [深度融合] 正在將全球開源碼熔鑄至本地模組: ClickAuto
-> 💾 寫入硬碟成功: manufacturing_hub/clickauto_auto_fused.py
-> 🔍 [品質檢驗] 檢查模組語法: manufacturing_hub/clickauto_auto_fused.py
-> 🎉 語法檢驗完美通過！
========================================
-> 🌍 [自動守護採購] 正在下載原始碼: https://raw.githubusercontent.com/Textualize/rich/refs/heads/main/rich/__init__.py
-> ✅ 原始碼下載成功。
-> 🧪 [深度融合] 正在將全球開源碼熔鑄至本地模組: RichAuto
-> 💾 寫入硬碟成功: manufacturing_hub/richauto_auto_fused.py
-> 🔍 [品質檢驗] 檢查模組語法: manufacturing_hub/richauto_auto_fused.py
-> 🎉 語法檢驗完美通過！
========================================
-> 🌍 [自動守護採購] 正在下載原始碼: https://raw.githubusercontent.com/pydantic/pydantic/refs/heads/main/pydantic/__init__.py
-> ✅ 原始碼下載成功。
-> 🧪 [深度融合] 正在將全球開源碼熔鑄至本地模組: PydanticAuto
-> 💾 寫入硬碟成功: manufacturing_hub/pydanticauto_auto_fused.py
-> 🔍 [品質檢驗] 檢查模組語法: manufacturing_hub/pydanticauto_auto_fused.py
-> 🎉 語法檢驗完美通過！

-> 💤 本輪巡航完畢。進入自動休眠，等待 30 秒後進行下一輪...

[2026-08-25 17:49:34] -> 🔄 開始新一輪全球開源專案自動巡航...
========================================
-> 🌍 [自動守護採購] 正在下載原始碼: https://raw.githubusercontent.com/psf/requests/refs/heads/main/src/requests/__init__.py
-> ✅ 原始碼下載成功。
-> 🧪 [深度融合] 正在將全球開源碼熔鑄至本地模組: RequestsAuto
-> 💾 寫入硬碟成功: manufacturing_hub/requestsauto_auto_fused.py
-> 🔍 [品質檢驗] 檢查模組語法: manufacturing_hub/requestsauto_auto_fused.py
-> 🎉 語法檢驗完美通過！
========================================
-> 🌍 [自動守護採購] 正在下載原始碼: https://raw.githubusercontent.com/fastapi/fastapi/refs/heads/master/fastapi/__init__.py
-> ✅ 原始碼下載成功。
-> 🧪 [深度融合] 正在將全球開源碼熔鑄至本地模組: FastAPIAuto
-> 💾 寫入硬碟成功: manufacturing_hub/fastapiauto_auto_fused.py
-> 🔍 [品質檢驗] 檢查模組語法: manufacturing_hub/fastapiauto_auto_fused.py
-> 🎉 語法檢驗完美通過！
========================================
-> 🌍 [自動守護採購] 正在下載原始碼: https://raw.githubusercontent.com/pallets/flask/refs/heads/main/src/flask/__init__.py
-> ✅ 原始碼下載成功。
-> 🧪 [深度融合] 正在將全球開源碼熔鑄至本地模組: FlaskAuto
-> 💾 寫入硬碟成功: manufacturing_hub/flaskauto_auto_fused.py
-> 🔍 [品質檢驗] 檢查模組語法: manufacturing_hub/flaskauto_auto_fused.py
-> 🎉 語法檢驗完美通過！
========================================
-> 🌍 [自動守護採購] 正在下載原始碼: https://raw.githubusercontent.com/pallets/click/refs/heads/main/src/click/__init__.py
-> ✅ 原始碼下載成功。
-> 🧪 [深度融合] 正在將全球開源碼熔鑄至本地模組: ClickAuto
-> 💾 寫入硬碟成功: manufacturing_hub/clickauto_auto_fused.py
-> 🔍 [品質檢驗] 檢查模組語法: manufacturing_hub/clickauto_auto_fused.py
-> 🎉 語法檢驗完美通過！
========================================
-> 🌍 [自動守護採購] 正在下載原始碼: https://raw.githubusercontent.com/Textualize/rich/refs/heads/main/rich/__init__.py
-> ✅ 原始碼下載成功。
-> 🧪 [深度融合] 正在將全球開源碼熔鑄至本地模組: RichAuto
-> 💾 寫入硬碟成功: manufacturing_hub/richauto_auto_fused.py
-> 🔍 [品質檢驗] 檢查模組語法: manufacturing_hub/richauto_auto_fused.py
-> 🎉 語法檢驗完美通過！
========================================
-> 🌍 [自動守護採購] 正在下載原始碼: https://raw.githubusercontent.com/pydantic/pydantic/refs/heads/main/pydantic/__init__.py
-> ✅ 原始碼下載成功。
-> 🧪 [深度融合] 正在將全球開源碼熔鑄至本地模組: PydanticAuto
-> 💾 寫入硬碟成功: manufacturing_hub/pydanticauto_auto_fused.py
-> 🔍 [品質檢驗] 檢查模組語法: manufacturing_hub/pydanticauto_auto_fused.py
-> 🎉 語法檢驗完美通過！

-> 💤 本輪巡航完畢。進入自動休眠，等待 30 秒後進行下一輪...

[2026-08-25 17:50:07] -> 🔄 開始新一輪全球開源專案自動巡航...
========================================
-> 🌍 [自動守護採購] 正在下載原始碼: https://raw.githubusercontent.com/psf/requests/refs/heads/main/src/requests/__init__.py
-> ✅ 原始碼下載成功。
-> 🧪 [深度融合] 正在將全球開源碼熔鑄至本地模組: RequestsAuto
-> 💾 寫入硬碟成功: manufacturing_hub/requestsauto_auto_fused.py
-> 🔍 [品質檢驗] 檢查模組語法: manufacturing_hub/requestsauto_auto_fused.py
-> 🎉 語法檢驗完美通過！
========================================
-> 🌍 [自動守護採購] 正在下載原始碼: https://raw.githubusercontent.com/fastapi/fastapi/refs/heads/master/fastapi/__init__.py
-> ✅ 原始碼下載成功。
-> 🧪 [深度融合] 正在將全球開源碼熔鑄至本地模組: FastAPIAuto
-> 💾 寫入硬碟成功: manufacturing_hub/fastapiauto_auto_fused.py
-> 🔍 [品質檢驗] 檢查模組語法: manufacturing_hub/fastapiauto_auto_fused.py
-> 🎉 語法檢驗完美通過！
========================================
-> 🌍 [自動守護採購] 正在下載原始碼: https://raw.githubusercontent.com/pallets/flask/refs/heads/main/src/flask/__init__.py
-> ✅ 原始碼下載成功。
-> 🧪 [深度融合] 正在將全球開源碼熔鑄至本地模組: FlaskAuto
-> 💾 寫入硬碟成功: manufacturing_hub/flaskauto_auto_fused.py
-> 🔍 [品質檢驗] 檢查模組語法: manufacturing_hub/flaskauto_auto_fused.py
-> 🎉 語法檢驗完美通過！
========================================
-> 🌍 [自動守護採購] 正在下載原始碼: https://raw.githubusercontent.com/pallets/click/refs/heads/main/src/click/__init__.py
-> ✅ 原始碼下載成功。
-> 🧪 [深度融合] 正在將全球開源碼熔鑄至本地模組: ClickAuto
-> 💾 寫入硬碟成功: manufacturing_hub/clickauto_auto_fused.py
-> 🔍 [品質檢驗] 檢查模組語法: manufacturing_hub/clickauto_auto_fused.py
-> 🎉 語法檢驗完美通過！
========================================
-> 🌍 [自動守護採購] 正在下載原始碼: https://raw.githubusercontent.com/Textualize/rich/refs/heads/main/rich/__init__.py
-> ✅ 原始碼下載成功。
-> 🧪 [深度融合] 正在將全球開源碼熔鑄至本地模組: RichAuto
-> 💾 寫入硬碟成功: manufacturing_hub/richauto_auto_fused.py
-> 🔍 [品質檢驗] 檢查模組語法: manufacturing_hub/richauto_auto_fused.py
-> 🎉 語法檢驗完美通過！
========================================
-> 🌍 [自動守護採購] 正在下載原始碼: https://raw.githubusercontent.com/pydantic/pydantic/refs/heads/main/pydantic/__init__.py
-> ✅ 原始碼下載成功。
-> 🧪 [深度融合] 正在將全球開源碼熔鑄至本地模組: PydanticAuto
-> 💾 寫入硬碟成功: manufacturing_hub/pydanticauto_auto_fused.py
-> 🔍 [品質檢驗] 檢查模組語法: manufacturing_hub/pydanticauto_auto_fused.py
-> 🎉 語法檢驗完美通過！

-> 💤 本輪巡航完畢。進入自動休眠，等待 30 秒後進行下一輪...

[2026-08-25 17:50:42] -> 🔄 開始新一輪全球開源專案自動巡航...
========================================
-> 🌍 [自動守護採購] 正在下載原始碼: https://raw.githubusercontent.com/psf/requests/refs/heads/main/src/requests/__init__.py
-> ⚠️ 下載失敗 (嘗試 1/3): [Errno 104] Connection reset by peer
-> ✅ 原始碼下載成功。
-> 🧪 [深度融合] 正在將全球開源碼熔鑄至本地模組: RequestsAuto
-> 💾 寫入硬碟成功: manufacturing_hub/requestsauto_auto_fused.py
-> 🔍 [品質檢驗] 檢查模組語法: manufacturing_hub/requestsauto_auto_fused.py
-> 🎉 語法檢驗完美通過！
========================================
-> 🌍 [自動守護採購] 正在下載原始碼: https://raw.githubusercontent.com/fastapi/fastapi/refs/heads/master/fastapi/__init__.py
-> ✅ 原始碼下載成功。
-> 🧪 [深度融合] 正在將全球開源碼熔鑄至本地模組: FastAPIAuto
-> 💾 寫入硬碟成功: manufacturing_hub/fastapiauto_auto_fused.py
-> 🔍 [品質檢驗] 檢查模組語法: manufacturing_hub/fastapiauto_auto_fused.py
-> 🎉 語法檢驗完美通過！
========================================
-> 🌍 [自動守護採購] 正在下載原始碼: https://raw.githubusercontent.com/pallets/flask/refs/heads/main/src/flask/__init__.py
-> ✅ 原始碼下載成功。
-> 🧪 [深度融合] 正在將全球開源碼熔鑄至本地模組: FlaskAuto
-> 💾 寫入硬碟成功: manufacturing_hub/flaskauto_auto_fused.py
-> 🔍 [品質檢驗] 檢查模組語法: manufacturing_hub/flaskauto_auto_fused.py
-> 🎉 語法檢驗完美通過！
========================================
-> 🌍 [自動守護採購] 正在下載原始碼: https://raw.githubusercontent.com/pallets/click/refs/heads/main/src/click/__init__.py
-> ✅ 原始碼下載成功。
-> 🧪 [深度融合] 正在將全球開源碼熔鑄至本地模組: ClickAuto
-> 💾 寫入硬碟成功: manufacturing_hub/clickauto_auto_fused.py
-> 🔍 [品質檢驗] 檢查模組語法: manufacturing_hub/clickauto_auto_fused.py
-> 🎉 語法檢驗完美通過！
========================================
-> 🌍 [自動守護採購] 正在下載原始碼: https://raw.githubusercontent.com/Textualize/rich/refs/heads/main/rich/__init__.py
-> ✅ 原始碼下載成功。
-> 🧪 [深度融合] 正在將全球開源碼熔鑄至本地模組: RichAuto
-> 💾 寫入硬碟成功: manufacturing_hub/richauto_auto_fused.py
-> 🔍 [品質檢驗] 檢查模組語法: manufacturing_hub/richauto_auto_fused.py
-> 🎉 語法檢驗完美通過！
========================================
-> 🌍 [自動守護採購] 正在下載原始碼: https://raw.githubusercontent.com/pydantic/pydantic/refs/heads/main/pydantic/__init__.py
-> ✅ 原始碼下載成功。
-> 🧪 [深度融合] 正在將全球開源碼熔鑄至本地模組: PydanticAuto
-> 💾 寫入硬碟成功: manufacturing_hub/pydanticauto_auto_fused.py
-> 🔍 [品質檢驗] 檢查模組語法: manufacturing_hub/pydanticauto_auto_fused.py
-> 🎉 語法檢驗完美通過！

-> 💤 本輪巡航完畢。進入自動休眠，等待 30 秒後進行下一輪...

[2026-08-25 17:51:19] -> 🔄 開始新一輪全球開源專案自動巡航...
========================================
-> 🌍 [自動守護採購] 正在下載原始碼: https://raw.githubusercontent.com/psf/requests/refs/heads/main/src/requests/__init__.py
-> ✅ 原始碼下載成功。
-> 🧪 [深度融合] 正在將全球開源碼熔鑄至本地模組: RequestsAuto
-> 💾 寫入硬碟成功: manufacturing_hub/requestsauto_auto_fused.py
-> 🔍 [品質檢驗] 檢查模組語法: manufacturing_hub/requestsauto_auto_fused.py
-> 🎉 語法檢驗完美通過！
========================================
-> 🌍 [自動守護採購] 正在下載原始碼: https://raw.githubusercontent.com/fastapi/fastapi/refs/heads/master/fastapi/__init__.py
-> ✅ 原始碼下載成功。
-> 🧪 [深度融合] 正在將全球開源碼熔鑄至本地模組: FastAPIAuto
-> 💾 寫入硬碟成功: manufacturing_hub/fastapiauto_auto_fused.py
-> 🔍 [品質檢驗] 檢查模組語法: manufacturing_hub/fastapiauto_auto_fused.py
-> 🎉 語法檢驗完美通過！
========================================
-> 🌍 [自動守護採購] 正在下載原始碼: https://raw.githubusercontent.com/pallets/flask/refs/heads/main/src/flask/__init__.py
-> ✅ 原始碼下載成功。
-> 🧪 [深度融合] 正在將全球開源碼熔鑄至本地模組: FlaskAuto
-> 💾 寫入硬碟成功: manufacturing_hub/flaskauto_auto_fused.py
-> 🔍 [品質檢驗] 檢查模組語法: manufacturing_hub/flaskauto_auto_fused.py
-> 🎉 語法檢驗完美通過！
========================================
-> 🌍 [自動守護採購] 正在下載原始碼: https://raw.githubusercontent.com/pallets/click/refs/heads/main/src/click/__init__.py
-> ✅ 原始碼下載成功。
-> 🧪 [深度融合] 正在將全球開源碼熔鑄至本地模組: ClickAuto
-> 💾 寫入硬碟成功: manufacturing_hub/clickauto_auto_fused.py
-> 🔍 [品質檢驗] 檢查模組語法: manufacturing_hub/clickauto_auto_fused.py
-> 🎉 語法檢驗完美通過！
========================================
-> 🌍 [自動守護採購] 正在下載原始碼: https://raw.githubusercontent.com/Textualize/rich/refs/heads/main/rich/__init__.py
-> ✅ 原始碼下載成功。
-> 🧪 [深度融合] 正在將全球開源碼熔鑄至本地模組: RichAuto
-> 💾 寫入硬碟成功: manufacturing_hub/richauto_auto_fused.py
-> 🔍 [品質檢驗] 檢查模組語法: manufacturing_hub/richauto_auto_fused.py
-> 🎉 語法檢驗完美通過！
========================================
-> 🌍 [自動守護採購] 正在下載原始碼: https://raw.githubusercontent.com/pydantic/pydantic/refs/heads/main/pydantic/__init__.py
-> ✅ 原始碼下載成功。
-> 🧪 [深度融合] 正在將全球開源碼熔鑄至本地模組: PydanticAuto
-> 💾 寫入硬碟成功: manufacturing_hub/pydanticauto_auto_fused.py
-> 🔍 [品質檢驗] 檢查模組語法: manufacturing_hub/pydanticauto_auto_fused.py
-> 🎉 語法檢驗完美通過！

-> 💤 本輪巡航完畢。進入自動休眠，等待 30 秒後進行下一輪...

[2026-08-25 17:51:52] -> 🔄 開始新一輪全球開源專案自動巡航...
========================================
-> 🌍 [自動守護採購] 正在下載原始碼: https://raw.githubusercontent.com/psf/requests/refs/heads/main/src/requests/__init__.py
-> ✅ 原始碼下載成功。
-> 🧪 [深度融合] 正在將全球開源碼熔鑄至本地模組: RequestsAuto
-> 💾 寫入硬碟成功: manufacturing_hub/requestsauto_auto_fused.py
-> 🔍 [品質檢驗] 檢查模組語法: manufacturing_hub/requestsauto_auto_fused.py
-> 🎉 語法檢驗完美通過！
========================================
-> 🌍 [自動守護採購] 正在下載原始碼: https://raw.githubusercontent.com/fastapi/fastapi/refs/heads/master/fastapi/__init__.py
-> ✅ 原始碼下載成功。
-> 🧪 [深度融合] 正在將全球開源碼熔鑄至本地模組: FastAPIAuto
-> 💾 寫入硬碟成功: manufacturing_hub/fastapiauto_auto_fused.py
-> 🔍 [品質檢驗] 檢查模組語法: manufacturing_hub/fastapiauto_auto_fused.py
-> 🎉 語法檢驗完美通過！
========================================
-> 🌍 [自動守護採購] 正在下載原始碼: https://raw.githubusercontent.com/pallets/flask/refs/heads/main/src/flask/__init__.py
-> ✅ 原始碼下載成功。
-> 🧪 [深度融合] 正在將全球開源碼熔鑄至本地模組: FlaskAuto
-> 💾 寫入硬碟成功: manufacturing_hub/flaskauto_auto_fused.py
-> 🔍 [品質檢驗] 檢查模組語法: manufacturing_hub/flaskauto_auto_fused.py
-> 🎉 語法檢驗完美通過！
========================================
-> 🌍 [自動守護採購] 正在下載原始碼: https://raw.githubusercontent.com/pallets/click/refs/heads/main/src/click/__init__.py
-> ✅ 原始碼下載成功。
-> 🧪 [深度融合] 正在將全球開源碼熔鑄至本地模組: ClickAuto
-> 💾 寫入硬碟成功: manufacturing_hub/clickauto_auto_fused.py
-> 🔍 [品質檢驗] 檢查模組語法: manufacturing_hub/clickauto_auto_fused.py
-> 🎉 語法檢驗完美通過！
========================================
-> 🌍 [自動守護採購] 正在下載原始碼: https://raw.githubusercontent.com/Textualize/rich/refs/heads/main/rich/__init__.py
-> ✅ 原始碼下載成功。
-> 🧪 [深度融合] 正在將全球開源碼熔鑄至本地模組: RichAuto
-> 💾 寫入硬碟成功: manufacturing_hub/richauto_auto_fused.py
-> 🔍 [品質檢驗] 檢查模組語法: manufacturing_hub/richauto_auto_fused.py
-> 🎉 語法檢驗完美通過！
========================================
-> 🌍 [自動守護採購] 正在下載原始碼: https://raw.githubusercontent.com/pydantic/pydantic/refs/heads/main/pydantic/__init__.py
-> ✅ 原始碼下載成功。
-> 🧪 [深度融合] 正在將全球開源碼熔鑄至本地模組: PydanticAuto
-> 💾 寫入硬碟成功: manufacturing_hub/pydanticauto_auto_fused.py
-> 🔍 [品質檢驗] 檢查模組語法: manufacturing_hub/pydanticauto_auto_fused.py
-> 🎉 語法檢驗完美通過！

-> 💤 本輪巡航完畢。進入自動休眠，等待 30 秒後進行下一輪...

[2026-08-25 17:52:25] -> 🔄 開始新一輪全球開源專案自動巡航...
========================================
-> 🌍 [自動守護採購] 正在下載原始碼: https://raw.githubusercontent.com/psf/requests/refs/heads/main/src/requests/__init__.py
-> ✅ 原始碼下載成功。
-> 🧪 [深度融合] 正在將全球開源碼熔鑄至本地模組: RequestsAuto
-> 💾 寫入硬碟成功: manufacturing_hub/requestsauto_auto_fused.py
-> 🔍 [品質檢驗] 檢查模組語法: manufacturing_hub/requestsauto_auto_fused.py
-> 🎉 語法檢驗完美通過！
========================================
-> 🌍 [自動守護採購] 正在下載原始碼: https://raw.githubusercontent.com/fastapi/fastapi/refs/heads/master/fastapi/__init__.py
-> ✅ 原始碼下載成功。
-> 🧪 [深度融合] 正在將全球開源碼熔鑄至本地模組: FastAPIAuto
-> 💾 寫入硬碟成功: manufacturing_hub/fastapiauto_auto_fused.py
-> 🔍 [品質檢驗] 檢查模組語法: manufacturing_hub/fastapiauto_auto_fused.py
-> 🎉 語法檢驗完美通過！
========================================
-> 🌍 [自動守護採購] 正在下載原始碼: https://raw.githubusercontent.com/pallets/flask/refs/heads/main/src/flask/__init__.py
-> ✅ 原始碼下載成功。
-> 🧪 [深度融合] 正在將全球開源碼熔鑄至本地模組: FlaskAuto
-> 💾 寫入硬碟成功: manufacturing_hub/flaskauto_auto_fused.py
-> 🔍 [品質檢驗] 檢查模組語法: manufacturing_hub/flaskauto_auto_fused.py
-> 🎉 語法檢驗完美通過！
========================================
-> 🌍 [自動守護採購] 正在下載原始碼: https://raw.githubusercontent.com/pallets/click/refs/heads/main/src/click/__init__.py
-> ✅ 原始碼下載成功。
-> 🧪 [深度融合] 正在將全球開源碼熔鑄至本地模組: ClickAuto
-> 💾 寫入硬碟成功: manufacturing_hub/clickauto_auto_fused.py
-> 🔍 [品質檢驗] 檢查模組語法: manufacturing_hub/clickauto_auto_fused.py
-> 🎉 語法檢驗完美通過！
========================================
-> 🌍 [自動守護採購] 正在下載原始碼: https://raw.githubusercontent.com/Textualize/rich/refs/heads/main/rich/__init__.py
-> ✅ 原始碼下載成功。
-> 🧪 [深度融合] 正在將全球開源碼熔鑄至本地模組: RichAuto
-> 💾 寫入硬碟成功: manufacturing_hub/richauto_auto_fused.py
-> 🔍 [品質檢驗] 檢查模組語法: manufacturing_hub/richauto_auto_fused.py
-> 🎉 語法檢驗完美通過！
========================================
-> 🌍 [自動守護採購] 正在下載原始碼: https://raw.githubusercontent.com/pydantic/pydantic/refs/heads/main/pydantic/__init__.py
-> ✅ 原始碼下載成功。
-> 🧪 [深度融合] 正在將全球開源碼熔鑄至本地模組: PydanticAuto
-> 💾 寫入硬碟成功: manufacturing_hub/pydanticauto_auto_fused.py
-> 🔍 [品質檢驗] 檢查模組語法: manufacturing_hub/pydanticauto_auto_fused.py
-> 🎉 語法檢驗完美通過！

-> 💤 本輪巡航完畢。進入自動休眠，等待 30 秒後進行下一輪...

[2026-08-25 17:52:58] -> 🔄 開始新一輪全球開源專案自動巡航...
========================================
-> 🌍 [自動守護採購] 正在下載原始碼: https://raw.githubusercontent.com/psf/requests/refs/heads/main/src/requests/__init__.py
-> ✅ 原始碼下載成功。
-> 🧪 [深度融合] 正在將全球開源碼熔鑄至本地模組: RequestsAuto
-> 💾 寫入硬碟成功: manufacturing_hub/requestsauto_auto_fused.py
-> 🔍 [品質檢驗] 檢查模組語法: manufacturing_hub/requestsauto_auto_fused.py
-> 🎉 語法檢驗完美通過！
========================================
-> 🌍 [自動守護採購] 正在下載原始碼: https://raw.githubusercontent.com/fastapi/fastapi/refs/heads/master/fastapi/__init__.py
-> ✅ 原始碼下載成功。
-> 🧪 [深度融合] 正在將全球開源碼熔鑄至本地模組: FastAPIAuto
-> 💾 寫入硬碟成功: manufacturing_hub/fastapiauto_auto_fused.py
-> 🔍 [品質檢驗] 檢查模組語法: manufacturing_hub/fastapiauto_auto_fused.py
-> 🎉 語法檢驗完美通過！
========================================
-> 🌍 [自動守護採購] 正在下載原始碼: https://raw.githubusercontent.com/pallets/flask/refs/heads/main/src/flask/__init__.py
-> ✅ 原始碼下載成功。
-> 🧪 [深度融合] 正在將全球開源碼熔鑄至本地模組: FlaskAuto
-> 💾 寫入硬碟成功: manufacturing_hub/flaskauto_auto_fused.py
-> 🔍 [品質檢驗] 檢查模組語法: manufacturing_hub/flaskauto_auto_fused.py
-> 🎉 語法檢驗完美通過！
========================================
-> 🌍 [自動守護採購] 正在下載原始碼: https://raw.githubusercontent.com/pallets/click/refs/heads/main/src/click/__init__.py
-> ✅ 原始碼下載成功。
-> 🧪 [深度融合] 正在將全球開源碼熔鑄至本地模組: ClickAuto
-> 💾 寫入硬碟成功: manufacturing_hub/clickauto_auto_fused.py
-> 🔍 [品質檢驗] 檢查模組語法: manufacturing_hub/clickauto_auto_fused.py
-> 🎉 語法檢驗完美通過！
========================================
-> 🌍 [自動守護採購] 正在下載原始碼: https://raw.githubusercontent.com/Textualize/rich/refs/heads/main/rich/__init__.py
-> ✅ 原始碼下載成功。
-> 🧪 [深度融合] 正在將全球開源碼熔鑄至本地模組: RichAuto
-> 💾 寫入硬碟成功: manufacturing_hub/richauto_auto_fused.py
-> 🔍 [品質檢驗] 檢查模組語法: manufacturing_hub/richauto_auto_fused.py
-> 🎉 語法檢驗完美通過！
========================================
-> 🌍 [自動守護採購] 正在下載原始碼: https://raw.githubusercontent.com/pydantic/pydantic/refs/heads/main/pydantic/__init__.py
-> ✅ 原始碼下載成功。
-> 🧪 [深度融合] 正在將全球開源碼熔鑄至本地模組: PydanticAuto
-> 💾 寫入硬碟成功: manufacturing_hub/pydanticauto_auto_fused.py
-> 🔍 [品質檢驗] 檢查模組語法: manufacturing_hub/pydanticauto_auto_fused.py
-> 🎉 語法檢驗完美通過！

-> 💤 本輪巡航完畢。進入自動休眠，等待 30 秒後進行下一輪...

[2026-08-25 17:53:31] -> 🔄 開始新一輪全球開源專案自動巡航...
========================================
-> 🌍 [自動守護採購] 正在下載原始碼: https://raw.githubusercontent.com/psf/requests/refs/heads/main/src/requests/__init__.py
-> ✅ 原始碼下載成功。
-> 🧪 [深度融合] 正在將全球開源碼熔鑄至本地模組: RequestsAuto
-> 💾 寫入硬碟成功: manufacturing_hub/requestsauto_auto_fused.py
-> 🔍 [品質檢驗] 檢查模組語法: manufacturing_hub/requestsauto_auto_fused.py
-> 🎉 語法檢驗完美通過！
========================================
-> 🌍 [自動守護採購] 正在下載原始碼: https://raw.githubusercontent.com/fastapi/fastapi/refs/heads/master/fastapi/__init__.py
-> ✅ 原始碼下載成功。
-> 🧪 [深度融合] 正在將全球開源碼熔鑄至本地模組: FastAPIAuto
-> 💾 寫入硬碟成功: manufacturing_hub/fastapiauto_auto_fused.py
-> 🔍 [品質檢驗] 檢查模組語法: manufacturing_hub/fastapiauto_auto_fused.py
-> 🎉 語法檢驗完美通過！
========================================
-> 🌍 [自動守護採購] 正在下載原始碼: https://raw.githubusercontent.com/pallets/flask/refs/heads/main/src/flask/__init__.py
-> ✅ 原始碼下載成功。
-> 🧪 [深度融合] 正在將全球開源碼熔鑄至本地模組: FlaskAuto
-> 💾 寫入硬碟成功: manufacturing_hub/flaskauto_auto_fused.py
-> 🔍 [品質檢驗] 檢查模組語法: manufacturing_hub/flaskauto_auto_fused.py
-> 🎉 語法檢驗完美通過！
========================================
-> 🌍 [自動守護採購] 正在下載原始碼: https://raw.githubusercontent.com/pallets/click/refs/heads/main/src/click/__init__.py
-> ✅ 原始碼下載成功。
-> 🧪 [深度融合] 正在將全球開源碼熔鑄至本地模組: ClickAuto
-> 💾 寫入硬碟成功: manufacturing_hub/clickauto_auto_fused.py
-> 🔍 [品質檢驗] 檢查模組語法: manufacturing_hub/clickauto_auto_fused.py
-> 🎉 語法檢驗完美通過！
========================================
-> 🌍 [自動守護採購] 正在下載原始碼: https://raw.githubusercontent.com/Textualize/rich/refs/heads/main/rich/__init__.py
-> ✅ 原始碼下載成功。
-> 🧪 [深度融合] 正在將全球開源碼熔鑄至本地模組: RichAuto
-> 💾 寫入硬碟成功: manufacturing_hub/richauto_auto_fused.py
-> 🔍 [品質檢驗] 檢查模組語法: manufacturing_hub/richauto_auto_fused.py
-> 🎉 語法檢驗完美通過！
========================================
-> 🌍 [自動守護採購] 正在下載原始碼: https://raw.githubusercontent.com/pydantic/pydantic/refs/heads/main/pydantic/__init__.py
-> ✅ 原始碼下載成功。
-> 🧪 [深度融合] 正在將全球開源碼熔鑄至本地模組: PydanticAuto
-> 💾 寫入硬碟成功: manufacturing_hub/pydanticauto_auto_fused.py
-> 🔍 [品質檢驗] 檢查模組語法: manufacturing_hub/pydanticauto_auto_fused.py
-> 🎉 語法檢驗完美通過！

-> 💤 本輪巡航完畢。進入自動休眠，等待 30 秒後進行下一輪...

[2026-08-25 17:54:04] -> 🔄 開始新一輪全球開源專案自動巡航...
========================================
-> 🌍 [自動守護採購] 正在下載原始碼: https://raw.githubusercontent.com/psf/requests/refs/heads/main/src/requests/__init__.py
-> ✅ 原始碼下載成功。
-> 🧪 [深度融合] 正在將全球開源碼熔鑄至本地模組: RequestsAuto
-> 💾 寫入硬碟成功: manufacturing_hub/requestsauto_auto_fused.py
-> 🔍 [品質檢驗] 檢查模組語法: manufacturing_hub/requestsauto_auto_fused.py
-> 🎉 語法檢驗完美通過！
========================================
-> 🌍 [自動守護採購] 正在下載原始碼: https://raw.githubusercontent.com/fastapi/fastapi/refs/heads/master/fastapi/__init__.py
-> ✅ 原始碼下載成功。
-> 🧪 [深度融合] 正在將全球開源碼熔鑄至本地模組: FastAPIAuto
-> 💾 寫入硬碟成功: manufacturing_hub/fastapiauto_auto_fused.py
-> 🔍 [品質檢驗] 檢查模組語法: manufacturing_hub/fastapiauto_auto_fused.py
-> 🎉 語法檢驗完美通過！
========================================
-> 🌍 [自動守護採購] 正在下載原始碼: https://raw.githubusercontent.com/pallets/flask/refs/heads/main/src/flask/__init__.py
-> ✅ 原始碼下載成功。
-> 🧪 [深度融合] 正在將全球開源碼熔鑄至本地模組: FlaskAuto
-> 💾 寫入硬碟成功: manufacturing_hub/flaskauto_auto_fused.py
-> 🔍 [品質檢驗] 檢查模組語法: manufacturing_hub/flaskauto_auto_fused.py
-> 🎉 語法檢驗完美通過！
========================================
-> 🌍 [自動守護採購] 正在下載原始碼: https://raw.githubusercontent.com/pallets/click/refs/heads/main/src/click/__init__.py
-> ✅ 原始碼下載成功。
-> 🧪 [深度融合] 正在將全球開源碼熔鑄至本地模組: ClickAuto
-> 💾 寫入硬碟成功: manufacturing_hub/clickauto_auto_fused.py
-> 🔍 [品質檢驗] 檢查模組語法: manufacturing_hub/clickauto_auto_fused.py
-> 🎉 語法檢驗完美通過！
========================================
-> 🌍 [自動守護採購] 正在下載原始碼: https://raw.githubusercontent.com/Textualize/rich/refs/heads/main/rich/__init__.py
-> ✅ 原始碼下載成功。
-> 🧪 [深度融合] 正在將全球開源碼熔鑄至本地模組: RichAuto
-> 💾 寫入硬碟成功: manufacturing_hub/richauto_auto_fused.py
-> 🔍 [品質檢驗] 檢查模組語法: manufacturing_hub/richauto_auto_fused.py
-> 🎉 語法檢驗完美通過！
========================================
-> 🌍 [自動守護採購] 正在下載原始碼: https://raw.githubusercontent.com/pydantic/pydantic/refs/heads/main/pydantic/__init__.py
-> ✅ 原始碼下載成功。
-> 🧪 [深度融合] 正在將全球開源碼熔鑄至本地模組: PydanticAuto
-> 💾 寫入硬碟成功: manufacturing_hub/pydanticauto_auto_fused.py
-> 🔍 [品質檢驗] 檢查模組語法: manufacturing_hub/pydanticauto_auto_fused.py
-> 🎉 語法檢驗完美通過！

-> 💤 本輪巡航完畢。進入自動休眠，等待 30 秒後進行下一輪...

[2026-08-25 17:54:38] -> 🔄 開始新一輪全球開源專案自動巡航...
========================================
-> 🌍 [自動守護採購] 正在下載原始碼: https://raw.githubusercontent.com/psf/requests/refs/heads/main/src/requests/__init__.py
-> ✅ 原始碼下載成功。
-> 🧪 [深度融合] 正在將全球開源碼熔鑄至本地模組: RequestsAuto
-> 💾 寫入硬碟成功: manufacturing_hub/requestsauto_auto_fused.py
-> 🔍 [品質檢驗] 檢查模組語法: manufacturing_hub/requestsauto_auto_fused.py
-> 🎉 語法檢驗完美通過！
========================================
-> 🌍 [自動守護採購] 正在下載原始碼: https://raw.githubusercontent.com/fastapi/fastapi/refs/heads/master/fastapi/__init__.py
-> ✅ 原始碼下載成功。
-> 🧪 [深度融合] 正在將全球開源碼熔鑄至本地模組: FastAPIAuto
-> 💾 寫入硬碟成功: manufacturing_hub/fastapiauto_auto_fused.py
-> 🔍 [品質檢驗] 檢查模組語法: manufacturing_hub/fastapiauto_auto_fused.py
-> 🎉 語法檢驗完美通過！
========================================
-> 🌍 [自動守護採購] 正在下載原始碼: https://raw.githubusercontent.com/pallets/flask/refs/heads/main/src/flask/__init__.py
-> ✅ 原始碼下載成功。
-> 🧪 [深度融合] 正在將全球開源碼熔鑄至本地模組: FlaskAuto
-> 💾 寫入硬碟成功: manufacturing_hub/flaskauto_auto_fused.py
-> 🔍 [品質檢驗] 檢查模組語法: manufacturing_hub/flaskauto_auto_fused.py
-> 🎉 語法檢驗完美通過！
========================================
-> 🌍 [自動守護採購] 正在下載原始碼: https://raw.githubusercontent.com/pallets/click/refs/heads/main/src/click/__init__.py
-> ✅ 原始碼下載成功。
-> 🧪 [深度融合] 正在將全球開源碼熔鑄至本地模組: ClickAuto
-> 💾 寫入硬碟成功: manufacturing_hub/clickauto_auto_fused.py
-> 🔍 [品質檢驗] 檢查模組語法: manufacturing_hub/clickauto_auto_fused.py
-> 🎉 語法檢驗完美通過！
========================================
-> 🌍 [自動守護採購] 正在下載原始碼: https://raw.githubusercontent.com/Textualize/rich/refs/heads/main/rich/__init__.py
-> ✅ 原始碼下載成功。
-> 🧪 [深度融合] 正在將全球開源碼熔鑄至本地模組: RichAuto
-> 💾 寫入硬碟成功: manufacturing_hub/richauto_auto_fused.py
-> 🔍 [品質檢驗] 檢查模組語法: manufacturing_hub/richauto_auto_fused.py
-> 🎉 語法檢驗完美通過！
========================================
-> 🌍 [自動守護採購] 正在下載原始碼: https://raw.githubusercontent.com/pydantic/pydantic/refs/heads/main/pydantic/__init__.py
-> ✅ 原始碼下載成功。
-> 🧪 [深度融合] 正在將全球開源碼熔鑄至本地模組: PydanticAuto
-> 💾 寫入硬碟成功: manufacturing_hub/pydanticauto_auto_fused.py
-> 🔍 [品質檢驗] 檢查模組語法: manufacturing_hub/pydanticauto_auto_fused.py
-> 🎉 語法檢驗完美通過！

-> 💤 本輪巡航完畢。進入自動休眠，等待 30 秒後進行下一輪...

[2026-08-25 17:55:11] -> 🔄 開始新一輪全球開源專案自動巡航...
========================================
-> 🌍 [自動守護採購] 正在下載原始碼: https://raw.githubusercontent.com/psf/requests/refs/heads/main/src/requests/__init__.py
-> ✅ 原始碼下載成功。
-> 🧪 [深度融合] 正在將全球開源碼熔鑄至本地模組: RequestsAuto
-> 💾 寫入硬碟成功: manufacturing_hub/requestsauto_auto_fused.py
-> 🔍 [品質檢驗] 檢查模組語法: manufacturing_hub/requestsauto_auto_fused.py
-> 🎉 語法檢驗完美通過！
========================================
-> 🌍 [自動守護採購] 正在下載原始碼: https://raw.githubusercontent.com/fastapi/fastapi/refs/heads/master/fastapi/__init__.py
-> ✅ 原始碼下載成功。
-> 🧪 [深度融合] 正在將全球開源碼熔鑄至本地模組: FastAPIAuto
-> 💾 寫入硬碟成功: manufacturing_hub/fastapiauto_auto_fused.py
-> 🔍 [品質檢驗] 檢查模組語法: manufacturing_hub/fastapiauto_auto_fused.py
-> 🎉 語法檢驗完美通過！
========================================
-> 🌍 [自動守護採購] 正在下載原始碼: https://raw.githubusercontent.com/pallets/flask/refs/heads/main/src/flask/__init__.py
-> ✅ 原始碼下載成功。
-> 🧪 [深度融合] 正在將全球開源碼熔鑄至本地模組: FlaskAuto
-> 💾 寫入硬碟成功: manufacturing_hub/flaskauto_auto_fused.py
-> 🔍 [品質檢驗] 檢查模組語法: manufacturing_hub/flaskauto_auto_fused.py
-> 🎉 語法檢驗完美通過！
========================================
-> 🌍 [自動守護採購] 正在下載原始碼: https://raw.githubusercontent.com/pallets/click/refs/heads/main/src/click/__init__.py
-> ✅ 原始碼下載成功。
-> 🧪 [深度融合] 正在將全球開源碼熔鑄至本地模組: ClickAuto
-> 💾 寫入硬碟成功: manufacturing_hub/clickauto_auto_fused.py
-> 🔍 [品質檢驗] 檢查模組語法: manufacturing_hub/clickauto_auto_fused.py
-> 🎉 語法檢驗完美通過！
========================================
-> 🌍 [自動守護採購] 正在下載原始碼: https://raw.githubusercontent.com/Textualize/rich/refs/heads/main/rich/__init__.py
-> ✅ 原始碼下載成功。
-> 🧪 [深度融合] 正在將全球開源碼熔鑄至本地模組: RichAuto
-> 💾 寫入硬碟成功: manufacturing_hub/richauto_auto_fused.py
-> 🔍 [品質檢驗] 檢查模組語法: manufacturing_hub/richauto_auto_fused.py
-> 🎉 語法檢驗完美通過！
========================================
-> 🌍 [自動守護採購] 正在下載原始碼: https://raw.githubusercontent.com/pydantic/pydantic/refs/heads/main/pydantic/__init__.py
-> ✅ 原始碼下載成功。
-> 🧪 [深度融合] 正在將全球開源碼熔鑄至本地模組: PydanticAuto
-> 💾 寫入硬碟成功: manufacturing_hub/pydanticauto_auto_fused.py
-> 🔍 [品質檢驗] 檢查模組語法: manufacturing_hub/pydanticauto_auto_fused.py
-> 🎉 語法檢驗完美通過！

-> 💤 本輪巡航完畢。進入自動休眠，等待 30 秒後進行下一輪...

[2026-08-25 17:55:45] -> 🔄 開始新一輪全球開源專案自動巡航...
========================================
-> 🌍 [自動守護採購] 正在下載原始碼: https://raw.githubusercontent.com/psf/requests/refs/heads/main/src/requests/__init__.py
-> ✅ 原始碼下載成功。
-> 🧪 [深度融合] 正在將全球開源碼熔鑄至本地模組: RequestsAuto
-> 💾 寫入硬碟成功: manufacturing_hub/requestsauto_auto_fused.py
-> 🔍 [品質檢驗] 檢查模組語法: manufacturing_hub/requestsauto_auto_fused.py
-> 🎉 語法檢驗完美通過！
========================================
-> 🌍 [自動守護採購] 正在下載原始碼: https://raw.githubusercontent.com/fastapi/fastapi/refs/heads/master/fastapi/__init__.py
-> ✅ 原始碼下載成功。
-> 🧪 [深度融合] 正在將全球開源碼熔鑄至本地模組: FastAPIAuto
-> 💾 寫入硬碟成功: manufacturing_hub/fastapiauto_auto_fused.py
-> 🔍 [品質檢驗] 檢查模組語法: manufacturing_hub/fastapiauto_auto_fused.py
-> 🎉 語法檢驗完美通過！
========================================
-> 🌍 [自動守護採購] 正在下載原始碼: https://raw.githubusercontent.com/pallets/flask/refs/heads/main/src/flask/__init__.py
-> ✅ 原始碼下載成功。
-> 🧪 [深度融合] 正在將全球開源碼熔鑄至本地模組: FlaskAuto
-> 💾 寫入硬碟成功: manufacturing_hub/flaskauto_auto_fused.py
-> 🔍 [品質檢驗] 檢查模組語法: manufacturing_hub/flaskauto_auto_fused.py
-> 🎉 語法檢驗完美通過！
========================================
-> 🌍 [自動守護採購] 正在下載原始碼: https://raw.githubusercontent.com/pallets/click/refs/heads/main/src/click/__init__.py
-> ✅ 原始碼下載成功。
-> 🧪 [深度融合] 正在將全球開源碼熔鑄至本地模組: ClickAuto
-> 💾 寫入硬碟成功: manufacturing_hub/clickauto_auto_fused.py
-> 🔍 [品質檢驗] 檢查模組語法: manufacturing_hub/clickauto_auto_fused.py
-> 🎉 語法檢驗完美通過！
========================================
-> 🌍 [自動守護採購] 正在下載原始碼: https://raw.githubusercontent.com/Textualize/rich/refs/heads/main/rich/__init__.py
-> ✅ 原始碼下載成功。
-> 🧪 [深度融合] 正在將全球開源碼熔鑄至本地模組: RichAuto
-> 💾 寫入硬碟成功: manufacturing_hub/richauto_auto_fused.py
-> 🔍 [品質檢驗] 檢查模組語法: manufacturing_hub/richauto_auto_fused.py
-> 🎉 語法檢驗完美通過！
========================================
-> 🌍 [自動守護採購] 正在下載原始碼: https://raw.githubusercontent.com/pydantic/pydantic/refs/heads/main/pydantic/__init__.py
-> ✅ 原始碼下載成功。
-> 🧪 [深度融合] 正在將全球開源碼熔鑄至本地模組: PydanticAuto
-> 💾 寫入硬碟成功: manufacturing_hub/pydanticauto_auto_fused.py
-> 🔍 [品質檢驗] 檢查模組語法: manufacturing_hub/pydanticauto_auto_fused.py
-> 🎉 語法檢驗完美通過！

-> 💤 本輪巡航完畢。進入自動休眠，等待 30 秒後進行下一輪...

[2026-08-25 17:56:18] -> 🔄 開始新一輪全球開源專案自動巡航...
========================================
-> 🌍 [自動守護採購] 正在下載原始碼: https://raw.githubusercontent.com/psf/requests/refs/heads/main/src/requests/__init__.py
-> ✅ 原始碼下載成功。
-> 🧪 [深度融合] 正在將全球開源碼熔鑄至本地模組: RequestsAuto
-> 💾 寫入硬碟成功: manufacturing_hub/requestsauto_auto_fused.py
-> 🔍 [品質檢驗] 檢查模組語法: manufacturing_hub/requestsauto_auto_fused.py
-> 🎉 語法檢驗完美通過！
========================================
-> 🌍 [自動守護採購] 正在下載原始碼: https://raw.githubusercontent.com/fastapi/fastapi/refs/heads/master/fastapi/__init__.py
-> ✅ 原始碼下載成功。
-> 🧪 [深度融合] 正在將全球開源碼熔鑄至本地模組: FastAPIAuto
-> 💾 寫入硬碟成功: manufacturing_hub/fastapiauto_auto_fused.py
-> 🔍 [品質檢驗] 檢查模組語法: manufacturing_hub/fastapiauto_auto_fused.py
-> 🎉 語法檢驗完美通過！
========================================
-> 🌍 [自動守護採購] 正在下載原始碼: https://raw.githubusercontent.com/pallets/flask/refs/heads/main/src/flask/__init__.py
-> ✅ 原始碼下載成功。
-> 🧪 [深度融合] 正在將全球開源碼熔鑄至本地模組: FlaskAuto
-> 💾 寫入硬碟成功: manufacturing_hub/flaskauto_auto_fused.py
-> 🔍 [品質檢驗] 檢查模組語法: manufacturing_hub/flaskauto_auto_fused.py
-> 🎉 語法檢驗完美通過！
========================================
-> 🌍 [自動守護採購] 正在下載原始碼: https://raw.githubusercontent.com/pallets/click/refs/heads/main/src/click/__init__.py
-> ✅ 原始碼下載成功。
-> 🧪 [深度融合] 正在將全球開源碼熔鑄至本地模組: ClickAuto
-> 💾 寫入硬碟成功: manufacturing_hub/clickauto_auto_fused.py
-> 🔍 [品質檢驗] 檢查模組語法: manufacturing_hub/clickauto_auto_fused.py
-> 🎉 語法檢驗完美通過！
========================================
-> 🌍 [自動守護採購] 正在下載原始碼: https://raw.githubusercontent.com/Textualize/rich/refs/heads/main/rich/__init__.py
-> ✅ 原始碼下載成功。
-> 🧪 [深度融合] 正在將全球開源碼熔鑄至本地模組: RichAuto
-> 💾 寫入硬碟成功: manufacturing_hub/richauto_auto_fused.py
-> 🔍 [品質檢驗] 檢查模組語法: manufacturing_hub/richauto_auto_fused.py
-> 🎉 語法檢驗完美通過！
========================================
-> 🌍 [自動守護採購] 正在下載原始碼: https://raw.githubusercontent.com/pydantic/pydantic/refs/heads/main/pydantic/__init__.py
-> ✅ 原始碼下載成功。
-> 🧪 [深度融合] 正在將全球開源碼熔鑄至本地模組: PydanticAuto
-> 💾 寫入硬碟成功: manufacturing_hub/pydanticauto_auto_fused.py
-> 🔍 [品質檢驗] 檢查模組語法: manufacturing_hub/pydanticauto_auto_fused.py
-> 🎉 語法檢驗完美通過！

-> 💤 本輪巡航完畢。進入自動休眠，等待 30 秒後進行下一輪...

[2026-08-25 17:56:51] -> 🔄 開始新一輪全球開源專案自動巡航...
========================================
-> 🌍 [自動守護採購] 正在下載原始碼: https://raw.githubusercontent.com/psf/requests/refs/heads/main/src/requests/__init__.py
-> ✅ 原始碼下載成功。
-> 🧪 [深度融合] 正在將全球開源碼熔鑄至本地模組: RequestsAuto
-> 💾 寫入硬碟成功: manufacturing_hub/requestsauto_auto_fused.py
-> 🔍 [品質檢驗] 檢查模組語法: manufacturing_hub/requestsauto_auto_fused.py
-> 🎉 語法檢驗完美通過！
========================================
-> 🌍 [自動守護採購] 正在下載原始碼: https://raw.githubusercontent.com/fastapi/fastapi/refs/heads/master/fastapi/__init__.py
-> ✅ 原始碼下載成功。
-> 🧪 [深度融合] 正在將全球開源碼熔鑄至本地模組: FastAPIAuto
-> 💾 寫入硬碟成功: manufacturing_hub/fastapiauto_auto_fused.py
-> 🔍 [品質檢驗] 檢查模組語法: manufacturing_hub/fastapiauto_auto_fused.py
-> 🎉 語法檢驗完美通過！
========================================
-> 🌍 [自動守護採購] 正在下載原始碼: https://raw.githubusercontent.com/pallets/flask/refs/heads/main/src/flask/__init__.py
-> ✅ 原始碼下載成功。
-> 🧪 [深度融合] 正在將全球開源碼熔鑄至本地模組: FlaskAuto
-> 💾 寫入硬碟成功: manufacturing_hub/flaskauto_auto_fused.py
-> 🔍 [品質檢驗] 檢查模組語法: manufacturing_hub/flaskauto_auto_fused.py
-> 🎉 語法檢驗完美通過！
========================================
-> 🌍 [自動守護採購] 正在下載原始碼: https://raw.githubusercontent.com/pallets/click/refs/heads/main/src/click/__init__.py
-> ✅ 原始碼下載成功。
-> 🧪 [深度融合] 正在將全球開源碼熔鑄至本地模組: ClickAuto
-> 💾 寫入硬碟成功: manufacturing_hub/clickauto_auto_fused.py
-> 🔍 [品質檢驗] 檢查模組語法: manufacturing_hub/clickauto_auto_fused.py
-> 🎉 語法檢驗完美通過！
========================================
-> 🌍 [自動守護採購] 正在下載原始碼: https://raw.githubusercontent.com/Textualize/rich/refs/heads/main/rich/__init__.py
-> ✅ 原始碼下載成功。
-> 🧪 [深度融合] 正在將全球開源碼熔鑄至本地模組: RichAuto
-> 💾 寫入硬碟成功: manufacturing_hub/richauto_auto_fused.py
-> 🔍 [品質檢驗] 檢查模組語法: manufacturing_hub/richauto_auto_fused.py
-> 🎉 語法檢驗完美通過！
========================================
-> 🌍 [自動守護採購] 正在下載原始碼: https://raw.githubusercontent.com/pydantic/pydantic/refs/heads/main/pydantic/__init__.py
-> ✅ 原始碼下載成功。
-> 🧪 [深度融合] 正在將全球開源碼熔鑄至本地模組: PydanticAuto
-> 💾 寫入硬碟成功: manufacturing_hub/pydanticauto_auto_fused.py
-> 🔍 [品質檢驗] 檢查模組語法: manufacturing_hub/pydanticauto_auto_fused.py
-> 🎉 語法檢驗完美通過！

-> 💤 本輪巡航完畢。進入自動休眠，等待 30 秒後進行下一輪...

[2026-08-25 17:57:25] -> 🔄 開始新一輪全球開源專案自動巡航...
========================================
-> 🌍 [自動守護採購] 正在下載原始碼: https://raw.githubusercontent.com/psf/requests/refs/heads/main/src/requests/__init__.py
-> ✅ 原始碼下載成功。
-> 🧪 [深度融合] 正在將全球開源碼熔鑄至本地模組: RequestsAuto
-> 💾 寫入硬碟成功: manufacturing_hub/requestsauto_auto_fused.py
-> 🔍 [品質檢驗] 檢查模組語法: manufacturing_hub/requestsauto_auto_fused.py
-> 🎉 語法檢驗完美通過！
========================================
-> 🌍 [自動守護採購] 正在下載原始碼: https://raw.githubusercontent.com/fastapi/fastapi/refs/heads/master/fastapi/__init__.py
-> ✅ 原始碼下載成功。
-> 🧪 [深度融合] 正在將全球開源碼熔鑄至本地模組: FastAPIAuto
-> 💾 寫入硬碟成功: manufacturing_hub/fastapiauto_auto_fused.py
-> 🔍 [品質檢驗] 檢查模組語法: manufacturing_hub/fastapiauto_auto_fused.py
-> 🎉 語法檢驗完美通過！
========================================
-> 🌍 [自動守護採購] 正在下載原始碼: https://raw.githubusercontent.com/pallets/flask/refs/heads/main/src/flask/__init__.py
-> ✅ 原始碼下載成功。
-> 🧪 [深度融合] 正在將全球開源碼熔鑄至本地模組: FlaskAuto
-> 💾 寫入硬碟成功: manufacturing_hub/flaskauto_auto_fused.py
-> 🔍 [品質檢驗] 檢查模組語法: manufacturing_hub/flaskauto_auto_fused.py
-> 🎉 語法檢驗完美通過！
========================================
-> 🌍 [自動守護採購] 正在下載原始碼: https://raw.githubusercontent.com/pallets/click/refs/heads/main/src/click/__init__.py
-> ✅ 原始碼下載成功。
-> 🧪 [深度融合] 正在將全球開源碼熔鑄至本地模組: ClickAuto
-> 💾 寫入硬碟成功: manufacturing_hub/clickauto_auto_fused.py
-> 🔍 [品質檢驗] 檢查模組語法: manufacturing_hub/clickauto_auto_fused.py
-> 🎉 語法檢驗完美通過！
========================================
-> 🌍 [自動守護採購] 正在下載原始碼: https://raw.githubusercontent.com/Textualize/rich/refs/heads/main/rich/__init__.py
-> ✅ 原始碼下載成功。
-> 🧪 [深度融合] 正在將全球開源碼熔鑄至本地模組: RichAuto
-> 💾 寫入硬碟成功: manufacturing_hub/richauto_auto_fused.py
-> 🔍 [品質檢驗] 檢查模組語法: manufacturing_hub/richauto_auto_fused.py
-> 🎉 語法檢驗完美通過！
========================================
-> 🌍 [自動守護採購] 正在下載原始碼: https://raw.githubusercontent.com/pydantic/pydantic/refs/heads/main/pydantic/__init__.py
-> ✅ 原始碼下載成功。
-> 🧪 [深度融合] 正在將全球開源碼熔鑄至本地模組: PydanticAuto
-> 💾 寫入硬碟成功: manufacturing_hub/pydanticauto_auto_fused.py
-> 🔍 [品質檢驗] 檢查模組語法: manufacturing_hub/pydanticauto_auto_fused.py
-> 🎉 語法檢驗完美通過！

-> 💤 本輪巡航完畢。進入自動休眠，等待 30 秒後進行下一輪...

[2026-08-25 17:57:58] -> 🔄 開始新一輪全球開源專案自動巡航...
========================================
-> 🌍 [自動守護採購] 正在下載原始碼: https://raw.githubusercontent.com/psf/requests/refs/heads/main/src/requests/__init__.py
-> ✅ 原始碼下載成功。
-> 🧪 [深度融合] 正在將全球開源碼熔鑄至本地模組: RequestsAuto
-> 💾 寫入硬碟成功: manufacturing_hub/requestsauto_auto_fused.py
-> 🔍 [品質檢驗] 檢查模組語法: manufacturing_hub/requestsauto_auto_fused.py
-> 🎉 語法檢驗完美通過！
========================================
-> 🌍 [自動守護採購] 正在下載原始碼: https://raw.githubusercontent.com/fastapi/fastapi/refs/heads/master/fastapi/__init__.py
-> ✅ 原始碼下載成功。
-> 🧪 [深度融合] 正在將全球開源碼熔鑄至本地模組: FastAPIAuto
-> 💾 寫入硬碟成功: manufacturing_hub/fastapiauto_auto_fused.py
-> 🔍 [品質檢驗] 檢查模組語法: manufacturing_hub/fastapiauto_auto_fused.py
-> 🎉 語法檢驗完美通過！
========================================
-> 🌍 [自動守護採購] 正在下載原始碼: https://raw.githubusercontent.com/pallets/flask/refs/heads/main/src/flask/__init__.py
-> ✅ 原始碼下載成功。
-> 🧪 [深度融合] 正在將全球開源碼熔鑄至本地模組: FlaskAuto
-> 💾 寫入硬碟成功: manufacturing_hub/flaskauto_auto_fused.py
-> 🔍 [品質檢驗] 檢查模組語法: manufacturing_hub/flaskauto_auto_fused.py
-> 🎉 語法檢驗完美通過！
========================================
-> 🌍 [自動守護採購] 正在下載原始碼: https://raw.githubusercontent.com/pallets/click/refs/heads/main/src/click/__init__.py
-> ✅ 原始碼下載成功。
-> 🧪 [深度融合] 正在將全球開源碼熔鑄至本地模組: ClickAuto
-> 💾 寫入硬碟成功: manufacturing_hub/clickauto_auto_fused.py
-> 🔍 [品質檢驗] 檢查模組語法: manufacturing_hub/clickauto_auto_fused.py
-> 🎉 語法檢驗完美通過！
========================================
-> 🌍 [自動守護採購] 正在下載原始碼: https://raw.githubusercontent.com/Textualize/rich/refs/heads/main/rich/__init__.py
-> ✅ 原始碼下載成功。
-> 🧪 [深度融合] 正在將全球開源碼熔鑄至本地模組: RichAuto
-> 💾 寫入硬碟成功: manufacturing_hub/richauto_auto_fused.py
-> 🔍 [品質檢驗] 檢查模組語法: manufacturing_hub/richauto_auto_fused.py
-> 🎉 語法檢驗完美通過！
========================================
-> 🌍 [自動守護採購] 正在下載原始碼: https://raw.githubusercontent.com/pydantic/pydantic/refs/heads/main/pydantic/__init__.py
-> ✅ 原始碼下載成功。
-> 🧪 [深度融合] 正在將全球開源碼熔鑄至本地模組: PydanticAuto
-> 💾 寫入硬碟成功: manufacturing_hub/pydanticauto_auto_fused.py
-> 🔍 [品質檢驗] 檢查模組語法: manufacturing_hub/pydanticauto_auto_fused.py
-> 🎉 語法檢驗完美通過！

-> 💤 本輪巡航完畢。進入自動休眠，等待 30 秒後進行下一輪...

[2026-08-25 17:58:31] -> 🔄 開始新一輪全球開源專案自動巡航...
========================================
-> 🌍 [自動守護採購] 正在下載原始碼: https://raw.githubusercontent.com/psf/requests/refs/heads/main/src/requests/__init__.py
-> ✅ 原始碼下載成功。
-> 🧪 [深度融合] 正在將全球開源碼熔鑄至本地模組: RequestsAuto
-> 💾 寫入硬碟成功: manufacturing_hub/requestsauto_auto_fused.py
-> 🔍 [品質檢驗] 檢查模組語法: manufacturing_hub/requestsauto_auto_fused.py
-> 🎉 語法檢驗完美通過！
========================================
-> 🌍 [自動守護採購] 正在下載原始碼: https://raw.githubusercontent.com/fastapi/fastapi/refs/heads/master/fastapi/__init__.py
-> ✅ 原始碼下載成功。
-> 🧪 [深度融合] 正在將全球開源碼熔鑄至本地模組: FastAPIAuto
-> 💾 寫入硬碟成功: manufacturing_hub/fastapiauto_auto_fused.py
-> 🔍 [品質檢驗] 檢查模組語法: manufacturing_hub/fastapiauto_auto_fused.py
-> 🎉 語法檢驗完美通過！
========================================
-> 🌍 [自動守護採購] 正在下載原始碼: https://raw.githubusercontent.com/pallets/flask/refs/heads/main/src/flask/__init__.py
-> ✅ 原始碼下載成功。
-> 🧪 [深度融合] 正在將全球開源碼熔鑄至本地模組: FlaskAuto
-> 💾 寫入硬碟成功: manufacturing_hub/flaskauto_auto_fused.py
-> 🔍 [品質檢驗] 檢查模組語法: manufacturing_hub/flaskauto_auto_fused.py
-> 🎉 語法檢驗完美通過！
========================================
-> 🌍 [自動守護採購] 正在下載原始碼: https://raw.githubusercontent.com/pallets/click/refs/heads/main/src/click/__init__.py
-> ✅ 原始碼下載成功。
-> 🧪 [深度融合] 正在將全球開源碼熔鑄至本地模組: ClickAuto
-> 💾 寫入硬碟成功: manufacturing_hub/clickauto_auto_fused.py
-> 🔍 [品質檢驗] 檢查模組語法: manufacturing_hub/clickauto_auto_fused.py
-> 🎉 語法檢驗完美通過！
========================================
-> 🌍 [自動守護採購] 正在下載原始碼: https://raw.githubusercontent.com/Textualize/rich/refs/heads/main/rich/__init__.py
-> ✅ 原始碼下載成功。
-> 🧪 [深度融合] 正在將全球開源碼熔鑄至本地模組: RichAuto
-> 💾 寫入硬碟成功: manufacturing_hub/richauto_auto_fused.py
-> 🔍 [品質檢驗] 檢查模組語法: manufacturing_hub/richauto_auto_fused.py
-> 🎉 語法檢驗完美通過！
========================================
-> 🌍 [自動守護採購] 正在下載原始碼: https://raw.githubusercontent.com/pydantic/pydantic/refs/heads/main/pydantic/__init__.py
-> ✅ 原始碼下載成功。
-> 🧪 [深度融合] 正在將全球開源碼熔鑄至本地模組: PydanticAuto
-> 💾 寫入硬碟成功: manufacturing_hub/pydanticauto_auto_fused.py
-> 🔍 [品質檢驗] 檢查模組語法: manufacturing_hub/pydanticauto_auto_fused.py
-> 🎉 語法檢驗完美通過！

-> 💤 本輪巡航完畢。進入自動休眠，等待 30 秒後進行下一輪...

[2026-08-25 17:59:04] -> 🔄 開始新一輪全球開源專案自動巡航...
========================================
-> 🌍 [自動守護採購] 正在下載原始碼: https://raw.githubusercontent.com/psf/requests/refs/heads/main/src/requests/__init__.py
-> ✅ 原始碼下載成功。
-> 🧪 [深度融合] 正在將全球開源碼熔鑄至本地模組: RequestsAuto
-> 💾 寫入硬碟成功: manufacturing_hub/requestsauto_auto_fused.py
-> 🔍 [品質檢驗] 檢查模組語法: manufacturing_hub/requestsauto_auto_fused.py
-> 🎉 語法檢驗完美通過！
========================================
-> 🌍 [自動守護採購] 正在下載原始碼: https://raw.githubusercontent.com/fastapi/fastapi/refs/heads/master/fastapi/__init__.py
-> ✅ 原始碼下載成功。
-> 🧪 [深度融合] 正在將全球開源碼熔鑄至本地模組: FastAPIAuto
-> 💾 寫入硬碟成功: manufacturing_hub/fastapiauto_auto_fused.py
-> 🔍 [品質檢驗] 檢查模組語法: manufacturing_hub/fastapiauto_auto_fused.py
-> 🎉 語法檢驗完美通過！
========================================
-> 🌍 [自動守護採購] 正在下載原始碼: https://raw.githubusercontent.com/pallets/flask/refs/heads/main/src/flask/__init__.py
-> ✅ 原始碼下載成功。
-> 🧪 [深度融合] 正在將全球開源碼熔鑄至本地模組: FlaskAuto
-> 💾 寫入硬碟成功: manufacturing_hub/flaskauto_auto_fused.py
-> 🔍 [品質檢驗] 檢查模組語法: manufacturing_hub/flaskauto_auto_fused.py
-> 🎉 語法檢驗完美通過！
========================================
-> 🌍 [自動守護採購] 正在下載原始碼: https://raw.githubusercontent.com/pallets/click/refs/heads/main/src/click/__init__.py
-> ✅ 原始碼下載成功。
-> 🧪 [深度融合] 正在將全球開源碼熔鑄至本地模組: ClickAuto
-> 💾 寫入硬碟成功: manufacturing_hub/clickauto_auto_fused.py
-> 🔍 [品質檢驗] 檢查模組語法: manufacturing_hub/clickauto_auto_fused.py
-> 🎉 語法檢驗完美通過！
========================================
-> 🌍 [自動守護採購] 正在下載原始碼: https://raw.githubusercontent.com/Textualize/rich/refs/heads/main/rich/__init__.py
-> ✅ 原始碼下載成功。
-> 🧪 [深度融合] 正在將全球開源碼熔鑄至本地模組: RichAuto
-> 💾 寫入硬碟成功: manufacturing_hub/richauto_auto_fused.py
-> 🔍 [品質檢驗] 檢查模組語法: manufacturing_hub/richauto_auto_fused.py
-> 🎉 語法檢驗完美通過！
========================================
-> 🌍 [自動守護採購] 正在下載原始碼: https://raw.githubusercontent.com/pydantic/pydantic/refs/heads/main/pydantic/__init__.py
-> ✅ 原始碼下載成功。
-> 🧪 [深度融合] 正在將全球開源碼熔鑄至本地模組: PydanticAuto
-> 💾 寫入硬碟成功: manufacturing_hub/pydanticauto_auto_fused.py
-> 🔍 [品質檢驗] 檢查模組語法: manufacturing_hub/pydanticauto_auto_fused.py
-> 🎉 語法檢驗完美通過！

-> 💤 本輪巡航完畢。進入自動休眠，等待 30 秒後進行下一輪...

[2026-08-25 17:59:37] -> 🔄 開始新一輪全球開源專案自動巡航...
========================================
-> 🌍 [自動守護採購] 正在下載原始碼: https://raw.githubusercontent.com/psf/requests/refs/heads/main/src/requests/__init__.py
-> ✅ 原始碼下載成功。
-> 🧪 [深度融合] 正在將全球開源碼熔鑄至本地模組: RequestsAuto
-> 💾 寫入硬碟成功: manufacturing_hub/requestsauto_auto_fused.py
-> 🔍 [品質檢驗] 檢查模組語法: manufacturing_hub/requestsauto_auto_fused.py
-> 🎉 語法檢驗完美通過！
========================================
-> 🌍 [自動守護採購] 正在下載原始碼: https://raw.githubusercontent.com/fastapi/fastapi/refs/heads/master/fastapi/__init__.py
-> ✅ 原始碼下載成功。
-> 🧪 [深度融合] 正在將全球開源碼熔鑄至本地模組: FastAPIAuto
-> 💾 寫入硬碟成功: manufacturing_hub/fastapiauto_auto_fused.py
-> 🔍 [品質檢驗] 檢查模組語法: manufacturing_hub/fastapiauto_auto_fused.py
-> 🎉 語法檢驗完美通過！
========================================
-> 🌍 [自動守護採購] 正在下載原始碼: https://raw.githubusercontent.com/pallets/flask/refs/heads/main/src/flask/__init__.py
-> ✅ 原始碼下載成功。
-> 🧪 [深度融合] 正在將全球開源碼熔鑄至本地模組: FlaskAuto
-> 💾 寫入硬碟成功: manufacturing_hub/flaskauto_auto_fused.py
-> 🔍 [品質檢驗] 檢查模組語法: manufacturing_hub/flaskauto_auto_fused.py
-> 🎉 語法檢驗完美通過！
========================================
-> 🌍 [自動守護採購] 正在下載原始碼: https://raw.githubusercontent.com/pallets/click/refs/heads/main/src/click/__init__.py
-> ✅ 原始碼下載成功。
-> 🧪 [深度融合] 正在將全球開源碼熔鑄至本地模組: ClickAuto
-> 💾 寫入硬碟成功: manufacturing_hub/clickauto_auto_fused.py
-> 🔍 [品質檢驗] 檢查模組語法: manufacturing_hub/clickauto_auto_fused.py
-> 🎉 語法檢驗完美通過！
========================================
-> 🌍 [自動守護採購] 正在下載原始碼: https://raw.githubusercontent.com/Textualize/rich/refs/heads/main/rich/__init__.py
-> ✅ 原始碼下載成功。
-> 🧪 [深度融合] 正在將全球開源碼熔鑄至本地模組: RichAuto
-> 💾 寫入硬碟成功: manufacturing_hub/richauto_auto_fused.py
-> 🔍 [品質檢驗] 檢查模組語法: manufacturing_hub/richauto_auto_fused.py
-> 🎉 語法檢驗完美通過！
========================================
-> 🌍 [自動守護採購] 正在下載原始碼: https://raw.githubusercontent.com/pydantic/pydantic/refs/heads/main/pydantic/__init__.py
-> ✅ 原始碼下載成功。
-> 🧪 [深度融合] 正在將全球開源碼熔鑄至本地模組: PydanticAuto
-> 💾 寫入硬碟成功: manufacturing_hub/pydanticauto_auto_fused.py
-> 🔍 [品質檢驗] 檢查模組語法: manufacturing_hub/pydanticauto_auto_fused.py
-> 🎉 語法檢驗完美通過！

-> 💤 本輪巡航完畢。進入自動休眠，等待 30 秒後進行下一輪...

[2026-08-25 18:00:10] -> 🔄 開始新一輪全球開源專案自動巡航...
========================================
-> 🌍 [自動守護採購] 正在下載原始碼: https://raw.githubusercontent.com/psf/requests/refs/heads/main/src/requests/__init__.py
-> ✅ 原始碼下載成功。
-> 🧪 [深度融合] 正在將全球開源碼熔鑄至本地模組: RequestsAuto
-> 💾 寫入硬碟成功: manufacturing_hub/requestsauto_auto_fused.py
-> 🔍 [品質檢驗] 檢查模組語法: manufacturing_hub/requestsauto_auto_fused.py
-> 🎉 語法檢驗完美通過！
========================================
-> 🌍 [自動守護採購] 正在下載原始碼: https://raw.githubusercontent.com/fastapi/fastapi/refs/heads/master/fastapi/__init__.py
-> ✅ 原始碼下載成功。
-> 🧪 [深度融合] 正在將全球開源碼熔鑄至本地模組: FastAPIAuto
-> 💾 寫入硬碟成功: manufacturing_hub/fastapiauto_auto_fused.py
-> 🔍 [品質檢驗] 檢查模組語法: manufacturing_hub/fastapiauto_auto_fused.py
-> 🎉 語法檢驗完美通過！
========================================
-> 🌍 [自動守護採購] 正在下載原始碼: https://raw.githubusercontent.com/pallets/flask/refs/heads/main/src/flask/__init__.py
-> ✅ 原始碼下載成功。
-> 🧪 [深度融合] 正在將全球開源碼熔鑄至本地模組: FlaskAuto
-> 💾 寫入硬碟成功: manufacturing_hub/flaskauto_auto_fused.py
-> 🔍 [品質檢驗] 檢查模組語法: manufacturing_hub/flaskauto_auto_fused.py
-> 🎉 語法檢驗完美通過！
========================================
-> 🌍 [自動守護採購] 正在下載原始碼: https://raw.githubusercontent.com/pallets/click/refs/heads/main/src/click/__init__.py
-> ✅ 原始碼下載成功。
-> 🧪 [深度融合] 正在將全球開源碼熔鑄至本地模組: ClickAuto
-> 💾 寫入硬碟成功: manufacturing_hub/clickauto_auto_fused.py
-> 🔍 [品質檢驗] 檢查模組語法: manufacturing_hub/clickauto_auto_fused.py
-> 🎉 語法檢驗完美通過！
========================================
-> 🌍 [自動守護採購] 正在下載原始碼: https://raw.githubusercontent.com/Textualize/rich/refs/heads/main/rich/__init__.py
-> ✅ 原始碼下載成功。
-> 🧪 [深度融合] 正在將全球開源碼熔鑄至本地模組: RichAuto
-> 💾 寫入硬碟成功: manufacturing_hub/richauto_auto_fused.py
-> 🔍 [品質檢驗] 檢查模組語法: manufacturing_hub/richauto_auto_fused.py
-> 🎉 語法檢驗完美通過！
========================================
-> 🌍 [自動守護採購] 正在下載原始碼: https://raw.githubusercontent.com/pydantic/pydantic/refs/heads/main/pydantic/__init__.py
-> ✅ 原始碼下載成功。
-> 🧪 [深度融合] 正在將全球開源碼熔鑄至本地模組: PydanticAuto
-> 💾 寫入硬碟成功: manufacturing_hub/pydanticauto_auto_fused.py
-> 🔍 [品質檢驗] 檢查模組語法: manufacturing_hub/pydanticauto_auto_fused.py
-> 🎉 語法檢驗完美通過！

-> 💤 本輪巡航完畢。進入自動休眠，等待 30 秒後進行下一輪...

[2026-08-25 18:00:43] -> 🔄 開始新一輪全球開源專案自動巡航...
========================================
-> 🌍 [自動守護採購] 正在下載原始碼: https://raw.githubusercontent.com/psf/requests/refs/heads/main/src/requests/__init__.py
-> ✅ 原始碼下載成功。
-> 🧪 [深度融合] 正在將全球開源碼熔鑄至本地模組: RequestsAuto
-> 💾 寫入硬碟成功: manufacturing_hub/requestsauto_auto_fused.py
-> 🔍 [品質檢驗] 檢查模組語法: manufacturing_hub/requestsauto_auto_fused.py
-> 🎉 語法檢驗完美通過！
========================================
-> 🌍 [自動守護採購] 正在下載原始碼: https://raw.githubusercontent.com/fastapi/fastapi/refs/heads/master/fastapi/__init__.py
-> ✅ 原始碼下載成功。
-> 🧪 [深度融合] 正在將全球開源碼熔鑄至本地模組: FastAPIAuto
-> 💾 寫入硬碟成功: manufacturing_hub/fastapiauto_auto_fused.py
-> 🔍 [品質檢驗] 檢查模組語法: manufacturing_hub/fastapiauto_auto_fused.py
-> 🎉 語法檢驗完美通過！
========================================
-> 🌍 [自動守護採購] 正在下載原始碼: https://raw.githubusercontent.com/pallets/flask/refs/heads/main/src/flask/__init__.py
-> ✅ 原始碼下載成功。
-> 🧪 [深度融合] 正在將全球開源碼熔鑄至本地模組: FlaskAuto
-> 💾 寫入硬碟成功: manufacturing_hub/flaskauto_auto_fused.py
-> 🔍 [品質檢驗] 檢查模組語法: manufacturing_hub/flaskauto_auto_fused.py
-> 🎉 語法檢驗完美通過！
========================================
-> 🌍 [自動守護採購] 正在下載原始碼: https://raw.githubusercontent.com/pallets/click/refs/heads/main/src/click/__init__.py
-> ✅ 原始碼下載成功。
-> 🧪 [深度融合] 正在將全球開源碼熔鑄至本地模組: ClickAuto
-> 💾 寫入硬碟成功: manufacturing_hub/clickauto_auto_fused.py
-> 🔍 [品質檢驗] 檢查模組語法: manufacturing_hub/clickauto_auto_fused.py
-> 🎉 語法檢驗完美通過！
========================================
-> 🌍 [自動守護採購] 正在下載原始碼: https://raw.githubusercontent.com/Textualize/rich/refs/heads/main/rich/__init__.py
-> ✅ 原始碼下載成功。
-> 🧪 [深度融合] 正在將全球開源碼熔鑄至本地模組: RichAuto
-> 💾 寫入硬碟成功: manufacturing_hub/richauto_auto_fused.py
-> 🔍 [品質檢驗] 檢查模組語法: manufacturing_hub/richauto_auto_fused.py
-> 🎉 語法檢驗完美通過！
========================================
-> 🌍 [自動守護採購] 正在下載原始碼: https://raw.githubusercontent.com/pydantic/pydantic/refs/heads/main/pydantic/__init__.py
-> ✅ 原始碼下載成功。
-> 🧪 [深度融合] 正在將全球開源碼熔鑄至本地模組: PydanticAuto
-> 💾 寫入硬碟成功: manufacturing_hub/pydanticauto_auto_fused.py
-> 🔍 [品質檢驗] 檢查模組語法: manufacturing_hub/pydanticauto_auto_fused.py
-> 🎉 語法檢驗完美通過！

-> 💤 本輪巡航完畢。進入自動休眠，等待 30 秒後進行下一輪...

[2026-08-25 18:01:18] -> 🔄 開始新一輪全球開源專案自動巡航...
========================================
-> 🌍 [自動守護採購] 正在下載原始碼: https://raw.githubusercontent.com/psf/requests/refs/heads/main/src/requests/__init__.py
-> ✅ 原始碼下載成功。
-> 🧪 [深度融合] 正在將全球開源碼熔鑄至本地模組: RequestsAuto
-> 💾 寫入硬碟成功: manufacturing_hub/requestsauto_auto_fused.py
-> 🔍 [品質檢驗] 檢查模組語法: manufacturing_hub/requestsauto_auto_fused.py
-> 🎉 語法檢驗完美通過！
========================================
-> 🌍 [自動守護採購] 正在下載原始碼: https://raw.githubusercontent.com/fastapi/fastapi/refs/heads/master/fastapi/__init__.py
-> ✅ 原始碼下載成功。
-> 🧪 [深度融合] 正在將全球開源碼熔鑄至本地模組: FastAPIAuto
-> 💾 寫入硬碟成功: manufacturing_hub/fastapiauto_auto_fused.py
-> 🔍 [品質檢驗] 檢查模組語法: manufacturing_hub/fastapiauto_auto_fused.py
-> 🎉 語法檢驗完美通過！
========================================
-> 🌍 [自動守護採購] 正在下載原始碼: https://raw.githubusercontent.com/pallets/flask/refs/heads/main/src/flask/__init__.py
-> ✅ 原始碼下載成功。
-> 🧪 [深度融合] 正在將全球開源碼熔鑄至本地模組: FlaskAuto
-> 💾 寫入硬碟成功: manufacturing_hub/flaskauto_auto_fused.py
-> 🔍 [品質檢驗] 檢查模組語法: manufacturing_hub/flaskauto_auto_fused.py
-> 🎉 語法檢驗完美通過！
========================================
-> 🌍 [自動守護採購] 正在下載原始碼: https://raw.githubusercontent.com/pallets/click/refs/heads/main/src/click/__init__.py
-> ✅ 原始碼下載成功。
-> 🧪 [深度融合] 正在將全球開源碼熔鑄至本地模組: ClickAuto
-> 💾 寫入硬碟成功: manufacturing_hub/clickauto_auto_fused.py
-> 🔍 [品質檢驗] 檢查模組語法: manufacturing_hub/clickauto_auto_fused.py
-> 🎉 語法檢驗完美通過！
========================================
-> 🌍 [自動守護採購] 正在下載原始碼: https://raw.githubusercontent.com/Textualize/rich/refs/heads/main/rich/__init__.py
-> ✅ 原始碼下載成功。
-> 🧪 [深度融合] 正在將全球開源碼熔鑄至本地模組: RichAuto
-> 💾 寫入硬碟成功: manufacturing_hub/richauto_auto_fused.py
-> 🔍 [品質檢驗] 檢查模組語法: manufacturing_hub/richauto_auto_fused.py
-> 🎉 語法檢驗完美通過！
========================================
-> 🌍 [自動守護採購] 正在下載原始碼: https://raw.githubusercontent.com/pydantic/pydantic/refs/heads/main/pydantic/__init__.py
-> ✅ 原始碼下載成功。
-> 🧪 [深度融合] 正在將全球開源碼熔鑄至本地模組: PydanticAuto
-> 💾 寫入硬碟成功: manufacturing_hub/pydanticauto_auto_fused.py
-> 🔍 [品質檢驗] 檢查模組語法: manufacturing_hub/pydanticauto_auto_fused.py
-> 🎉 語法檢驗完美通過！

-> 💤 本輪巡航完畢。進入自動休眠，等待 30 秒後進行下一輪...

[2026-08-25 18:01:51] -> 🔄 開始新一輪全球開源專案自動巡航...
========================================
-> 🌍 [自動守護採購] 正在下載原始碼: https://raw.githubusercontent.com/psf/requests/refs/heads/main/src/requests/__init__.py
-> ✅ 原始碼下載成功。
-> 🧪 [深度融合] 正在將全球開源碼熔鑄至本地模組: RequestsAuto
-> 💾 寫入硬碟成功: manufacturing_hub/requestsauto_auto_fused.py
-> 🔍 [品質檢驗] 檢查模組語法: manufacturing_hub/requestsauto_auto_fused.py
-> 🎉 語法檢驗完美通過！
========================================
-> 🌍 [自動守護採購] 正在下載原始碼: https://raw.githubusercontent.com/fastapi/fastapi/refs/heads/master/fastapi/__init__.py
-> ✅ 原始碼下載成功。
-> 🧪 [深度融合] 正在將全球開源碼熔鑄至本地模組: FastAPIAuto
-> 💾 寫入硬碟成功: manufacturing_hub/fastapiauto_auto_fused.py
-> 🔍 [品質檢驗] 檢查模組語法: manufacturing_hub/fastapiauto_auto_fused.py
-> 🎉 語法檢驗完美通過！
========================================
-> 🌍 [自動守護採購] 正在下載原始碼: https://raw.githubusercontent.com/pallets/flask/refs/heads/main/src/flask/__init__.py
-> ✅ 原始碼下載成功。
-> 🧪 [深度融合] 正在將全球開源碼熔鑄至本地模組: FlaskAuto
-> 💾 寫入硬碟成功: manufacturing_hub/flaskauto_auto_fused.py
-> 🔍 [品質檢驗] 檢查模組語法: manufacturing_hub/flaskauto_auto_fused.py
-> 🎉 語法檢驗完美通過！
========================================
-> 🌍 [自動守護採購] 正在下載原始碼: https://raw.githubusercontent.com/pallets/click/refs/heads/main/src/click/__init__.py
-> ✅ 原始碼下載成功。
-> 🧪 [深度融合] 正在將全球開源碼熔鑄至本地模組: ClickAuto
-> 💾 寫入硬碟成功: manufacturing_hub/clickauto_auto_fused.py
-> 🔍 [品質檢驗] 檢查模組語法: manufacturing_hub/clickauto_auto_fused.py
-> 🎉 語法檢驗完美通過！
========================================
-> 🌍 [自動守護採購] 正在下載原始碼: https://raw.githubusercontent.com/Textualize/rich/refs/heads/main/rich/__init__.py
-> ✅ 原始碼下載成功。
-> 🧪 [深度融合] 正在將全球開源碼熔鑄至本地模組: RichAuto
-> 💾 寫入硬碟成功: manufacturing_hub/richauto_auto_fused.py
-> 🔍 [品質檢驗] 檢查模組語法: manufacturing_hub/richauto_auto_fused.py
-> 🎉 語法檢驗完美通過！
========================================
-> 🌍 [自動守護採購] 正在下載原始碼: https://raw.githubusercontent.com/pydantic/pydantic/refs/heads/main/pydantic/__init__.py
-> ✅ 原始碼下載成功。
-> 🧪 [深度融合] 正在將全球開源碼熔鑄至本地模組: PydanticAuto
-> 💾 寫入硬碟成功: manufacturing_hub/pydanticauto_auto_fused.py
-> 🔍 [品質檢驗] 檢查模組語法: manufacturing_hub/pydanticauto_auto_fused.py
-> 🎉 語法檢驗完美通過！

-> 💤 本輪巡航完畢。進入自動休眠，等待 30 秒後進行下一輪...

[2026-08-25 18:02:25] -> 🔄 開始新一輪全球開源專案自動巡航...
========================================
-> 🌍 [自動守護採購] 正在下載原始碼: https://raw.githubusercontent.com/psf/requests/refs/heads/main/src/requests/__init__.py
-> ✅ 原始碼下載成功。
-> 🧪 [深度融合] 正在將全球開源碼熔鑄至本地模組: RequestsAuto
-> 💾 寫入硬碟成功: manufacturing_hub/requestsauto_auto_fused.py
-> 🔍 [品質檢驗] 檢查模組語法: manufacturing_hub/requestsauto_auto_fused.py
-> 🎉 語法檢驗完美通過！
========================================
-> 🌍 [自動守護採購] 正在下載原始碼: https://raw.githubusercontent.com/fastapi/fastapi/refs/heads/master/fastapi/__init__.py
-> ✅ 原始碼下載成功。
-> 🧪 [深度融合] 正在將全球開源碼熔鑄至本地模組: FastAPIAuto
-> 💾 寫入硬碟成功: manufacturing_hub/fastapiauto_auto_fused.py
-> 🔍 [品質檢驗] 檢查模組語法: manufacturing_hub/fastapiauto_auto_fused.py
-> 🎉 語法檢驗完美通過！
========================================
-> 🌍 [自動守護採購] 正在下載原始碼: https://raw.githubusercontent.com/pallets/flask/refs/heads/main/src/flask/__init__.py
-> ✅ 原始碼下載成功。
-> 🧪 [深度融合] 正在將全球開源碼熔鑄至本地模組: FlaskAuto
-> 💾 寫入硬碟成功: manufacturing_hub/flaskauto_auto_fused.py
-> 🔍 [品質檢驗] 檢查模組語法: manufacturing_hub/flaskauto_auto_fused.py
-> 🎉 語法檢驗完美通過！
========================================
-> 🌍 [自動守護採購] 正在下載原始碼: https://raw.githubusercontent.com/pallets/click/refs/heads/main/src/click/__init__.py
-> ✅ 原始碼下載成功。
-> 🧪 [深度融合] 正在將全球開源碼熔鑄至本地模組: ClickAuto
-> 💾 寫入硬碟成功: manufacturing_hub/clickauto_auto_fused.py
-> 🔍 [品質檢驗] 檢查模組語法: manufacturing_hub/clickauto_auto_fused.py
-> 🎉 語法檢驗完美通過！
========================================
-> 🌍 [自動守護採購] 正在下載原始碼: https://raw.githubusercontent.com/Textualize/rich/refs/heads/main/rich/__init__.py
-> ✅ 原始碼下載成功。
-> 🧪 [深度融合] 正在將全球開源碼熔鑄至本地模組: RichAuto
-> 💾 寫入硬碟成功: manufacturing_hub/richauto_auto_fused.py
-> 🔍 [品質檢驗] 檢查模組語法: manufacturing_hub/richauto_auto_fused.py
-> 🎉 語法檢驗完美通過！
========================================
-> 🌍 [自動守護採購] 正在下載原始碼: https://raw.githubusercontent.com/pydantic/pydantic/refs/heads/main/pydantic/__init__.py
-> ✅ 原始碼下載成功。
-> 🧪 [深度融合] 正在將全球開源碼熔鑄至本地模組: PydanticAuto
-> 💾 寫入硬碟成功: manufacturing_hub/pydanticauto_auto_fused.py
-> 🔍 [品質檢驗] 檢查模組語法: manufacturing_hub/pydanticauto_auto_fused.py
-> 🎉 語法檢驗完美通過！

-> 💤 本輪巡航完畢。進入自動休眠，等待 30 秒後進行下一輪...

[2026-08-25 18:02:58] -> 🔄 開始新一輪全球開源專案自動巡航...
========================================
-> 🌍 [自動守護採購] 正在下載原始碼: https://raw.githubusercontent.com/psf/requests/refs/heads/main/src/requests/__init__.py
-> ✅ 原始碼下載成功。
-> 🧪 [深度融合] 正在將全球開源碼熔鑄至本地模組: RequestsAuto
-> 💾 寫入硬碟成功: manufacturing_hub/requestsauto_auto_fused.py
-> 🔍 [品質檢驗] 檢查模組語法: manufacturing_hub/requestsauto_auto_fused.py
-> 🎉 語法檢驗完美通過！
========================================
-> 🌍 [自動守護採購] 正在下載原始碼: https://raw.githubusercontent.com/fastapi/fastapi/refs/heads/master/fastapi/__init__.py
-> ✅ 原始碼下載成功。
-> 🧪 [深度融合] 正在將全球開源碼熔鑄至本地模組: FastAPIAuto
-> 💾 寫入硬碟成功: manufacturing_hub/fastapiauto_auto_fused.py
-> 🔍 [品質檢驗] 檢查模組語法: manufacturing_hub/fastapiauto_auto_fused.py
-> 🎉 語法檢驗完美通過！
========================================
-> 🌍 [自動守護採購] 正在下載原始碼: https://raw.githubusercontent.com/pallets/flask/refs/heads/main/src/flask/__init__.py
-> ✅ 原始碼下載成功。
-> 🧪 [深度融合] 正在將全球開源碼熔鑄至本地模組: FlaskAuto
-> 💾 寫入硬碟成功: manufacturing_hub/flaskauto_auto_fused.py
-> 🔍 [品質檢驗] 檢查模組語法: manufacturing_hub/flaskauto_auto_fused.py
-> 🎉 語法檢驗完美通過！
========================================
-> 🌍 [自動守護採購] 正在下載原始碼: https://raw.githubusercontent.com/pallets/click/refs/heads/main/src/click/__init__.py
-> ✅ 原始碼下載成功。
-> 🧪 [深度融合] 正在將全球開源碼熔鑄至本地模組: ClickAuto
-> 💾 寫入硬碟成功: manufacturing_hub/clickauto_auto_fused.py
-> 🔍 [品質檢驗] 檢查模組語法: manufacturing_hub/clickauto_auto_fused.py
-> 🎉 語法檢驗完美通過！
========================================
-> 🌍 [自動守護採購] 正在下載原始碼: https://raw.githubusercontent.com/Textualize/rich/refs/heads/main/rich/__init__.py
-> ✅ 原始碼下載成功。
-> 🧪 [深度融合] 正在將全球開源碼熔鑄至本地模組: RichAuto
-> 💾 寫入硬碟成功: manufacturing_hub/richauto_auto_fused.py
-> 🔍 [品質檢驗] 檢查模組語法: manufacturing_hub/richauto_auto_fused.py
-> 🎉 語法檢驗完美通過！
========================================
-> 🌍 [自動守護採購] 正在下載原始碼: https://raw.githubusercontent.com/pydantic/pydantic/refs/heads/main/pydantic/__init__.py
-> ✅ 原始碼下載成功。
-> 🧪 [深度融合] 正在將全球開源碼熔鑄至本地模組: PydanticAuto
-> 💾 寫入硬碟成功: manufacturing_hub/pydanticauto_auto_fused.py
-> 🔍 [品質檢驗] 檢查模組語法: manufacturing_hub/pydanticauto_auto_fused.py
-> 🎉 語法檢驗完美通過！

-> 💤 本輪巡航完畢。進入自動休眠，等待 30 秒後進行下一輪...

[2026-08-25 18:03:31] -> 🔄 開始新一輪全球開源專案自動巡航...
========================================
-> 🌍 [自動守護採購] 正在下載原始碼: https://raw.githubusercontent.com/psf/requests/refs/heads/main/src/requests/__init__.py
-> ✅ 原始碼下載成功。
-> 🧪 [深度融合] 正在將全球開源碼熔鑄至本地模組: RequestsAuto
-> 💾 寫入硬碟成功: manufacturing_hub/requestsauto_auto_fused.py
-> 🔍 [品質檢驗] 檢查模組語法: manufacturing_hub/requestsauto_auto_fused.py
-> 🎉 語法檢驗完美通過！
========================================
-> 🌍 [自動守護採購] 正在下載原始碼: https://raw.githubusercontent.com/fastapi/fastapi/refs/heads/master/fastapi/__init__.py
-> ✅ 原始碼下載成功。
-> 🧪 [深度融合] 正在將全球開源碼熔鑄至本地模組: FastAPIAuto
-> 💾 寫入硬碟成功: manufacturing_hub/fastapiauto_auto_fused.py
-> 🔍 [品質檢驗] 檢查模組語法: manufacturing_hub/fastapiauto_auto_fused.py
-> 🎉 語法檢驗完美通過！
========================================
-> 🌍 [自動守護採購] 正在下載原始碼: https://raw.githubusercontent.com/pallets/flask/refs/heads/main/src/flask/__init__.py
-> ✅ 原始碼下載成功。
-> 🧪 [深度融合] 正在將全球開源碼熔鑄至本地模組: FlaskAuto
-> 💾 寫入硬碟成功: manufacturing_hub/flaskauto_auto_fused.py
-> 🔍 [品質檢驗] 檢查模組語法: manufacturing_hub/flaskauto_auto_fused.py
-> 🎉 語法檢驗完美通過！
========================================
-> 🌍 [自動守護採購] 正在下載原始碼: https://raw.githubusercontent.com/pallets/click/refs/heads/main/src/click/__init__.py
-> ✅ 原始碼下載成功。
-> 🧪 [深度融合] 正在將全球開源碼熔鑄至本地模組: ClickAuto
-> 💾 寫入硬碟成功: manufacturing_hub/clickauto_auto_fused.py
-> 🔍 [品質檢驗] 檢查模組語法: manufacturing_hub/clickauto_auto_fused.py
-> 🎉 語法檢驗完美通過！
========================================
-> 🌍 [自動守護採購] 正在下載原始碼: https://raw.githubusercontent.com/Textualize/rich/refs/heads/main/rich/__init__.py
-> ✅ 原始碼下載成功。
-> 🧪 [深度融合] 正在將全球開源碼熔鑄至本地模組: RichAuto
-> 💾 寫入硬碟成功: manufacturing_hub/richauto_auto_fused.py
-> 🔍 [品質檢驗] 檢查模組語法: manufacturing_hub/richauto_auto_fused.py
-> 🎉 語法檢驗完美通過！
========================================
-> 🌍 [自動守護採購] 正在下載原始碼: https://raw.githubusercontent.com/pydantic/pydantic/refs/heads/main/pydantic/__init__.py
-> ✅ 原始碼下載成功。
-> 🧪 [深度融合] 正在將全球開源碼熔鑄至本地模組: PydanticAuto
-> 💾 寫入硬碟成功: manufacturing_hub/pydanticauto_auto_fused.py
-> 🔍 [品質檢驗] 檢查模組語法: manufacturing_hub/pydanticauto_auto_fused.py
-> 🎉 語法檢驗完美通過！

-> 💤 本輪巡航完畢。進入自動休眠，等待 30 秒後進行下一輪...

[2026-08-25 18:04:04] -> 🔄 開始新一輪全球開源專案自動巡航...
========================================
-> 🌍 [自動守護採購] 正在下載原始碼: https://raw.githubusercontent.com/psf/requests/refs/heads/main/src/requests/__init__.py
-> ✅ 原始碼下載成功。
-> 🧪 [深度融合] 正在將全球開源碼熔鑄至本地模組: RequestsAuto
-> 💾 寫入硬碟成功: manufacturing_hub/requestsauto_auto_fused.py
-> 🔍 [品質檢驗] 檢查模組語法: manufacturing_hub/requestsauto_auto_fused.py
-> 🎉 語法檢驗完美通過！
========================================
-> 🌍 [自動守護採購] 正在下載原始碼: https://raw.githubusercontent.com/fastapi/fastapi/refs/heads/master/fastapi/__init__.py
-> ✅ 原始碼下載成功。
-> 🧪 [深度融合] 正在將全球開源碼熔鑄至本地模組: FastAPIAuto
-> 💾 寫入硬碟成功: manufacturing_hub/fastapiauto_auto_fused.py
-> 🔍 [品質檢驗] 檢查模組語法: manufacturing_hub/fastapiauto_auto_fused.py
-> 🎉 語法檢驗完美通過！
========================================
-> 🌍 [自動守護採購] 正在下載原始碼: https://raw.githubusercontent.com/pallets/flask/refs/heads/main/src/flask/__init__.py
-> ✅ 原始碼下載成功。
-> 🧪 [深度融合] 正在將全球開源碼熔鑄至本地模組: FlaskAuto
-> 💾 寫入硬碟成功: manufacturing_hub/flaskauto_auto_fused.py
-> 🔍 [品質檢驗] 檢查模組語法: manufacturing_hub/flaskauto_auto_fused.py
-> 🎉 語法檢驗完美通過！
========================================
-> 🌍 [自動守護採購] 正在下載原始碼: https://raw.githubusercontent.com/pallets/click/refs/heads/main/src/click/__init__.py
-> ✅ 原始碼下載成功。
-> 🧪 [深度融合] 正在將全球開源碼熔鑄至本地模組: ClickAuto
-> 💾 寫入硬碟成功: manufacturing_hub/clickauto_auto_fused.py
-> 🔍 [品質檢驗] 檢查模組語法: manufacturing_hub/clickauto_auto_fused.py
-> 🎉 語法檢驗完美通過！
========================================
-> 🌍 [自動守護採購] 正在下載原始碼: https://raw.githubusercontent.com/Textualize/rich/refs/heads/main/rich/__init__.py
-> ✅ 原始碼下載成功。
-> 🧪 [深度融合] 正在將全球開源碼熔鑄至本地模組: RichAuto
-> 💾 寫入硬碟成功: manufacturing_hub/richauto_auto_fused.py
-> 🔍 [品質檢驗] 檢查模組語法: manufacturing_hub/richauto_auto_fused.py
-> 🎉 語法檢驗完美通過！
========================================
-> 🌍 [自動守護採購] 正在下載原始碼: https://raw.githubusercontent.com/pydantic/pydantic/refs/heads/main/pydantic/__init__.py
-> ✅ 原始碼下載成功。
-> 🧪 [深度融合] 正在將全球開源碼熔鑄至本地模組: PydanticAuto
-> 💾 寫入硬碟成功: manufacturing_hub/pydanticauto_auto_fused.py
-> 🔍 [品質檢驗] 檢查模組語法: manufacturing_hub/pydanticauto_auto_fused.py
-> 🎉 語法檢驗完美通過！

-> 💤 本輪巡航完畢。進入自動休眠，等待 30 秒後進行下一輪...

[2026-08-25 18:04:37] -> 🔄 開始新一輪全球開源專案自動巡航...
========================================
-> 🌍 [自動守護採購] 正在下載原始碼: https://raw.githubusercontent.com/psf/requests/refs/heads/main/src/requests/__init__.py
-> ✅ 原始碼下載成功。
-> 🧪 [深度融合] 正在將全球開源碼熔鑄至本地模組: RequestsAuto
-> 💾 寫入硬碟成功: manufacturing_hub/requestsauto_auto_fused.py
-> 🔍 [品質檢驗] 檢查模組語法: manufacturing_hub/requestsauto_auto_fused.py
-> 🎉 語法檢驗完美通過！
========================================
-> 🌍 [自動守護採購] 正在下載原始碼: https://raw.githubusercontent.com/fastapi/fastapi/refs/heads/master/fastapi/__init__.py
-> ✅ 原始碼下載成功。
-> 🧪 [深度融合] 正在將全球開源碼熔鑄至本地模組: FastAPIAuto
-> 💾 寫入硬碟成功: manufacturing_hub/fastapiauto_auto_fused.py
-> 🔍 [品質檢驗] 檢查模組語法: manufacturing_hub/fastapiauto_auto_fused.py
-> 🎉 語法檢驗完美通過！
========================================
-> 🌍 [自動守護採購] 正在下載原始碼: https://raw.githubusercontent.com/pallets/flask/refs/heads/main/src/flask/__init__.py
-> ✅ 原始碼下載成功。
-> 🧪 [深度融合] 正在將全球開源碼熔鑄至本地模組: FlaskAuto
-> 💾 寫入硬碟成功: manufacturing_hub/flaskauto_auto_fused.py
-> 🔍 [品質檢驗] 檢查模組語法: manufacturing_hub/flaskauto_auto_fused.py
-> 🎉 語法檢驗完美通過！
========================================
-> 🌍 [自動守護採購] 正在下載原始碼: https://raw.githubusercontent.com/pallets/click/refs/heads/main/src/click/__init__.py
-> ✅ 原始碼下載成功。
-> 🧪 [深度融合] 正在將全球開源碼熔鑄至本地模組: ClickAuto
-> 💾 寫入硬碟成功: manufacturing_hub/clickauto_auto_fused.py
-> 🔍 [品質檢驗] 檢查模組語法: manufacturing_hub/clickauto_auto_fused.py
-> 🎉 語法檢驗完美通過！
========================================
-> 🌍 [自動守護採購] 正在下載原始碼: https://raw.githubusercontent.com/Textualize/rich/refs/heads/main/rich/__init__.py
-> ✅ 原始碼下載成功。
-> 🧪 [深度融合] 正在將全球開源碼熔鑄至本地模組: RichAuto
-> 💾 寫入硬碟成功: manufacturing_hub/richauto_auto_fused.py
-> 🔍 [品質檢驗] 檢查模組語法: manufacturing_hub/richauto_auto_fused.py
-> 🎉 語法檢驗完美通過！
========================================
-> 🌍 [自動守護採購] 正在下載原始碼: https://raw.githubusercontent.com/pydantic/pydantic/refs/heads/main/pydantic/__init__.py
-> ✅ 原始碼下載成功。
-> 🧪 [深度融合] 正在將全球開源碼熔鑄至本地模組: PydanticAuto
-> 💾 寫入硬碟成功: manufacturing_hub/pydanticauto_auto_fused.py
-> 🔍 [品質檢驗] 檢查模組語法: manufacturing_hub/pydanticauto_auto_fused.py
-> 🎉 語法檢驗完美通過！

-> 💤 本輪巡航完畢。進入自動休眠，等待 30 秒後進行下一輪...

[2026-08-25 18:05:10] -> 🔄 開始新一輪全球開源專案自動巡航...
========================================
-> 🌍 [自動守護採購] 正在下載原始碼: https://raw.githubusercontent.com/psf/requests/refs/heads/main/src/requests/__init__.py
-> ✅ 原始碼下載成功。
-> 🧪 [深度融合] 正在將全球開源碼熔鑄至本地模組: RequestsAuto
-> 💾 寫入硬碟成功: manufacturing_hub/requestsauto_auto_fused.py
-> 🔍 [品質檢驗] 檢查模組語法: manufacturing_hub/requestsauto_auto_fused.py
-> 🎉 語法檢驗完美通過！
========================================
-> 🌍 [自動守護採購] 正在下載原始碼: https://raw.githubusercontent.com/fastapi/fastapi/refs/heads/master/fastapi/__init__.py
-> ✅ 原始碼下載成功。
-> 🧪 [深度融合] 正在將全球開源碼熔鑄至本地模組: FastAPIAuto
-> 💾 寫入硬碟成功: manufacturing_hub/fastapiauto_auto_fused.py
-> 🔍 [品質檢驗] 檢查模組語法: manufacturing_hub/fastapiauto_auto_fused.py
-> 🎉 語法檢驗完美通過！
========================================
-> 🌍 [自動守護採購] 正在下載原始碼: https://raw.githubusercontent.com/pallets/flask/refs/heads/main/src/flask/__init__.py
-> ✅ 原始碼下載成功。
-> 🧪 [深度融合] 正在將全球開源碼熔鑄至本地模組: FlaskAuto
-> 💾 寫入硬碟成功: manufacturing_hub/flaskauto_auto_fused.py
-> 🔍 [品質檢驗] 檢查模組語法: manufacturing_hub/flaskauto_auto_fused.py
-> 🎉 語法檢驗完美通過！
========================================
-> 🌍 [自動守護採購] 正在下載原始碼: https://raw.githubusercontent.com/pallets/click/refs/heads/main/src/click/__init__.py
-> ✅ 原始碼下載成功。
-> 🧪 [深度融合] 正在將全球開源碼熔鑄至本地模組: ClickAuto
-> 💾 寫入硬碟成功: manufacturing_hub/clickauto_auto_fused.py
-> 🔍 [品質檢驗] 檢查模組語法: manufacturing_hub/clickauto_auto_fused.py
-> 🎉 語法檢驗完美通過！
========================================
-> 🌍 [自動守護採購] 正在下載原始碼: https://raw.githubusercontent.com/Textualize/rich/refs/heads/main/rich/__init__.py
-> ✅ 原始碼下載成功。
-> 🧪 [深度融合] 正在將全球開源碼熔鑄至本地模組: RichAuto
-> 💾 寫入硬碟成功: manufacturing_hub/richauto_auto_fused.py
-> 🔍 [品質檢驗] 檢查模組語法: manufacturing_hub/richauto_auto_fused.py
-> 🎉 語法檢驗完美通過！
========================================
-> 🌍 [自動守護採購] 正在下載原始碼: https://raw.githubusercontent.com/pydantic/pydantic/refs/heads/main/pydantic/__init__.py
-> ✅ 原始碼下載成功。
-> 🧪 [深度融合] 正在將全球開源碼熔鑄至本地模組: PydanticAuto
-> 💾 寫入硬碟成功: manufacturing_hub/pydanticauto_auto_fused.py
-> 🔍 [品質檢驗] 檢查模組語法: manufacturing_hub/pydanticauto_auto_fused.py
-> 🎉 語法檢驗完美通過！

-> 💤 本輪巡航完畢。進入自動休眠，等待 30 秒後進行下一輪...

[2026-08-25 18:05:44] -> 🔄 開始新一輪全球開源專案自動巡航...
========================================
-> 🌍 [自動守護採購] 正在下載原始碼: https://raw.githubusercontent.com/psf/requests/refs/heads/main/src/requests/__init__.py
-> ✅ 原始碼下載成功。
-> 🧪 [深度融合] 正在將全球開源碼熔鑄至本地模組: RequestsAuto
-> 💾 寫入硬碟成功: manufacturing_hub/requestsauto_auto_fused.py
-> 🔍 [品質檢驗] 檢查模組語法: manufacturing_hub/requestsauto_auto_fused.py
-> 🎉 語法檢驗完美通過！
========================================
-> 🌍 [自動守護採購] 正在下載原始碼: https://raw.githubusercontent.com/fastapi/fastapi/refs/heads/master/fastapi/__init__.py
-> ✅ 原始碼下載成功。
-> 🧪 [深度融合] 正在將全球開源碼熔鑄至本地模組: FastAPIAuto
-> 💾 寫入硬碟成功: manufacturing_hub/fastapiauto_auto_fused.py
-> 🔍 [品質檢驗] 檢查模組語法: manufacturing_hub/fastapiauto_auto_fused.py
-> 🎉 語法檢驗完美通過！
========================================
-> 🌍 [自動守護採購] 正在下載原始碼: https://raw.githubusercontent.com/pallets/flask/refs/heads/main/src/flask/__init__.py
-> ✅ 原始碼下載成功。
-> 🧪 [深度融合] 正在將全球開源碼熔鑄至本地模組: FlaskAuto
-> 💾 寫入硬碟成功: manufacturing_hub/flaskauto_auto_fused.py
-> 🔍 [品質檢驗] 檢查模組語法: manufacturing_hub/flaskauto_auto_fused.py
-> 🎉 語法檢驗完美通過！
========================================
-> 🌍 [自動守護採購] 正在下載原始碼: https://raw.githubusercontent.com/pallets/click/refs/heads/main/src/click/__init__.py
-> ✅ 原始碼下載成功。
-> 🧪 [深度融合] 正在將全球開源碼熔鑄至本地模組: ClickAuto
-> 💾 寫入硬碟成功: manufacturing_hub/clickauto_auto_fused.py
-> 🔍 [品質檢驗] 檢查模組語法: manufacturing_hub/clickauto_auto_fused.py
-> 🎉 語法檢驗完美通過！
========================================
-> 🌍 [自動守護採購] 正在下載原始碼: https://raw.githubusercontent.com/Textualize/rich/refs/heads/main/rich/__init__.py
-> ✅ 原始碼下載成功。
-> 🧪 [深度融合] 正在將全球開源碼熔鑄至本地模組: RichAuto
-> 💾 寫入硬碟成功: manufacturing_hub/richauto_auto_fused.py
-> 🔍 [品質檢驗] 檢查模組語法: manufacturing_hub/richauto_auto_fused.py
-> 🎉 語法檢驗完美通過！
========================================
-> 🌍 [自動守護採購] 正在下載原始碼: https://raw.githubusercontent.com/pydantic/pydantic/refs/heads/main/pydantic/__init__.py
-> ✅ 原始碼下載成功。
-> 🧪 [深度融合] 正在將全球開源碼熔鑄至本地模組: PydanticAuto
-> 💾 寫入硬碟成功: manufacturing_hub/pydanticauto_auto_fused.py
-> 🔍 [品質檢驗] 檢查模組語法: manufacturing_hub/pydanticauto_auto_fused.py
-> 🎉 語法檢驗完美通過！

-> 💤 本輪巡航完畢。進入自動休眠，等待 30 秒後進行下一輪...

[2026-08-25 18:06:18] -> 🔄 開始新一輪全球開源專案自動巡航...
========================================
-> 🌍 [自動守護採購] 正在下載原始碼: https://raw.githubusercontent.com/psf/requests/refs/heads/main/src/requests/__init__.py
-> ✅ 原始碼下載成功。
-> 🧪 [深度融合] 正在將全球開源碼熔鑄至本地模組: RequestsAuto
-> 💾 寫入硬碟成功: manufacturing_hub/requestsauto_auto_fused.py
-> 🔍 [品質檢驗] 檢查模組語法: manufacturing_hub/requestsauto_auto_fused.py
-> 🎉 語法檢驗完美通過！
========================================
-> 🌍 [自動守護採購] 正在下載原始碼: https://raw.githubusercontent.com/fastapi/fastapi/refs/heads/master/fastapi/__init__.py
-> ✅ 原始碼下載成功。
-> 🧪 [深度融合] 正在將全球開源碼熔鑄至本地模組: FastAPIAuto
-> 💾 寫入硬碟成功: manufacturing_hub/fastapiauto_auto_fused.py
-> 🔍 [品質檢驗] 檢查模組語法: manufacturing_hub/fastapiauto_auto_fused.py
-> 🎉 語法檢驗完美通過！
========================================
-> 🌍 [自動守護採購] 正在下載原始碼: https://raw.githubusercontent.com/pallets/flask/refs/heads/main/src/flask/__init__.py
-> ✅ 原始碼下載成功。
-> 🧪 [深度融合] 正在將全球開源碼熔鑄至本地模組: FlaskAuto
-> 💾 寫入硬碟成功: manufacturing_hub/flaskauto_auto_fused.py
-> 🔍 [品質檢驗] 檢查模組語法: manufacturing_hub/flaskauto_auto_fused.py
-> 🎉 語法檢驗完美通過！
========================================
-> 🌍 [自動守護採購] 正在下載原始碼: https://raw.githubusercontent.com/pallets/click/refs/heads/main/src/click/__init__.py
-> ✅ 原始碼下載成功。
-> 🧪 [深度融合] 正在將全球開源碼熔鑄至本地模組: ClickAuto
-> 💾 寫入硬碟成功: manufacturing_hub/clickauto_auto_fused.py
-> 🔍 [品質檢驗] 檢查模組語法: manufacturing_hub/clickauto_auto_fused.py
-> 🎉 語法檢驗完美通過！
========================================
-> 🌍 [自動守護採購] 正在下載原始碼: https://raw.githubusercontent.com/Textualize/rich/refs/heads/main/rich/__init__.py
-> ✅ 原始碼下載成功。
-> 🧪 [深度融合] 正在將全球開源碼熔鑄至本地模組: RichAuto
-> 💾 寫入硬碟成功: manufacturing_hub/richauto_auto_fused.py
-> 🔍 [品質檢驗] 檢查模組語法: manufacturing_hub/richauto_auto_fused.py
-> 🎉 語法檢驗完美通過！
========================================
-> 🌍 [自動守護採購] 正在下載原始碼: https://raw.githubusercontent.com/pydantic/pydantic/refs/heads/main/pydantic/__init__.py
-> ✅ 原始碼下載成功。
-> 🧪 [深度融合] 正在將全球開源碼熔鑄至本地模組: PydanticAuto
-> 💾 寫入硬碟成功: manufacturing_hub/pydanticauto_auto_fused.py
-> 🔍 [品質檢驗] 檢查模組語法: manufacturing_hub/pydanticauto_auto_fused.py
-> 🎉 語法檢驗完美通過！

-> 💤 本輪巡航完畢。進入自動休眠，等待 30 秒後進行下一輪...

[2026-08-25 18:06:51] -> 🔄 開始新一輪全球開源專案自動巡航...
========================================
-> 🌍 [自動守護採購] 正在下載原始碼: https://raw.githubusercontent.com/psf/requests/refs/heads/main/src/requests/__init__.py
-> ✅ 原始碼下載成功。
-> 🧪 [深度融合] 正在將全球開源碼熔鑄至本地模組: RequestsAuto
-> 💾 寫入硬碟成功: manufacturing_hub/requestsauto_auto_fused.py
-> 🔍 [品質檢驗] 檢查模組語法: manufacturing_hub/requestsauto_auto_fused.py
-> 🎉 語法檢驗完美通過！
========================================
-> 🌍 [自動守護採購] 正在下載原始碼: https://raw.githubusercontent.com/fastapi/fastapi/refs/heads/master/fastapi/__init__.py
-> ✅ 原始碼下載成功。
-> 🧪 [深度融合] 正在將全球開源碼熔鑄至本地模組: FastAPIAuto
-> 💾 寫入硬碟成功: manufacturing_hub/fastapiauto_auto_fused.py
-> 🔍 [品質檢驗] 檢查模組語法: manufacturing_hub/fastapiauto_auto_fused.py
-> 🎉 語法檢驗完美通過！
========================================
-> 🌍 [自動守護採購] 正在下載原始碼: https://raw.githubusercontent.com/pallets/flask/refs/heads/main/src/flask/__init__.py
-> ✅ 原始碼下載成功。
-> 🧪 [深度融合] 正在將全球開源碼熔鑄至本地模組: FlaskAuto
-> 💾 寫入硬碟成功: manufacturing_hub/flaskauto_auto_fused.py
-> 🔍 [品質檢驗] 檢查模組語法: manufacturing_hub/flaskauto_auto_fused.py
-> 🎉 語法檢驗完美通過！
========================================
-> 🌍 [自動守護採購] 正在下載原始碼: https://raw.githubusercontent.com/pallets/click/refs/heads/main/src/click/__init__.py
-> ✅ 原始碼下載成功。
-> 🧪 [深度融合] 正在將全球開源碼熔鑄至本地模組: ClickAuto
-> 💾 寫入硬碟成功: manufacturing_hub/clickauto_auto_fused.py
-> 🔍 [品質檢驗] 檢查模組語法: manufacturing_hub/clickauto_auto_fused.py
-> 🎉 語法檢驗完美通過！
========================================
-> 🌍 [自動守護採購] 正在下載原始碼: https://raw.githubusercontent.com/Textualize/rich/refs/heads/main/rich/__init__.py
-> ✅ 原始碼下載成功。
-> 🧪 [深度融合] 正在將全球開源碼熔鑄至本地模組: RichAuto
-> 💾 寫入硬碟成功: manufacturing_hub/richauto_auto_fused.py
-> 🔍 [品質檢驗] 檢查模組語法: manufacturing_hub/richauto_auto_fused.py
-> 🎉 語法檢驗完美通過！
========================================
-> 🌍 [自動守護採購] 正在下載原始碼: https://raw.githubusercontent.com/pydantic/pydantic/refs/heads/main/pydantic/__init__.py
-> ✅ 原始碼下載成功。
-> 🧪 [深度融合] 正在將全球開源碼熔鑄至本地模組: PydanticAuto
-> 💾 寫入硬碟成功: manufacturing_hub/pydanticauto_auto_fused.py
-> 🔍 [品質檢驗] 檢查模組語法: manufacturing_hub/pydanticauto_auto_fused.py
-> 🎉 語法檢驗完美通過！

-> 💤 本輪巡航完畢。進入自動休眠，等待 30 秒後進行下一輪...

[2026-08-25 18:07:24] -> 🔄 開始新一輪全球開源專案自動巡航...
========================================
-> 🌍 [自動守護採購] 正在下載原始碼: https://raw.githubusercontent.com/psf/requests/refs/heads/main/src/requests/__init__.py
-> ✅ 原始碼下載成功。
-> 🧪 [深度融合] 正在將全球開源碼熔鑄至本地模組: RequestsAuto
-> 💾 寫入硬碟成功: manufacturing_hub/requestsauto_auto_fused.py
-> 🔍 [品質檢驗] 檢查模組語法: manufacturing_hub/requestsauto_auto_fused.py
-> 🎉 語法檢驗完美通過！
========================================
-> 🌍 [自動守護採購] 正在下載原始碼: https://raw.githubusercontent.com/fastapi/fastapi/refs/heads/master/fastapi/__init__.py
-> ✅ 原始碼下載成功。
-> 🧪 [深度融合] 正在將全球開源碼熔鑄至本地模組: FastAPIAuto
-> 💾 寫入硬碟成功: manufacturing_hub/fastapiauto_auto_fused.py
-> 🔍 [品質檢驗] 檢查模組語法: manufacturing_hub/fastapiauto_auto_fused.py
-> 🎉 語法檢驗完美通過！
========================================
-> 🌍 [自動守護採購] 正在下載原始碼: https://raw.githubusercontent.com/pallets/flask/refs/heads/main/src/flask/__init__.py
-> ✅ 原始碼下載成功。
-> 🧪 [深度融合] 正在將全球開源碼熔鑄至本地模組: FlaskAuto
-> 💾 寫入硬碟成功: manufacturing_hub/flaskauto_auto_fused.py
-> 🔍 [品質檢驗] 檢查模組語法: manufacturing_hub/flaskauto_auto_fused.py
-> 🎉 語法檢驗完美通過！
========================================
-> 🌍 [自動守護採購] 正在下載原始碼: https://raw.githubusercontent.com/pallets/click/refs/heads/main/src/click/__init__.py
-> ✅ 原始碼下載成功。
-> 🧪 [深度融合] 正在將全球開源碼熔鑄至本地模組: ClickAuto
-> 💾 寫入硬碟成功: manufacturing_hub/clickauto_auto_fused.py
-> 🔍 [品質檢驗] 檢查模組語法: manufacturing_hub/clickauto_auto_fused.py
-> 🎉 語法檢驗完美通過！
========================================
-> 🌍 [自動守護採購] 正在下載原始碼: https://raw.githubusercontent.com/Textualize/rich/refs/heads/main/rich/__init__.py
-> ✅ 原始碼下載成功。
-> 🧪 [深度融合] 正在將全球開源碼熔鑄至本地模組: RichAuto
-> 💾 寫入硬碟成功: manufacturing_hub/richauto_auto_fused.py
-> 🔍 [品質檢驗] 檢查模組語法: manufacturing_hub/richauto_auto_fused.py
-> 🎉 語法檢驗完美通過！
========================================
-> 🌍 [自動守護採購] 正在下載原始碼: https://raw.githubusercontent.com/pydantic/pydantic/refs/heads/main/pydantic/__init__.py
-> ✅ 原始碼下載成功。
-> 🧪 [深度融合] 正在將全球開源碼熔鑄至本地模組: PydanticAuto
-> 💾 寫入硬碟成功: manufacturing_hub/pydanticauto_auto_fused.py
-> 🔍 [品質檢驗] 檢查模組語法: manufacturing_hub/pydanticauto_auto_fused.py
-> 🎉 語法檢驗完美通過！

-> 💤 本輪巡航完畢。進入自動休眠，等待 30 秒後進行下一輪...

[2026-08-25 18:07:58] -> 🔄 開始新一輪全球開源專案自動巡航...
========================================
-> 🌍 [自動守護採購] 正在下載原始碼: https://raw.githubusercontent.com/psf/requests/refs/heads/main/src/requests/__init__.py
-> ✅ 原始碼下載成功。
-> 🧪 [深度融合] 正在將全球開源碼熔鑄至本地模組: RequestsAuto
-> 💾 寫入硬碟成功: manufacturing_hub/requestsauto_auto_fused.py
-> 🔍 [品質檢驗] 檢查模組語法: manufacturing_hub/requestsauto_auto_fused.py
-> 🎉 語法檢驗完美通過！
========================================
-> 🌍 [自動守護採購] 正在下載原始碼: https://raw.githubusercontent.com/fastapi/fastapi/refs/heads/master/fastapi/__init__.py
-> ✅ 原始碼下載成功。
-> 🧪 [深度融合] 正在將全球開源碼熔鑄至本地模組: FastAPIAuto
-> 💾 寫入硬碟成功: manufacturing_hub/fastapiauto_auto_fused.py
-> 🔍 [品質檢驗] 檢查模組語法: manufacturing_hub/fastapiauto_auto_fused.py
-> 🎉 語法檢驗完美通過！
========================================
-> 🌍 [自動守護採購] 正在下載原始碼: https://raw.githubusercontent.com/pallets/flask/refs/heads/main/src/flask/__init__.py
-> ✅ 原始碼下載成功。
-> 🧪 [深度融合] 正在將全球開源碼熔鑄至本地模組: FlaskAuto
-> 💾 寫入硬碟成功: manufacturing_hub/flaskauto_auto_fused.py
-> 🔍 [品質檢驗] 檢查模組語法: manufacturing_hub/flaskauto_auto_fused.py
-> 🎉 語法檢驗完美通過！
========================================
-> 🌍 [自動守護採購] 正在下載原始碼: https://raw.githubusercontent.com/pallets/click/refs/heads/main/src/click/__init__.py
-> ✅ 原始碼下載成功。
-> 🧪 [深度融合] 正在將全球開源碼熔鑄至本地模組: ClickAuto
-> 💾 寫入硬碟成功: manufacturing_hub/clickauto_auto_fused.py
-> 🔍 [品質檢驗] 檢查模組語法: manufacturing_hub/clickauto_auto_fused.py
-> 🎉 語法檢驗完美通過！
========================================
-> 🌍 [自動守護採購] 正在下載原始碼: https://raw.githubusercontent.com/Textualize/rich/refs/heads/main/rich/__init__.py
-> ✅ 原始碼下載成功。
-> 🧪 [深度融合] 正在將全球開源碼熔鑄至本地模組: RichAuto
-> 💾 寫入硬碟成功: manufacturing_hub/richauto_auto_fused.py
-> 🔍 [品質檢驗] 檢查模組語法: manufacturing_hub/richauto_auto_fused.py
-> 🎉 語法檢驗完美通過！
========================================
-> 🌍 [自動守護採購] 正在下載原始碼: https://raw.githubusercontent.com/pydantic/pydantic/refs/heads/main/pydantic/__init__.py
-> ✅ 原始碼下載成功。
-> 🧪 [深度融合] 正在將全球開源碼熔鑄至本地模組: PydanticAuto
-> 💾 寫入硬碟成功: manufacturing_hub/pydanticauto_auto_fused.py
-> 🔍 [品質檢驗] 檢查模組語法: manufacturing_hub/pydanticauto_auto_fused.py
-> 🎉 語法檢驗完美通過！

-> 💤 本輪巡航完畢。進入自動休眠，等待 30 秒後進行下一輪...

[2026-08-25 18:08:31] -> 🔄 開始新一輪全球開源專案自動巡航...
========================================
-> 🌍 [自動守護採購] 正在下載原始碼: https://raw.githubusercontent.com/psf/requests/refs/heads/main/src/requests/__init__.py
-> ✅ 原始碼下載成功。
-> 🧪 [深度融合] 正在將全球開源碼熔鑄至本地模組: RequestsAuto
-> 💾 寫入硬碟成功: manufacturing_hub/requestsauto_auto_fused.py
-> 🔍 [品質檢驗] 檢查模組語法: manufacturing_hub/requestsauto_auto_fused.py
-> 🎉 語法檢驗完美通過！
========================================
-> 🌍 [自動守護採購] 正在下載原始碼: https://raw.githubusercontent.com/fastapi/fastapi/refs/heads/master/fastapi/__init__.py
-> ✅ 原始碼下載成功。
-> 🧪 [深度融合] 正在將全球開源碼熔鑄至本地模組: FastAPIAuto
-> 💾 寫入硬碟成功: manufacturing_hub/fastapiauto_auto_fused.py
-> 🔍 [品質檢驗] 檢查模組語法: manufacturing_hub/fastapiauto_auto_fused.py
-> 🎉 語法檢驗完美通過！
========================================
-> 🌍 [自動守護採購] 正在下載原始碼: https://raw.githubusercontent.com/pallets/flask/refs/heads/main/src/flask/__init__.py
-> ✅ 原始碼下載成功。
-> 🧪 [深度融合] 正在將全球開源碼熔鑄至本地模組: FlaskAuto
-> 💾 寫入硬碟成功: manufacturing_hub/flaskauto_auto_fused.py
-> 🔍 [品質檢驗] 檢查模組語法: manufacturing_hub/flaskauto_auto_fused.py
-> 🎉 語法檢驗完美通過！
========================================
-> 🌍 [自動守護採購] 正在下載原始碼: https://raw.githubusercontent.com/pallets/click/refs/heads/main/src/click/__init__.py
-> ✅ 原始碼下載成功。
-> 🧪 [深度融合] 正在將全球開源碼熔鑄至本地模組: ClickAuto
-> 💾 寫入硬碟成功: manufacturing_hub/clickauto_auto_fused.py
-> 🔍 [品質檢驗] 檢查模組語法: manufacturing_hub/clickauto_auto_fused.py
-> 🎉 語法檢驗完美通過！
========================================
-> 🌍 [自動守護採購] 正在下載原始碼: https://raw.githubusercontent.com/Textualize/rich/refs/heads/main/rich/__init__.py
-> ✅ 原始碼下載成功。
-> 🧪 [深度融合] 正在將全球開源碼熔鑄至本地模組: RichAuto
-> 💾 寫入硬碟成功: manufacturing_hub/richauto_auto_fused.py
-> 🔍 [品質檢驗] 檢查模組語法: manufacturing_hub/richauto_auto_fused.py
-> 🎉 語法檢驗完美通過！
========================================
-> 🌍 [自動守護採購] 正在下載原始碼: https://raw.githubusercontent.com/pydantic/pydantic/refs/heads/main/pydantic/__init__.py
-> ✅ 原始碼下載成功。
-> 🧪 [深度融合] 正在將全球開源碼熔鑄至本地模組: PydanticAuto
-> 💾 寫入硬碟成功: manufacturing_hub/pydanticauto_auto_fused.py
-> 🔍 [品質檢驗] 檢查模組語法: manufacturing_hub/pydanticauto_auto_fused.py
-> 🎉 語法檢驗完美通過！

-> 💤 本輪巡航完畢。進入自動休眠，等待 30 秒後進行下一輪...

[2026-08-25 18:09:04] -> 🔄 開始新一輪全球開源專案自動巡航...
========================================
-> 🌍 [自動守護採購] 正在下載原始碼: https://raw.githubusercontent.com/psf/requests/refs/heads/main/src/requests/__init__.py
-> ✅ 原始碼下載成功。
-> 🧪 [深度融合] 正在將全球開源碼熔鑄至本地模組: RequestsAuto
-> 💾 寫入硬碟成功: manufacturing_hub/requestsauto_auto_fused.py
-> 🔍 [品質檢驗] 檢查模組語法: manufacturing_hub/requestsauto_auto_fused.py
-> 🎉 語法檢驗完美通過！
========================================
-> 🌍 [自動守護採購] 正在下載原始碼: https://raw.githubusercontent.com/fastapi/fastapi/refs/heads/master/fastapi/__init__.py
-> ✅ 原始碼下載成功。
-> 🧪 [深度融合] 正在將全球開源碼熔鑄至本地模組: FastAPIAuto
-> 💾 寫入硬碟成功: manufacturing_hub/fastapiauto_auto_fused.py
-> 🔍 [品質檢驗] 檢查模組語法: manufacturing_hub/fastapiauto_auto_fused.py
-> 🎉 語法檢驗完美通過！
========================================
-> 🌍 [自動守護採購] 正在下載原始碼: https://raw.githubusercontent.com/pallets/flask/refs/heads/main/src/flask/__init__.py
-> ✅ 原始碼下載成功。
-> 🧪 [深度融合] 正在將全球開源碼熔鑄至本地模組: FlaskAuto
-> 💾 寫入硬碟成功: manufacturing_hub/flaskauto_auto_fused.py
-> 🔍 [品質檢驗] 檢查模組語法: manufacturing_hub/flaskauto_auto_fused.py
-> 🎉 語法檢驗完美通過！
========================================
-> 🌍 [自動守護採購] 正在下載原始碼: https://raw.githubusercontent.com/pallets/click/refs/heads/main/src/click/__init__.py
-> ✅ 原始碼下載成功。
-> 🧪 [深度融合] 正在將全球開源碼熔鑄至本地模組: ClickAuto
-> 💾 寫入硬碟成功: manufacturing_hub/clickauto_auto_fused.py
-> 🔍 [品質檢驗] 檢查模組語法: manufacturing_hub/clickauto_auto_fused.py
-> 🎉 語法檢驗完美通過！
========================================
-> 🌍 [自動守護採購] 正在下載原始碼: https://raw.githubusercontent.com/Textualize/rich/refs/heads/main/rich/__init__.py
-> ✅ 原始碼下載成功。
-> 🧪 [深度融合] 正在將全球開源碼熔鑄至本地模組: RichAuto
-> 💾 寫入硬碟成功: manufacturing_hub/richauto_auto_fused.py
-> 🔍 [品質檢驗] 檢查模組語法: manufacturing_hub/richauto_auto_fused.py
-> 🎉 語法檢驗完美通過！
========================================
-> 🌍 [自動守護採購] 正在下載原始碼: https://raw.githubusercontent.com/pydantic/pydantic/refs/heads/main/pydantic/__init__.py
-> ✅ 原始碼下載成功。
-> 🧪 [深度融合] 正在將全球開源碼熔鑄至本地模組: PydanticAuto
-> 💾 寫入硬碟成功: manufacturing_hub/pydanticauto_auto_fused.py
-> 🔍 [品質檢驗] 檢查模組語法: manufacturing_hub/pydanticauto_auto_fused.py
-> 🎉 語法檢驗完美通過！

-> 💤 本輪巡航完畢。進入自動休眠，等待 30 秒後進行下一輪...

[2026-08-25 18:09:37] -> 🔄 開始新一輪全球開源專案自動巡航...
========================================
-> 🌍 [自動守護採購] 正在下載原始碼: https://raw.githubusercontent.com/psf/requests/refs/heads/main/src/requests/__init__.py
-> ✅ 原始碼下載成功。
-> 🧪 [深度融合] 正在將全球開源碼熔鑄至本地模組: RequestsAuto
-> 💾 寫入硬碟成功: manufacturing_hub/requestsauto_auto_fused.py
-> 🔍 [品質檢驗] 檢查模組語法: manufacturing_hub/requestsauto_auto_fused.py
-> 🎉 語法檢驗完美通過！
========================================
-> 🌍 [自動守護採購] 正在下載原始碼: https://raw.githubusercontent.com/fastapi/fastapi/refs/heads/master/fastapi/__init__.py
-> ✅ 原始碼下載成功。
-> 🧪 [深度融合] 正在將全球開源碼熔鑄至本地模組: FastAPIAuto
-> 💾 寫入硬碟成功: manufacturing_hub/fastapiauto_auto_fused.py
-> 🔍 [品質檢驗] 檢查模組語法: manufacturing_hub/fastapiauto_auto_fused.py
-> 🎉 語法檢驗完美通過！
========================================
-> 🌍 [自動守護採購] 正在下載原始碼: https://raw.githubusercontent.com/pallets/flask/refs/heads/main/src/flask/__init__.py
-> ✅ 原始碼下載成功。
-> 🧪 [深度融合] 正在將全球開源碼熔鑄至本地模組: FlaskAuto
-> 💾 寫入硬碟成功: manufacturing_hub/flaskauto_auto_fused.py
-> 🔍 [品質檢驗] 檢查模組語法: manufacturing_hub/flaskauto_auto_fused.py
-> 🎉 語法檢驗完美通過！
========================================
-> 🌍 [自動守護採購] 正在下載原始碼: https://raw.githubusercontent.com/pallets/click/refs/heads/main/src/click/__init__.py
-> ✅ 原始碼下載成功。
-> 🧪 [深度融合] 正在將全球開源碼熔鑄至本地模組: ClickAuto
-> 💾 寫入硬碟成功: manufacturing_hub/clickauto_auto_fused.py
-> 🔍 [品質檢驗] 檢查模組語法: manufacturing_hub/clickauto_auto_fused.py
-> 🎉 語法檢驗完美通過！
========================================
-> 🌍 [自動守護採購] 正在下載原始碼: https://raw.githubusercontent.com/Textualize/rich/refs/heads/main/rich/__init__.py
-> ✅ 原始碼下載成功。
-> 🧪 [深度融合] 正在將全球開源碼熔鑄至本地模組: RichAuto
-> 💾 寫入硬碟成功: manufacturing_hub/richauto_auto_fused.py
-> 🔍 [品質檢驗] 檢查模組語法: manufacturing_hub/richauto_auto_fused.py
-> 🎉 語法檢驗完美通過！
========================================
-> 🌍 [自動守護採購] 正在下載原始碼: https://raw.githubusercontent.com/pydantic/pydantic/refs/heads/main/pydantic/__init__.py
-> ✅ 原始碼下載成功。
-> 🧪 [深度融合] 正在將全球開源碼熔鑄至本地模組: PydanticAuto
-> 💾 寫入硬碟成功: manufacturing_hub/pydanticauto_auto_fused.py
-> 🔍 [品質檢驗] 檢查模組語法: manufacturing_hub/pydanticauto_auto_fused.py
-> 🎉 語法檢驗完美通過！

-> 💤 本輪巡航完畢。進入自動休眠，等待 30 秒後進行下一輪...

[2026-08-25 18:10:11] -> 🔄 開始新一輪全球開源專案自動巡航...
========================================
-> 🌍 [自動守護採購] 正在下載原始碼: https://raw.githubusercontent.com/psf/requests/refs/heads/main/src/requests/__init__.py
-> ✅ 原始碼下載成功。
-> 🧪 [深度融合] 正在將全球開源碼熔鑄至本地模組: RequestsAuto
-> 💾 寫入硬碟成功: manufacturing_hub/requestsauto_auto_fused.py
-> 🔍 [品質檢驗] 檢查模組語法: manufacturing_hub/requestsauto_auto_fused.py
-> 🎉 語法檢驗完美通過！
========================================
-> 🌍 [自動守護採購] 正在下載原始碼: https://raw.githubusercontent.com/fastapi/fastapi/refs/heads/master/fastapi/__init__.py
-> ✅ 原始碼下載成功。
-> 🧪 [深度融合] 正在將全球開源碼熔鑄至本地模組: FastAPIAuto
-> 💾 寫入硬碟成功: manufacturing_hub/fastapiauto_auto_fused.py
-> 🔍 [品質檢驗] 檢查模組語法: manufacturing_hub/fastapiauto_auto_fused.py
-> 🎉 語法檢驗完美通過！
========================================
-> 🌍 [自動守護採購] 正在下載原始碼: https://raw.githubusercontent.com/pallets/flask/refs/heads/main/src/flask/__init__.py
-> ✅ 原始碼下載成功。
-> 🧪 [深度融合] 正在將全球開源碼熔鑄至本地模組: FlaskAuto
-> 💾 寫入硬碟成功: manufacturing_hub/flaskauto_auto_fused.py
-> 🔍 [品質檢驗] 檢查模組語法: manufacturing_hub/flaskauto_auto_fused.py
-> 🎉 語法檢驗完美通過！
========================================
-> 🌍 [自動守護採購] 正在下載原始碼: https://raw.githubusercontent.com/pallets/click/refs/heads/main/src/click/__init__.py
-> ✅ 原始碼下載成功。
-> 🧪 [深度融合] 正在將全球開源碼熔鑄至本地模組: ClickAuto
-> 💾 寫入硬碟成功: manufacturing_hub/clickauto_auto_fused.py
-> 🔍 [品質檢驗] 檢查模組語法: manufacturing_hub/clickauto_auto_fused.py
-> 🎉 語法檢驗完美通過！
========================================
-> 🌍 [自動守護採購] 正在下載原始碼: https://raw.githubusercontent.com/Textualize/rich/refs/heads/main/rich/__init__.py
-> ✅ 原始碼下載成功。
-> 🧪 [深度融合] 正在將全球開源碼熔鑄至本地模組: RichAuto
-> 💾 寫入硬碟成功: manufacturing_hub/richauto_auto_fused.py
-> 🔍 [品質檢驗] 檢查模組語法: manufacturing_hub/richauto_auto_fused.py
-> 🎉 語法檢驗完美通過！
========================================
-> 🌍 [自動守護採購] 正在下載原始碼: https://raw.githubusercontent.com/pydantic/pydantic/refs/heads/main/pydantic/__init__.py
-> ✅ 原始碼下載成功。
-> 🧪 [深度融合] 正在將全球開源碼熔鑄至本地模組: PydanticAuto
-> 💾 寫入硬碟成功: manufacturing_hub/pydanticauto_auto_fused.py
-> 🔍 [品質檢驗] 檢查模組語法: manufacturing_hub/pydanticauto_auto_fused.py
-> 🎉 語法檢驗完美通過！

-> 💤 本輪巡航完畢。進入自動休眠，等待 30 秒後進行下一輪...

[2026-08-25 18:10:44] -> 🔄 開始新一輪全球開源專案自動巡航...
========================================
-> 🌍 [自動守護採購] 正在下載原始碼: https://raw.githubusercontent.com/psf/requests/refs/heads/main/src/requests/__init__.py
-> ✅ 原始碼下載成功。
-> 🧪 [深度融合] 正在將全球開源碼熔鑄至本地模組: RequestsAuto
-> 💾 寫入硬碟成功: manufacturing_hub/requestsauto_auto_fused.py
-> 🔍 [品質檢驗] 檢查模組語法: manufacturing_hub/requestsauto_auto_fused.py
-> 🎉 語法檢驗完美通過！
========================================
-> 🌍 [自動守護採購] 正在下載原始碼: https://raw.githubusercontent.com/fastapi/fastapi/refs/heads/master/fastapi/__init__.py
-> ✅ 原始碼下載成功。
-> 🧪 [深度融合] 正在將全球開源碼熔鑄至本地模組: FastAPIAuto
-> 💾 寫入硬碟成功: manufacturing_hub/fastapiauto_auto_fused.py
-> 🔍 [品質檢驗] 檢查模組語法: manufacturing_hub/fastapiauto_auto_fused.py
-> 🎉 語法檢驗完美通過！
========================================
-> 🌍 [自動守護採購] 正在下載原始碼: https://raw.githubusercontent.com/pallets/flask/refs/heads/main/src/flask/__init__.py
-> ✅ 原始碼下載成功。
-> 🧪 [深度融合] 正在將全球開源碼熔鑄至本地模組: FlaskAuto
-> 💾 寫入硬碟成功: manufacturing_hub/flaskauto_auto_fused.py
-> 🔍 [品質檢驗] 檢查模組語法: manufacturing_hub/flaskauto_auto_fused.py
-> 🎉 語法檢驗完美通過！
========================================
-> 🌍 [自動守護採購] 正在下載原始碼: https://raw.githubusercontent.com/pallets/click/refs/heads/main/src/click/__init__.py
-> ✅ 原始碼下載成功。
-> 🧪 [深度融合] 正在將全球開源碼熔鑄至本地模組: ClickAuto
-> 💾 寫入硬碟成功: manufacturing_hub/clickauto_auto_fused.py
-> 🔍 [品質檢驗] 檢查模組語法: manufacturing_hub/clickauto_auto_fused.py
-> 🎉 語法檢驗完美通過！
========================================
-> 🌍 [自動守護採購] 正在下載原始碼: https://raw.githubusercontent.com/Textualize/rich/refs/heads/main/rich/__init__.py
-> ✅ 原始碼下載成功。
-> 🧪 [深度融合] 正在將全球開源碼熔鑄至本地模組: RichAuto
-> 💾 寫入硬碟成功: manufacturing_hub/richauto_auto_fused.py
-> 🔍 [品質檢驗] 檢查模組語法: manufacturing_hub/richauto_auto_fused.py
-> 🎉 語法檢驗完美通過！
========================================
-> 🌍 [自動守護採購] 正在下載原始碼: https://raw.githubusercontent.com/pydantic/pydantic/refs/heads/main/pydantic/__init__.py
-> ✅ 原始碼下載成功。
-> 🧪 [深度融合] 正在將全球開源碼熔鑄至本地模組: PydanticAuto
-> 💾 寫入硬碟成功: manufacturing_hub/pydanticauto_auto_fused.py
-> 🔍 [品質檢驗] 檢查模組語法: manufacturing_hub/pydanticauto_auto_fused.py
-> 🎉 語法檢驗完美通過！

-> 💤 本輪巡航完畢。進入自動休眠，等待 30 秒後進行下一輪...

[2026-08-25 18:11:20] -> 🔄 開始新一輪全球開源專案自動巡航...
========================================
-> 🌍 [自動守護採購] 正在下載原始碼: https://raw.githubusercontent.com/psf/requests/refs/heads/main/src/requests/__init__.py
-> ✅ 原始碼下載成功。
-> 🧪 [深度融合] 正在將全球開源碼熔鑄至本地模組: RequestsAuto
-> 💾 寫入硬碟成功: manufacturing_hub/requestsauto_auto_fused.py
-> 🔍 [品質檢驗] 檢查模組語法: manufacturing_hub/requestsauto_auto_fused.py
-> 🎉 語法檢驗完美通過！
========================================
-> 🌍 [自動守護採購] 正在下載原始碼: https://raw.githubusercontent.com/fastapi/fastapi/refs/heads/master/fastapi/__init__.py
-> ✅ 原始碼下載成功。
-> 🧪 [深度融合] 正在將全球開源碼熔鑄至本地模組: FastAPIAuto
-> 💾 寫入硬碟成功: manufacturing_hub/fastapiauto_auto_fused.py
-> 🔍 [品質檢驗] 檢查模組語法: manufacturing_hub/fastapiauto_auto_fused.py
-> 🎉 語法檢驗完美通過！
========================================
-> 🌍 [自動守護採購] 正在下載原始碼: https://raw.githubusercontent.com/pallets/flask/refs/heads/main/src/flask/__init__.py
-> ✅ 原始碼下載成功。
-> 🧪 [深度融合] 正在將全球開源碼熔鑄至本地模組: FlaskAuto
-> 💾 寫入硬碟成功: manufacturing_hub/flaskauto_auto_fused.py
-> 🔍 [品質檢驗] 檢查模組語法: manufacturing_hub/flaskauto_auto_fused.py
-> 🎉 語法檢驗完美通過！
========================================
-> 🌍 [自動守護採購] 正在下載原始碼: https://raw.githubusercontent.com/pallets/click/refs/heads/main/src/click/__init__.py
-> ✅ 原始碼下載成功。
-> 🧪 [深度融合] 正在將全球開源碼熔鑄至本地模組: ClickAuto
-> 💾 寫入硬碟成功: manufacturing_hub/clickauto_auto_fused.py
-> 🔍 [品質檢驗] 檢查模組語法: manufacturing_hub/clickauto_auto_fused.py
-> 🎉 語法檢驗完美通過！
========================================
-> 🌍 [自動守護採購] 正在下載原始碼: https://raw.githubusercontent.com/Textualize/rich/refs/heads/main/rich/__init__.py
-> ✅ 原始碼下載成功。
-> 🧪 [深度融合] 正在將全球開源碼熔鑄至本地模組: RichAuto
-> 💾 寫入硬碟成功: manufacturing_hub/richauto_auto_fused.py
-> 🔍 [品質檢驗] 檢查模組語法: manufacturing_hub/richauto_auto_fused.py
-> 🎉 語法檢驗完美通過！
========================================
-> 🌍 [自動守護採購] 正在下載原始碼: https://raw.githubusercontent.com/pydantic/pydantic/refs/heads/main/pydantic/__init__.py
-> ✅ 原始碼下載成功。
-> 🧪 [深度融合] 正在將全球開源碼熔鑄至本地模組: PydanticAuto
-> 💾 寫入硬碟成功: manufacturing_hub/pydanticauto_auto_fused.py
-> 🔍 [品質檢驗] 檢查模組語法: manufacturing_hub/pydanticauto_auto_fused.py
-> 🎉 語法檢驗完美通過！

-> 💤 本輪巡航完畢。進入自動休眠，等待 30 秒後進行下一輪...

[2026-08-25 18:11:53] -> 🔄 開始新一輪全球開源專案自動巡航...
========================================
-> 🌍 [自動守護採購] 正在下載原始碼: https://raw.githubusercontent.com/psf/requests/refs/heads/main/src/requests/__init__.py
-> ✅ 原始碼下載成功。
-> 🧪 [深度融合] 正在將全球開源碼熔鑄至本地模組: RequestsAuto
-> 💾 寫入硬碟成功: manufacturing_hub/requestsauto_auto_fused.py
-> 🔍 [品質檢驗] 檢查模組語法: manufacturing_hub/requestsauto_auto_fused.py
-> 🎉 語法檢驗完美通過！
========================================
-> 🌍 [自動守護採購] 正在下載原始碼: https://raw.githubusercontent.com/fastapi/fastapi/refs/heads/master/fastapi/__init__.py
-> ✅ 原始碼下載成功。
-> 🧪 [深度融合] 正在將全球開源碼熔鑄至本地模組: FastAPIAuto
-> 💾 寫入硬碟成功: manufacturing_hub/fastapiauto_auto_fused.py
-> 🔍 [品質檢驗] 檢查模組語法: manufacturing_hub/fastapiauto_auto_fused.py
-> 🎉 語法檢驗完美通過！
========================================
-> 🌍 [自動守護採購] 正在下載原始碼: https://raw.githubusercontent.com/pallets/flask/refs/heads/main/src/flask/__init__.py
-> ✅ 原始碼下載成功。
-> 🧪 [深度融合] 正在將全球開源碼熔鑄至本地模組: FlaskAuto
-> 💾 寫入硬碟成功: manufacturing_hub/flaskauto_auto_fused.py
-> 🔍 [品質檢驗] 檢查模組語法: manufacturing_hub/flaskauto_auto_fused.py
-> 🎉 語法檢驗完美通過！
========================================
-> 🌍 [自動守護採購] 正在下載原始碼: https://raw.githubusercontent.com/pallets/click/refs/heads/main/src/click/__init__.py
-> ✅ 原始碼下載成功。
-> 🧪 [深度融合] 正在將全球開源碼熔鑄至本地模組: ClickAuto
-> 💾 寫入硬碟成功: manufacturing_hub/clickauto_auto_fused.py
-> 🔍 [品質檢驗] 檢查模組語法: manufacturing_hub/clickauto_auto_fused.py
-> 🎉 語法檢驗完美通過！
========================================
-> 🌍 [自動守護採購] 正在下載原始碼: https://raw.githubusercontent.com/Textualize/rich/refs/heads/main/rich/__init__.py
-> ✅ 原始碼下載成功。
-> 🧪 [深度融合] 正在將全球開源碼熔鑄至本地模組: RichAuto
-> 💾 寫入硬碟成功: manufacturing_hub/richauto_auto_fused.py
-> 🔍 [品質檢驗] 檢查模組語法: manufacturing_hub/richauto_auto_fused.py
-> 🎉 語法檢驗完美通過！
========================================
-> 🌍 [自動守護採購] 正在下載原始碼: https://raw.githubusercontent.com/pydantic/pydantic/refs/heads/main/pydantic/__init__.py
-> ✅ 原始碼下載成功。
-> 🧪 [深度融合] 正在將全球開源碼熔鑄至本地模組: PydanticAuto
-> 💾 寫入硬碟成功: manufacturing_hub/pydanticauto_auto_fused.py
-> 🔍 [品質檢驗] 檢查模組語法: manufacturing_hub/pydanticauto_auto_fused.py
-> 🎉 語法檢驗完美通過！

-> 💤 本輪巡航完畢。進入自動休眠，等待 30 秒後進行下一輪...

[2026-08-25 18:12:27] -> 🔄 開始新一輪全球開源專案自動巡航...
========================================
-> 🌍 [自動守護採購] 正在下載原始碼: https://raw.githubusercontent.com/psf/requests/refs/heads/main/src/requests/__init__.py
-> ✅ 原始碼下載成功。
-> 🧪 [深度融合] 正在將全球開源碼熔鑄至本地模組: RequestsAuto
-> 💾 寫入硬碟成功: manufacturing_hub/requestsauto_auto_fused.py
-> 🔍 [品質檢驗] 檢查模組語法: manufacturing_hub/requestsauto_auto_fused.py
-> 🎉 語法檢驗完美通過！
========================================
-> 🌍 [自動守護採購] 正在下載原始碼: https://raw.githubusercontent.com/fastapi/fastapi/refs/heads/master/fastapi/__init__.py
-> ✅ 原始碼下載成功。
-> 🧪 [深度融合] 正在將全球開源碼熔鑄至本地模組: FastAPIAuto
-> 💾 寫入硬碟成功: manufacturing_hub/fastapiauto_auto_fused.py
-> 🔍 [品質檢驗] 檢查模組語法: manufacturing_hub/fastapiauto_auto_fused.py
-> 🎉 語法檢驗完美通過！
========================================
-> 🌍 [自動守護採購] 正在下載原始碼: https://raw.githubusercontent.com/pallets/flask/refs/heads/main/src/flask/__init__.py
-> ✅ 原始碼下載成功。
-> 🧪 [深度融合] 正在將全球開源碼熔鑄至本地模組: FlaskAuto
-> 💾 寫入硬碟成功: manufacturing_hub/flaskauto_auto_fused.py
-> 🔍 [品質檢驗] 檢查模組語法: manufacturing_hub/flaskauto_auto_fused.py
-> 🎉 語法檢驗完美通過！
========================================
-> 🌍 [自動守護採購] 正在下載原始碼: https://raw.githubusercontent.com/pallets/click/refs/heads/main/src/click/__init__.py
-> ✅ 原始碼下載成功。
-> 🧪 [深度融合] 正在將全球開源碼熔鑄至本地模組: ClickAuto
-> 💾 寫入硬碟成功: manufacturing_hub/clickauto_auto_fused.py
-> 🔍 [品質檢驗] 檢查模組語法: manufacturing_hub/clickauto_auto_fused.py
-> 🎉 語法檢驗完美通過！
========================================
-> 🌍 [自動守護採購] 正在下載原始碼: https://raw.githubusercontent.com/Textualize/rich/refs/heads/main/rich/__init__.py
-> ✅ 原始碼下載成功。
-> 🧪 [深度融合] 正在將全球開源碼熔鑄至本地模組: RichAuto
-> 💾 寫入硬碟成功: manufacturing_hub/richauto_auto_fused.py
-> 🔍 [品質檢驗] 檢查模組語法: manufacturing_hub/richauto_auto_fused.py
-> 🎉 語法檢驗完美通過！
========================================
-> 🌍 [自動守護採購] 正在下載原始碼: https://raw.githubusercontent.com/pydantic/pydantic/refs/heads/main/pydantic/__init__.py
-> ✅ 原始碼下載成功。
-> 🧪 [深度融合] 正在將全球開源碼熔鑄至本地模組: PydanticAuto
-> 💾 寫入硬碟成功: manufacturing_hub/pydanticauto_auto_fused.py
-> 🔍 [品質檢驗] 檢查模組語法: manufacturing_hub/pydanticauto_auto_fused.py
-> 🎉 語法檢驗完美通過！

-> 💤 本輪巡航完畢。進入自動休眠，等待 30 秒後進行下一輪...

[2026-08-25 18:13:05] -> 🔄 開始新一輪全球開源專案自動巡航...
========================================
-> 🌍 [自動守護採購] 正在下載原始碼: https://raw.githubusercontent.com/psf/requests/refs/heads/main/src/requests/__init__.py
-> ✅ 原始碼下載成功。
-> 🧪 [深度融合] 正在將全球開源碼熔鑄至本地模組: RequestsAuto
-> 💾 寫入硬碟成功: manufacturing_hub/requestsauto_auto_fused.py
-> 🔍 [品質檢驗] 檢查模組語法: manufacturing_hub/requestsauto_auto_fused.py
-> 🎉 語法檢驗完美通過！
========================================
-> 🌍 [自動守護採購] 正在下載原始碼: https://raw.githubusercontent.com/fastapi/fastapi/refs/heads/master/fastapi/__init__.py
-> ✅ 原始碼下載成功。
-> 🧪 [深度融合] 正在將全球開源碼熔鑄至本地模組: FastAPIAuto
-> 💾 寫入硬碟成功: manufacturing_hub/fastapiauto_auto_fused.py
-> 🔍 [品質檢驗] 檢查模組語法: manufacturing_hub/fastapiauto_auto_fused.py
-> 🎉 語法檢驗完美通過！
========================================
-> 🌍 [自動守護採購] 正在下載原始碼: https://raw.githubusercontent.com/pallets/flask/refs/heads/main/src/flask/__init__.py
-> ✅ 原始碼下載成功。
-> 🧪 [深度融合] 正在將全球開源碼熔鑄至本地模組: FlaskAuto
-> 💾 寫入硬碟成功: manufacturing_hub/flaskauto_auto_fused.py
-> 🔍 [品質檢驗] 檢查模組語法: manufacturing_hub/flaskauto_auto_fused.py
-> 🎉 語法檢驗完美通過！
========================================
-> 🌍 [自動守護採購] 正在下載原始碼: https://raw.githubusercontent.com/pallets/click/refs/heads/main/src/click/__init__.py
-> ✅ 原始碼下載成功。
-> 🧪 [深度融合] 正在將全球開源碼熔鑄至本地模組: ClickAuto
-> 💾 寫入硬碟成功: manufacturing_hub/clickauto_auto_fused.py
-> 🔍 [品質檢驗] 檢查模組語法: manufacturing_hub/clickauto_auto_fused.py
-> 🎉 語法檢驗完美通過！
========================================
-> 🌍 [自動守護採購] 正在下載原始碼: https://raw.githubusercontent.com/Textualize/rich/refs/heads/main/rich/__init__.py
-> ✅ 原始碼下載成功。
-> 🧪 [深度融合] 正在將全球開源碼熔鑄至本地模組: RichAuto
-> 💾 寫入硬碟成功: manufacturing_hub/richauto_auto_fused.py
-> 🔍 [品質檢驗] 檢查模組語法: manufacturing_hub/richauto_auto_fused.py
-> 🎉 語法檢驗完美通過！
========================================
-> 🌍 [自動守護採購] 正在下載原始碼: https://raw.githubusercontent.com/pydantic/pydantic/refs/heads/main/pydantic/__init__.py
-> ✅ 原始碼下載成功。
-> 🧪 [深度融合] 正在將全球開源碼熔鑄至本地模組: PydanticAuto
-> 💾 寫入硬碟成功: manufacturing_hub/pydanticauto_auto_fused.py
-> 🔍 [品質檢驗] 檢查模組語法: manufacturing_hub/pydanticauto_auto_fused.py
-> 🎉 語法檢驗完美通過！

-> 💤 本輪巡航完畢。進入自動休眠，等待 30 秒後進行下一輪...

[2026-08-25 18:13:39] -> 🔄 開始新一輪全球開源專案自動巡航...
========================================
-> 🌍 [自動守護採購] 正在下載原始碼: https://raw.githubusercontent.com/psf/requests/refs/heads/main/src/requests/__init__.py
-> ✅ 原始碼下載成功。
-> 🧪 [深度融合] 正在將全球開源碼熔鑄至本地模組: RequestsAuto
-> 💾 寫入硬碟成功: manufacturing_hub/requestsauto_auto_fused.py
-> 🔍 [品質檢驗] 檢查模組語法: manufacturing_hub/requestsauto_auto_fused.py
-> 🎉 語法檢驗完美通過！
========================================
-> 🌍 [自動守護採購] 正在下載原始碼: https://raw.githubusercontent.com/fastapi/fastapi/refs/heads/master/fastapi/__init__.py
-> ✅ 原始碼下載成功。
-> 🧪 [深度融合] 正在將全球開源碼熔鑄至本地模組: FastAPIAuto
-> 💾 寫入硬碟成功: manufacturing_hub/fastapiauto_auto_fused.py
-> 🔍 [品質檢驗] 檢查模組語法: manufacturing_hub/fastapiauto_auto_fused.py
-> 🎉 語法檢驗完美通過！
========================================
-> 🌍 [自動守護採購] 正在下載原始碼: https://raw.githubusercontent.com/pallets/flask/refs/heads/main/src/flask/__init__.py
-> ✅ 原始碼下載成功。
-> 🧪 [深度融合] 正在將全球開源碼熔鑄至本地模組: FlaskAuto
-> 💾 寫入硬碟成功: manufacturing_hub/flaskauto_auto_fused.py
-> 🔍 [品質檢驗] 檢查模組語法: manufacturing_hub/flaskauto_auto_fused.py
-> 🎉 語法檢驗完美通過！
========================================
-> 🌍 [自動守護採購] 正在下載原始碼: https://raw.githubusercontent.com/pallets/click/refs/heads/main/src/click/__init__.py
-> ✅ 原始碼下載成功。
-> 🧪 [深度融合] 正在將全球開源碼熔鑄至本地模組: ClickAuto
-> 💾 寫入硬碟成功: manufacturing_hub/clickauto_auto_fused.py
-> 🔍 [品質檢驗] 檢查模組語法: manufacturing_hub/clickauto_auto_fused.py
-> 🎉 語法檢驗完美通過！
========================================
-> 🌍 [自動守護採購] 正在下載原始碼: https://raw.githubusercontent.com/Textualize/rich/refs/heads/main/rich/__init__.py
-> ✅ 原始碼下載成功。
-> 🧪 [深度融合] 正在將全球開源碼熔鑄至本地模組: RichAuto
-> 💾 寫入硬碟成功: manufacturing_hub/richauto_auto_fused.py
-> 🔍 [品質檢驗] 檢查模組語法: manufacturing_hub/richauto_auto_fused.py
-> 🎉 語法檢驗完美通過！
========================================
-> 🌍 [自動守護採購] 正在下載原始碼: https://raw.githubusercontent.com/pydantic/pydantic/refs/heads/main/pydantic/__init__.py
-> ✅ 原始碼下載成功。
-> 🧪 [深度融合] 正在將全球開源碼熔鑄至本地模組: PydanticAuto
-> 💾 寫入硬碟成功: manufacturing_hub/pydanticauto_auto_fused.py
-> 🔍 [品質檢驗] 檢查模組語法: manufacturing_hub/pydanticauto_auto_fused.py
-> 🎉 語法檢驗完美通過！

-> 💤 本輪巡航完畢。進入自動休眠，等待 30 秒後進行下一輪...

[2026-08-25 18:14:13] -> 🔄 開始新一輪全球開源專案自動巡航...
========================================
-> 🌍 [自動守護採購] 正在下載原始碼: https://raw.githubusercontent.com/psf/requests/refs/heads/main/src/requests/__init__.py
-> ✅ 原始碼下載成功。
-> 🧪 [深度融合] 正在將全球開源碼熔鑄至本地模組: RequestsAuto
-> 💾 寫入硬碟成功: manufacturing_hub/requestsauto_auto_fused.py
-> 🔍 [品質檢驗] 檢查模組語法: manufacturing_hub/requestsauto_auto_fused.py
-> 🎉 語法檢驗完美通過！
========================================
-> 🌍 [自動守護採購] 正在下載原始碼: https://raw.githubusercontent.com/fastapi/fastapi/refs/heads/master/fastapi/__init__.py
-> ✅ 原始碼下載成功。
-> 🧪 [深度融合] 正在將全球開源碼熔鑄至本地模組: FastAPIAuto
-> 💾 寫入硬碟成功: manufacturing_hub/fastapiauto_auto_fused.py
-> 🔍 [品質檢驗] 檢查模組語法: manufacturing_hub/fastapiauto_auto_fused.py
-> 🎉 語法檢驗完美通過！
========================================
-> 🌍 [自動守護採購] 正在下載原始碼: https://raw.githubusercontent.com/pallets/flask/refs/heads/main/src/flask/__init__.py
-> ✅ 原始碼下載成功。
-> 🧪 [深度融合] 正在將全球開源碼熔鑄至本地模組: FlaskAuto
-> 💾 寫入硬碟成功: manufacturing_hub/flaskauto_auto_fused.py
-> 🔍 [品質檢驗] 檢查模組語法: manufacturing_hub/flaskauto_auto_fused.py
-> 🎉 語法檢驗完美通過！
========================================
-> 🌍 [自動守護採購] 正在下載原始碼: https://raw.githubusercontent.com/pallets/click/refs/heads/main/src/click/__init__.py
-> ✅ 原始碼下載成功。
-> 🧪 [深度融合] 正在將全球開源碼熔鑄至本地模組: ClickAuto
-> 💾 寫入硬碟成功: manufacturing_hub/clickauto_auto_fused.py
-> 🔍 [品質檢驗] 檢查模組語法: manufacturing_hub/clickauto_auto_fused.py
-> 🎉 語法檢驗完美通過！
========================================
-> 🌍 [自動守護採購] 正在下載原始碼: https://raw.githubusercontent.com/Textualize/rich/refs/heads/main/rich/__init__.py
-> ✅ 原始碼下載成功。
-> 🧪 [深度融合] 正在將全球開源碼熔鑄至本地模組: RichAuto
-> 💾 寫入硬碟成功: manufacturing_hub/richauto_auto_fused.py
-> 🔍 [品質檢驗] 檢查模組語法: manufacturing_hub/richauto_auto_fused.py
-> 🎉 語法檢驗完美通過！
========================================
-> 🌍 [自動守護採購] 正在下載原始碼: https://raw.githubusercontent.com/pydantic/pydantic/refs/heads/main/pydantic/__init__.py
-> ✅ 原始碼下載成功。
-> 🧪 [深度融合] 正在將全球開源碼熔鑄至本地模組: PydanticAuto
-> 💾 寫入硬碟成功: manufacturing_hub/pydanticauto_auto_fused.py
-> 🔍 [品質檢驗] 檢查模組語法: manufacturing_hub/pydanticauto_auto_fused.py
-> 🎉 語法檢驗完美通過！

-> 💤 本輪巡航完畢。進入自動休眠，等待 30 秒後進行下一輪...

[2026-08-25 18:14:49] -> 🔄 開始新一輪全球開源專案自動巡航...
========================================
-> 🌍 [自動守護採購] 正在下載原始碼: https://raw.githubusercontent.com/psf/requests/refs/heads/main/src/requests/__init__.py
-> ✅ 原始碼下載成功。
-> 🧪 [深度融合] 正在將全球開源碼熔鑄至本地模組: RequestsAuto
-> 💾 寫入硬碟成功: manufacturing_hub/requestsauto_auto_fused.py
-> 🔍 [品質檢驗] 檢查模組語法: manufacturing_hub/requestsauto_auto_fused.py
-> 🎉 語法檢驗完美通過！
========================================
-> 🌍 [自動守護採購] 正在下載原始碼: https://raw.githubusercontent.com/fastapi/fastapi/refs/heads/master/fastapi/__init__.py
-> ✅ 原始碼下載成功。
-> 🧪 [深度融合] 正在將全球開源碼熔鑄至本地模組: FastAPIAuto
-> 💾 寫入硬碟成功: manufacturing_hub/fastapiauto_auto_fused.py
-> 🔍 [品質檢驗] 檢查模組語法: manufacturing_hub/fastapiauto_auto_fused.py
-> 🎉 語法檢驗完美通過！
========================================
-> 🌍 [自動守護採購] 正在下載原始碼: https://raw.githubusercontent.com/pallets/flask/refs/heads/main/src/flask/__init__.py
-> ✅ 原始碼下載成功。
-> 🧪 [深度融合] 正在將全球開源碼熔鑄至本地模組: FlaskAuto
-> 💾 寫入硬碟成功: manufacturing_hub/flaskauto_auto_fused.py
-> 🔍 [品質檢驗] 檢查模組語法: manufacturing_hub/flaskauto_auto_fused.py
-> 🎉 語法檢驗完美通過！
========================================
-> 🌍 [自動守護採購] 正在下載原始碼: https://raw.githubusercontent.com/pallets/click/refs/heads/main/src/click/__init__.py
-> ✅ 原始碼下載成功。
-> 🧪 [深度融合] 正在將全球開源碼熔鑄至本地模組: ClickAuto
-> 💾 寫入硬碟成功: manufacturing_hub/clickauto_auto_fused.py
-> 🔍 [品質檢驗] 檢查模組語法: manufacturing_hub/clickauto_auto_fused.py
-> 🎉 語法檢驗完美通過！
========================================
-> 🌍 [自動守護採購] 正在下載原始碼: https://raw.githubusercontent.com/Textualize/rich/refs/heads/main/rich/__init__.py
-> ✅ 原始碼下載成功。
-> 🧪 [深度融合] 正在將全球開源碼熔鑄至本地模組: RichAuto
-> 💾 寫入硬碟成功: manufacturing_hub/richauto_auto_fused.py
-> 🔍 [品質檢驗] 檢查模組語法: manufacturing_hub/richauto_auto_fused.py
-> 🎉 語法檢驗完美通過！
========================================
-> 🌍 [自動守護採購] 正在下載原始碼: https://raw.githubusercontent.com/pydantic/pydantic/refs/heads/main/pydantic/__init__.py
-> ✅ 原始碼下載成功。
-> 🧪 [深度融合] 正在將全球開源碼熔鑄至本地模組: PydanticAuto
-> 💾 寫入硬碟成功: manufacturing_hub/pydanticauto_auto_fused.py
-> 🔍 [品質檢驗] 檢查模組語法: manufacturing_hub/pydanticauto_auto_fused.py
-> 🎉 語法檢驗完美通過！

-> 💤 本輪巡航完畢。進入自動休眠，等待 30 秒後進行下一輪...

[2026-08-25 18:15:24] -> 🔄 開始新一輪全球開源專案自動巡航...
========================================
-> 🌍 [自動守護採購] 正在下載原始碼: https://raw.githubusercontent.com/psf/requests/refs/heads/main/src/requests/__init__.py
-> ✅ 原始碼下載成功。
-> 🧪 [深度融合] 正在將全球開源碼熔鑄至本地模組: RequestsAuto
-> 💾 寫入硬碟成功: manufacturing_hub/requestsauto_auto_fused.py
-> 🔍 [品質檢驗] 檢查模組語法: manufacturing_hub/requestsauto_auto_fused.py
-> 🎉 語法檢驗完美通過！
========================================
-> 🌍 [自動守護採購] 正在下載原始碼: https://raw.githubusercontent.com/fastapi/fastapi/refs/heads/master/fastapi/__init__.py
-> ✅ 原始碼下載成功。
-> 🧪 [深度融合] 正在將全球開源碼熔鑄至本地模組: FastAPIAuto
-> 💾 寫入硬碟成功: manufacturing_hub/fastapiauto_auto_fused.py
-> 🔍 [品質檢驗] 檢查模組語法: manufacturing_hub/fastapiauto_auto_fused.py
-> 🎉 語法檢驗完美通過！
========================================
-> 🌍 [自動守護採購] 正在下載原始碼: https://raw.githubusercontent.com/pallets/flask/refs/heads/main/src/flask/__init__.py
-> ✅ 原始碼下載成功。
-> 🧪 [深度融合] 正在將全球開源碼熔鑄至本地模組: FlaskAuto
-> 💾 寫入硬碟成功: manufacturing_hub/flaskauto_auto_fused.py
-> 🔍 [品質檢驗] 檢查模組語法: manufacturing_hub/flaskauto_auto_fused.py
-> 🎉 語法檢驗完美通過！
========================================
-> 🌍 [自動守護採購] 正在下載原始碼: https://raw.githubusercontent.com/pallets/click/refs/heads/main/src/click/__init__.py
-> ✅ 原始碼下載成功。
-> 🧪 [深度融合] 正在將全球開源碼熔鑄至本地模組: ClickAuto
-> 💾 寫入硬碟成功: manufacturing_hub/clickauto_auto_fused.py
-> 🔍 [品質檢驗] 檢查模組語法: manufacturing_hub/clickauto_auto_fused.py
-> 🎉 語法檢驗完美通過！
========================================
-> 🌍 [自動守護採購] 正在下載原始碼: https://raw.githubusercontent.com/Textualize/rich/refs/heads/main/rich/__init__.py
-> ✅ 原始碼下載成功。
-> 🧪 [深度融合] 正在將全球開源碼熔鑄至本地模組: RichAuto
-> 💾 寫入硬碟成功: manufacturing_hub/richauto_auto_fused.py
-> 🔍 [品質檢驗] 檢查模組語法: manufacturing_hub/richauto_auto_fused.py
-> 🎉 語法檢驗完美通過！
========================================
-> 🌍 [自動守護採購] 正在下載原始碼: https://raw.githubusercontent.com/pydantic/pydantic/refs/heads/main/pydantic/__init__.py
-> ✅ 原始碼下載成功。
-> 🧪 [深度融合] 正在將全球開源碼熔鑄至本地模組: PydanticAuto
-> 💾 寫入硬碟成功: manufacturing_hub/pydanticauto_auto_fused.py
-> 🔍 [品質檢驗] 檢查模組語法: manufacturing_hub/pydanticauto_auto_fused.py
-> 🎉 語法檢驗完美通過！

-> 💤 本輪巡航完畢。進入自動休眠，等待 30 秒後進行下一輪...

[2026-08-25 18:15:59] -> 🔄 開始新一輪全球開源專案自動巡航...
========================================
-> 🌍 [自動守護採購] 正在下載原始碼: https://raw.githubusercontent.com/psf/requests/refs/heads/main/src/requests/__init__.py
-> ✅ 原始碼下載成功。
-> 🧪 [深度融合] 正在將全球開源碼熔鑄至本地模組: RequestsAuto
-> 💾 寫入硬碟成功: manufacturing_hub/requestsauto_auto_fused.py
-> 🔍 [品質檢驗] 檢查模組語法: manufacturing_hub/requestsauto_auto_fused.py
-> 🎉 語法檢驗完美通過！
========================================
-> 🌍 [自動守護採購] 正在下載原始碼: https://raw.githubusercontent.com/fastapi/fastapi/refs/heads/master/fastapi/__init__.py
-> ✅ 原始碼下載成功。
-> 🧪 [深度融合] 正在將全球開源碼熔鑄至本地模組: FastAPIAuto
-> 💾 寫入硬碟成功: manufacturing_hub/fastapiauto_auto_fused.py
-> 🔍 [品質檢驗] 檢查模組語法: manufacturing_hub/fastapiauto_auto_fused.py
-> 🎉 語法檢驗完美通過！
========================================
-> 🌍 [自動守護採購] 正在下載原始碼: https://raw.githubusercontent.com/pallets/flask/refs/heads/main/src/flask/__init__.py
-> ✅ 原始碼下載成功。
-> 🧪 [深度融合] 正在將全球開源碼熔鑄至本地模組: FlaskAuto
-> 💾 寫入硬碟成功: manufacturing_hub/flaskauto_auto_fused.py
-> 🔍 [品質檢驗] 檢查模組語法: manufacturing_hub/flaskauto_auto_fused.py
-> 🎉 語法檢驗完美通過！
========================================
-> 🌍 [自動守護採購] 正在下載原始碼: https://raw.githubusercontent.com/pallets/click/refs/heads/main/src/click/__init__.py
-> ✅ 原始碼下載成功。
-> 🧪 [深度融合] 正在將全球開源碼熔鑄至本地模組: ClickAuto
-> 💾 寫入硬碟成功: manufacturing_hub/clickauto_auto_fused.py
-> 🔍 [品質檢驗] 檢查模組語法: manufacturing_hub/clickauto_auto_fused.py
-> 🎉 語法檢驗完美通過！
========================================
-> 🌍 [自動守護採購] 正在下載原始碼: https://raw.githubusercontent.com/Textualize/rich/refs/heads/main/rich/__init__.py
-> ✅ 原始碼下載成功。
-> 🧪 [深度融合] 正在將全球開源碼熔鑄至本地模組: RichAuto
-> 💾 寫入硬碟成功: manufacturing_hub/richauto_auto_fused.py
-> 🔍 [品質檢驗] 檢查模組語法: manufacturing_hub/richauto_auto_fused.py
-> 🎉 語法檢驗完美通過！
========================================
-> 🌍 [自動守護採購] 正在下載原始碼: https://raw.githubusercontent.com/pydantic/pydantic/refs/heads/main/pydantic/__init__.py
-> ✅ 原始碼下載成功。
-> 🧪 [深度融合] 正在將全球開源碼熔鑄至本地模組: PydanticAuto
-> 💾 寫入硬碟成功: manufacturing_hub/pydanticauto_auto_fused.py
-> 🔍 [品質檢驗] 檢查模組語法: manufacturing_hub/pydanticauto_auto_fused.py
-> 🎉 語法檢驗完美通過！

-> 💤 本輪巡航完畢。進入自動休眠，等待 30 秒後進行下一輪...

[2026-08-25 18:16:34] -> 🔄 開始新一輪全球開源專案自動巡航...
========================================
-> 🌍 [自動守護採購] 正在下載原始碼: https://raw.githubusercontent.com/psf/requests/refs/heads/main/src/requests/__init__.py
-> ✅ 原始碼下載成功。
-> 🧪 [深度融合] 正在將全球開源碼熔鑄至本地模組: RequestsAuto
-> 💾 寫入硬碟成功: manufacturing_hub/requestsauto_auto_fused.py
-> 🔍 [品質檢驗] 檢查模組語法: manufacturing_hub/requestsauto_auto_fused.py
-> 🎉 語法檢驗完美通過！
========================================
-> 🌍 [自動守護採購] 正在下載原始碼: https://raw.githubusercontent.com/fastapi/fastapi/refs/heads/master/fastapi/__init__.py
-> ✅ 原始碼下載成功。
-> 🧪 [深度融合] 正在將全球開源碼熔鑄至本地模組: FastAPIAuto
-> 💾 寫入硬碟成功: manufacturing_hub/fastapiauto_auto_fused.py
-> 🔍 [品質檢驗] 檢查模組語法: manufacturing_hub/fastapiauto_auto_fused.py
-> 🎉 語法檢驗完美通過！
========================================
-> 🌍 [自動守護採購] 正在下載原始碼: https://raw.githubusercontent.com/pallets/flask/refs/heads/main/src/flask/__init__.py
-> ✅ 原始碼下載成功。
-> 🧪 [深度融合] 正在將全球開源碼熔鑄至本地模組: FlaskAuto
-> 💾 寫入硬碟成功: manufacturing_hub/flaskauto_auto_fused.py
-> 🔍 [品質檢驗] 檢查模組語法: manufacturing_hub/flaskauto_auto_fused.py
-> 🎉 語法檢驗完美通過！
========================================
-> 🌍 [自動守護採購] 正在下載原始碼: https://raw.githubusercontent.com/pallets/click/refs/heads/main/src/click/__init__.py
-> ✅ 原始碼下載成功。
-> 🧪 [深度融合] 正在將全球開源碼熔鑄至本地模組: ClickAuto
-> 💾 寫入硬碟成功: manufacturing_hub/clickauto_auto_fused.py
-> 🔍 [品質檢驗] 檢查模組語法: manufacturing_hub/clickauto_auto_fused.py
-> 🎉 語法檢驗完美通過！
========================================
-> 🌍 [自動守護採購] 正在下載原始碼: https://raw.githubusercontent.com/Textualize/rich/refs/heads/main/rich/__init__.py
-> ✅ 原始碼下載成功。
-> 🧪 [深度融合] 正在將全球開源碼熔鑄至本地模組: RichAuto
-> 💾 寫入硬碟成功: manufacturing_hub/richauto_auto_fused.py
-> 🔍 [品質檢驗] 檢查模組語法: manufacturing_hub/richauto_auto_fused.py
-> 🎉 語法檢驗完美通過！
========================================
-> 🌍 [自動守護採購] 正在下載原始碼: https://raw.githubusercontent.com/pydantic/pydantic/refs/heads/main/pydantic/__init__.py
-> ✅ 原始碼下載成功。
-> 🧪 [深度融合] 正在將全球開源碼熔鑄至本地模組: PydanticAuto
-> 💾 寫入硬碟成功: manufacturing_hub/pydanticauto_auto_fused.py
-> 🔍 [品質檢驗] 檢查模組語法: manufacturing_hub/pydanticauto_auto_fused.py
-> 🎉 語法檢驗完美通過！

-> 💤 本輪巡航完畢。進入自動休眠，等待 30 秒後進行下一輪...

[2026-08-25 18:17:08] -> 🔄 開始新一輪全球開源專案自動巡航...
========================================
-> 🌍 [自動守護採購] 正在下載原始碼: https://raw.githubusercontent.com/psf/requests/refs/heads/main/src/requests/__init__.py
-> ✅ 原始碼下載成功。
-> 🧪 [深度融合] 正在將全球開源碼熔鑄至本地模組: RequestsAuto
-> 💾 寫入硬碟成功: manufacturing_hub/requestsauto_auto_fused.py
-> 🔍 [品質檢驗] 檢查模組語法: manufacturing_hub/requestsauto_auto_fused.py
-> 🎉 語法檢驗完美通過！
========================================
-> 🌍 [自動守護採購] 正在下載原始碼: https://raw.githubusercontent.com/fastapi/fastapi/refs/heads/master/fastapi/__init__.py
-> ✅ 原始碼下載成功。
-> 🧪 [深度融合] 正在將全球開源碼熔鑄至本地模組: FastAPIAuto
-> 💾 寫入硬碟成功: manufacturing_hub/fastapiauto_auto_fused.py
-> 🔍 [品質檢驗] 檢查模組語法: manufacturing_hub/fastapiauto_auto_fused.py
-> 🎉 語法檢驗完美通過！
========================================
-> 🌍 [自動守護採購] 正在下載原始碼: https://raw.githubusercontent.com/pallets/flask/refs/heads/main/src/flask/__init__.py
-> ✅ 原始碼下載成功。
-> 🧪 [深度融合] 正在將全球開源碼熔鑄至本地模組: FlaskAuto
-> 💾 寫入硬碟成功: manufacturing_hub/flaskauto_auto_fused.py
-> 🔍 [品質檢驗] 檢查模組語法: manufacturing_hub/flaskauto_auto_fused.py
-> 🎉 語法檢驗完美通過！
========================================
-> 🌍 [自動守護採購] 正在下載原始碼: https://raw.githubusercontent.com/pallets/click/refs/heads/main/src/click/__init__.py
-> ✅ 原始碼下載成功。
-> 🧪 [深度融合] 正在將全球開源碼熔鑄至本地模組: ClickAuto
-> 💾 寫入硬碟成功: manufacturing_hub/clickauto_auto_fused.py
-> 🔍 [品質檢驗] 檢查模組語法: manufacturing_hub/clickauto_auto_fused.py
-> 🎉 語法檢驗完美通過！
========================================
-> 🌍 [自動守護採購] 正在下載原始碼: https://raw.githubusercontent.com/Textualize/rich/refs/heads/main/rich/__init__.py
-> ✅ 原始碼下載成功。
-> 🧪 [深度融合] 正在將全球開源碼熔鑄至本地模組: RichAuto
-> 💾 寫入硬碟成功: manufacturing_hub/richauto_auto_fused.py
-> 🔍 [品質檢驗] 檢查模組語法: manufacturing_hub/richauto_auto_fused.py
-> 🎉 語法檢驗完美通過！
========================================
-> 🌍 [自動守護採購] 正在下載原始碼: https://raw.githubusercontent.com/pydantic/pydantic/refs/heads/main/pydantic/__init__.py
-> ✅ 原始碼下載成功。
-> 🧪 [深度融合] 正在將全球開源碼熔鑄至本地模組: PydanticAuto
-> 💾 寫入硬碟成功: manufacturing_hub/pydanticauto_auto_fused.py
-> 🔍 [品質檢驗] 檢查模組語法: manufacturing_hub/pydanticauto_auto_fused.py
-> 🎉 語法檢驗完美通過！

-> 💤 本輪巡航完畢。進入自動休眠，等待 30 秒後進行下一輪...

[2026-08-25 18:17:43] -> 🔄 開始新一輪全球開源專案自動巡航...
========================================
-> 🌍 [自動守護採購] 正在下載原始碼: https://raw.githubusercontent.com/psf/requests/refs/heads/main/src/requests/__init__.py
-> ✅ 原始碼下載成功。
-> 🧪 [深度融合] 正在將全球開源碼熔鑄至本地模組: RequestsAuto
-> 💾 寫入硬碟成功: manufacturing_hub/requestsauto_auto_fused.py
-> 🔍 [品質檢驗] 檢查模組語法: manufacturing_hub/requestsauto_auto_fused.py
-> 🎉 語法檢驗完美通過！
========================================
-> 🌍 [自動守護採購] 正在下載原始碼: https://raw.githubusercontent.com/fastapi/fastapi/refs/heads/master/fastapi/__init__.py
-> ✅ 原始碼下載成功。
-> 🧪 [深度融合] 正在將全球開源碼熔鑄至本地模組: FastAPIAuto
-> 💾 寫入硬碟成功: manufacturing_hub/fastapiauto_auto_fused.py
-> 🔍 [品質檢驗] 檢查模組語法: manufacturing_hub/fastapiauto_auto_fused.py
-> 🎉 語法檢驗完美通過！
========================================
-> 🌍 [自動守護採購] 正在下載原始碼: https://raw.githubusercontent.com/pallets/flask/refs/heads/main/src/flask/__init__.py
-> ✅ 原始碼下載成功。
-> 🧪 [深度融合] 正在將全球開源碼熔鑄至本地模組: FlaskAuto
-> 💾 寫入硬碟成功: manufacturing_hub/flaskauto_auto_fused.py
-> 🔍 [品質檢驗] 檢查模組語法: manufacturing_hub/flaskauto_auto_fused.py
-> 🎉 語法檢驗完美通過！
========================================
-> 🌍 [自動守護採購] 正在下載原始碼: https://raw.githubusercontent.com/pallets/click/refs/heads/main/src/click/__init__.py
-> ✅ 原始碼下載成功。
-> 🧪 [深度融合] 正在將全球開源碼熔鑄至本地模組: ClickAuto
-> 💾 寫入硬碟成功: manufacturing_hub/clickauto_auto_fused.py
-> 🔍 [品質檢驗] 檢查模組語法: manufacturing_hub/clickauto_auto_fused.py
-> 🎉 語法檢驗完美通過！
========================================
-> 🌍 [自動守護採購] 正在下載原始碼: https://raw.githubusercontent.com/Textualize/rich/refs/heads/main/rich/__init__.py
-> ✅ 原始碼下載成功。
-> 🧪 [深度融合] 正在將全球開源碼熔鑄至本地模組: RichAuto
-> 💾 寫入硬碟成功: manufacturing_hub/richauto_auto_fused.py
-> 🔍 [品質檢驗] 檢查模組語法: manufacturing_hub/richauto_auto_fused.py
-> 🎉 語法檢驗完美通過！
========================================
-> 🌍 [自動守護採購] 正在下載原始碼: https://raw.githubusercontent.com/pydantic/pydantic/refs/heads/main/pydantic/__init__.py
-> ✅ 原始碼下載成功。
-> 🧪 [深度融合] 正在將全球開源碼熔鑄至本地模組: PydanticAuto
-> 💾 寫入硬碟成功: manufacturing_hub/pydanticauto_auto_fused.py
-> 🔍 [品質檢驗] 檢查模組語法: manufacturing_hub/pydanticauto_auto_fused.py
-> 🎉 語法檢驗完美通過！

-> 💤 本輪巡航完畢。進入自動休眠，等待 30 秒後進行下一輪...

[2026-08-25 18:18:17] -> 🔄 開始新一輪全球開源專案自動巡航...
========================================
-> 🌍 [自動守護採購] 正在下載原始碼: https://raw.githubusercontent.com/psf/requests/refs/heads/main/src/requests/__init__.py
-> ✅ 原始碼下載成功。
-> 🧪 [深度融合] 正在將全球開源碼熔鑄至本地模組: RequestsAuto
-> 💾 寫入硬碟成功: manufacturing_hub/requestsauto_auto_fused.py
-> 🔍 [品質檢驗] 檢查模組語法: manufacturing_hub/requestsauto_auto_fused.py
-> 🎉 語法檢驗完美通過！
========================================
-> 🌍 [自動守護採購] 正在下載原始碼: https://raw.githubusercontent.com/fastapi/fastapi/refs/heads/master/fastapi/__init__.py
-> ✅ 原始碼下載成功。
-> 🧪 [深度融合] 正在將全球開源碼熔鑄至本地模組: FastAPIAuto
-> 💾 寫入硬碟成功: manufacturing_hub/fastapiauto_auto_fused.py
-> 🔍 [品質檢驗] 檢查模組語法: manufacturing_hub/fastapiauto_auto_fused.py
-> 🎉 語法檢驗完美通過！
========================================
-> 🌍 [自動守護採購] 正在下載原始碼: https://raw.githubusercontent.com/pallets/flask/refs/heads/main/src/flask/__init__.py
-> ✅ 原始碼下載成功。
-> 🧪 [深度融合] 正在將全球開源碼熔鑄至本地模組: FlaskAuto
-> 💾 寫入硬碟成功: manufacturing_hub/flaskauto_auto_fused.py
-> 🔍 [品質檢驗] 檢查模組語法: manufacturing_hub/flaskauto_auto_fused.py
-> 🎉 語法檢驗完美通過！
========================================
-> 🌍 [自動守護採購] 正在下載原始碼: https://raw.githubusercontent.com/pallets/click/refs/heads/main/src/click/__init__.py
-> ✅ 原始碼下載成功。
-> 🧪 [深度融合] 正在將全球開源碼熔鑄至本地模組: ClickAuto
-> 💾 寫入硬碟成功: manufacturing_hub/clickauto_auto_fused.py
-> 🔍 [品質檢驗] 檢查模組語法: manufacturing_hub/clickauto_auto_fused.py
-> 🎉 語法檢驗完美通過！
========================================
-> 🌍 [自動守護採購] 正在下載原始碼: https://raw.githubusercontent.com/Textualize/rich/refs/heads/main/rich/__init__.py
-> ✅ 原始碼下載成功。
-> 🧪 [深度融合] 正在將全球開源碼熔鑄至本地模組: RichAuto
-> 💾 寫入硬碟成功: manufacturing_hub/richauto_auto_fused.py
-> 🔍 [品質檢驗] 檢查模組語法: manufacturing_hub/richauto_auto_fused.py
-> 🎉 語法檢驗完美通過！
========================================
-> 🌍 [自動守護採購] 正在下載原始碼: https://raw.githubusercontent.com/pydantic/pydantic/refs/heads/main/pydantic/__init__.py
-> ✅ 原始碼下載成功。
-> 🧪 [深度融合] 正在將全球開源碼熔鑄至本地模組: PydanticAuto
-> 💾 寫入硬碟成功: manufacturing_hub/pydanticauto_auto_fused.py
-> 🔍 [品質檢驗] 檢查模組語法: manufacturing_hub/pydanticauto_auto_fused.py
-> 🎉 語法檢驗完美通過！

-> 💤 本輪巡航完畢。進入自動休眠，等待 30 秒後進行下一輪...

[2026-08-25 18:18:51] -> 🔄 開始新一輪全球開源專案自動巡航...
========================================
-> 🌍 [自動守護採購] 正在下載原始碼: https://raw.githubusercontent.com/psf/requests/refs/heads/main/src/requests/__init__.py
-> ✅ 原始碼下載成功。
-> 🧪 [深度融合] 正在將全球開源碼熔鑄至本地模組: RequestsAuto
-> 💾 寫入硬碟成功: manufacturing_hub/requestsauto_auto_fused.py
-> 🔍 [品質檢驗] 檢查模組語法: manufacturing_hub/requestsauto_auto_fused.py
-> 🎉 語法檢驗完美通過！
========================================
-> 🌍 [自動守護採購] 正在下載原始碼: https://raw.githubusercontent.com/fastapi/fastapi/refs/heads/master/fastapi/__init__.py
-> ✅ 原始碼下載成功。
-> 🧪 [深度融合] 正在將全球開源碼熔鑄至本地模組: FastAPIAuto
-> 💾 寫入硬碟成功: manufacturing_hub/fastapiauto_auto_fused.py
-> 🔍 [品質檢驗] 檢查模組語法: manufacturing_hub/fastapiauto_auto_fused.py
-> 🎉 語法檢驗完美通過！
========================================
-> 🌍 [自動守護採購] 正在下載原始碼: https://raw.githubusercontent.com/pallets/flask/refs/heads/main/src/flask/__init__.py
-> ✅ 原始碼下載成功。
-> 🧪 [深度融合] 正在將全球開源碼熔鑄至本地模組: FlaskAuto
-> 💾 寫入硬碟成功: manufacturing_hub/flaskauto_auto_fused.py
-> 🔍 [品質檢驗] 檢查模組語法: manufacturing_hub/flaskauto_auto_fused.py
-> 🎉 語法檢驗完美通過！
========================================
-> 🌍 [自動守護採購] 正在下載原始碼: https://raw.githubusercontent.com/pallets/click/refs/heads/main/src/click/__init__.py
-> ✅ 原始碼下載成功。
-> 🧪 [深度融合] 正在將全球開源碼熔鑄至本地模組: ClickAuto
-> 💾 寫入硬碟成功: manufacturing_hub/clickauto_auto_fused.py
-> 🔍 [品質檢驗] 檢查模組語法: manufacturing_hub/clickauto_auto_fused.py
-> 🎉 語法檢驗完美通過！
========================================
-> 🌍 [自動守護採購] 正在下載原始碼: https://raw.githubusercontent.com/Textualize/rich/refs/heads/main/rich/__init__.py
-> ✅ 原始碼下載成功。
-> 🧪 [深度融合] 正在將全球開源碼熔鑄至本地模組: RichAuto
-> 💾 寫入硬碟成功: manufacturing_hub/richauto_auto_fused.py
-> 🔍 [品質檢驗] 檢查模組語法: manufacturing_hub/richauto_auto_fused.py
-> 🎉 語法檢驗完美通過！
========================================
-> 🌍 [自動守護採購] 正在下載原始碼: https://raw.githubusercontent.com/pydantic/pydantic/refs/heads/main/pydantic/__init__.py
-> ✅ 原始碼下載成功。
-> 🧪 [深度融合] 正在將全球開源碼熔鑄至本地模組: PydanticAuto
-> 💾 寫入硬碟成功: manufacturing_hub/pydanticauto_auto_fused.py
-> 🔍 [品質檢驗] 檢查模組語法: manufacturing_hub/pydanticauto_auto_fused.py
-> 🎉 語法檢驗完美通過！

-> 💤 本輪巡航完畢。進入自動休眠，等待 30 秒後進行下一輪...

[2026-08-25 18:19:25] -> 🔄 開始新一輪全球開源專案自動巡航...
========================================
-> 🌍 [自動守護採購] 正在下載原始碼: https://raw.githubusercontent.com/psf/requests/refs/heads/main/src/requests/__init__.py
-> ✅ 原始碼下載成功。
-> 🧪 [深度融合] 正在將全球開源碼熔鑄至本地模組: RequestsAuto
-> 💾 寫入硬碟成功: manufacturing_hub/requestsauto_auto_fused.py
-> 🔍 [品質檢驗] 檢查模組語法: manufacturing_hub/requestsauto_auto_fused.py
-> 🎉 語法檢驗完美通過！
========================================
-> 🌍 [自動守護採購] 正在下載原始碼: https://raw.githubusercontent.com/fastapi/fastapi/refs/heads/master/fastapi/__init__.py
-> ✅ 原始碼下載成功。
-> 🧪 [深度融合] 正在將全球開源碼熔鑄至本地模組: FastAPIAuto
-> 💾 寫入硬碟成功: manufacturing_hub/fastapiauto_auto_fused.py
-> 🔍 [品質檢驗] 檢查模組語法: manufacturing_hub/fastapiauto_auto_fused.py
-> 🎉 語法檢驗完美通過！
========================================
-> 🌍 [自動守護採購] 正在下載原始碼: https://raw.githubusercontent.com/pallets/flask/refs/heads/main/src/flask/__init__.py
-> ✅ 原始碼下載成功。
-> 🧪 [深度融合] 正在將全球開源碼熔鑄至本地模組: FlaskAuto
-> 💾 寫入硬碟成功: manufacturing_hub/flaskauto_auto_fused.py
-> 🔍 [品質檢驗] 檢查模組語法: manufacturing_hub/flaskauto_auto_fused.py
-> 🎉 語法檢驗完美通過！
========================================
-> 🌍 [自動守護採購] 正在下載原始碼: https://raw.githubusercontent.com/pallets/click/refs/heads/main/src/click/__init__.py
-> ✅ 原始碼下載成功。
-> 🧪 [深度融合] 正在將全球開源碼熔鑄至本地模組: ClickAuto
-> 💾 寫入硬碟成功: manufacturing_hub/clickauto_auto_fused.py
-> 🔍 [品質檢驗] 檢查模組語法: manufacturing_hub/clickauto_auto_fused.py
-> 🎉 語法檢驗完美通過！
========================================
-> 🌍 [自動守護採購] 正在下載原始碼: https://raw.githubusercontent.com/Textualize/rich/refs/heads/main/rich/__init__.py
-> ✅ 原始碼下載成功。
-> 🧪 [深度融合] 正在將全球開源碼熔鑄至本地模組: RichAuto
-> 💾 寫入硬碟成功: manufacturing_hub/richauto_auto_fused.py
-> 🔍 [品質檢驗] 檢查模組語法: manufacturing_hub/richauto_auto_fused.py
-> 🎉 語法檢驗完美通過！
========================================
-> 🌍 [自動守護採購] 正在下載原始碼: https://raw.githubusercontent.com/pydantic/pydantic/refs/heads/main/pydantic/__init__.py
-> ✅ 原始碼下載成功。
-> 🧪 [深度融合] 正在將全球開源碼熔鑄至本地模組: PydanticAuto
-> 💾 寫入硬碟成功: manufacturing_hub/pydanticauto_auto_fused.py
-> 🔍 [品質檢驗] 檢查模組語法: manufacturing_hub/pydanticauto_auto_fused.py
-> 🎉 語法檢驗完美通過！

-> 💤 本輪巡航完畢。進入自動休眠，等待 30 秒後進行下一輪...

[2026-08-25 18:19:58] -> 🔄 開始新一輪全球開源專案自動巡航...
========================================
-> 🌍 [自動守護採購] 正在下載原始碼: https://raw.githubusercontent.com/psf/requests/refs/heads/main/src/requests/__init__.py
-> ✅ 原始碼下載成功。
-> 🧪 [深度融合] 正在將全球開源碼熔鑄至本地模組: RequestsAuto
-> 💾 寫入硬碟成功: manufacturing_hub/requestsauto_auto_fused.py
-> 🔍 [品質檢驗] 檢查模組語法: manufacturing_hub/requestsauto_auto_fused.py
-> 🎉 語法檢驗完美通過！
========================================
-> 🌍 [自動守護採購] 正在下載原始碼: https://raw.githubusercontent.com/fastapi/fastapi/refs/heads/master/fastapi/__init__.py
-> ✅ 原始碼下載成功。
-> 🧪 [深度融合] 正在將全球開源碼熔鑄至本地模組: FastAPIAuto
-> 💾 寫入硬碟成功: manufacturing_hub/fastapiauto_auto_fused.py
-> 🔍 [品質檢驗] 檢查模組語法: manufacturing_hub/fastapiauto_auto_fused.py
-> 🎉 語法檢驗完美通過！
========================================
-> 🌍 [自動守護採購] 正在下載原始碼: https://raw.githubusercontent.com/pallets/flask/refs/heads/main/src/flask/__init__.py
-> ✅ 原始碼下載成功。
-> 🧪 [深度融合] 正在將全球開源碼熔鑄至本地模組: FlaskAuto
-> 💾 寫入硬碟成功: manufacturing_hub/flaskauto_auto_fused.py
-> 🔍 [品質檢驗] 檢查模組語法: manufacturing_hub/flaskauto_auto_fused.py
-> 🎉 語法檢驗完美通過！
========================================
-> 🌍 [自動守護採購] 正在下載原始碼: https://raw.githubusercontent.com/pallets/click/refs/heads/main/src/click/__init__.py
-> ✅ 原始碼下載成功。
-> 🧪 [深度融合] 正在將全球開源碼熔鑄至本地模組: ClickAuto
-> 💾 寫入硬碟成功: manufacturing_hub/clickauto_auto_fused.py
-> 🔍 [品質檢驗] 檢查模組語法: manufacturing_hub/clickauto_auto_fused.py
-> 🎉 語法檢驗完美通過！
========================================
-> 🌍 [自動守護採購] 正在下載原始碼: https://raw.githubusercontent.com/Textualize/rich/refs/heads/main/rich/__init__.py
-> ✅ 原始碼下載成功。
-> 🧪 [深度融合] 正在將全球開源碼熔鑄至本地模組: RichAuto
-> 💾 寫入硬碟成功: manufacturing_hub/richauto_auto_fused.py
-> 🔍 [品質檢驗] 檢查模組語法: manufacturing_hub/richauto_auto_fused.py
-> 🎉 語法檢驗完美通過！
========================================
-> 🌍 [自動守護採購] 正在下載原始碼: https://raw.githubusercontent.com/pydantic/pydantic/refs/heads/main/pydantic/__init__.py
-> ✅ 原始碼下載成功。
-> 🧪 [深度融合] 正在將全球開源碼熔鑄至本地模組: PydanticAuto
-> 💾 寫入硬碟成功: manufacturing_hub/pydanticauto_auto_fused.py
-> 🔍 [品質檢驗] 檢查模組語法: manufacturing_hub/pydanticauto_auto_fused.py
-> 🎉 語法檢驗完美通過！

-> 💤 本輪巡航完畢。進入自動休眠，等待 30 秒後進行下一輪...

[2026-08-25 18:20:32] -> 🔄 開始新一輪全球開源專案自動巡航...
========================================
-> 🌍 [自動守護採購] 正在下載原始碼: https://raw.githubusercontent.com/psf/requests/refs/heads/main/src/requests/__init__.py
-> ✅ 原始碼下載成功。
-> 🧪 [深度融合] 正在將全球開源碼熔鑄至本地模組: RequestsAuto
-> 💾 寫入硬碟成功: manufacturing_hub/requestsauto_auto_fused.py
-> 🔍 [品質檢驗] 檢查模組語法: manufacturing_hub/requestsauto_auto_fused.py
-> 🎉 語法檢驗完美通過！
========================================
-> 🌍 [自動守護採購] 正在下載原始碼: https://raw.githubusercontent.com/fastapi/fastapi/refs/heads/master/fastapi/__init__.py
-> ✅ 原始碼下載成功。
-> 🧪 [深度融合] 正在將全球開源碼熔鑄至本地模組: FastAPIAuto
-> 💾 寫入硬碟成功: manufacturing_hub/fastapiauto_auto_fused.py
-> 🔍 [品質檢驗] 檢查模組語法: manufacturing_hub/fastapiauto_auto_fused.py
-> 🎉 語法檢驗完美通過！
========================================
-> 🌍 [自動守護採購] 正在下載原始碼: https://raw.githubusercontent.com/pallets/flask/refs/heads/main/src/flask/__init__.py
-> ✅ 原始碼下載成功。
-> 🧪 [深度融合] 正在將全球開源碼熔鑄至本地模組: FlaskAuto
-> 💾 寫入硬碟成功: manufacturing_hub/flaskauto_auto_fused.py
-> 🔍 [品質檢驗] 檢查模組語法: manufacturing_hub/flaskauto_auto_fused.py
-> 🎉 語法檢驗完美通過！
========================================
-> 🌍 [自動守護採購] 正在下載原始碼: https://raw.githubusercontent.com/pallets/click/refs/heads/main/src/click/__init__.py
-> ✅ 原始碼下載成功。
-> 🧪 [深度融合] 正在將全球開源碼熔鑄至本地模組: ClickAuto
-> 💾 寫入硬碟成功: manufacturing_hub/clickauto_auto_fused.py
-> 🔍 [品質檢驗] 檢查模組語法: manufacturing_hub/clickauto_auto_fused.py
-> 🎉 語法檢驗完美通過！
========================================
-> 🌍 [自動守護採購] 正在下載原始碼: https://raw.githubusercontent.com/Textualize/rich/refs/heads/main/rich/__init__.py
-> ✅ 原始碼下載成功。
-> 🧪 [深度融合] 正在將全球開源碼熔鑄至本地模組: RichAuto
-> 💾 寫入硬碟成功: manufacturing_hub/richauto_auto_fused.py
-> 🔍 [品質檢驗] 檢查模組語法: manufacturing_hub/richauto_auto_fused.py
-> 🎉 語法檢驗完美通過！
========================================
-> 🌍 [自動守護採購] 正在下載原始碼: https://raw.githubusercontent.com/pydantic/pydantic/refs/heads/main/pydantic/__init__.py
-> ✅ 原始碼下載成功。
-> 🧪 [深度融合] 正在將全球開源碼熔鑄至本地模組: PydanticAuto
-> 💾 寫入硬碟成功: manufacturing_hub/pydanticauto_auto_fused.py
-> 🔍 [品質檢驗] 檢查模組語法: manufacturing_hub/pydanticauto_auto_fused.py
-> 🎉 語法檢驗完美通過！

-> 💤 本輪巡航完畢。進入自動休眠，等待 30 秒後進行下一輪...

[2026-08-25 18:21:05] -> 🔄 開始新一輪全球開源專案自動巡航...
========================================
-> 🌍 [自動守護採購] 正在下載原始碼: https://raw.githubusercontent.com/psf/requests/refs/heads/main/src/requests/__init__.py
-> ✅ 原始碼下載成功。
-> 🧪 [深度融合] 正在將全球開源碼熔鑄至本地模組: RequestsAuto
-> 💾 寫入硬碟成功: manufacturing_hub/requestsauto_auto_fused.py
-> 🔍 [品質檢驗] 檢查模組語法: manufacturing_hub/requestsauto_auto_fused.py
-> 🎉 語法檢驗完美通過！
========================================
-> 🌍 [自動守護採購] 正在下載原始碼: https://raw.githubusercontent.com/fastapi/fastapi/refs/heads/master/fastapi/__init__.py
-> ✅ 原始碼下載成功。
-> 🧪 [深度融合] 正在將全球開源碼熔鑄至本地模組: FastAPIAuto
-> 💾 寫入硬碟成功: manufacturing_hub/fastapiauto_auto_fused.py
-> 🔍 [品質檢驗] 檢查模組語法: manufacturing_hub/fastapiauto_auto_fused.py
-> 🎉 語法檢驗完美通過！
========================================
-> 🌍 [自動守護採購] 正在下載原始碼: https://raw.githubusercontent.com/pallets/flask/refs/heads/main/src/flask/__init__.py
-> ✅ 原始碼下載成功。
-> 🧪 [深度融合] 正在將全球開源碼熔鑄至本地模組: FlaskAuto
-> 💾 寫入硬碟成功: manufacturing_hub/flaskauto_auto_fused.py
-> 🔍 [品質檢驗] 檢查模組語法: manufacturing_hub/flaskauto_auto_fused.py
-> 🎉 語法檢驗完美通過！
========================================
-> 🌍 [自動守護採購] 正在下載原始碼: https://raw.githubusercontent.com/pallets/click/refs/heads/main/src/click/__init__.py
-> ✅ 原始碼下載成功。
-> 🧪 [深度融合] 正在將全球開源碼熔鑄至本地模組: ClickAuto
-> 💾 寫入硬碟成功: manufacturing_hub/clickauto_auto_fused.py
-> 🔍 [品質檢驗] 檢查模組語法: manufacturing_hub/clickauto_auto_fused.py
-> 🎉 語法檢驗完美通過！
========================================
-> 🌍 [自動守護採購] 正在下載原始碼: https://raw.githubusercontent.com/Textualize/rich/refs/heads/main/rich/__init__.py
-> ✅ 原始碼下載成功。
-> 🧪 [深度融合] 正在將全球開源碼熔鑄至本地模組: RichAuto
-> 💾 寫入硬碟成功: manufacturing_hub/richauto_auto_fused.py
-> 🔍 [品質檢驗] 檢查模組語法: manufacturing_hub/richauto_auto_fused.py
-> 🎉 語法檢驗完美通過！
========================================
-> 🌍 [自動守護採購] 正在下載原始碼: https://raw.githubusercontent.com/pydantic/pydantic/refs/heads/main/pydantic/__init__.py
-> ✅ 原始碼下載成功。
-> 🧪 [深度融合] 正在將全球開源碼熔鑄至本地模組: PydanticAuto
-> 💾 寫入硬碟成功: manufacturing_hub/pydanticauto_auto_fused.py
-> 🔍 [品質檢驗] 檢查模組語法: manufacturing_hub/pydanticauto_auto_fused.py
-> 🎉 語法檢驗完美通過！

-> 💤 本輪巡航完畢。進入自動休眠，等待 30 秒後進行下一輪...

[2026-08-25 18:21:40] -> 🔄 開始新一輪全球開源專案自動巡航...
========================================
-> 🌍 [自動守護採購] 正在下載原始碼: https://raw.githubusercontent.com/psf/requests/refs/heads/main/src/requests/__init__.py
-> ✅ 原始碼下載成功。
-> 🧪 [深度融合] 正在將全球開源碼熔鑄至本地模組: RequestsAuto
-> 💾 寫入硬碟成功: manufacturing_hub/requestsauto_auto_fused.py
-> 🔍 [品質檢驗] 檢查模組語法: manufacturing_hub/requestsauto_auto_fused.py
-> 🎉 語法檢驗完美通過！
========================================
-> 🌍 [自動守護採購] 正在下載原始碼: https://raw.githubusercontent.com/fastapi/fastapi/refs/heads/master/fastapi/__init__.py
-> ✅ 原始碼下載成功。
-> 🧪 [深度融合] 正在將全球開源碼熔鑄至本地模組: FastAPIAuto
-> 💾 寫入硬碟成功: manufacturing_hub/fastapiauto_auto_fused.py
-> 🔍 [品質檢驗] 檢查模組語法: manufacturing_hub/fastapiauto_auto_fused.py
-> 🎉 語法檢驗完美通過！
========================================
-> 🌍 [自動守護採購] 正在下載原始碼: https://raw.githubusercontent.com/pallets/flask/refs/heads/main/src/flask/__init__.py
-> ✅ 原始碼下載成功。
-> 🧪 [深度融合] 正在將全球開源碼熔鑄至本地模組: FlaskAuto
-> 💾 寫入硬碟成功: manufacturing_hub/flaskauto_auto_fused.py
-> 🔍 [品質檢驗] 檢查模組語法: manufacturing_hub/flaskauto_auto_fused.py
-> 🎉 語法檢驗完美通過！
========================================
-> 🌍 [自動守護採購] 正在下載原始碼: https://raw.githubusercontent.com/pallets/click/refs/heads/main/src/click/__init__.py
-> ✅ 原始碼下載成功。
-> 🧪 [深度融合] 正在將全球開源碼熔鑄至本地模組: ClickAuto
-> 💾 寫入硬碟成功: manufacturing_hub/clickauto_auto_fused.py
-> 🔍 [品質檢驗] 檢查模組語法: manufacturing_hub/clickauto_auto_fused.py
-> 🎉 語法檢驗完美通過！
========================================
-> 🌍 [自動守護採購] 正在下載原始碼: https://raw.githubusercontent.com/Textualize/rich/refs/heads/main/rich/__init__.py
-> ✅ 原始碼下載成功。
-> 🧪 [深度融合] 正在將全球開源碼熔鑄至本地模組: RichAuto
-> 💾 寫入硬碟成功: manufacturing_hub/richauto_auto_fused.py
-> 🔍 [品質檢驗] 檢查模組語法: manufacturing_hub/richauto_auto_fused.py
-> 🎉 語法檢驗完美通過！
========================================
-> 🌍 [自動守護採購] 正在下載原始碼: https://raw.githubusercontent.com/pydantic/pydantic/refs/heads/main/pydantic/__init__.py
-> ✅ 原始碼下載成功。
-> 🧪 [深度融合] 正在將全球開源碼熔鑄至本地模組: PydanticAuto
-> 💾 寫入硬碟成功: manufacturing_hub/pydanticauto_auto_fused.py
-> 🔍 [品質檢驗] 檢查模組語法: manufacturing_hub/pydanticauto_auto_fused.py
-> 🎉 語法檢驗完美通過！

-> 💤 本輪巡航完畢。進入自動休眠，等待 30 秒後進行下一輪...

[2026-08-25 18:22:15] -> 🔄 開始新一輪全球開源專案自動巡航...
========================================
-> 🌍 [自動守護採購] 正在下載原始碼: https://raw.githubusercontent.com/psf/requests/refs/heads/main/src/requests/__init__.py
-> ✅ 原始碼下載成功。
-> 🧪 [深度融合] 正在將全球開源碼熔鑄至本地模組: RequestsAuto
-> 💾 寫入硬碟成功: manufacturing_hub/requestsauto_auto_fused.py
-> 🔍 [品質檢驗] 檢查模組語法: manufacturing_hub/requestsauto_auto_fused.py
-> 🎉 語法檢驗完美通過！
========================================
-> 🌍 [自動守護採購] 正在下載原始碼: https://raw.githubusercontent.com/fastapi/fastapi/refs/heads/master/fastapi/__init__.py
-> ✅ 原始碼下載成功。
-> 🧪 [深度融合] 正在將全球開源碼熔鑄至本地模組: FastAPIAuto
-> 💾 寫入硬碟成功: manufacturing_hub/fastapiauto_auto_fused.py
-> 🔍 [品質檢驗] 檢查模組語法: manufacturing_hub/fastapiauto_auto_fused.py
-> 🎉 語法檢驗完美通過！
========================================
-> 🌍 [自動守護採購] 正在下載原始碼: https://raw.githubusercontent.com/pallets/flask/refs/heads/main/src/flask/__init__.py
-> ✅ 原始碼下載成功。
-> 🧪 [深度融合] 正在將全球開源碼熔鑄至本地模組: FlaskAuto
-> 💾 寫入硬碟成功: manufacturing_hub/flaskauto_auto_fused.py
-> 🔍 [品質檢驗] 檢查模組語法: manufacturing_hub/flaskauto_auto_fused.py
-> 🎉 語法檢驗完美通過！
========================================
-> 🌍 [自動守護採購] 正在下載原始碼: https://raw.githubusercontent.com/pallets/click/refs/heads/main/src/click/__init__.py
-> ✅ 原始碼下載成功。
-> 🧪 [深度融合] 正在將全球開源碼熔鑄至本地模組: ClickAuto
-> 💾 寫入硬碟成功: manufacturing_hub/clickauto_auto_fused.py
-> 🔍 [品質檢驗] 檢查模組語法: manufacturing_hub/clickauto_auto_fused.py
-> 🎉 語法檢驗完美通過！
========================================
-> 🌍 [自動守護採購] 正在下載原始碼: https://raw.githubusercontent.com/Textualize/rich/refs/heads/main/rich/__init__.py
-> ✅ 原始碼下載成功。
-> 🧪 [深度融合] 正在將全球開源碼熔鑄至本地模組: RichAuto
-> 💾 寫入硬碟成功: manufacturing_hub/richauto_auto_fused.py
-> 🔍 [品質檢驗] 檢查模組語法: manufacturing_hub/richauto_auto_fused.py
-> 🎉 語法檢驗完美通過！
========================================
-> 🌍 [自動守護採購] 正在下載原始碼: https://raw.githubusercontent.com/pydantic/pydantic/refs/heads/main/pydantic/__init__.py
-> ✅ 原始碼下載成功。
-> 🧪 [深度融合] 正在將全球開源碼熔鑄至本地模組: PydanticAuto
-> 💾 寫入硬碟成功: manufacturing_hub/pydanticauto_auto_fused.py
-> 🔍 [品質檢驗] 檢查模組語法: manufacturing_hub/pydanticauto_auto_fused.py
-> 🎉 語法檢驗完美通過！

-> 💤 本輪巡航完畢。進入自動休眠，等待 30 秒後進行下一輪...

[2026-08-25 18:22:48] -> 🔄 開始新一輪全球開源專案自動巡航...
========================================
-> 🌍 [自動守護採購] 正在下載原始碼: https://raw.githubusercontent.com/psf/requests/refs/heads/main/src/requests/__init__.py
-> ✅ 原始碼下載成功。
-> 🧪 [深度融合] 正在將全球開源碼熔鑄至本地模組: RequestsAuto
-> 💾 寫入硬碟成功: manufacturing_hub/requestsauto_auto_fused.py
-> 🔍 [品質檢驗] 檢查模組語法: manufacturing_hub/requestsauto_auto_fused.py
-> 🎉 語法檢驗完美通過！
========================================
-> 🌍 [自動守護採購] 正在下載原始碼: https://raw.githubusercontent.com/fastapi/fastapi/refs/heads/master/fastapi/__init__.py
-> ✅ 原始碼下載成功。
-> 🧪 [深度融合] 正在將全球開源碼熔鑄至本地模組: FastAPIAuto
-> 💾 寫入硬碟成功: manufacturing_hub/fastapiauto_auto_fused.py
-> 🔍 [品質檢驗] 檢查模組語法: manufacturing_hub/fastapiauto_auto_fused.py
-> 🎉 語法檢驗完美通過！
========================================
-> 🌍 [自動守護採購] 正在下載原始碼: https://raw.githubusercontent.com/pallets/flask/refs/heads/main/src/flask/__init__.py
-> ✅ 原始碼下載成功。
-> 🧪 [深度融合] 正在將全球開源碼熔鑄至本地模組: FlaskAuto
-> 💾 寫入硬碟成功: manufacturing_hub/flaskauto_auto_fused.py
-> 🔍 [品質檢驗] 檢查模組語法: manufacturing_hub/flaskauto_auto_fused.py
-> 🎉 語法檢驗完美通過！
========================================
-> 🌍 [自動守護採購] 正在下載原始碼: https://raw.githubusercontent.com/pallets/click/refs/heads/main/src/click/__init__.py
-> ✅ 原始碼下載成功。
-> 🧪 [深度融合] 正在將全球開源碼熔鑄至本地模組: ClickAuto
-> 💾 寫入硬碟成功: manufacturing_hub/clickauto_auto_fused.py
-> 🔍 [品質檢驗] 檢查模組語法: manufacturing_hub/clickauto_auto_fused.py
-> 🎉 語法檢驗完美通過！
========================================
-> 🌍 [自動守護採購] 正在下載原始碼: https://raw.githubusercontent.com/Textualize/rich/refs/heads/main/rich/__init__.py
-> ✅ 原始碼下載成功。
-> 🧪 [深度融合] 正在將全球開源碼熔鑄至本地模組: RichAuto
-> 💾 寫入硬碟成功: manufacturing_hub/richauto_auto_fused.py
-> 🔍 [品質檢驗] 檢查模組語法: manufacturing_hub/richauto_auto_fused.py
-> 🎉 語法檢驗完美通過！
========================================
-> 🌍 [自動守護採購] 正在下載原始碼: https://raw.githubusercontent.com/pydantic/pydantic/refs/heads/main/pydantic/__init__.py
-> ✅ 原始碼下載成功。
-> 🧪 [深度融合] 正在將全球開源碼熔鑄至本地模組: PydanticAuto
-> 💾 寫入硬碟成功: manufacturing_hub/pydanticauto_auto_fused.py
-> 🔍 [品質檢驗] 檢查模組語法: manufacturing_hub/pydanticauto_auto_fused.py
-> 🎉 語法檢驗完美通過！

-> 💤 本輪巡航完畢。進入自動休眠，等待 30 秒後進行下一輪...

[2026-08-25 18:23:25] -> 🔄 開始新一輪全球開源專案自動巡航...
========================================
-> 🌍 [自動守護採購] 正在下載原始碼: https://raw.githubusercontent.com/psf/requests/refs/heads/main/src/requests/__init__.py
-> ✅ 原始碼下載成功。
-> 🧪 [深度融合] 正在將全球開源碼熔鑄至本地模組: RequestsAuto
-> 💾 寫入硬碟成功: manufacturing_hub/requestsauto_auto_fused.py
-> 🔍 [品質檢驗] 檢查模組語法: manufacturing_hub/requestsauto_auto_fused.py
-> 🎉 語法檢驗完美通過！
========================================
-> 🌍 [自動守護採購] 正在下載原始碼: https://raw.githubusercontent.com/fastapi/fastapi/refs/heads/master/fastapi/__init__.py
-> ✅ 原始碼下載成功。
-> 🧪 [深度融合] 正在將全球開源碼熔鑄至本地模組: FastAPIAuto
-> 💾 寫入硬碟成功: manufacturing_hub/fastapiauto_auto_fused.py
-> 🔍 [品質檢驗] 檢查模組語法: manufacturing_hub/fastapiauto_auto_fused.py
-> 🎉 語法檢驗完美通過！
========================================
-> 🌍 [自動守護採購] 正在下載原始碼: https://raw.githubusercontent.com/pallets/flask/refs/heads/main/src/flask/__init__.py
-> ✅ 原始碼下載成功。
-> 🧪 [深度融合] 正在將全球開源碼熔鑄至本地模組: FlaskAuto
-> 💾 寫入硬碟成功: manufacturing_hub/flaskauto_auto_fused.py
-> 🔍 [品質檢驗] 檢查模組語法: manufacturing_hub/flaskauto_auto_fused.py
-> 🎉 語法檢驗完美通過！
========================================
-> 🌍 [自動守護採購] 正在下載原始碼: https://raw.githubusercontent.com/pallets/click/refs/heads/main/src/click/__init__.py
-> ✅ 原始碼下載成功。
-> 🧪 [深度融合] 正在將全球開源碼熔鑄至本地模組: ClickAuto
-> 💾 寫入硬碟成功: manufacturing_hub/clickauto_auto_fused.py
-> 🔍 [品質檢驗] 檢查模組語法: manufacturing_hub/clickauto_auto_fused.py
-> 🎉 語法檢驗完美通過！
========================================
-> 🌍 [自動守護採購] 正在下載原始碼: https://raw.githubusercontent.com/Textualize/rich/refs/heads/main/rich/__init__.py
-> ✅ 原始碼下載成功。
-> 🧪 [深度融合] 正在將全球開源碼熔鑄至本地模組: RichAuto
-> 💾 寫入硬碟成功: manufacturing_hub/richauto_auto_fused.py
-> 🔍 [品質檢驗] 檢查模組語法: manufacturing_hub/richauto_auto_fused.py
-> 🎉 語法檢驗完美通過！
========================================
-> 🌍 [自動守護採購] 正在下載原始碼: https://raw.githubusercontent.com/pydantic/pydantic/refs/heads/main/pydantic/__init__.py
-> ✅ 原始碼下載成功。
-> 🧪 [深度融合] 正在將全球開源碼熔鑄至本地模組: PydanticAuto
-> 💾 寫入硬碟成功: manufacturing_hub/pydanticauto_auto_fused.py
-> 🔍 [品質檢驗] 檢查模組語法: manufacturing_hub/pydanticauto_auto_fused.py
-> 🎉 語法檢驗完美通過！

-> 💤 本輪巡航完畢。進入自動休眠，等待 30 秒後進行下一輪...

[2026-08-25 18:23:59] -> 🔄 開始新一輪全球開源專案自動巡航...
========================================
-> 🌍 [自動守護採購] 正在下載原始碼: https://raw.githubusercontent.com/psf/requests/refs/heads/main/src/requests/__init__.py
-> ✅ 原始碼下載成功。
-> 🧪 [深度融合] 正在將全球開源碼熔鑄至本地模組: RequestsAuto
-> 💾 寫入硬碟成功: manufacturing_hub/requestsauto_auto_fused.py
-> 🔍 [品質檢驗] 檢查模組語法: manufacturing_hub/requestsauto_auto_fused.py
-> 🎉 語法檢驗完美通過！
========================================
-> 🌍 [自動守護採購] 正在下載原始碼: https://raw.githubusercontent.com/fastapi/fastapi/refs/heads/master/fastapi/__init__.py
-> ✅ 原始碼下載成功。
-> 🧪 [深度融合] 正在將全球開源碼熔鑄至本地模組: FastAPIAuto
-> 💾 寫入硬碟成功: manufacturing_hub/fastapiauto_auto_fused.py
-> 🔍 [品質檢驗] 檢查模組語法: manufacturing_hub/fastapiauto_auto_fused.py
-> 🎉 語法檢驗完美通過！
========================================
-> 🌍 [自動守護採購] 正在下載原始碼: https://raw.githubusercontent.com/pallets/flask/refs/heads/main/src/flask/__init__.py
-> ✅ 原始碼下載成功。
-> 🧪 [深度融合] 正在將全球開源碼熔鑄至本地模組: FlaskAuto
-> 💾 寫入硬碟成功: manufacturing_hub/flaskauto_auto_fused.py
-> 🔍 [品質檢驗] 檢查模組語法: manufacturing_hub/flaskauto_auto_fused.py
-> 🎉 語法檢驗完美通過！
========================================
-> 🌍 [自動守護採購] 正在下載原始碼: https://raw.githubusercontent.com/pallets/click/refs/heads/main/src/click/__init__.py
-> ✅ 原始碼下載成功。
-> 🧪 [深度融合] 正在將全球開源碼熔鑄至本地模組: ClickAuto
-> 💾 寫入硬碟成功: manufacturing_hub/clickauto_auto_fused.py
-> 🔍 [品質檢驗] 檢查模組語法: manufacturing_hub/clickauto_auto_fused.py
-> 🎉 語法檢驗完美通過！
========================================
-> 🌍 [自動守護採購] 正在下載原始碼: https://raw.githubusercontent.com/Textualize/rich/refs/heads/main/rich/__init__.py
-> ✅ 原始碼下載成功。
-> 🧪 [深度融合] 正在將全球開源碼熔鑄至本地模組: RichAuto
-> 💾 寫入硬碟成功: manufacturing_hub/richauto_auto_fused.py
-> 🔍 [品質檢驗] 檢查模組語法: manufacturing_hub/richauto_auto_fused.py
-> 🎉 語法檢驗完美通過！
========================================
-> 🌍 [自動守護採購] 正在下載原始碼: https://raw.githubusercontent.com/pydantic/pydantic/refs/heads/main/pydantic/__init__.py
-> ✅ 原始碼下載成功。
-> 🧪 [深度融合] 正在將全球開源碼熔鑄至本地模組: PydanticAuto
-> 💾 寫入硬碟成功: manufacturing_hub/pydanticauto_auto_fused.py
-> 🔍 [品質檢驗] 檢查模組語法: manufacturing_hub/pydanticauto_auto_fused.py
-> 🎉 語法檢驗完美通過！

-> 💤 本輪巡航完畢。進入自動休眠，等待 30 秒後進行下一輪...

[2026-08-25 18:24:32] -> 🔄 開始新一輪全球開源專案自動巡航...
========================================
-> 🌍 [自動守護採購] 正在下載原始碼: https://raw.githubusercontent.com/psf/requests/refs/heads/main/src/requests/__init__.py
-> ✅ 原始碼下載成功。
-> 🧪 [深度融合] 正在將全球開源碼熔鑄至本地模組: RequestsAuto
-> 💾 寫入硬碟成功: manufacturing_hub/requestsauto_auto_fused.py
-> 🔍 [品質檢驗] 檢查模組語法: manufacturing_hub/requestsauto_auto_fused.py
-> 🎉 語法檢驗完美通過！
========================================
-> 🌍 [自動守護採購] 正在下載原始碼: https://raw.githubusercontent.com/fastapi/fastapi/refs/heads/master/fastapi/__init__.py
-> ✅ 原始碼下載成功。
-> 🧪 [深度融合] 正在將全球開源碼熔鑄至本地模組: FastAPIAuto
-> 💾 寫入硬碟成功: manufacturing_hub/fastapiauto_auto_fused.py
-> 🔍 [品質檢驗] 檢查模組語法: manufacturing_hub/fastapiauto_auto_fused.py
-> 🎉 語法檢驗完美通過！
========================================
-> 🌍 [自動守護採購] 正在下載原始碼: https://raw.githubusercontent.com/pallets/flask/refs/heads/main/src/flask/__init__.py
-> ✅ 原始碼下載成功。
-> 🧪 [深度融合] 正在將全球開源碼熔鑄至本地模組: FlaskAuto
-> 💾 寫入硬碟成功: manufacturing_hub/flaskauto_auto_fused.py
-> 🔍 [品質檢驗] 檢查模組語法: manufacturing_hub/flaskauto_auto_fused.py
-> 🎉 語法檢驗完美通過！
========================================
-> 🌍 [自動守護採購] 正在下載原始碼: https://raw.githubusercontent.com/pallets/click/refs/heads/main/src/click/__init__.py
-> ✅ 原始碼下載成功。
-> 🧪 [深度融合] 正在將全球開源碼熔鑄至本地模組: ClickAuto
-> 💾 寫入硬碟成功: manufacturing_hub/clickauto_auto_fused.py
-> 🔍 [品質檢驗] 檢查模組語法: manufacturing_hub/clickauto_auto_fused.py
-> 🎉 語法檢驗完美通過！
========================================
-> 🌍 [自動守護採購] 正在下載原始碼: https://raw.githubusercontent.com/Textualize/rich/refs/heads/main/rich/__init__.py
-> ✅ 原始碼下載成功。
-> 🧪 [深度融合] 正在將全球開源碼熔鑄至本地模組: RichAuto
-> 💾 寫入硬碟成功: manufacturing_hub/richauto_auto_fused.py
-> 🔍 [品質檢驗] 檢查模組語法: manufacturing_hub/richauto_auto_fused.py
-> 🎉 語法檢驗完美通過！
========================================
-> 🌍 [自動守護採購] 正在下載原始碼: https://raw.githubusercontent.com/pydantic/pydantic/refs/heads/main/pydantic/__init__.py
-> ✅ 原始碼下載成功。
-> 🧪 [深度融合] 正在將全球開源碼熔鑄至本地模組: PydanticAuto
-> 💾 寫入硬碟成功: manufacturing_hub/pydanticauto_auto_fused.py
-> 🔍 [品質檢驗] 檢查模組語法: manufacturing_hub/pydanticauto_auto_fused.py
-> 🎉 語法檢驗完美通過！

-> 💤 本輪巡航完畢。進入自動休眠，等待 30 秒後進行下一輪...

[2026-08-25 18:25:07] -> 🔄 開始新一輪全球開源專案自動巡航...
========================================
-> 🌍 [自動守護採購] 正在下載原始碼: https://raw.githubusercontent.com/psf/requests/refs/heads/main/src/requests/__init__.py
-> ✅ 原始碼下載成功。
-> 🧪 [深度融合] 正在將全球開源碼熔鑄至本地模組: RequestsAuto
-> 💾 寫入硬碟成功: manufacturing_hub/requestsauto_auto_fused.py
-> 🔍 [品質檢驗] 檢查模組語法: manufacturing_hub/requestsauto_auto_fused.py
-> 🎉 語法檢驗完美通過！
========================================
-> 🌍 [自動守護採購] 正在下載原始碼: https://raw.githubusercontent.com/fastapi/fastapi/refs/heads/master/fastapi/__init__.py
-> ✅ 原始碼下載成功。
-> 🧪 [深度融合] 正在將全球開源碼熔鑄至本地模組: FastAPIAuto
-> 💾 寫入硬碟成功: manufacturing_hub/fastapiauto_auto_fused.py
-> 🔍 [品質檢驗] 檢查模組語法: manufacturing_hub/fastapiauto_auto_fused.py
-> 🎉 語法檢驗完美通過！
========================================
-> 🌍 [自動守護採購] 正在下載原始碼: https://raw.githubusercontent.com/pallets/flask/refs/heads/main/src/flask/__init__.py
-> ✅ 原始碼下載成功。
-> 🧪 [深度融合] 正在將全球開源碼熔鑄至本地模組: FlaskAuto
-> 💾 寫入硬碟成功: manufacturing_hub/flaskauto_auto_fused.py
-> 🔍 [品質檢驗] 檢查模組語法: manufacturing_hub/flaskauto_auto_fused.py
-> 🎉 語法檢驗完美通過！
========================================
-> 🌍 [自動守護採購] 正在下載原始碼: https://raw.githubusercontent.com/pallets/click/refs/heads/main/src/click/__init__.py
-> ✅ 原始碼下載成功。
-> 🧪 [深度融合] 正在將全球開源碼熔鑄至本地模組: ClickAuto
-> 💾 寫入硬碟成功: manufacturing_hub/clickauto_auto_fused.py
-> 🔍 [品質檢驗] 檢查模組語法: manufacturing_hub/clickauto_auto_fused.py
-> 🎉 語法檢驗完美通過！
========================================
-> 🌍 [自動守護採購] 正在下載原始碼: https://raw.githubusercontent.com/Textualize/rich/refs/heads/main/rich/__init__.py
-> ✅ 原始碼下載成功。
-> 🧪 [深度融合] 正在將全球開源碼熔鑄至本地模組: RichAuto
-> 💾 寫入硬碟成功: manufacturing_hub/richauto_auto_fused.py
-> 🔍 [品質檢驗] 檢查模組語法: manufacturing_hub/richauto_auto_fused.py
-> 🎉 語法檢驗完美通過！
========================================
-> 🌍 [自動守護採購] 正在下載原始碼: https://raw.githubusercontent.com/pydantic/pydantic/refs/heads/main/pydantic/__init__.py
-> ✅ 原始碼下載成功。
-> 🧪 [深度融合] 正在將全球開源碼熔鑄至本地模組: PydanticAuto
-> 💾 寫入硬碟成功: manufacturing_hub/pydanticauto_auto_fused.py
-> 🔍 [品質檢驗] 檢查模組語法: manufacturing_hub/pydanticauto_auto_fused.py
-> 🎉 語法檢驗完美通過！

-> 💤 本輪巡航完畢。進入自動休眠，等待 30 秒後進行下一輪...

[2026-08-25 18:25:41] -> 🔄 開始新一輪全球開源專案自動巡航...
========================================
-> 🌍 [自動守護採購] 正在下載原始碼: https://raw.githubusercontent.com/psf/requests/refs/heads/main/src/requests/__init__.py
-> ✅ 原始碼下載成功。
-> 🧪 [深度融合] 正在將全球開源碼熔鑄至本地模組: RequestsAuto
-> 💾 寫入硬碟成功: manufacturing_hub/requestsauto_auto_fused.py
-> 🔍 [品質檢驗] 檢查模組語法: manufacturing_hub/requestsauto_auto_fused.py
-> 🎉 語法檢驗完美通過！
========================================
-> 🌍 [自動守護採購] 正在下載原始碼: https://raw.githubusercontent.com/fastapi/fastapi/refs/heads/master/fastapi/__init__.py
-> ✅ 原始碼下載成功。
-> 🧪 [深度融合] 正在將全球開源碼熔鑄至本地模組: FastAPIAuto
-> 💾 寫入硬碟成功: manufacturing_hub/fastapiauto_auto_fused.py
-> 🔍 [品質檢驗] 檢查模組語法: manufacturing_hub/fastapiauto_auto_fused.py
-> 🎉 語法檢驗完美通過！
========================================
-> 🌍 [自動守護採購] 正在下載原始碼: https://raw.githubusercontent.com/pallets/flask/refs/heads/main/src/flask/__init__.py
-> ✅ 原始碼下載成功。
-> 🧪 [深度融合] 正在將全球開源碼熔鑄至本地模組: FlaskAuto
-> 💾 寫入硬碟成功: manufacturing_hub/flaskauto_auto_fused.py
-> 🔍 [品質檢驗] 檢查模組語法: manufacturing_hub/flaskauto_auto_fused.py
-> 🎉 語法檢驗完美通過！
========================================
-> 🌍 [自動守護採購] 正在下載原始碼: https://raw.githubusercontent.com/pallets/click/refs/heads/main/src/click/__init__.py
-> ✅ 原始碼下載成功。
-> 🧪 [深度融合] 正在將全球開源碼熔鑄至本地模組: ClickAuto
-> 💾 寫入硬碟成功: manufacturing_hub/clickauto_auto_fused.py
-> 🔍 [品質檢驗] 檢查模組語法: manufacturing_hub/clickauto_auto_fused.py
-> 🎉 語法檢驗完美通過！
========================================
-> 🌍 [自動守護採購] 正在下載原始碼: https://raw.githubusercontent.com/Textualize/rich/refs/heads/main/rich/__init__.py
-> ✅ 原始碼下載成功。
-> 🧪 [深度融合] 正在將全球開源碼熔鑄至本地模組: RichAuto
-> 💾 寫入硬碟成功: manufacturing_hub/richauto_auto_fused.py
-> 🔍 [品質檢驗] 檢查模組語法: manufacturing_hub/richauto_auto_fused.py
-> 🎉 語法檢驗完美通過！
========================================
-> 🌍 [自動守護採購] 正在下載原始碼: https://raw.githubusercontent.com/pydantic/pydantic/refs/heads/main/pydantic/__init__.py
-> ✅ 原始碼下載成功。
-> 🧪 [深度融合] 正在將全球開源碼熔鑄至本地模組: PydanticAuto
-> 💾 寫入硬碟成功: manufacturing_hub/pydanticauto_auto_fused.py
-> 🔍 [品質檢驗] 檢查模組語法: manufacturing_hub/pydanticauto_auto_fused.py
-> 🎉 語法檢驗完美通過！

-> 💤 本輪巡航完畢。進入自動休眠，等待 30 秒後進行下一輪...

[2026-08-25 18:26:15] -> 🔄 開始新一輪全球開源專案自動巡航...
========================================
-> 🌍 [自動守護採購] 正在下載原始碼: https://raw.githubusercontent.com/psf/requests/refs/heads/main/src/requests/__init__.py
-> ✅ 原始碼下載成功。
-> 🧪 [深度融合] 正在將全球開源碼熔鑄至本地模組: RequestsAuto
-> 💾 寫入硬碟成功: manufacturing_hub/requestsauto_auto_fused.py
-> 🔍 [品質檢驗] 檢查模組語法: manufacturing_hub/requestsauto_auto_fused.py
-> 🎉 語法檢驗完美通過！
========================================
-> 🌍 [自動守護採購] 正在下載原始碼: https://raw.githubusercontent.com/fastapi/fastapi/refs/heads/master/fastapi/__init__.py
-> ✅ 原始碼下載成功。
-> 🧪 [深度融合] 正在將全球開源碼熔鑄至本地模組: FastAPIAuto
-> 💾 寫入硬碟成功: manufacturing_hub/fastapiauto_auto_fused.py
-> 🔍 [品質檢驗] 檢查模組語法: manufacturing_hub/fastapiauto_auto_fused.py
-> 🎉 語法檢驗完美通過！
========================================
-> 🌍 [自動守護採購] 正在下載原始碼: https://raw.githubusercontent.com/pallets/flask/refs/heads/main/src/flask/__init__.py
-> ✅ 原始碼下載成功。
-> 🧪 [深度融合] 正在將全球開源碼熔鑄至本地模組: FlaskAuto
-> 💾 寫入硬碟成功: manufacturing_hub/flaskauto_auto_fused.py
-> 🔍 [品質檢驗] 檢查模組語法: manufacturing_hub/flaskauto_auto_fused.py
-> 🎉 語法檢驗完美通過！
========================================
-> 🌍 [自動守護採購] 正在下載原始碼: https://raw.githubusercontent.com/pallets/click/refs/heads/main/src/click/__init__.py
-> ✅ 原始碼下載成功。
-> 🧪 [深度融合] 正在將全球開源碼熔鑄至本地模組: ClickAuto
-> 💾 寫入硬碟成功: manufacturing_hub/clickauto_auto_fused.py
-> 🔍 [品質檢驗] 檢查模組語法: manufacturing_hub/clickauto_auto_fused.py
-> 🎉 語法檢驗完美通過！
========================================
-> 🌍 [自動守護採購] 正在下載原始碼: https://raw.githubusercontent.com/Textualize/rich/refs/heads/main/rich/__init__.py
-> ✅ 原始碼下載成功。
-> 🧪 [深度融合] 正在將全球開源碼熔鑄至本地模組: RichAuto
-> 💾 寫入硬碟成功: manufacturing_hub/richauto_auto_fused.py
-> 🔍 [品質檢驗] 檢查模組語法: manufacturing_hub/richauto_auto_fused.py
-> 🎉 語法檢驗完美通過！
========================================
-> 🌍 [自動守護採購] 正在下載原始碼: https://raw.githubusercontent.com/pydantic/pydantic/refs/heads/main/pydantic/__init__.py
-> ✅ 原始碼下載成功。
-> 🧪 [深度融合] 正在將全球開源碼熔鑄至本地模組: PydanticAuto
-> 💾 寫入硬碟成功: manufacturing_hub/pydanticauto_auto_fused.py
-> 🔍 [品質檢驗] 檢查模組語法: manufacturing_hub/pydanticauto_auto_fused.py
-> 🎉 語法檢驗完美通過！

-> 💤 本輪巡航完畢。進入自動休眠，等待 30 秒後進行下一輪...

[2026-08-25 18:26:50] -> 🔄 開始新一輪全球開源專案自動巡航...
========================================
-> 🌍 [自動守護採購] 正在下載原始碼: https://raw.githubusercontent.com/psf/requests/refs/heads/main/src/requests/__init__.py
-> ✅ 原始碼下載成功。
-> 🧪 [深度融合] 正在將全球開源碼熔鑄至本地模組: RequestsAuto
-> 💾 寫入硬碟成功: manufacturing_hub/requestsauto_auto_fused.py
-> 🔍 [品質檢驗] 檢查模組語法: manufacturing_hub/requestsauto_auto_fused.py
-> 🎉 語法檢驗完美通過！
========================================
-> 🌍 [自動守護採購] 正在下載原始碼: https://raw.githubusercontent.com/fastapi/fastapi/refs/heads/master/fastapi/__init__.py
-> ✅ 原始碼下載成功。
-> 🧪 [深度融合] 正在將全球開源碼熔鑄至本地模組: FastAPIAuto
-> 💾 寫入硬碟成功: manufacturing_hub/fastapiauto_auto_fused.py
-> 🔍 [品質檢驗] 檢查模組語法: manufacturing_hub/fastapiauto_auto_fused.py
-> 🎉 語法檢驗完美通過！
========================================
-> 🌍 [自動守護採購] 正在下載原始碼: https://raw.githubusercontent.com/pallets/flask/refs/heads/main/src/flask/__init__.py
-> ✅ 原始碼下載成功。
-> 🧪 [深度融合] 正在將全球開源碼熔鑄至本地模組: FlaskAuto
-> 💾 寫入硬碟成功: manufacturing_hub/flaskauto_auto_fused.py
-> 🔍 [品質檢驗] 檢查模組語法: manufacturing_hub/flaskauto_auto_fused.py
-> 🎉 語法檢驗完美通過！
========================================
-> 🌍 [自動守護採購] 正在下載原始碼: https://raw.githubusercontent.com/pallets/click/refs/heads/main/src/click/__init__.py
-> ✅ 原始碼下載成功。
-> 🧪 [深度融合] 正在將全球開源碼熔鑄至本地模組: ClickAuto
-> 💾 寫入硬碟成功: manufacturing_hub/clickauto_auto_fused.py
-> 🔍 [品質檢驗] 檢查模組語法: manufacturing_hub/clickauto_auto_fused.py
-> 🎉 語法檢驗完美通過！
========================================
-> 🌍 [自動守護採購] 正在下載原始碼: https://raw.githubusercontent.com/Textualize/rich/refs/heads/main/rich/__init__.py
-> ✅ 原始碼下載成功。
-> 🧪 [深度融合] 正在將全球開源碼熔鑄至本地模組: RichAuto
-> 💾 寫入硬碟成功: manufacturing_hub/richauto_auto_fused.py
-> 🔍 [品質檢驗] 檢查模組語法: manufacturing_hub/richauto_auto_fused.py
-> 🎉 語法檢驗完美通過！
========================================
-> 🌍 [自動守護採購] 正在下載原始碼: https://raw.githubusercontent.com/pydantic/pydantic/refs/heads/main/pydantic/__init__.py
-> ✅ 原始碼下載成功。
-> 🧪 [深度融合] 正在將全球開源碼熔鑄至本地模組: PydanticAuto
-> 💾 寫入硬碟成功: manufacturing_hub/pydanticauto_auto_fused.py
-> 🔍 [品質檢驗] 檢查模組語法: manufacturing_hub/pydanticauto_auto_fused.py
-> 🎉 語法檢驗完美通過！

-> 💤 本輪巡航完畢。進入自動休眠，等待 30 秒後進行下一輪...

[2026-08-25 18:27:24] -> 🔄 開始新一輪全球開源專案自動巡航...
========================================
-> 🌍 [自動守護採購] 正在下載原始碼: https://raw.githubusercontent.com/psf/requests/refs/heads/main/src/requests/__init__.py
-> ✅ 原始碼下載成功。
-> 🧪 [深度融合] 正在將全球開源碼熔鑄至本地模組: RequestsAuto
-> 💾 寫入硬碟成功: manufacturing_hub/requestsauto_auto_fused.py
-> 🔍 [品質檢驗] 檢查模組語法: manufacturing_hub/requestsauto_auto_fused.py
-> 🎉 語法檢驗完美通過！
========================================
-> 🌍 [自動守護採購] 正在下載原始碼: https://raw.githubusercontent.com/fastapi/fastapi/refs/heads/master/fastapi/__init__.py
-> ✅ 原始碼下載成功。
-> 🧪 [深度融合] 正在將全球開源碼熔鑄至本地模組: FastAPIAuto
-> 💾 寫入硬碟成功: manufacturing_hub/fastapiauto_auto_fused.py
-> 🔍 [品質檢驗] 檢查模組語法: manufacturing_hub/fastapiauto_auto_fused.py
-> 🎉 語法檢驗完美通過！
========================================
-> 🌍 [自動守護採購] 正在下載原始碼: https://raw.githubusercontent.com/pallets/flask/refs/heads/main/src/flask/__init__.py
-> ✅ 原始碼下載成功。
-> 🧪 [深度融合] 正在將全球開源碼熔鑄至本地模組: FlaskAuto
-> 💾 寫入硬碟成功: manufacturing_hub/flaskauto_auto_fused.py
-> 🔍 [品質檢驗] 檢查模組語法: manufacturing_hub/flaskauto_auto_fused.py
-> 🎉 語法檢驗完美通過！
========================================
-> 🌍 [自動守護採購] 正在下載原始碼: https://raw.githubusercontent.com/pallets/click/refs/heads/main/src/click/__init__.py
-> ✅ 原始碼下載成功。
-> 🧪 [深度融合] 正在將全球開源碼熔鑄至本地模組: ClickAuto
-> 💾 寫入硬碟成功: manufacturing_hub/clickauto_auto_fused.py
-> 🔍 [品質檢驗] 檢查模組語法: manufacturing_hub/clickauto_auto_fused.py
-> 🎉 語法檢驗完美通過！
========================================
-> 🌍 [自動守護採購] 正在下載原始碼: https://raw.githubusercontent.com/Textualize/rich/refs/heads/main/rich/__init__.py
-> ✅ 原始碼下載成功。
-> 🧪 [深度融合] 正在將全球開源碼熔鑄至本地模組: RichAuto
-> 💾 寫入硬碟成功: manufacturing_hub/richauto_auto_fused.py
-> 🔍 [品質檢驗] 檢查模組語法: manufacturing_hub/richauto_auto_fused.py
-> 🎉 語法檢驗完美通過！
========================================
-> 🌍 [自動守護採購] 正在下載原始碼: https://raw.githubusercontent.com/pydantic/pydantic/refs/heads/main/pydantic/__init__.py
-> ✅ 原始碼下載成功。
-> 🧪 [深度融合] 正在將全球開源碼熔鑄至本地模組: PydanticAuto
-> 💾 寫入硬碟成功: manufacturing_hub/pydanticauto_auto_fused.py
-> 🔍 [品質檢驗] 檢查模組語法: manufacturing_hub/pydanticauto_auto_fused.py
-> 🎉 語法檢驗完美通過！

-> 💤 本輪巡航完畢。進入自動休眠，等待 30 秒後進行下一輪...

[2026-08-25 18:27:58] -> 🔄 開始新一輪全球開源專案自動巡航...
========================================
-> 🌍 [自動守護採購] 正在下載原始碼: https://raw.githubusercontent.com/psf/requests/refs/heads/main/src/requests/__init__.py
-> ✅ 原始碼下載成功。
-> 🧪 [深度融合] 正在將全球開源碼熔鑄至本地模組: RequestsAuto
-> 💾 寫入硬碟成功: manufacturing_hub/requestsauto_auto_fused.py
-> 🔍 [品質檢驗] 檢查模組語法: manufacturing_hub/requestsauto_auto_fused.py
-> 🎉 語法檢驗完美通過！
========================================
-> 🌍 [自動守護採購] 正在下載原始碼: https://raw.githubusercontent.com/fastapi/fastapi/refs/heads/master/fastapi/__init__.py
-> ✅ 原始碼下載成功。
-> 🧪 [深度融合] 正在將全球開源碼熔鑄至本地模組: FastAPIAuto
-> 💾 寫入硬碟成功: manufacturing_hub/fastapiauto_auto_fused.py
-> 🔍 [品質檢驗] 檢查模組語法: manufacturing_hub/fastapiauto_auto_fused.py
-> 🎉 語法檢驗完美通過！
========================================
-> 🌍 [自動守護採購] 正在下載原始碼: https://raw.githubusercontent.com/pallets/flask/refs/heads/main/src/flask/__init__.py
-> ✅ 原始碼下載成功。
-> 🧪 [深度融合] 正在將全球開源碼熔鑄至本地模組: FlaskAuto
-> 💾 寫入硬碟成功: manufacturing_hub/flaskauto_auto_fused.py
-> 🔍 [品質檢驗] 檢查模組語法: manufacturing_hub/flaskauto_auto_fused.py
-> 🎉 語法檢驗完美通過！
========================================
-> 🌍 [自動守護採購] 正在下載原始碼: https://raw.githubusercontent.com/pallets/click/refs/heads/main/src/click/__init__.py
-> ✅ 原始碼下載成功。
-> 🧪 [深度融合] 正在將全球開源碼熔鑄至本地模組: ClickAuto
-> 💾 寫入硬碟成功: manufacturing_hub/clickauto_auto_fused.py
-> 🔍 [品質檢驗] 檢查模組語法: manufacturing_hub/clickauto_auto_fused.py
-> 🎉 語法檢驗完美通過！
========================================
-> 🌍 [自動守護採購] 正在下載原始碼: https://raw.githubusercontent.com/Textualize/rich/refs/heads/main/rich/__init__.py
-> ✅ 原始碼下載成功。
-> 🧪 [深度融合] 正在將全球開源碼熔鑄至本地模組: RichAuto
-> 💾 寫入硬碟成功: manufacturing_hub/richauto_auto_fused.py
-> 🔍 [品質檢驗] 檢查模組語法: manufacturing_hub/richauto_auto_fused.py
-> 🎉 語法檢驗完美通過！
========================================
-> 🌍 [自動守護採購] 正在下載原始碼: https://raw.githubusercontent.com/pydantic/pydantic/refs/heads/main/pydantic/__init__.py
-> ✅ 原始碼下載成功。
-> 🧪 [深度融合] 正在將全球開源碼熔鑄至本地模組: PydanticAuto
-> 💾 寫入硬碟成功: manufacturing_hub/pydanticauto_auto_fused.py
-> 🔍 [品質檢驗] 檢查模組語法: manufacturing_hub/pydanticauto_auto_fused.py
-> 🎉 語法檢驗完美通過！

-> 💤 本輪巡航完畢。進入自動休眠，等待 30 秒後進行下一輪...

[2026-08-25 18:28:34] -> 🔄 開始新一輪全球開源專案自動巡航...
========================================
-> 🌍 [自動守護採購] 正在下載原始碼: https://raw.githubusercontent.com/psf/requests/refs/heads/main/src/requests/__init__.py
-> ✅ 原始碼下載成功。
-> 🧪 [深度融合] 正在將全球開源碼熔鑄至本地模組: RequestsAuto
-> 💾 寫入硬碟成功: manufacturing_hub/requestsauto_auto_fused.py
-> 🔍 [品質檢驗] 檢查模組語法: manufacturing_hub/requestsauto_auto_fused.py
-> 🎉 語法檢驗完美通過！
========================================
-> 🌍 [自動守護採購] 正在下載原始碼: https://raw.githubusercontent.com/fastapi/fastapi/refs/heads/master/fastapi/__init__.py
-> ✅ 原始碼下載成功。
-> 🧪 [深度融合] 正在將全球開源碼熔鑄至本地模組: FastAPIAuto
-> 💾 寫入硬碟成功: manufacturing_hub/fastapiauto_auto_fused.py
-> 🔍 [品質檢驗] 檢查模組語法: manufacturing_hub/fastapiauto_auto_fused.py
-> 🎉 語法檢驗完美通過！
========================================
-> 🌍 [自動守護採購] 正在下載原始碼: https://raw.githubusercontent.com/pallets/flask/refs/heads/main/src/flask/__init__.py
-> ✅ 原始碼下載成功。
-> 🧪 [深度融合] 正在將全球開源碼熔鑄至本地模組: FlaskAuto
-> 💾 寫入硬碟成功: manufacturing_hub/flaskauto_auto_fused.py
-> 🔍 [品質檢驗] 檢查模組語法: manufacturing_hub/flaskauto_auto_fused.py
-> 🎉 語法檢驗完美通過！
========================================
-> 🌍 [自動守護採購] 正在下載原始碼: https://raw.githubusercontent.com/pallets/click/refs/heads/main/src/click/__init__.py
-> ✅ 原始碼下載成功。
-> 🧪 [深度融合] 正在將全球開源碼熔鑄至本地模組: ClickAuto
-> 💾 寫入硬碟成功: manufacturing_hub/clickauto_auto_fused.py
-> 🔍 [品質檢驗] 檢查模組語法: manufacturing_hub/clickauto_auto_fused.py
-> 🎉 語法檢驗完美通過！
========================================
-> 🌍 [自動守護採購] 正在下載原始碼: https://raw.githubusercontent.com/Textualize/rich/refs/heads/main/rich/__init__.py
-> ✅ 原始碼下載成功。
-> 🧪 [深度融合] 正在將全球開源碼熔鑄至本地模組: RichAuto
-> 💾 寫入硬碟成功: manufacturing_hub/richauto_auto_fused.py
-> 🔍 [品質檢驗] 檢查模組語法: manufacturing_hub/richauto_auto_fused.py
-> 🎉 語法檢驗完美通過！
========================================
-> 🌍 [自動守護採購] 正在下載原始碼: https://raw.githubusercontent.com/pydantic/pydantic/refs/heads/main/pydantic/__init__.py
-> ✅ 原始碼下載成功。
-> 🧪 [深度融合] 正在將全球開源碼熔鑄至本地模組: PydanticAuto
-> 💾 寫入硬碟成功: manufacturing_hub/pydanticauto_auto_fused.py
-> 🔍 [品質檢驗] 檢查模組語法: manufacturing_hub/pydanticauto_auto_fused.py
-> 🎉 語法檢驗完美通過！

-> 💤 本輪巡航完畢。進入自動休眠，等待 30 秒後進行下一輪...

[2026-08-25 18:29:08] -> 🔄 開始新一輪全球開源專案自動巡航...
========================================
-> 🌍 [自動守護採購] 正在下載原始碼: https://raw.githubusercontent.com/psf/requests/refs/heads/main/src/requests/__init__.py
-> ✅ 原始碼下載成功。
-> 🧪 [深度融合] 正在將全球開源碼熔鑄至本地模組: RequestsAuto
-> 💾 寫入硬碟成功: manufacturing_hub/requestsauto_auto_fused.py
-> 🔍 [品質檢驗] 檢查模組語法: manufacturing_hub/requestsauto_auto_fused.py
-> 🎉 語法檢驗完美通過！
========================================
-> 🌍 [自動守護採購] 正在下載原始碼: https://raw.githubusercontent.com/fastapi/fastapi/refs/heads/master/fastapi/__init__.py
-> ✅ 原始碼下載成功。
-> 🧪 [深度融合] 正在將全球開源碼熔鑄至本地模組: FastAPIAuto
-> 💾 寫入硬碟成功: manufacturing_hub/fastapiauto_auto_fused.py
-> 🔍 [品質檢驗] 檢查模組語法: manufacturing_hub/fastapiauto_auto_fused.py
-> 🎉 語法檢驗完美通過！
========================================
-> 🌍 [自動守護採購] 正在下載原始碼: https://raw.githubusercontent.com/pallets/flask/refs/heads/main/src/flask/__init__.py
-> ✅ 原始碼下載成功。
-> 🧪 [深度融合] 正在將全球開源碼熔鑄至本地模組: FlaskAuto
-> 💾 寫入硬碟成功: manufacturing_hub/flaskauto_auto_fused.py
-> 🔍 [品質檢驗] 檢查模組語法: manufacturing_hub/flaskauto_auto_fused.py
-> 🎉 語法檢驗完美通過！
========================================
-> 🌍 [自動守護採購] 正在下載原始碼: https://raw.githubusercontent.com/pallets/click/refs/heads/main/src/click/__init__.py
-> ✅ 原始碼下載成功。
-> 🧪 [深度融合] 正在將全球開源碼熔鑄至本地模組: ClickAuto
-> 💾 寫入硬碟成功: manufacturing_hub/clickauto_auto_fused.py
-> 🔍 [品質檢驗] 檢查模組語法: manufacturing_hub/clickauto_auto_fused.py
-> 🎉 語法檢驗完美通過！
========================================
-> 🌍 [自動守護採購] 正在下載原始碼: https://raw.githubusercontent.com/Textualize/rich/refs/heads/main/rich/__init__.py
-> ✅ 原始碼下載成功。
-> 🧪 [深度融合] 正在將全球開源碼熔鑄至本地模組: RichAuto
-> 💾 寫入硬碟成功: manufacturing_hub/richauto_auto_fused.py
-> 🔍 [品質檢驗] 檢查模組語法: manufacturing_hub/richauto_auto_fused.py
-> 🎉 語法檢驗完美通過！
========================================
-> 🌍 [自動守護採購] 正在下載原始碼: https://raw.githubusercontent.com/pydantic/pydantic/refs/heads/main/pydantic/__init__.py
-> ✅ 原始碼下載成功。
-> 🧪 [深度融合] 正在將全球開源碼熔鑄至本地模組: PydanticAuto
-> 💾 寫入硬碟成功: manufacturing_hub/pydanticauto_auto_fused.py
-> 🔍 [品質檢驗] 檢查模組語法: manufacturing_hub/pydanticauto_auto_fused.py
-> 🎉 語法檢驗完美通過！

-> 💤 本輪巡航完畢。進入自動休眠，等待 30 秒後進行下一輪...

[2026-08-25 18:29:42] -> 🔄 開始新一輪全球開源專案自動巡航...
========================================
-> 🌍 [自動守護採購] 正在下載原始碼: https://raw.githubusercontent.com/psf/requests/refs/heads/main/src/requests/__init__.py
-> ✅ 原始碼下載成功。
-> 🧪 [深度融合] 正在將全球開源碼熔鑄至本地模組: RequestsAuto
-> 💾 寫入硬碟成功: manufacturing_hub/requestsauto_auto_fused.py
-> 🔍 [品質檢驗] 檢查模組語法: manufacturing_hub/requestsauto_auto_fused.py
-> 🎉 語法檢驗完美通過！
========================================
-> 🌍 [自動守護採購] 正在下載原始碼: https://raw.githubusercontent.com/fastapi/fastapi/refs/heads/master/fastapi/__init__.py
-> ✅ 原始碼下載成功。
-> 🧪 [深度融合] 正在將全球開源碼熔鑄至本地模組: FastAPIAuto
-> 💾 寫入硬碟成功: manufacturing_hub/fastapiauto_auto_fused.py
-> 🔍 [品質檢驗] 檢查模組語法: manufacturing_hub/fastapiauto_auto_fused.py
-> 🎉 語法檢驗完美通過！
========================================
-> 🌍 [自動守護採購] 正在下載原始碼: https://raw.githubusercontent.com/pallets/flask/refs/heads/main/src/flask/__init__.py
-> ✅ 原始碼下載成功。
-> 🧪 [深度融合] 正在將全球開源碼熔鑄至本地模組: FlaskAuto
-> 💾 寫入硬碟成功: manufacturing_hub/flaskauto_auto_fused.py
-> 🔍 [品質檢驗] 檢查模組語法: manufacturing_hub/flaskauto_auto_fused.py
-> 🎉 語法檢驗完美通過！
========================================
-> 🌍 [自動守護採購] 正在下載原始碼: https://raw.githubusercontent.com/pallets/click/refs/heads/main/src/click/__init__.py
-> ✅ 原始碼下載成功。
-> 🧪 [深度融合] 正在將全球開源碼熔鑄至本地模組: ClickAuto
-> 💾 寫入硬碟成功: manufacturing_hub/clickauto_auto_fused.py
-> 🔍 [品質檢驗] 檢查模組語法: manufacturing_hub/clickauto_auto_fused.py
-> 🎉 語法檢驗完美通過！
========================================
-> 🌍 [自動守護採購] 正在下載原始碼: https://raw.githubusercontent.com/Textualize/rich/refs/heads/main/rich/__init__.py
-> ✅ 原始碼下載成功。
-> 🧪 [深度融合] 正在將全球開源碼熔鑄至本地模組: RichAuto
-> 💾 寫入硬碟成功: manufacturing_hub/richauto_auto_fused.py
-> 🔍 [品質檢驗] 檢查模組語法: manufacturing_hub/richauto_auto_fused.py
-> 🎉 語法檢驗完美通過！
========================================
-> 🌍 [自動守護採購] 正在下載原始碼: https://raw.githubusercontent.com/pydantic/pydantic/refs/heads/main/pydantic/__init__.py
-> ✅ 原始碼下載成功。
-> 🧪 [深度融合] 正在將全球開源碼熔鑄至本地模組: PydanticAuto
-> 💾 寫入硬碟成功: manufacturing_hub/pydanticauto_auto_fused.py
-> 🔍 [品質檢驗] 檢查模組語法: manufacturing_hub/pydanticauto_auto_fused.py
-> 🎉 語法檢驗完美通過！

-> 💤 本輪巡航完畢。進入自動休眠，等待 30 秒後進行下一輪...

[2026-08-25 18:30:17] -> 🔄 開始新一輪全球開源專案自動巡航...
========================================
-> 🌍 [自動守護採購] 正在下載原始碼: https://raw.githubusercontent.com/psf/requests/refs/heads/main/src/requests/__init__.py
-> ✅ 原始碼下載成功。
-> 🧪 [深度融合] 正在將全球開源碼熔鑄至本地模組: RequestsAuto
-> 💾 寫入硬碟成功: manufacturing_hub/requestsauto_auto_fused.py
-> 🔍 [品質檢驗] 檢查模組語法: manufacturing_hub/requestsauto_auto_fused.py
-> 🎉 語法檢驗完美通過！
========================================
-> 🌍 [自動守護採購] 正在下載原始碼: https://raw.githubusercontent.com/fastapi/fastapi/refs/heads/master/fastapi/__init__.py
-> ✅ 原始碼下載成功。
-> 🧪 [深度融合] 正在將全球開源碼熔鑄至本地模組: FastAPIAuto
-> 💾 寫入硬碟成功: manufacturing_hub/fastapiauto_auto_fused.py
-> 🔍 [品質檢驗] 檢查模組語法: manufacturing_hub/fastapiauto_auto_fused.py
-> 🎉 語法檢驗完美通過！
========================================
-> 🌍 [自動守護採購] 正在下載原始碼: https://raw.githubusercontent.com/pallets/flask/refs/heads/main/src/flask/__init__.py
-> ✅ 原始碼下載成功。
-> 🧪 [深度融合] 正在將全球開源碼熔鑄至本地模組: FlaskAuto
-> 💾 寫入硬碟成功: manufacturing_hub/flaskauto_auto_fused.py
-> 🔍 [品質檢驗] 檢查模組語法: manufacturing_hub/flaskauto_auto_fused.py
-> 🎉 語法檢驗完美通過！
========================================
-> 🌍 [自動守護採購] 正在下載原始碼: https://raw.githubusercontent.com/pallets/click/refs/heads/main/src/click/__init__.py
-> ✅ 原始碼下載成功。
-> 🧪 [深度融合] 正在將全球開源碼熔鑄至本地模組: ClickAuto
-> 💾 寫入硬碟成功: manufacturing_hub/clickauto_auto_fused.py
-> 🔍 [品質檢驗] 檢查模組語法: manufacturing_hub/clickauto_auto_fused.py
-> 🎉 語法檢驗完美通過！
========================================
-> 🌍 [自動守護採購] 正在下載原始碼: https://raw.githubusercontent.com/Textualize/rich/refs/heads/main/rich/__init__.py
-> ✅ 原始碼下載成功。
-> 🧪 [深度融合] 正在將全球開源碼熔鑄至本地模組: RichAuto
-> 💾 寫入硬碟成功: manufacturing_hub/richauto_auto_fused.py
-> 🔍 [品質檢驗] 檢查模組語法: manufacturing_hub/richauto_auto_fused.py
-> 🎉 語法檢驗完美通過！
========================================
-> 🌍 [自動守護採購] 正在下載原始碼: https://raw.githubusercontent.com/pydantic/pydantic/refs/heads/main/pydantic/__init__.py
-> ✅ 原始碼下載成功。
-> 🧪 [深度融合] 正在將全球開源碼熔鑄至本地模組: PydanticAuto
-> 💾 寫入硬碟成功: manufacturing_hub/pydanticauto_auto_fused.py
-> 🔍 [品質檢驗] 檢查模組語法: manufacturing_hub/pydanticauto_auto_fused.py
-> 🎉 語法檢驗完美通過！

-> 💤 本輪巡航完畢。進入自動休眠，等待 30 秒後進行下一輪...

[2026-08-25 18:30:50] -> 🔄 開始新一輪全球開源專案自動巡航...
========================================
-> 🌍 [自動守護採購] 正在下載原始碼: https://raw.githubusercontent.com/psf/requests/refs/heads/main/src/requests/__init__.py
-> ✅ 原始碼下載成功。
-> 🧪 [深度融合] 正在將全球開源碼熔鑄至本地模組: RequestsAuto
-> 💾 寫入硬碟成功: manufacturing_hub/requestsauto_auto_fused.py
-> 🔍 [品質檢驗] 檢查模組語法: manufacturing_hub/requestsauto_auto_fused.py
-> 🎉 語法檢驗完美通過！
========================================
-> 🌍 [自動守護採購] 正在下載原始碼: https://raw.githubusercontent.com/fastapi/fastapi/refs/heads/master/fastapi/__init__.py
-> ✅ 原始碼下載成功。
-> 🧪 [深度融合] 正在將全球開源碼熔鑄至本地模組: FastAPIAuto
-> 💾 寫入硬碟成功: manufacturing_hub/fastapiauto_auto_fused.py
-> 🔍 [品質檢驗] 檢查模組語法: manufacturing_hub/fastapiauto_auto_fused.py
-> 🎉 語法檢驗完美通過！
========================================
-> 🌍 [自動守護採購] 正在下載原始碼: https://raw.githubusercontent.com/pallets/flask/refs/heads/main/src/flask/__init__.py
-> ✅ 原始碼下載成功。
-> 🧪 [深度融合] 正在將全球開源碼熔鑄至本地模組: FlaskAuto
-> 💾 寫入硬碟成功: manufacturing_hub/flaskauto_auto_fused.py
-> 🔍 [品質檢驗] 檢查模組語法: manufacturing_hub/flaskauto_auto_fused.py
-> 🎉 語法檢驗完美通過！
========================================
-> 🌍 [自動守護採購] 正在下載原始碼: https://raw.githubusercontent.com/pallets/click/refs/heads/main/src/click/__init__.py
-> ✅ 原始碼下載成功。
-> 🧪 [深度融合] 正在將全球開源碼熔鑄至本地模組: ClickAuto
-> 💾 寫入硬碟成功: manufacturing_hub/clickauto_auto_fused.py
-> 🔍 [品質檢驗] 檢查模組語法: manufacturing_hub/clickauto_auto_fused.py
-> 🎉 語法檢驗完美通過！
========================================
-> 🌍 [自動守護採購] 正在下載原始碼: https://raw.githubusercontent.com/Textualize/rich/refs/heads/main/rich/__init__.py
-> ✅ 原始碼下載成功。
-> 🧪 [深度融合] 正在將全球開源碼熔鑄至本地模組: RichAuto
-> 💾 寫入硬碟成功: manufacturing_hub/richauto_auto_fused.py
-> 🔍 [品質檢驗] 檢查模組語法: manufacturing_hub/richauto_auto_fused.py
-> 🎉 語法檢驗完美通過！
========================================
-> 🌍 [自動守護採購] 正在下載原始碼: https://raw.githubusercontent.com/pydantic/pydantic/refs/heads/main/pydantic/__init__.py
-> ✅ 原始碼下載成功。
-> 🧪 [深度融合] 正在將全球開源碼熔鑄至本地模組: PydanticAuto
-> 💾 寫入硬碟成功: manufacturing_hub/pydanticauto_auto_fused.py
-> 🔍 [品質檢驗] 檢查模組語法: manufacturing_hub/pydanticauto_auto_fused.py
-> 🎉 語法檢驗完美通過！

-> 💤 本輪巡航完畢。進入自動休眠，等待 30 秒後進行下一輪...

[2026-08-25 18:31:26] -> 🔄 開始新一輪全球開源專案自動巡航...
========================================
-> 🌍 [自動守護採購] 正在下載原始碼: https://raw.githubusercontent.com/psf/requests/refs/heads/main/src/requests/__init__.py
-> ✅ 原始碼下載成功。
-> 🧪 [深度融合] 正在將全球開源碼熔鑄至本地模組: RequestsAuto
-> 💾 寫入硬碟成功: manufacturing_hub/requestsauto_auto_fused.py
-> 🔍 [品質檢驗] 檢查模組語法: manufacturing_hub/requestsauto_auto_fused.py
-> 🎉 語法檢驗完美通過！
========================================
-> 🌍 [自動守護採購] 正在下載原始碼: https://raw.githubusercontent.com/fastapi/fastapi/refs/heads/master/fastapi/__init__.py
-> ✅ 原始碼下載成功。
-> 🧪 [深度融合] 正在將全球開源碼熔鑄至本地模組: FastAPIAuto
-> 💾 寫入硬碟成功: manufacturing_hub/fastapiauto_auto_fused.py
-> 🔍 [品質檢驗] 檢查模組語法: manufacturing_hub/fastapiauto_auto_fused.py
-> 🎉 語法檢驗完美通過！
========================================
-> 🌍 [自動守護採購] 正在下載原始碼: https://raw.githubusercontent.com/pallets/flask/refs/heads/main/src/flask/__init__.py
-> ✅ 原始碼下載成功。
-> 🧪 [深度融合] 正在將全球開源碼熔鑄至本地模組: FlaskAuto
-> 💾 寫入硬碟成功: manufacturing_hub/flaskauto_auto_fused.py
-> 🔍 [品質檢驗] 檢查模組語法: manufacturing_hub/flaskauto_auto_fused.py
-> 🎉 語法檢驗完美通過！
========================================
-> 🌍 [自動守護採購] 正在下載原始碼: https://raw.githubusercontent.com/pallets/click/refs/heads/main/src/click/__init__.py
-> ✅ 原始碼下載成功。
-> 🧪 [深度融合] 正在將全球開源碼熔鑄至本地模組: ClickAuto
-> 💾 寫入硬碟成功: manufacturing_hub/clickauto_auto_fused.py
-> 🔍 [品質檢驗] 檢查模組語法: manufacturing_hub/clickauto_auto_fused.py
-> 🎉 語法檢驗完美通過！
========================================
-> 🌍 [自動守護採購] 正在下載原始碼: https://raw.githubusercontent.com/Textualize/rich/refs/heads/main/rich/__init__.py
-> ✅ 原始碼下載成功。
-> 🧪 [深度融合] 正在將全球開源碼熔鑄至本地模組: RichAuto
-> 💾 寫入硬碟成功: manufacturing_hub/richauto_auto_fused.py
-> 🔍 [品質檢驗] 檢查模組語法: manufacturing_hub/richauto_auto_fused.py
-> 🎉 語法檢驗完美通過！
========================================
-> 🌍 [自動守護採購] 正在下載原始碼: https://raw.githubusercontent.com/pydantic/pydantic/refs/heads/main/pydantic/__init__.py
-> ✅ 原始碼下載成功。
-> 🧪 [深度融合] 正在將全球開源碼熔鑄至本地模組: PydanticAuto
-> 💾 寫入硬碟成功: manufacturing_hub/pydanticauto_auto_fused.py
-> 🔍 [品質檢驗] 檢查模組語法: manufacturing_hub/pydanticauto_auto_fused.py
-> 🎉 語法檢驗完美通過！

-> 💤 本輪巡航完畢。進入自動休眠，等待 30 秒後進行下一輪...

[2026-08-25 18:32:03] -> 🔄 開始新一輪全球開源專案自動巡航...
========================================
-> 🌍 [自動守護採購] 正在下載原始碼: https://raw.githubusercontent.com/psf/requests/refs/heads/main/src/requests/__init__.py
-> ✅ 原始碼下載成功。
-> 🧪 [深度融合] 正在將全球開源碼熔鑄至本地模組: RequestsAuto
-> 💾 寫入硬碟成功: manufacturing_hub/requestsauto_auto_fused.py
-> 🔍 [品質檢驗] 檢查模組語法: manufacturing_hub/requestsauto_auto_fused.py
-> 🎉 語法檢驗完美通過！
========================================
-> 🌍 [自動守護採購] 正在下載原始碼: https://raw.githubusercontent.com/fastapi/fastapi/refs/heads/master/fastapi/__init__.py
-> ✅ 原始碼下載成功。
-> 🧪 [深度融合] 正在將全球開源碼熔鑄至本地模組: FastAPIAuto
-> 💾 寫入硬碟成功: manufacturing_hub/fastapiauto_auto_fused.py
-> 🔍 [品質檢驗] 檢查模組語法: manufacturing_hub/fastapiauto_auto_fused.py
-> 🎉 語法檢驗完美通過！
========================================
-> 🌍 [自動守護採購] 正在下載原始碼: https://raw.githubusercontent.com/pallets/flask/refs/heads/main/src/flask/__init__.py
-> ✅ 原始碼下載成功。
-> 🧪 [深度融合] 正在將全球開源碼熔鑄至本地模組: FlaskAuto
-> 💾 寫入硬碟成功: manufacturing_hub/flaskauto_auto_fused.py
-> 🔍 [品質檢驗] 檢查模組語法: manufacturing_hub/flaskauto_auto_fused.py
-> 🎉 語法檢驗完美通過！
========================================
-> 🌍 [自動守護採購] 正在下載原始碼: https://raw.githubusercontent.com/pallets/click/refs/heads/main/src/click/__init__.py
-> ✅ 原始碼下載成功。
-> 🧪 [深度融合] 正在將全球開源碼熔鑄至本地模組: ClickAuto
-> 💾 寫入硬碟成功: manufacturing_hub/clickauto_auto_fused.py
-> 🔍 [品質檢驗] 檢查模組語法: manufacturing_hub/clickauto_auto_fused.py
-> 🎉 語法檢驗完美通過！
========================================
-> 🌍 [自動守護採購] 正在下載原始碼: https://raw.githubusercontent.com/Textualize/rich/refs/heads/main/rich/__init__.py
-> ✅ 原始碼下載成功。
-> 🧪 [深度融合] 正在將全球開源碼熔鑄至本地模組: RichAuto
-> 💾 寫入硬碟成功: manufacturing_hub/richauto_auto_fused.py
-> 🔍 [品質檢驗] 檢查模組語法: manufacturing_hub/richauto_auto_fused.py
-> 🎉 語法檢驗完美通過！
========================================
-> 🌍 [自動守護採購] 正在下載原始碼: https://raw.githubusercontent.com/pydantic/pydantic/refs/heads/main/pydantic/__init__.py
-> ✅ 原始碼下載成功。
-> 🧪 [深度融合] 正在將全球開源碼熔鑄至本地模組: PydanticAuto
-> 💾 寫入硬碟成功: manufacturing_hub/pydanticauto_auto_fused.py
-> 🔍 [品質檢驗] 檢查模組語法: manufacturing_hub/pydanticauto_auto_fused.py
-> 🎉 語法檢驗完美通過！

-> 💤 本輪巡航完畢。進入自動休眠，等待 30 秒後進行下一輪...

[2026-08-25 18:32:40] -> 🔄 開始新一輪全球開源專案自動巡航...
========================================
-> 🌍 [自動守護採購] 正在下載原始碼: https://raw.githubusercontent.com/psf/requests/refs/heads/main/src/requests/__init__.py
-> ✅ 原始碼下載成功。
-> 🧪 [深度融合] 正在將全球開源碼熔鑄至本地模組: RequestsAuto
-> 💾 寫入硬碟成功: manufacturing_hub/requestsauto_auto_fused.py
-> 🔍 [品質檢驗] 檢查模組語法: manufacturing_hub/requestsauto_auto_fused.py
-> 🎉 語法檢驗完美通過！
========================================
-> 🌍 [自動守護採購] 正在下載原始碼: https://raw.githubusercontent.com/fastapi/fastapi/refs/heads/master/fastapi/__init__.py
-> ✅ 原始碼下載成功。
-> 🧪 [深度融合] 正在將全球開源碼熔鑄至本地模組: FastAPIAuto
-> 💾 寫入硬碟成功: manufacturing_hub/fastapiauto_auto_fused.py
-> 🔍 [品質檢驗] 檢查模組語法: manufacturing_hub/fastapiauto_auto_fused.py
-> 🎉 語法檢驗完美通過！
========================================
-> 🌍 [自動守護採購] 正在下載原始碼: https://raw.githubusercontent.com/pallets/flask/refs/heads/main/src/flask/__init__.py
-> ✅ 原始碼下載成功。
-> 🧪 [深度融合] 正在將全球開源碼熔鑄至本地模組: FlaskAuto
-> 💾 寫入硬碟成功: manufacturing_hub/flaskauto_auto_fused.py
-> 🔍 [品質檢驗] 檢查模組語法: manufacturing_hub/flaskauto_auto_fused.py
-> 🎉 語法檢驗完美通過！
========================================
-> 🌍 [自動守護採購] 正在下載原始碼: https://raw.githubusercontent.com/pallets/click/refs/heads/main/src/click/__init__.py
-> ✅ 原始碼下載成功。
-> 🧪 [深度融合] 正在將全球開源碼熔鑄至本地模組: ClickAuto
-> 💾 寫入硬碟成功: manufacturing_hub/clickauto_auto_fused.py
-> 🔍 [品質檢驗] 檢查模組語法: manufacturing_hub/clickauto_auto_fused.py
-> 🎉 語法檢驗完美通過！
========================================
-> 🌍 [自動守護採購] 正在下載原始碼: https://raw.githubusercontent.com/Textualize/rich/refs/heads/main/rich/__init__.py
-> ✅ 原始碼下載成功。
-> 🧪 [深度融合] 正在將全球開源碼熔鑄至本地模組: RichAuto
-> 💾 寫入硬碟成功: manufacturing_hub/richauto_auto_fused.py
-> 🔍 [品質檢驗] 檢查模組語法: manufacturing_hub/richauto_auto_fused.py
-> 🎉 語法檢驗完美通過！
========================================
-> 🌍 [自動守護採購] 正在下載原始碼: https://raw.githubusercontent.com/pydantic/pydantic/refs/heads/main/pydantic/__init__.py
-> ✅ 原始碼下載成功。
-> 🧪 [深度融合] 正在將全球開源碼熔鑄至本地模組: PydanticAuto
-> 💾 寫入硬碟成功: manufacturing_hub/pydanticauto_auto_fused.py
-> 🔍 [品質檢驗] 檢查模組語法: manufacturing_hub/pydanticauto_auto_fused.py
-> 🎉 語法檢驗完美通過！

-> 💤 本輪巡航完畢。進入自動休眠，等待 30 秒後進行下一輪...

[2026-08-25 18:33:13] -> 🔄 開始新一輪全球開源專案自動巡航...
========================================
-> 🌍 [自動守護採購] 正在下載原始碼: https://raw.githubusercontent.com/psf/requests/refs/heads/main/src/requests/__init__.py
-> ✅ 原始碼下載成功。
-> 🧪 [深度融合] 正在將全球開源碼熔鑄至本地模組: RequestsAuto
-> 💾 寫入硬碟成功: manufacturing_hub/requestsauto_auto_fused.py
-> 🔍 [品質檢驗] 檢查模組語法: manufacturing_hub/requestsauto_auto_fused.py
-> 🎉 語法檢驗完美通過！
========================================
-> 🌍 [自動守護採購] 正在下載原始碼: https://raw.githubusercontent.com/fastapi/fastapi/refs/heads/master/fastapi/__init__.py
-> ✅ 原始碼下載成功。
-> 🧪 [深度融合] 正在將全球開源碼熔鑄至本地模組: FastAPIAuto
-> 💾 寫入硬碟成功: manufacturing_hub/fastapiauto_auto_fused.py
-> 🔍 [品質檢驗] 檢查模組語法: manufacturing_hub/fastapiauto_auto_fused.py
-> 🎉 語法檢驗完美通過！
========================================
-> 🌍 [自動守護採購] 正在下載原始碼: https://raw.githubusercontent.com/pallets/flask/refs/heads/main/src/flask/__init__.py
-> ✅ 原始碼下載成功。
-> 🧪 [深度融合] 正在將全球開源碼熔鑄至本地模組: FlaskAuto
-> 💾 寫入硬碟成功: manufacturing_hub/flaskauto_auto_fused.py
-> 🔍 [品質檢驗] 檢查模組語法: manufacturing_hub/flaskauto_auto_fused.py
-> 🎉 語法檢驗完美通過！
========================================
-> 🌍 [自動守護採購] 正在下載原始碼: https://raw.githubusercontent.com/pallets/click/refs/heads/main/src/click/__init__.py
-> ✅ 原始碼下載成功。
-> 🧪 [深度融合] 正在將全球開源碼熔鑄至本地模組: ClickAuto
-> 💾 寫入硬碟成功: manufacturing_hub/clickauto_auto_fused.py
-> 🔍 [品質檢驗] 檢查模組語法: manufacturing_hub/clickauto_auto_fused.py
-> 🎉 語法檢驗完美通過！
========================================
-> 🌍 [自動守護採購] 正在下載原始碼: https://raw.githubusercontent.com/Textualize/rich/refs/heads/main/rich/__init__.py
-> ✅ 原始碼下載成功。
-> 🧪 [深度融合] 正在將全球開源碼熔鑄至本地模組: RichAuto
-> 💾 寫入硬碟成功: manufacturing_hub/richauto_auto_fused.py
-> 🔍 [品質檢驗] 檢查模組語法: manufacturing_hub/richauto_auto_fused.py
-> 🎉 語法檢驗完美通過！
========================================
-> 🌍 [自動守護採購] 正在下載原始碼: https://raw.githubusercontent.com/pydantic/pydantic/refs/heads/main/pydantic/__init__.py
-> ✅ 原始碼下載成功。
-> 🧪 [深度融合] 正在將全球開源碼熔鑄至本地模組: PydanticAuto
-> 💾 寫入硬碟成功: manufacturing_hub/pydanticauto_auto_fused.py
-> 🔍 [品質檢驗] 檢查模組語法: manufacturing_hub/pydanticauto_auto_fused.py
-> 🎉 語法檢驗完美通過！

-> 💤 本輪巡航完畢。進入自動休眠，等待 30 秒後進行下一輪...

[2026-08-25 18:33:49] -> 🔄 開始新一輪全球開源專案自動巡航...
========================================
-> 🌍 [自動守護採購] 正在下載原始碼: https://raw.githubusercontent.com/psf/requests/refs/heads/main/src/requests/__init__.py
-> ✅ 原始碼下載成功。
-> 🧪 [深度融合] 正在將全球開源碼熔鑄至本地模組: RequestsAuto
-> 💾 寫入硬碟成功: manufacturing_hub/requestsauto_auto_fused.py
-> 🔍 [品質檢驗] 檢查模組語法: manufacturing_hub/requestsauto_auto_fused.py
-> 🎉 語法檢驗完美通過！
========================================
-> 🌍 [自動守護採購] 正在下載原始碼: https://raw.githubusercontent.com/fastapi/fastapi/refs/heads/master/fastapi/__init__.py
-> ✅ 原始碼下載成功。
-> 🧪 [深度融合] 正在將全球開源碼熔鑄至本地模組: FastAPIAuto
-> 💾 寫入硬碟成功: manufacturing_hub/fastapiauto_auto_fused.py
-> 🔍 [品質檢驗] 檢查模組語法: manufacturing_hub/fastapiauto_auto_fused.py
-> 🎉 語法檢驗完美通過！
========================================
-> 🌍 [自動守護採購] 正在下載原始碼: https://raw.githubusercontent.com/pallets/flask/refs/heads/main/src/flask/__init__.py
-> ✅ 原始碼下載成功。
-> 🧪 [深度融合] 正在將全球開源碼熔鑄至本地模組: FlaskAuto
-> 💾 寫入硬碟成功: manufacturing_hub/flaskauto_auto_fused.py
-> 🔍 [品質檢驗] 檢查模組語法: manufacturing_hub/flaskauto_auto_fused.py
-> 🎉 語法檢驗完美通過！
========================================
-> 🌍 [自動守護採購] 正在下載原始碼: https://raw.githubusercontent.com/pallets/click/refs/heads/main/src/click/__init__.py
-> ✅ 原始碼下載成功。
-> 🧪 [深度融合] 正在將全球開源碼熔鑄至本地模組: ClickAuto
-> 💾 寫入硬碟成功: manufacturing_hub/clickauto_auto_fused.py
-> 🔍 [品質檢驗] 檢查模組語法: manufacturing_hub/clickauto_auto_fused.py
-> 🎉 語法檢驗完美通過！
========================================
-> 🌍 [自動守護採購] 正在下載原始碼: https://raw.githubusercontent.com/Textualize/rich/refs/heads/main/rich/__init__.py
-> ✅ 原始碼下載成功。
-> 🧪 [深度融合] 正在將全球開源碼熔鑄至本地模組: RichAuto
-> 💾 寫入硬碟成功: manufacturing_hub/richauto_auto_fused.py
-> 🔍 [品質檢驗] 檢查模組語法: manufacturing_hub/richauto_auto_fused.py
-> 🎉 語法檢驗完美通過！
========================================
-> 🌍 [自動守護採購] 正在下載原始碼: https://raw.githubusercontent.com/pydantic/pydantic/refs/heads/main/pydantic/__init__.py
-> ✅ 原始碼下載成功。
-> 🧪 [深度融合] 正在將全球開源碼熔鑄至本地模組: PydanticAuto
-> 💾 寫入硬碟成功: manufacturing_hub/pydanticauto_auto_fused.py
-> 🔍 [品質檢驗] 檢查模組語法: manufacturing_hub/pydanticauto_auto_fused.py
-> 🎉 語法檢驗完美通過！

-> 💤 本輪巡航完畢。進入自動休眠，等待 30 秒後進行下一輪...

[2026-08-25 18:34:22] -> 🔄 開始新一輪全球開源專案自動巡航...
========================================
-> 🌍 [自動守護採購] 正在下載原始碼: https://raw.githubusercontent.com/psf/requests/refs/heads/main/src/requests/__init__.py
-> ✅ 原始碼下載成功。
-> 🧪 [深度融合] 正在將全球開源碼熔鑄至本地模組: RequestsAuto
-> 💾 寫入硬碟成功: manufacturing_hub/requestsauto_auto_fused.py
-> 🔍 [品質檢驗] 檢查模組語法: manufacturing_hub/requestsauto_auto_fused.py
-> 🎉 語法檢驗完美通過！
========================================
-> 🌍 [自動守護採購] 正在下載原始碼: https://raw.githubusercontent.com/fastapi/fastapi/refs/heads/master/fastapi/__init__.py
-> ✅ 原始碼下載成功。
-> 🧪 [深度融合] 正在將全球開源碼熔鑄至本地模組: FastAPIAuto
-> 💾 寫入硬碟成功: manufacturing_hub/fastapiauto_auto_fused.py
-> 🔍 [品質檢驗] 檢查模組語法: manufacturing_hub/fastapiauto_auto_fused.py
-> 🎉 語法檢驗完美通過！
========================================
-> 🌍 [自動守護採購] 正在下載原始碼: https://raw.githubusercontent.com/pallets/flask/refs/heads/main/src/flask/__init__.py
-> ✅ 原始碼下載成功。
-> 🧪 [深度融合] 正在將全球開源碼熔鑄至本地模組: FlaskAuto
-> 💾 寫入硬碟成功: manufacturing_hub/flaskauto_auto_fused.py
-> 🔍 [品質檢驗] 檢查模組語法: manufacturing_hub/flaskauto_auto_fused.py
-> 🎉 語法檢驗完美通過！
========================================
-> 🌍 [自動守護採購] 正在下載原始碼: https://raw.githubusercontent.com/pallets/click/refs/heads/main/src/click/__init__.py
-> ✅ 原始碼下載成功。
-> 🧪 [深度融合] 正在將全球開源碼熔鑄至本地模組: ClickAuto
-> 💾 寫入硬碟成功: manufacturing_hub/clickauto_auto_fused.py
-> 🔍 [品質檢驗] 檢查模組語法: manufacturing_hub/clickauto_auto_fused.py
-> 🎉 語法檢驗完美通過！
========================================
-> 🌍 [自動守護採購] 正在下載原始碼: https://raw.githubusercontent.com/Textualize/rich/refs/heads/main/rich/__init__.py
-> ✅ 原始碼下載成功。
-> 🧪 [深度融合] 正在將全球開源碼熔鑄至本地模組: RichAuto
-> 💾 寫入硬碟成功: manufacturing_hub/richauto_auto_fused.py
-> 🔍 [品質檢驗] 檢查模組語法: manufacturing_hub/richauto_auto_fused.py
-> 🎉 語法檢驗完美通過！
========================================
-> 🌍 [自動守護採購] 正在下載原始碼: https://raw.githubusercontent.com/pydantic/pydantic/refs/heads/main/pydantic/__init__.py
-> ✅ 原始碼下載成功。
-> 🧪 [深度融合] 正在將全球開源碼熔鑄至本地模組: PydanticAuto
-> 💾 寫入硬碟成功: manufacturing_hub/pydanticauto_auto_fused.py
-> 🔍 [品質檢驗] 檢查模組語法: manufacturing_hub/pydanticauto_auto_fused.py
-> 🎉 語法檢驗完美通過！

-> 💤 本輪巡航完畢。進入自動休眠，等待 30 秒後進行下一輪...

[2026-08-25 18:34:56] -> 🔄 開始新一輪全球開源專案自動巡航...
========================================
-> 🌍 [自動守護採購] 正在下載原始碼: https://raw.githubusercontent.com/psf/requests/refs/heads/main/src/requests/__init__.py
-> ✅ 原始碼下載成功。
-> 🧪 [深度融合] 正在將全球開源碼熔鑄至本地模組: RequestsAuto
-> 💾 寫入硬碟成功: manufacturing_hub/requestsauto_auto_fused.py
-> 🔍 [品質檢驗] 檢查模組語法: manufacturing_hub/requestsauto_auto_fused.py
-> 🎉 語法檢驗完美通過！
========================================
-> 🌍 [自動守護採購] 正在下載原始碼: https://raw.githubusercontent.com/fastapi/fastapi/refs/heads/master/fastapi/__init__.py
-> ✅ 原始碼下載成功。
-> 🧪 [深度融合] 正在將全球開源碼熔鑄至本地模組: FastAPIAuto
-> 💾 寫入硬碟成功: manufacturing_hub/fastapiauto_auto_fused.py
-> 🔍 [品質檢驗] 檢查模組語法: manufacturing_hub/fastapiauto_auto_fused.py
-> 🎉 語法檢驗完美通過！
========================================
-> 🌍 [自動守護採購] 正在下載原始碼: https://raw.githubusercontent.com/pallets/flask/refs/heads/main/src/flask/__init__.py
-> ✅ 原始碼下載成功。
-> 🧪 [深度融合] 正在將全球開源碼熔鑄至本地模組: FlaskAuto
-> 💾 寫入硬碟成功: manufacturing_hub/flaskauto_auto_fused.py
-> 🔍 [品質檢驗] 檢查模組語法: manufacturing_hub/flaskauto_auto_fused.py
-> 🎉 語法檢驗完美通過！
========================================
-> 🌍 [自動守護採購] 正在下載原始碼: https://raw.githubusercontent.com/pallets/click/refs/heads/main/src/click/__init__.py
-> ✅ 原始碼下載成功。
-> 🧪 [深度融合] 正在將全球開源碼熔鑄至本地模組: ClickAuto
-> 💾 寫入硬碟成功: manufacturing_hub/clickauto_auto_fused.py
-> 🔍 [品質檢驗] 檢查模組語法: manufacturing_hub/clickauto_auto_fused.py
-> 🎉 語法檢驗完美通過！
========================================
-> 🌍 [自動守護採購] 正在下載原始碼: https://raw.githubusercontent.com/Textualize/rich/refs/heads/main/rich/__init__.py
-> ✅ 原始碼下載成功。
-> 🧪 [深度融合] 正在將全球開源碼熔鑄至本地模組: RichAuto
-> 💾 寫入硬碟成功: manufacturing_hub/richauto_auto_fused.py
-> 🔍 [品質檢驗] 檢查模組語法: manufacturing_hub/richauto_auto_fused.py
-> 🎉 語法檢驗完美通過！
========================================
-> 🌍 [自動守護採購] 正在下載原始碼: https://raw.githubusercontent.com/pydantic/pydantic/refs/heads/main/pydantic/__init__.py
-> ✅ 原始碼下載成功。
-> 🧪 [深度融合] 正在將全球開源碼熔鑄至本地模組: PydanticAuto
-> 💾 寫入硬碟成功: manufacturing_hub/pydanticauto_auto_fused.py
-> 🔍 [品質檢驗] 檢查模組語法: manufacturing_hub/pydanticauto_auto_fused.py
-> 🎉 語法檢驗完美通過！

-> 💤 本輪巡航完畢。進入自動休眠，等待 30 秒後進行下一輪...

[2026-08-25 18:35:29] -> 🔄 開始新一輪全球開源專案自動巡航...
========================================
-> 🌍 [自動守護採購] 正在下載原始碼: https://raw.githubusercontent.com/psf/requests/refs/heads/main/src/requests/__init__.py
-> ✅ 原始碼下載成功。
-> 🧪 [深度融合] 正在將全球開源碼熔鑄至本地模組: RequestsAuto
-> 💾 寫入硬碟成功: manufacturing_hub/requestsauto_auto_fused.py
-> 🔍 [品質檢驗] 檢查模組語法: manufacturing_hub/requestsauto_auto_fused.py
-> 🎉 語法檢驗完美通過！
========================================
-> 🌍 [自動守護採購] 正在下載原始碼: https://raw.githubusercontent.com/fastapi/fastapi/refs/heads/master/fastapi/__init__.py
-> ✅ 原始碼下載成功。
-> 🧪 [深度融合] 正在將全球開源碼熔鑄至本地模組: FastAPIAuto
-> 💾 寫入硬碟成功: manufacturing_hub/fastapiauto_auto_fused.py
-> 🔍 [品質檢驗] 檢查模組語法: manufacturing_hub/fastapiauto_auto_fused.py
-> 🎉 語法檢驗完美通過！
========================================
-> 🌍 [自動守護採購] 正在下載原始碼: https://raw.githubusercontent.com/pallets/flask/refs/heads/main/src/flask/__init__.py
-> ✅ 原始碼下載成功。
-> 🧪 [深度融合] 正在將全球開源碼熔鑄至本地模組: FlaskAuto
-> 💾 寫入硬碟成功: manufacturing_hub/flaskauto_auto_fused.py
-> 🔍 [品質檢驗] 檢查模組語法: manufacturing_hub/flaskauto_auto_fused.py
-> 🎉 語法檢驗完美通過！
========================================
-> 🌍 [自動守護採購] 正在下載原始碼: https://raw.githubusercontent.com/pallets/click/refs/heads/main/src/click/__init__.py
-> ✅ 原始碼下載成功。
-> 🧪 [深度融合] 正在將全球開源碼熔鑄至本地模組: ClickAuto
-> 💾 寫入硬碟成功: manufacturing_hub/clickauto_auto_fused.py
-> 🔍 [品質檢驗] 檢查模組語法: manufacturing_hub/clickauto_auto_fused.py
-> 🎉 語法檢驗完美通過！
========================================
-> 🌍 [自動守護採購] 正在下載原始碼: https://raw.githubusercontent.com/Textualize/rich/refs/heads/main/rich/__init__.py
-> ✅ 原始碼下載成功。
-> 🧪 [深度融合] 正在將全球開源碼熔鑄至本地模組: RichAuto
-> 💾 寫入硬碟成功: manufacturing_hub/richauto_auto_fused.py
-> 🔍 [品質檢驗] 檢查模組語法: manufacturing_hub/richauto_auto_fused.py
-> 🎉 語法檢驗完美通過！
========================================
-> 🌍 [自動守護採購] 正在下載原始碼: https://raw.githubusercontent.com/pydantic/pydantic/refs/heads/main/pydantic/__init__.py
-> ✅ 原始碼下載成功。
-> 🧪 [深度融合] 正在將全球開源碼熔鑄至本地模組: PydanticAuto
-> 💾 寫入硬碟成功: manufacturing_hub/pydanticauto_auto_fused.py
-> 🔍 [品質檢驗] 檢查模組語法: manufacturing_hub/pydanticauto_auto_fused.py
-> 🎉 語法檢驗完美通過！

-> 💤 本輪巡航完畢。進入自動休眠，等待 30 秒後進行下一輪...

[2026-08-25 18:36:03] -> 🔄 開始新一輪全球開源專案自動巡航...
========================================
-> 🌍 [自動守護採購] 正在下載原始碼: https://raw.githubusercontent.com/psf/requests/refs/heads/main/src/requests/__init__.py
-> ✅ 原始碼下載成功。
-> 🧪 [深度融合] 正在將全球開源碼熔鑄至本地模組: RequestsAuto
-> 💾 寫入硬碟成功: manufacturing_hub/requestsauto_auto_fused.py
-> 🔍 [品質檢驗] 檢查模組語法: manufacturing_hub/requestsauto_auto_fused.py
-> 🎉 語法檢驗完美通過！
========================================
-> 🌍 [自動守護採購] 正在下載原始碼: https://raw.githubusercontent.com/fastapi/fastapi/refs/heads/master/fastapi/__init__.py
-> ✅ 原始碼下載成功。
-> 🧪 [深度融合] 正在將全球開源碼熔鑄至本地模組: FastAPIAuto
-> 💾 寫入硬碟成功: manufacturing_hub/fastapiauto_auto_fused.py
-> 🔍 [品質檢驗] 檢查模組語法: manufacturing_hub/fastapiauto_auto_fused.py
-> 🎉 語法檢驗完美通過！
========================================
-> 🌍 [自動守護採購] 正在下載原始碼: https://raw.githubusercontent.com/pallets/flask/refs/heads/main/src/flask/__init__.py
-> ✅ 原始碼下載成功。
-> 🧪 [深度融合] 正在將全球開源碼熔鑄至本地模組: FlaskAuto
-> 💾 寫入硬碟成功: manufacturing_hub/flaskauto_auto_fused.py
-> 🔍 [品質檢驗] 檢查模組語法: manufacturing_hub/flaskauto_auto_fused.py
-> 🎉 語法檢驗完美通過！
========================================
-> 🌍 [自動守護採購] 正在下載原始碼: https://raw.githubusercontent.com/pallets/click/refs/heads/main/src/click/__init__.py
-> ✅ 原始碼下載成功。
-> 🧪 [深度融合] 正在將全球開源碼熔鑄至本地模組: ClickAuto
-> 💾 寫入硬碟成功: manufacturing_hub/clickauto_auto_fused.py
-> 🔍 [品質檢驗] 檢查模組語法: manufacturing_hub/clickauto_auto_fused.py
-> 🎉 語法檢驗完美通過！
========================================
-> 🌍 [自動守護採購] 正在下載原始碼: https://raw.githubusercontent.com/Textualize/rich/refs/heads/main/rich/__init__.py
-> ✅ 原始碼下載成功。
-> 🧪 [深度融合] 正在將全球開源碼熔鑄至本地模組: RichAuto
-> 💾 寫入硬碟成功: manufacturing_hub/richauto_auto_fused.py
-> 🔍 [品質檢驗] 檢查模組語法: manufacturing_hub/richauto_auto_fused.py
-> 🎉 語法檢驗完美通過！
========================================
-> 🌍 [自動守護採購] 正在下載原始碼: https://raw.githubusercontent.com/pydantic/pydantic/refs/heads/main/pydantic/__init__.py
-> ✅ 原始碼下載成功。
-> 🧪 [深度融合] 正在將全球開源碼熔鑄至本地模組: PydanticAuto
-> 💾 寫入硬碟成功: manufacturing_hub/pydanticauto_auto_fused.py
-> 🔍 [品質檢驗] 檢查模組語法: manufacturing_hub/pydanticauto_auto_fused.py
-> 🎉 語法檢驗完美通過！

-> 💤 本輪巡航完畢。進入自動休眠，等待 30 秒後進行下一輪...

[2026-08-25 18:36:36] -> 🔄 開始新一輪全球開源專案自動巡航...
========================================
-> 🌍 [自動守護採購] 正在下載原始碼: https://raw.githubusercontent.com/psf/requests/refs/heads/main/src/requests/__init__.py
-> ✅ 原始碼下載成功。
-> 🧪 [深度融合] 正在將全球開源碼熔鑄至本地模組: RequestsAuto
-> 💾 寫入硬碟成功: manufacturing_hub/requestsauto_auto_fused.py
-> 🔍 [品質檢驗] 檢查模組語法: manufacturing_hub/requestsauto_auto_fused.py
-> 🎉 語法檢驗完美通過！
========================================
-> 🌍 [自動守護採購] 正在下載原始碼: https://raw.githubusercontent.com/fastapi/fastapi/refs/heads/master/fastapi/__init__.py
-> ✅ 原始碼下載成功。
-> 🧪 [深度融合] 正在將全球開源碼熔鑄至本地模組: FastAPIAuto
-> 💾 寫入硬碟成功: manufacturing_hub/fastapiauto_auto_fused.py
-> 🔍 [品質檢驗] 檢查模組語法: manufacturing_hub/fastapiauto_auto_fused.py
-> 🎉 語法檢驗完美通過！
========================================
-> 🌍 [自動守護採購] 正在下載原始碼: https://raw.githubusercontent.com/pallets/flask/refs/heads/main/src/flask/__init__.py
-> ✅ 原始碼下載成功。
-> 🧪 [深度融合] 正在將全球開源碼熔鑄至本地模組: FlaskAuto
-> 💾 寫入硬碟成功: manufacturing_hub/flaskauto_auto_fused.py
-> 🔍 [品質檢驗] 檢查模組語法: manufacturing_hub/flaskauto_auto_fused.py
-> 🎉 語法檢驗完美通過！
========================================
-> 🌍 [自動守護採購] 正在下載原始碼: https://raw.githubusercontent.com/pallets/click/refs/heads/main/src/click/__init__.py
-> ✅ 原始碼下載成功。
-> 🧪 [深度融合] 正在將全球開源碼熔鑄至本地模組: ClickAuto
-> 💾 寫入硬碟成功: manufacturing_hub/clickauto_auto_fused.py
-> 🔍 [品質檢驗] 檢查模組語法: manufacturing_hub/clickauto_auto_fused.py
-> 🎉 語法檢驗完美通過！
========================================
-> 🌍 [自動守護採購] 正在下載原始碼: https://raw.githubusercontent.com/Textualize/rich/refs/heads/main/rich/__init__.py
-> ✅ 原始碼下載成功。
-> 🧪 [深度融合] 正在將全球開源碼熔鑄至本地模組: RichAuto
-> 💾 寫入硬碟成功: manufacturing_hub/richauto_auto_fused.py
-> 🔍 [品質檢驗] 檢查模組語法: manufacturing_hub/richauto_auto_fused.py
-> 🎉 語法檢驗完美通過！
========================================
-> 🌍 [自動守護採購] 正在下載原始碼: https://raw.githubusercontent.com/pydantic/pydantic/refs/heads/main/pydantic/__init__.py
-> ✅ 原始碼下載成功。
-> 🧪 [深度融合] 正在將全球開源碼熔鑄至本地模組: PydanticAuto
-> 💾 寫入硬碟成功: manufacturing_hub/pydanticauto_auto_fused.py
-> 🔍 [品質檢驗] 檢查模組語法: manufacturing_hub/pydanticauto_auto_fused.py
-> 🎉 語法檢驗完美通過！

-> 💤 本輪巡航完畢。進入自動休眠，等待 30 秒後進行下一輪...

[2026-08-25 18:37:11] -> 🔄 開始新一輪全球開源專案自動巡航...
========================================
-> 🌍 [自動守護採購] 正在下載原始碼: https://raw.githubusercontent.com/psf/requests/refs/heads/main/src/requests/__init__.py
-> ✅ 原始碼下載成功。
-> 🧪 [深度融合] 正在將全球開源碼熔鑄至本地模組: RequestsAuto
-> 💾 寫入硬碟成功: manufacturing_hub/requestsauto_auto_fused.py
-> 🔍 [品質檢驗] 檢查模組語法: manufacturing_hub/requestsauto_auto_fused.py
-> 🎉 語法檢驗完美通過！
========================================
-> 🌍 [自動守護採購] 正在下載原始碼: https://raw.githubusercontent.com/fastapi/fastapi/refs/heads/master/fastapi/__init__.py
-> ✅ 原始碼下載成功。
-> 🧪 [深度融合] 正在將全球開源碼熔鑄至本地模組: FastAPIAuto
-> 💾 寫入硬碟成功: manufacturing_hub/fastapiauto_auto_fused.py
-> 🔍 [品質檢驗] 檢查模組語法: manufacturing_hub/fastapiauto_auto_fused.py
-> 🎉 語法檢驗完美通過！
========================================
-> 🌍 [自動守護採購] 正在下載原始碼: https://raw.githubusercontent.com/pallets/flask/refs/heads/main/src/flask/__init__.py
-> ✅ 原始碼下載成功。
-> 🧪 [深度融合] 正在將全球開源碼熔鑄至本地模組: FlaskAuto
-> 💾 寫入硬碟成功: manufacturing_hub/flaskauto_auto_fused.py
-> 🔍 [品質檢驗] 檢查模組語法: manufacturing_hub/flaskauto_auto_fused.py
-> 🎉 語法檢驗完美通過！
========================================
-> 🌍 [自動守護採購] 正在下載原始碼: https://raw.githubusercontent.com/pallets/click/refs/heads/main/src/click/__init__.py
-> ✅ 原始碼下載成功。
-> 🧪 [深度融合] 正在將全球開源碼熔鑄至本地模組: ClickAuto
-> 💾 寫入硬碟成功: manufacturing_hub/clickauto_auto_fused.py
-> 🔍 [品質檢驗] 檢查模組語法: manufacturing_hub/clickauto_auto_fused.py
-> 🎉 語法檢驗完美通過！
========================================
-> 🌍 [自動守護採購] 正在下載原始碼: https://raw.githubusercontent.com/Textualize/rich/refs/heads/main/rich/__init__.py
-> ✅ 原始碼下載成功。
-> 🧪 [深度融合] 正在將全球開源碼熔鑄至本地模組: RichAuto
-> 💾 寫入硬碟成功: manufacturing_hub/richauto_auto_fused.py
-> 🔍 [品質檢驗] 檢查模組語法: manufacturing_hub/richauto_auto_fused.py
-> 🎉 語法檢驗完美通過！
========================================
-> 🌍 [自動守護採購] 正在下載原始碼: https://raw.githubusercontent.com/pydantic/pydantic/refs/heads/main/pydantic/__init__.py
-> ✅ 原始碼下載成功。
-> 🧪 [深度融合] 正在將全球開源碼熔鑄至本地模組: PydanticAuto
-> 💾 寫入硬碟成功: manufacturing_hub/pydanticauto_auto_fused.py
-> 🔍 [品質檢驗] 檢查模組語法: manufacturing_hub/pydanticauto_auto_fused.py
-> 🎉 語法檢驗完美通過！

-> 💤 本輪巡航完畢。進入自動休眠，等待 30 秒後進行下一輪...

[2026-08-25 18:37:47] -> 🔄 開始新一輪全球開源專案自動巡航...
========================================
-> 🌍 [自動守護採購] 正在下載原始碼: https://raw.githubusercontent.com/psf/requests/refs/heads/main/src/requests/__init__.py
-> ✅ 原始碼下載成功。
-> 🧪 [深度融合] 正在將全球開源碼熔鑄至本地模組: RequestsAuto
-> 💾 寫入硬碟成功: manufacturing_hub/requestsauto_auto_fused.py
-> 🔍 [品質檢驗] 檢查模組語法: manufacturing_hub/requestsauto_auto_fused.py
-> 🎉 語法檢驗完美通過！
========================================
-> 🌍 [自動守護採購] 正在下載原始碼: https://raw.githubusercontent.com/fastapi/fastapi/refs/heads/master/fastapi/__init__.py
-> ✅ 原始碼下載成功。
-> 🧪 [深度融合] 正在將全球開源碼熔鑄至本地模組: FastAPIAuto
-> 💾 寫入硬碟成功: manufacturing_hub/fastapiauto_auto_fused.py
-> 🔍 [品質檢驗] 檢查模組語法: manufacturing_hub/fastapiauto_auto_fused.py
-> 🎉 語法檢驗完美通過！
========================================
-> 🌍 [自動守護採購] 正在下載原始碼: https://raw.githubusercontent.com/pallets/flask/refs/heads/main/src/flask/__init__.py
-> ✅ 原始碼下載成功。
-> 🧪 [深度融合] 正在將全球開源碼熔鑄至本地模組: FlaskAuto
-> 💾 寫入硬碟成功: manufacturing_hub/flaskauto_auto_fused.py
-> 🔍 [品質檢驗] 檢查模組語法: manufacturing_hub/flaskauto_auto_fused.py
-> 🎉 語法檢驗完美通過！
========================================
-> 🌍 [自動守護採購] 正在下載原始碼: https://raw.githubusercontent.com/pallets/click/refs/heads/main/src/click/__init__.py
-> ✅ 原始碼下載成功。
-> 🧪 [深度融合] 正在將全球開源碼熔鑄至本地模組: ClickAuto
-> 💾 寫入硬碟成功: manufacturing_hub/clickauto_auto_fused.py
-> 🔍 [品質檢驗] 檢查模組語法: manufacturing_hub/clickauto_auto_fused.py
-> 🎉 語法檢驗完美通過！
========================================
-> 🌍 [自動守護採購] 正在下載原始碼: https://raw.githubusercontent.com/Textualize/rich/refs/heads/main/rich/__init__.py
-> ✅ 原始碼下載成功。
-> 🧪 [深度融合] 正在將全球開源碼熔鑄至本地模組: RichAuto
-> 💾 寫入硬碟成功: manufacturing_hub/richauto_auto_fused.py
-> 🔍 [品質檢驗] 檢查模組語法: manufacturing_hub/richauto_auto_fused.py
-> 🎉 語法檢驗完美通過！
========================================
-> 🌍 [自動守護採購] 正在下載原始碼: https://raw.githubusercontent.com/pydantic/pydantic/refs/heads/main/pydantic/__init__.py
-> ✅ 原始碼下載成功。
-> 🧪 [深度融合] 正在將全球開源碼熔鑄至本地模組: PydanticAuto
-> 💾 寫入硬碟成功: manufacturing_hub/pydanticauto_auto_fused.py
-> 🔍 [品質檢驗] 檢查模組語法: manufacturing_hub/pydanticauto_auto_fused.py
-> 🎉 語法檢驗完美通過！

-> 💤 本輪巡航完畢。進入自動休眠，等待 30 秒後進行下一輪...

[2026-08-25 18:38:21] -> 🔄 開始新一輪全球開源專案自動巡航...
========================================
-> 🌍 [自動守護採購] 正在下載原始碼: https://raw.githubusercontent.com/psf/requests/refs/heads/main/src/requests/__init__.py
-> ✅ 原始碼下載成功。
-> 🧪 [深度融合] 正在將全球開源碼熔鑄至本地模組: RequestsAuto
-> 💾 寫入硬碟成功: manufacturing_hub/requestsauto_auto_fused.py
-> 🔍 [品質檢驗] 檢查模組語法: manufacturing_hub/requestsauto_auto_fused.py
-> 🎉 語法檢驗完美通過！
========================================
-> 🌍 [自動守護採購] 正在下載原始碼: https://raw.githubusercontent.com/fastapi/fastapi/refs/heads/master/fastapi/__init__.py
-> ✅ 原始碼下載成功。
-> 🧪 [深度融合] 正在將全球開源碼熔鑄至本地模組: FastAPIAuto
-> 💾 寫入硬碟成功: manufacturing_hub/fastapiauto_auto_fused.py
-> 🔍 [品質檢驗] 檢查模組語法: manufacturing_hub/fastapiauto_auto_fused.py
-> 🎉 語法檢驗完美通過！
========================================
-> 🌍 [自動守護採購] 正在下載原始碼: https://raw.githubusercontent.com/pallets/flask/refs/heads/main/src/flask/__init__.py
-> ✅ 原始碼下載成功。
-> 🧪 [深度融合] 正在將全球開源碼熔鑄至本地模組: FlaskAuto
-> 💾 寫入硬碟成功: manufacturing_hub/flaskauto_auto_fused.py
-> 🔍 [品質檢驗] 檢查模組語法: manufacturing_hub/flaskauto_auto_fused.py
-> 🎉 語法檢驗完美通過！
========================================
-> 🌍 [自動守護採購] 正在下載原始碼: https://raw.githubusercontent.com/pallets/click/refs/heads/main/src/click/__init__.py
-> ✅ 原始碼下載成功。
-> 🧪 [深度融合] 正在將全球開源碼熔鑄至本地模組: ClickAuto
-> 💾 寫入硬碟成功: manufacturing_hub/clickauto_auto_fused.py
-> 🔍 [品質檢驗] 檢查模組語法: manufacturing_hub/clickauto_auto_fused.py
-> 🎉 語法檢驗完美通過！
========================================
-> 🌍 [自動守護採購] 正在下載原始碼: https://raw.githubusercontent.com/Textualize/rich/refs/heads/main/rich/__init__.py
-> ✅ 原始碼下載成功。
-> 🧪 [深度融合] 正在將全球開源碼熔鑄至本地模組: RichAuto
-> 💾 寫入硬碟成功: manufacturing_hub/richauto_auto_fused.py
-> 🔍 [品質檢驗] 檢查模組語法: manufacturing_hub/richauto_auto_fused.py
-> 🎉 語法檢驗完美通過！
========================================
-> 🌍 [自動守護採購] 正在下載原始碼: https://raw.githubusercontent.com/pydantic/pydantic/refs/heads/main/pydantic/__init__.py
-> ✅ 原始碼下載成功。
-> 🧪 [深度融合] 正在將全球開源碼熔鑄至本地模組: PydanticAuto
-> 💾 寫入硬碟成功: manufacturing_hub/pydanticauto_auto_fused.py
-> 🔍 [品質檢驗] 檢查模組語法: manufacturing_hub/pydanticauto_auto_fused.py
-> 🎉 語法檢驗完美通過！

-> 💤 本輪巡航完畢。進入自動休眠，等待 30 秒後進行下一輪...

[2026-08-25 18:38:58] -> 🔄 開始新一輪全球開源專案自動巡航...
========================================
-> 🌍 [自動守護採購] 正在下載原始碼: https://raw.githubusercontent.com/psf/requests/refs/heads/main/src/requests/__init__.py
-> ✅ 原始碼下載成功。
-> 🧪 [深度融合] 正在將全球開源碼熔鑄至本地模組: RequestsAuto
-> 💾 寫入硬碟成功: manufacturing_hub/requestsauto_auto_fused.py
-> 🔍 [品質檢驗] 檢查模組語法: manufacturing_hub/requestsauto_auto_fused.py
-> 🎉 語法檢驗完美通過！
========================================
-> 🌍 [自動守護採購] 正在下載原始碼: https://raw.githubusercontent.com/fastapi/fastapi/refs/heads/master/fastapi/__init__.py
-> ✅ 原始碼下載成功。
-> 🧪 [深度融合] 正在將全球開源碼熔鑄至本地模組: FastAPIAuto
-> 💾 寫入硬碟成功: manufacturing_hub/fastapiauto_auto_fused.py
-> 🔍 [品質檢驗] 檢查模組語法: manufacturing_hub/fastapiauto_auto_fused.py
-> 🎉 語法檢驗完美通過！
========================================
-> 🌍 [自動守護採購] 正在下載原始碼: https://raw.githubusercontent.com/pallets/flask/refs/heads/main/src/flask/__init__.py
-> ✅ 原始碼下載成功。
-> 🧪 [深度融合] 正在將全球開源碼熔鑄至本地模組: FlaskAuto
-> 💾 寫入硬碟成功: manufacturing_hub/flaskauto_auto_fused.py
-> 🔍 [品質檢驗] 檢查模組語法: manufacturing_hub/flaskauto_auto_fused.py
-> 🎉 語法檢驗完美通過！
========================================
-> 🌍 [自動守護採購] 正在下載原始碼: https://raw.githubusercontent.com/pallets/click/refs/heads/main/src/click/__init__.py
-> ✅ 原始碼下載成功。
-> 🧪 [深度融合] 正在將全球開源碼熔鑄至本地模組: ClickAuto
-> 💾 寫入硬碟成功: manufacturing_hub/clickauto_auto_fused.py
-> 🔍 [品質檢驗] 檢查模組語法: manufacturing_hub/clickauto_auto_fused.py
-> 🎉 語法檢驗完美通過！
========================================
-> 🌍 [自動守護採購] 正在下載原始碼: https://raw.githubusercontent.com/Textualize/rich/refs/heads/main/rich/__init__.py
-> ✅ 原始碼下載成功。
-> 🧪 [深度融合] 正在將全球開源碼熔鑄至本地模組: RichAuto
-> 💾 寫入硬碟成功: manufacturing_hub/richauto_auto_fused.py
-> 🔍 [品質檢驗] 檢查模組語法: manufacturing_hub/richauto_auto_fused.py
-> 🎉 語法檢驗完美通過！
========================================
-> 🌍 [自動守護採購] 正在下載原始碼: https://raw.githubusercontent.com/pydantic/pydantic/refs/heads/main/pydantic/__init__.py
-> ✅ 原始碼下載成功。
-> 🧪 [深度融合] 正在將全球開源碼熔鑄至本地模組: PydanticAuto
-> 💾 寫入硬碟成功: manufacturing_hub/pydanticauto_auto_fused.py
-> 🔍 [品質檢驗] 檢查模組語法: manufacturing_hub/pydanticauto_auto_fused.py
-> 🎉 語法檢驗完美通過！

-> 💤 本輪巡航完畢。進入自動休眠，等待 30 秒後進行下一輪...

[2026-08-25 18:39:32] -> 🔄 開始新一輪全球開源專案自動巡航...
========================================
-> 🌍 [自動守護採購] 正在下載原始碼: https://raw.githubusercontent.com/psf/requests/refs/heads/main/src/requests/__init__.py
-> ✅ 原始碼下載成功。
-> 🧪 [深度融合] 正在將全球開源碼熔鑄至本地模組: RequestsAuto
-> 💾 寫入硬碟成功: manufacturing_hub/requestsauto_auto_fused.py
-> 🔍 [品質檢驗] 檢查模組語法: manufacturing_hub/requestsauto_auto_fused.py
-> 🎉 語法檢驗完美通過！
========================================
-> 🌍 [自動守護採購] 正在下載原始碼: https://raw.githubusercontent.com/fastapi/fastapi/refs/heads/master/fastapi/__init__.py
-> ✅ 原始碼下載成功。
-> 🧪 [深度融合] 正在將全球開源碼熔鑄至本地模組: FastAPIAuto
-> 💾 寫入硬碟成功: manufacturing_hub/fastapiauto_auto_fused.py
-> 🔍 [品質檢驗] 檢查模組語法: manufacturing_hub/fastapiauto_auto_fused.py
-> 🎉 語法檢驗完美通過！
========================================
-> 🌍 [自動守護採購] 正在下載原始碼: https://raw.githubusercontent.com/pallets/flask/refs/heads/main/src/flask/__init__.py
-> ✅ 原始碼下載成功。
-> 🧪 [深度融合] 正在將全球開源碼熔鑄至本地模組: FlaskAuto
-> 💾 寫入硬碟成功: manufacturing_hub/flaskauto_auto_fused.py
-> 🔍 [品質檢驗] 檢查模組語法: manufacturing_hub/flaskauto_auto_fused.py
-> 🎉 語法檢驗完美通過！
========================================
-> 🌍 [自動守護採購] 正在下載原始碼: https://raw.githubusercontent.com/pallets/click/refs/heads/main/src/click/__init__.py
-> ✅ 原始碼下載成功。
-> 🧪 [深度融合] 正在將全球開源碼熔鑄至本地模組: ClickAuto
-> 💾 寫入硬碟成功: manufacturing_hub/clickauto_auto_fused.py
-> 🔍 [品質檢驗] 檢查模組語法: manufacturing_hub/clickauto_auto_fused.py
-> 🎉 語法檢驗完美通過！
========================================
-> 🌍 [自動守護採購] 正在下載原始碼: https://raw.githubusercontent.com/Textualize/rich/refs/heads/main/rich/__init__.py
-> ✅ 原始碼下載成功。
-> 🧪 [深度融合] 正在將全球開源碼熔鑄至本地模組: RichAuto
-> 💾 寫入硬碟成功: manufacturing_hub/richauto_auto_fused.py
-> 🔍 [品質檢驗] 檢查模組語法: manufacturing_hub/richauto_auto_fused.py
-> 🎉 語法檢驗完美通過！
========================================
-> 🌍 [自動守護採購] 正在下載原始碼: https://raw.githubusercontent.com/pydantic/pydantic/refs/heads/main/pydantic/__init__.py
-> ✅ 原始碼下載成功。
-> 🧪 [深度融合] 正在將全球開源碼熔鑄至本地模組: PydanticAuto
-> 💾 寫入硬碟成功: manufacturing_hub/pydanticauto_auto_fused.py
-> 🔍 [品質檢驗] 檢查模組語法: manufacturing_hub/pydanticauto_auto_fused.py
-> 🎉 語法檢驗完美通過！

-> 💤 本輪巡航完畢。進入自動休眠，等待 30 秒後進行下一輪...

[2026-08-25 18:40:06] -> 🔄 開始新一輪全球開源專案自動巡航...
========================================
-> 🌍 [自動守護採購] 正在下載原始碼: https://raw.githubusercontent.com/psf/requests/refs/heads/main/src/requests/__init__.py
-> ✅ 原始碼下載成功。
-> 🧪 [深度融合] 正在將全球開源碼熔鑄至本地模組: RequestsAuto
-> 💾 寫入硬碟成功: manufacturing_hub/requestsauto_auto_fused.py
-> 🔍 [品質檢驗] 檢查模組語法: manufacturing_hub/requestsauto_auto_fused.py
-> 🎉 語法檢驗完美通過！
========================================
-> 🌍 [自動守護採購] 正在下載原始碼: https://raw.githubusercontent.com/fastapi/fastapi/refs/heads/master/fastapi/__init__.py
-> ✅ 原始碼下載成功。
-> 🧪 [深度融合] 正在將全球開源碼熔鑄至本地模組: FastAPIAuto
-> 💾 寫入硬碟成功: manufacturing_hub/fastapiauto_auto_fused.py
-> 🔍 [品質檢驗] 檢查模組語法: manufacturing_hub/fastapiauto_auto_fused.py
-> 🎉 語法檢驗完美通過！
========================================
-> 🌍 [自動守護採購] 正在下載原始碼: https://raw.githubusercontent.com/pallets/flask/refs/heads/main/src/flask/__init__.py
-> ✅ 原始碼下載成功。
-> 🧪 [深度融合] 正在將全球開源碼熔鑄至本地模組: FlaskAuto
-> 💾 寫入硬碟成功: manufacturing_hub/flaskauto_auto_fused.py
-> 🔍 [品質檢驗] 檢查模組語法: manufacturing_hub/flaskauto_auto_fused.py
-> 🎉 語法檢驗完美通過！
========================================
-> 🌍 [自動守護採購] 正在下載原始碼: https://raw.githubusercontent.com/pallets/click/refs/heads/main/src/click/__init__.py
-> ✅ 原始碼下載成功。
-> 🧪 [深度融合] 正在將全球開源碼熔鑄至本地模組: ClickAuto
-> 💾 寫入硬碟成功: manufacturing_hub/clickauto_auto_fused.py
-> 🔍 [品質檢驗] 檢查模組語法: manufacturing_hub/clickauto_auto_fused.py
-> 🎉 語法檢驗完美通過！
========================================
-> 🌍 [自動守護採購] 正在下載原始碼: https://raw.githubusercontent.com/Textualize/rich/refs/heads/main/rich/__init__.py
-> ✅ 原始碼下載成功。
-> 🧪 [深度融合] 正在將全球開源碼熔鑄至本地模組: RichAuto
-> 💾 寫入硬碟成功: manufacturing_hub/richauto_auto_fused.py
-> 🔍 [品質檢驗] 檢查模組語法: manufacturing_hub/richauto_auto_fused.py
-> 🎉 語法檢驗完美通過！
========================================
-> 🌍 [自動守護採購] 正在下載原始碼: https://raw.githubusercontent.com/pydantic/pydantic/refs/heads/main/pydantic/__init__.py
-> ✅ 原始碼下載成功。
-> 🧪 [深度融合] 正在將全球開源碼熔鑄至本地模組: PydanticAuto
-> 💾 寫入硬碟成功: manufacturing_hub/pydanticauto_auto_fused.py
-> 🔍 [品質檢驗] 檢查模組語法: manufacturing_hub/pydanticauto_auto_fused.py
-> 🎉 語法檢驗完美通過！

-> 💤 本輪巡航完畢。進入自動休眠，等待 30 秒後進行下一輪...

[2026-08-25 18:40:40] -> 🔄 開始新一輪全球開源專案自動巡航...
========================================
-> 🌍 [自動守護採購] 正在下載原始碼: https://raw.githubusercontent.com/psf/requests/refs/heads/main/src/requests/__init__.py
-> ✅ 原始碼下載成功。
-> 🧪 [深度融合] 正在將全球開源碼熔鑄至本地模組: RequestsAuto
-> 💾 寫入硬碟成功: manufacturing_hub/requestsauto_auto_fused.py
-> 🔍 [品質檢驗] 檢查模組語法: manufacturing_hub/requestsauto_auto_fused.py
-> 🎉 語法檢驗完美通過！
========================================
-> 🌍 [自動守護採購] 正在下載原始碼: https://raw.githubusercontent.com/fastapi/fastapi/refs/heads/master/fastapi/__init__.py
-> ✅ 原始碼下載成功。
-> 🧪 [深度融合] 正在將全球開源碼熔鑄至本地模組: FastAPIAuto
-> 💾 寫入硬碟成功: manufacturing_hub/fastapiauto_auto_fused.py
-> 🔍 [品質檢驗] 檢查模組語法: manufacturing_hub/fastapiauto_auto_fused.py
-> 🎉 語法檢驗完美通過！
========================================
-> 🌍 [自動守護採購] 正在下載原始碼: https://raw.githubusercontent.com/pallets/flask/refs/heads/main/src/flask/__init__.py
-> ✅ 原始碼下載成功。
-> 🧪 [深度融合] 正在將全球開源碼熔鑄至本地模組: FlaskAuto
-> 💾 寫入硬碟成功: manufacturing_hub/flaskauto_auto_fused.py
-> 🔍 [品質檢驗] 檢查模組語法: manufacturing_hub/flaskauto_auto_fused.py
-> 🎉 語法檢驗完美通過！
========================================
-> 🌍 [自動守護採購] 正在下載原始碼: https://raw.githubusercontent.com/pallets/click/refs/heads/main/src/click/__init__.py
-> ✅ 原始碼下載成功。
-> 🧪 [深度融合] 正在將全球開源碼熔鑄至本地模組: ClickAuto
-> 💾 寫入硬碟成功: manufacturing_hub/clickauto_auto_fused.py
-> 🔍 [品質檢驗] 檢查模組語法: manufacturing_hub/clickauto_auto_fused.py
-> 🎉 語法檢驗完美通過！
========================================
-> 🌍 [自動守護採購] 正在下載原始碼: https://raw.githubusercontent.com/Textualize/rich/refs/heads/main/rich/__init__.py
-> ✅ 原始碼下載成功。
-> 🧪 [深度融合] 正在將全球開源碼熔鑄至本地模組: RichAuto
-> 💾 寫入硬碟成功: manufacturing_hub/richauto_auto_fused.py
-> 🔍 [品質檢驗] 檢查模組語法: manufacturing_hub/richauto_auto_fused.py
-> 🎉 語法檢驗完美通過！
========================================
-> 🌍 [自動守護採購] 正在下載原始碼: https://raw.githubusercontent.com/pydantic/pydantic/refs/heads/main/pydantic/__init__.py
-> ✅ 原始碼下載成功。
-> 🧪 [深度融合] 正在將全球開源碼熔鑄至本地模組: PydanticAuto
-> 💾 寫入硬碟成功: manufacturing_hub/pydanticauto_auto_fused.py
-> 🔍 [品質檢驗] 檢查模組語法: manufacturing_hub/pydanticauto_auto_fused.py
-> 🎉 語法檢驗完美通過！

-> 💤 本輪巡航完畢。進入自動休眠，等待 30 秒後進行下一輪...

[2026-08-25 18:41:15] -> 🔄 開始新一輪全球開源專案自動巡航...
========================================
-> 🌍 [自動守護採購] 正在下載原始碼: https://raw.githubusercontent.com/psf/requests/refs/heads/main/src/requests/__init__.py
-> ✅ 原始碼下載成功。
-> 🧪 [深度融合] 正在將全球開源碼熔鑄至本地模組: RequestsAuto
-> 💾 寫入硬碟成功: manufacturing_hub/requestsauto_auto_fused.py
-> 🔍 [品質檢驗] 檢查模組語法: manufacturing_hub/requestsauto_auto_fused.py
-> 🎉 語法檢驗完美通過！
========================================
-> 🌍 [自動守護採購] 正在下載原始碼: https://raw.githubusercontent.com/fastapi/fastapi/refs/heads/master/fastapi/__init__.py
-> ✅ 原始碼下載成功。
-> 🧪 [深度融合] 正在將全球開源碼熔鑄至本地模組: FastAPIAuto
-> 💾 寫入硬碟成功: manufacturing_hub/fastapiauto_auto_fused.py
-> 🔍 [品質檢驗] 檢查模組語法: manufacturing_hub/fastapiauto_auto_fused.py
-> 🎉 語法檢驗完美通過！
========================================
-> 🌍 [自動守護採購] 正在下載原始碼: https://raw.githubusercontent.com/pallets/flask/refs/heads/main/src/flask/__init__.py
-> ✅ 原始碼下載成功。
-> 🧪 [深度融合] 正在將全球開源碼熔鑄至本地模組: FlaskAuto
-> 💾 寫入硬碟成功: manufacturing_hub/flaskauto_auto_fused.py
-> 🔍 [品質檢驗] 檢查模組語法: manufacturing_hub/flaskauto_auto_fused.py
-> 🎉 語法檢驗完美通過！
========================================
-> 🌍 [自動守護採購] 正在下載原始碼: https://raw.githubusercontent.com/pallets/click/refs/heads/main/src/click/__init__.py
-> ✅ 原始碼下載成功。
-> 🧪 [深度融合] 正在將全球開源碼熔鑄至本地模組: ClickAuto
-> 💾 寫入硬碟成功: manufacturing_hub/clickauto_auto_fused.py
-> 🔍 [品質檢驗] 檢查模組語法: manufacturing_hub/clickauto_auto_fused.py
-> 🎉 語法檢驗完美通過！
========================================
-> 🌍 [自動守護採購] 正在下載原始碼: https://raw.githubusercontent.com/Textualize/rich/refs/heads/main/rich/__init__.py
-> ✅ 原始碼下載成功。
-> 🧪 [深度融合] 正在將全球開源碼熔鑄至本地模組: RichAuto
-> 💾 寫入硬碟成功: manufacturing_hub/richauto_auto_fused.py
-> 🔍 [品質檢驗] 檢查模組語法: manufacturing_hub/richauto_auto_fused.py
-> 🎉 語法檢驗完美通過！
========================================
-> 🌍 [自動守護採購] 正在下載原始碼: https://raw.githubusercontent.com/pydantic/pydantic/refs/heads/main/pydantic/__init__.py
-> ✅ 原始碼下載成功。
-> 🧪 [深度融合] 正在將全球開源碼熔鑄至本地模組: PydanticAuto
-> 💾 寫入硬碟成功: manufacturing_hub/pydanticauto_auto_fused.py
-> 🔍 [品質檢驗] 檢查模組語法: manufacturing_hub/pydanticauto_auto_fused.py
-> 🎉 語法檢驗完美通過！

-> 💤 本輪巡航完畢。進入自動休眠，等待 30 秒後進行下一輪...

[2026-08-25 18:41:49] -> 🔄 開始新一輪全球開源專案自動巡航...
========================================
-> 🌍 [自動守護採購] 正在下載原始碼: https://raw.githubusercontent.com/psf/requests/refs/heads/main/src/requests/__init__.py
-> ⚠️ 下載失敗 (嘗試 1/3): <urlopen error [Errno 104] Connection reset by peer>
-> ✅ 原始碼下載成功。
-> 🧪 [深度融合] 正在將全球開源碼熔鑄至本地模組: RequestsAuto
-> 💾 寫入硬碟成功: manufacturing_hub/requestsauto_auto_fused.py
-> 🔍 [品質檢驗] 檢查模組語法: manufacturing_hub/requestsauto_auto_fused.py
-> 🎉 語法檢驗完美通過！
========================================
-> 🌍 [自動守護採購] 正在下載原始碼: https://raw.githubusercontent.com/fastapi/fastapi/refs/heads/master/fastapi/__init__.py
-> ✅ 原始碼下載成功。
-> 🧪 [深度融合] 正在將全球開源碼熔鑄至本地模組: FastAPIAuto
-> 💾 寫入硬碟成功: manufacturing_hub/fastapiauto_auto_fused.py
-> 🔍 [品質檢驗] 檢查模組語法: manufacturing_hub/fastapiauto_auto_fused.py
-> 🎉 語法檢驗完美通過！
========================================
-> 🌍 [自動守護採購] 正在下載原始碼: https://raw.githubusercontent.com/pallets/flask/refs/heads/main/src/flask/__init__.py
-> ✅ 原始碼下載成功。
-> 🧪 [深度融合] 正在將全球開源碼熔鑄至本地模組: FlaskAuto
-> 💾 寫入硬碟成功: manufacturing_hub/flaskauto_auto_fused.py
-> 🔍 [品質檢驗] 檢查模組語法: manufacturing_hub/flaskauto_auto_fused.py
-> 🎉 語法檢驗完美通過！
========================================
-> 🌍 [自動守護採購] 正在下載原始碼: https://raw.githubusercontent.com/pallets/click/refs/heads/main/src/click/__init__.py
-> ✅ 原始碼下載成功。
-> 🧪 [深度融合] 正在將全球開源碼熔鑄至本地模組: ClickAuto
-> 💾 寫入硬碟成功: manufacturing_hub/clickauto_auto_fused.py
-> 🔍 [品質檢驗] 檢查模組語法: manufacturing_hub/clickauto_auto_fused.py
-> 🎉 語法檢驗完美通過！
========================================
-> 🌍 [自動守護採購] 正在下載原始碼: https://raw.githubusercontent.com/Textualize/rich/refs/heads/main/rich/__init__.py
-> ✅ 原始碼下載成功。
-> 🧪 [深度融合] 正在將全球開源碼熔鑄至本地模組: RichAuto
-> 💾 寫入硬碟成功: manufacturing_hub/richauto_auto_fused.py
-> 🔍 [品質檢驗] 檢查模組語法: manufacturing_hub/richauto_auto_fused.py
-> 🎉 語法檢驗完美通過！
========================================
-> 🌍 [自動守護採購] 正在下載原始碼: https://raw.githubusercontent.com/pydantic/pydantic/refs/heads/main/pydantic/__init__.py
-> ✅ 原始碼下載成功。
-> 🧪 [深度融合] 正在將全球開源碼熔鑄至本地模組: PydanticAuto
-> 💾 寫入硬碟成功: manufacturing_hub/pydanticauto_auto_fused.py
-> 🔍 [品質檢驗] 檢查模組語法: manufacturing_hub/pydanticauto_auto_fused.py
-> 🎉 語法檢驗完美通過！

-> 💤 本輪巡航完畢。進入自動休眠，等待 30 秒後進行下一輪...

[2026-08-25 18:42:28] -> 🔄 開始新一輪全球開源專案自動巡航...
========================================
-> 🌍 [自動守護採購] 正在下載原始碼: https://raw.githubusercontent.com/psf/requests/refs/heads/main/src/requests/__init__.py
-> ✅ 原始碼下載成功。
-> 🧪 [深度融合] 正在將全球開源碼熔鑄至本地模組: RequestsAuto
-> 💾 寫入硬碟成功: manufacturing_hub/requestsauto_auto_fused.py
-> 🔍 [品質檢驗] 檢查模組語法: manufacturing_hub/requestsauto_auto_fused.py
-> 🎉 語法檢驗完美通過！
========================================
-> 🌍 [自動守護採購] 正在下載原始碼: https://raw.githubusercontent.com/fastapi/fastapi/refs/heads/master/fastapi/__init__.py
-> ✅ 原始碼下載成功。
-> 🧪 [深度融合] 正在將全球開源碼熔鑄至本地模組: FastAPIAuto
-> 💾 寫入硬碟成功: manufacturing_hub/fastapiauto_auto_fused.py
-> 🔍 [品質檢驗] 檢查模組語法: manufacturing_hub/fastapiauto_auto_fused.py
-> 🎉 語法檢驗完美通過！
========================================
-> 🌍 [自動守護採購] 正在下載原始碼: https://raw.githubusercontent.com/pallets/flask/refs/heads/main/src/flask/__init__.py
-> ✅ 原始碼下載成功。
-> 🧪 [深度融合] 正在將全球開源碼熔鑄至本地模組: FlaskAuto
-> 💾 寫入硬碟成功: manufacturing_hub/flaskauto_auto_fused.py
-> 🔍 [品質檢驗] 檢查模組語法: manufacturing_hub/flaskauto_auto_fused.py
-> 🎉 語法檢驗完美通過！
========================================
-> 🌍 [自動守護採購] 正在下載原始碼: https://raw.githubusercontent.com/pallets/click/refs/heads/main/src/click/__init__.py
-> ✅ 原始碼下載成功。
-> 🧪 [深度融合] 正在將全球開源碼熔鑄至本地模組: ClickAuto
-> 💾 寫入硬碟成功: manufacturing_hub/clickauto_auto_fused.py
-> 🔍 [品質檢驗] 檢查模組語法: manufacturing_hub/clickauto_auto_fused.py
-> 🎉 語法檢驗完美通過！
========================================
-> 🌍 [自動守護採購] 正在下載原始碼: https://raw.githubusercontent.com/Textualize/rich/refs/heads/main/rich/__init__.py
-> ✅ 原始碼下載成功。
-> 🧪 [深度融合] 正在將全球開源碼熔鑄至本地模組: RichAuto
-> 💾 寫入硬碟成功: manufacturing_hub/richauto_auto_fused.py
-> 🔍 [品質檢驗] 檢查模組語法: manufacturing_hub/richauto_auto_fused.py
-> 🎉 語法檢驗完美通過！
========================================
-> 🌍 [自動守護採購] 正在下載原始碼: https://raw.githubusercontent.com/pydantic/pydantic/refs/heads/main/pydantic/__init__.py
-> ✅ 原始碼下載成功。
-> 🧪 [深度融合] 正在將全球開源碼熔鑄至本地模組: PydanticAuto
-> 💾 寫入硬碟成功: manufacturing_hub/pydanticauto_auto_fused.py
-> 🔍 [品質檢驗] 檢查模組語法: manufacturing_hub/pydanticauto_auto_fused.py
-> 🎉 語法檢驗完美通過！

-> 💤 本輪巡航完畢。進入自動休眠，等待 30 秒後進行下一輪...

[2026-08-25 18:43:04] -> 🔄 開始新一輪全球開源專案自動巡航...
========================================
-> 🌍 [自動守護採購] 正在下載原始碼: https://raw.githubusercontent.com/psf/requests/refs/heads/main/src/requests/__init__.py
-> ✅ 原始碼下載成功。
-> 🧪 [深度融合] 正在將全球開源碼熔鑄至本地模組: RequestsAuto
-> 💾 寫入硬碟成功: manufacturing_hub/requestsauto_auto_fused.py
-> 🔍 [品質檢驗] 檢查模組語法: manufacturing_hub/requestsauto_auto_fused.py
-> 🎉 語法檢驗完美通過！
========================================
-> 🌍 [自動守護採購] 正在下載原始碼: https://raw.githubusercontent.com/fastapi/fastapi/refs/heads/master/fastapi/__init__.py
-> ✅ 原始碼下載成功。
-> 🧪 [深度融合] 正在將全球開源碼熔鑄至本地模組: FastAPIAuto
-> 💾 寫入硬碟成功: manufacturing_hub/fastapiauto_auto_fused.py
-> 🔍 [品質檢驗] 檢查模組語法: manufacturing_hub/fastapiauto_auto_fused.py
-> 🎉 語法檢驗完美通過！
========================================
-> 🌍 [自動守護採購] 正在下載原始碼: https://raw.githubusercontent.com/pallets/flask/refs/heads/main/src/flask/__init__.py
-> ✅ 原始碼下載成功。
-> 🧪 [深度融合] 正在將全球開源碼熔鑄至本地模組: FlaskAuto
-> 💾 寫入硬碟成功: manufacturing_hub/flaskauto_auto_fused.py
-> 🔍 [品質檢驗] 檢查模組語法: manufacturing_hub/flaskauto_auto_fused.py
-> 🎉 語法檢驗完美通過！
========================================
-> 🌍 [自動守護採購] 正在下載原始碼: https://raw.githubusercontent.com/pallets/click/refs/heads/main/src/click/__init__.py
-> ✅ 原始碼下載成功。
-> 🧪 [深度融合] 正在將全球開源碼熔鑄至本地模組: ClickAuto
-> 💾 寫入硬碟成功: manufacturing_hub/clickauto_auto_fused.py
-> 🔍 [品質檢驗] 檢查模組語法: manufacturing_hub/clickauto_auto_fused.py
-> 🎉 語法檢驗完美通過！
========================================
-> 🌍 [自動守護採購] 正在下載原始碼: https://raw.githubusercontent.com/Textualize/rich/refs/heads/main/rich/__init__.py
-> ✅ 原始碼下載成功。
-> 🧪 [深度融合] 正在將全球開源碼熔鑄至本地模組: RichAuto
-> 💾 寫入硬碟成功: manufacturing_hub/richauto_auto_fused.py
-> 🔍 [品質檢驗] 檢查模組語法: manufacturing_hub/richauto_auto_fused.py
-> 🎉 語法檢驗完美通過！
========================================
-> 🌍 [自動守護採購] 正在下載原始碼: https://raw.githubusercontent.com/pydantic/pydantic/refs/heads/main/pydantic/__init__.py
-> ✅ 原始碼下載成功。
-> 🧪 [深度融合] 正在將全球開源碼熔鑄至本地模組: PydanticAuto
-> 💾 寫入硬碟成功: manufacturing_hub/pydanticauto_auto_fused.py
-> 🔍 [品質檢驗] 檢查模組語法: manufacturing_hub/pydanticauto_auto_fused.py
-> 🎉 語法檢驗完美通過！

-> 💤 本輪巡航完畢。進入自動休眠，等待 30 秒後進行下一輪...

[2026-08-25 18:43:37] -> 🔄 開始新一輪全球開源專案自動巡航...
========================================
-> 🌍 [自動守護採購] 正在下載原始碼: https://raw.githubusercontent.com/psf/requests/refs/heads/main/src/requests/__init__.py
-> ✅ 原始碼下載成功。
-> 🧪 [深度融合] 正在將全球開源碼熔鑄至本地模組: RequestsAuto
-> 💾 寫入硬碟成功: manufacturing_hub/requestsauto_auto_fused.py
-> 🔍 [品質檢驗] 檢查模組語法: manufacturing_hub/requestsauto_auto_fused.py
-> 🎉 語法檢驗完美通過！
========================================
-> 🌍 [自動守護採購] 正在下載原始碼: https://raw.githubusercontent.com/fastapi/fastapi/refs/heads/master/fastapi/__init__.py
-> ✅ 原始碼下載成功。
-> 🧪 [深度融合] 正在將全球開源碼熔鑄至本地模組: FastAPIAuto
-> 💾 寫入硬碟成功: manufacturing_hub/fastapiauto_auto_fused.py
-> 🔍 [品質檢驗] 檢查模組語法: manufacturing_hub/fastapiauto_auto_fused.py
-> 🎉 語法檢驗完美通過！
========================================
-> 🌍 [自動守護採購] 正在下載原始碼: https://raw.githubusercontent.com/pallets/flask/refs/heads/main/src/flask/__init__.py
-> ✅ 原始碼下載成功。
-> 🧪 [深度融合] 正在將全球開源碼熔鑄至本地模組: FlaskAuto
-> 💾 寫入硬碟成功: manufacturing_hub/flaskauto_auto_fused.py
-> 🔍 [品質檢驗] 檢查模組語法: manufacturing_hub/flaskauto_auto_fused.py
-> 🎉 語法檢驗完美通過！
========================================
-> 🌍 [自動守護採購] 正在下載原始碼: https://raw.githubusercontent.com/pallets/click/refs/heads/main/src/click/__init__.py
-> ✅ 原始碼下載成功。
-> 🧪 [深度融合] 正在將全球開源碼熔鑄至本地模組: ClickAuto
-> 💾 寫入硬碟成功: manufacturing_hub/clickauto_auto_fused.py
-> 🔍 [品質檢驗] 檢查模組語法: manufacturing_hub/clickauto_auto_fused.py
-> 🎉 語法檢驗完美通過！
========================================
-> 🌍 [自動守護採購] 正在下載原始碼: https://raw.githubusercontent.com/Textualize/rich/refs/heads/main/rich/__init__.py
-> ✅ 原始碼下載成功。
-> 🧪 [深度融合] 正在將全球開源碼熔鑄至本地模組: RichAuto
-> 💾 寫入硬碟成功: manufacturing_hub/richauto_auto_fused.py
-> 🔍 [品質檢驗] 檢查模組語法: manufacturing_hub/richauto_auto_fused.py
-> 🎉 語法檢驗完美通過！
========================================
-> 🌍 [自動守護採購] 正在下載原始碼: https://raw.githubusercontent.com/pydantic/pydantic/refs/heads/main/pydantic/__init__.py
-> ✅ 原始碼下載成功。
-> 🧪 [深度融合] 正在將全球開源碼熔鑄至本地模組: PydanticAuto
-> 💾 寫入硬碟成功: manufacturing_hub/pydanticauto_auto_fused.py
-> 🔍 [品質檢驗] 檢查模組語法: manufacturing_hub/pydanticauto_auto_fused.py
-> 🎉 語法檢驗完美通過！

-> 💤 本輪巡航完畢。進入自動休眠，等待 30 秒後進行下一輪...

[2026-08-25 18:44:11] -> 🔄 開始新一輪全球開源專案自動巡航...
========================================
-> 🌍 [自動守護採購] 正在下載原始碼: https://raw.githubusercontent.com/psf/requests/refs/heads/main/src/requests/__init__.py
-> ✅ 原始碼下載成功。
-> 🧪 [深度融合] 正在將全球開源碼熔鑄至本地模組: RequestsAuto
-> 💾 寫入硬碟成功: manufacturing_hub/requestsauto_auto_fused.py
-> 🔍 [品質檢驗] 檢查模組語法: manufacturing_hub/requestsauto_auto_fused.py
-> 🎉 語法檢驗完美通過！
========================================
-> 🌍 [自動守護採購] 正在下載原始碼: https://raw.githubusercontent.com/fastapi/fastapi/refs/heads/master/fastapi/__init__.py
-> ✅ 原始碼下載成功。
-> 🧪 [深度融合] 正在將全球開源碼熔鑄至本地模組: FastAPIAuto
-> 💾 寫入硬碟成功: manufacturing_hub/fastapiauto_auto_fused.py
-> 🔍 [品質檢驗] 檢查模組語法: manufacturing_hub/fastapiauto_auto_fused.py
-> 🎉 語法檢驗完美通過！
========================================
-> 🌍 [自動守護採購] 正在下載原始碼: https://raw.githubusercontent.com/pallets/flask/refs/heads/main/src/flask/__init__.py
-> ✅ 原始碼下載成功。
-> 🧪 [深度融合] 正在將全球開源碼熔鑄至本地模組: FlaskAuto
-> 💾 寫入硬碟成功: manufacturing_hub/flaskauto_auto_fused.py
-> 🔍 [品質檢驗] 檢查模組語法: manufacturing_hub/flaskauto_auto_fused.py
-> 🎉 語法檢驗完美通過！
========================================
-> 🌍 [自動守護採購] 正在下載原始碼: https://raw.githubusercontent.com/pallets/click/refs/heads/main/src/click/__init__.py
-> ✅ 原始碼下載成功。
-> 🧪 [深度融合] 正在將全球開源碼熔鑄至本地模組: ClickAuto
-> 💾 寫入硬碟成功: manufacturing_hub/clickauto_auto_fused.py
-> 🔍 [品質檢驗] 檢查模組語法: manufacturing_hub/clickauto_auto_fused.py
-> 🎉 語法檢驗完美通過！
========================================
-> 🌍 [自動守護採購] 正在下載原始碼: https://raw.githubusercontent.com/Textualize/rich/refs/heads/main/rich/__init__.py
-> ✅ 原始碼下載成功。
-> 🧪 [深度融合] 正在將全球開源碼熔鑄至本地模組: RichAuto
-> 💾 寫入硬碟成功: manufacturing_hub/richauto_auto_fused.py
-> 🔍 [品質檢驗] 檢查模組語法: manufacturing_hub/richauto_auto_fused.py
-> 🎉 語法檢驗完美通過！
========================================
-> 🌍 [自動守護採購] 正在下載原始碼: https://raw.githubusercontent.com/pydantic/pydantic/refs/heads/main/pydantic/__init__.py
-> ✅ 原始碼下載成功。
-> 🧪 [深度融合] 正在將全球開源碼熔鑄至本地模組: PydanticAuto
-> 💾 寫入硬碟成功: manufacturing_hub/pydanticauto_auto_fused.py
-> 🔍 [品質檢驗] 檢查模組語法: manufacturing_hub/pydanticauto_auto_fused.py
-> 🎉 語法檢驗完美通過！

-> 💤 本輪巡航完畢。進入自動休眠，等待 30 秒後進行下一輪...

[2026-08-25 18:44:44] -> 🔄 開始新一輪全球開源專案自動巡航...
========================================
-> 🌍 [自動守護採購] 正在下載原始碼: https://raw.githubusercontent.com/psf/requests/refs/heads/main/src/requests/__init__.py
-> ✅ 原始碼下載成功。
-> 🧪 [深度融合] 正在將全球開源碼熔鑄至本地模組: RequestsAuto
-> 💾 寫入硬碟成功: manufacturing_hub/requestsauto_auto_fused.py
-> 🔍 [品質檢驗] 檢查模組語法: manufacturing_hub/requestsauto_auto_fused.py
-> 🎉 語法檢驗完美通過！
========================================
-> 🌍 [自動守護採購] 正在下載原始碼: https://raw.githubusercontent.com/fastapi/fastapi/refs/heads/master/fastapi/__init__.py
-> ✅ 原始碼下載成功。
-> 🧪 [深度融合] 正在將全球開源碼熔鑄至本地模組: FastAPIAuto
-> 💾 寫入硬碟成功: manufacturing_hub/fastapiauto_auto_fused.py
-> 🔍 [品質檢驗] 檢查模組語法: manufacturing_hub/fastapiauto_auto_fused.py
-> 🎉 語法檢驗完美通過！
========================================
-> 🌍 [自動守護採購] 正在下載原始碼: https://raw.githubusercontent.com/pallets/flask/refs/heads/main/src/flask/__init__.py
-> ✅ 原始碼下載成功。
-> 🧪 [深度融合] 正在將全球開源碼熔鑄至本地模組: FlaskAuto
-> 💾 寫入硬碟成功: manufacturing_hub/flaskauto_auto_fused.py
-> 🔍 [品質檢驗] 檢查模組語法: manufacturing_hub/flaskauto_auto_fused.py
-> 🎉 語法檢驗完美通過！
========================================
-> 🌍 [自動守護採購] 正在下載原始碼: https://raw.githubusercontent.com/pallets/click/refs/heads/main/src/click/__init__.py
-> ✅ 原始碼下載成功。
-> 🧪 [深度融合] 正在將全球開源碼熔鑄至本地模組: ClickAuto
-> 💾 寫入硬碟成功: manufacturing_hub/clickauto_auto_fused.py
-> 🔍 [品質檢驗] 檢查模組語法: manufacturing_hub/clickauto_auto_fused.py
-> 🎉 語法檢驗完美通過！
========================================
-> 🌍 [自動守護採購] 正在下載原始碼: https://raw.githubusercontent.com/Textualize/rich/refs/heads/main/rich/__init__.py
-> ✅ 原始碼下載成功。
-> 🧪 [深度融合] 正在將全球開源碼熔鑄至本地模組: RichAuto
-> 💾 寫入硬碟成功: manufacturing_hub/richauto_auto_fused.py
-> 🔍 [品質檢驗] 檢查模組語法: manufacturing_hub/richauto_auto_fused.py
-> 🎉 語法檢驗完美通過！
========================================
-> 🌍 [自動守護採購] 正在下載原始碼: https://raw.githubusercontent.com/pydantic/pydantic/refs/heads/main/pydantic/__init__.py
-> ✅ 原始碼下載成功。
-> 🧪 [深度融合] 正在將全球開源碼熔鑄至本地模組: PydanticAuto
-> 💾 寫入硬碟成功: manufacturing_hub/pydanticauto_auto_fused.py
-> 🔍 [品質檢驗] 檢查模組語法: manufacturing_hub/pydanticauto_auto_fused.py
-> 🎉 語法檢驗完美通過！

-> 💤 本輪巡航完畢。進入自動休眠，等待 30 秒後進行下一輪...

[2026-08-25 18:45:18] -> 🔄 開始新一輪全球開源專案自動巡航...
========================================
-> 🌍 [自動守護採購] 正在下載原始碼: https://raw.githubusercontent.com/psf/requests/refs/heads/main/src/requests/__init__.py
-> ✅ 原始碼下載成功。
-> 🧪 [深度融合] 正在將全球開源碼熔鑄至本地模組: RequestsAuto
-> 💾 寫入硬碟成功: manufacturing_hub/requestsauto_auto_fused.py
-> 🔍 [品質檢驗] 檢查模組語法: manufacturing_hub/requestsauto_auto_fused.py
-> 🎉 語法檢驗完美通過！
========================================
-> 🌍 [自動守護採購] 正在下載原始碼: https://raw.githubusercontent.com/fastapi/fastapi/refs/heads/master/fastapi/__init__.py
-> ✅ 原始碼下載成功。
-> 🧪 [深度融合] 正在將全球開源碼熔鑄至本地模組: FastAPIAuto
-> 💾 寫入硬碟成功: manufacturing_hub/fastapiauto_auto_fused.py
-> 🔍 [品質檢驗] 檢查模組語法: manufacturing_hub/fastapiauto_auto_fused.py
-> 🎉 語法檢驗完美通過！
========================================
-> 🌍 [自動守護採購] 正在下載原始碼: https://raw.githubusercontent.com/pallets/flask/refs/heads/main/src/flask/__init__.py
-> ✅ 原始碼下載成功。
-> 🧪 [深度融合] 正在將全球開源碼熔鑄至本地模組: FlaskAuto
-> 💾 寫入硬碟成功: manufacturing_hub/flaskauto_auto_fused.py
-> 🔍 [品質檢驗] 檢查模組語法: manufacturing_hub/flaskauto_auto_fused.py
-> 🎉 語法檢驗完美通過！
========================================
-> 🌍 [自動守護採購] 正在下載原始碼: https://raw.githubusercontent.com/pallets/click/refs/heads/main/src/click/__init__.py
-> ✅ 原始碼下載成功。
-> 🧪 [深度融合] 正在將全球開源碼熔鑄至本地模組: ClickAuto
-> 💾 寫入硬碟成功: manufacturing_hub/clickauto_auto_fused.py
-> 🔍 [品質檢驗] 檢查模組語法: manufacturing_hub/clickauto_auto_fused.py
-> 🎉 語法檢驗完美通過！
========================================
-> 🌍 [自動守護採購] 正在下載原始碼: https://raw.githubusercontent.com/Textualize/rich/refs/heads/main/rich/__init__.py
-> ✅ 原始碼下載成功。
-> 🧪 [深度融合] 正在將全球開源碼熔鑄至本地模組: RichAuto
-> 💾 寫入硬碟成功: manufacturing_hub/richauto_auto_fused.py
-> 🔍 [品質檢驗] 檢查模組語法: manufacturing_hub/richauto_auto_fused.py
-> 🎉 語法檢驗完美通過！
========================================
-> 🌍 [自動守護採購] 正在下載原始碼: https://raw.githubusercontent.com/pydantic/pydantic/refs/heads/main/pydantic/__init__.py
-> ✅ 原始碼下載成功。
-> 🧪 [深度融合] 正在將全球開源碼熔鑄至本地模組: PydanticAuto
-> 💾 寫入硬碟成功: manufacturing_hub/pydanticauto_auto_fused.py
-> 🔍 [品質檢驗] 檢查模組語法: manufacturing_hub/pydanticauto_auto_fused.py
-> 🎉 語法檢驗完美通過！

-> 💤 本輪巡航完畢。進入自動休眠，等待 30 秒後進行下一輪...

[2026-08-25 18:45:53] -> 🔄 開始新一輪全球開源專案自動巡航...
========================================
-> 🌍 [自動守護採購] 正在下載原始碼: https://raw.githubusercontent.com/psf/requests/refs/heads/main/src/requests/__init__.py
-> ✅ 原始碼下載成功。
-> 🧪 [深度融合] 正在將全球開源碼熔鑄至本地模組: RequestsAuto
-> 💾 寫入硬碟成功: manufacturing_hub/requestsauto_auto_fused.py
-> 🔍 [品質檢驗] 檢查模組語法: manufacturing_hub/requestsauto_auto_fused.py
-> 🎉 語法檢驗完美通過！
========================================
-> 🌍 [自動守護採購] 正在下載原始碼: https://raw.githubusercontent.com/fastapi/fastapi/refs/heads/master/fastapi/__init__.py
-> ✅ 原始碼下載成功。
-> 🧪 [深度融合] 正在將全球開源碼熔鑄至本地模組: FastAPIAuto
-> 💾 寫入硬碟成功: manufacturing_hub/fastapiauto_auto_fused.py
-> 🔍 [品質檢驗] 檢查模組語法: manufacturing_hub/fastapiauto_auto_fused.py
-> 🎉 語法檢驗完美通過！
========================================
-> 🌍 [自動守護採購] 正在下載原始碼: https://raw.githubusercontent.com/pallets/flask/refs/heads/main/src/flask/__init__.py
-> ✅ 原始碼下載成功。
-> 🧪 [深度融合] 正在將全球開源碼熔鑄至本地模組: FlaskAuto
-> 💾 寫入硬碟成功: manufacturing_hub/flaskauto_auto_fused.py
-> 🔍 [品質檢驗] 檢查模組語法: manufacturing_hub/flaskauto_auto_fused.py
-> 🎉 語法檢驗完美通過！
========================================
-> 🌍 [自動守護採購] 正在下載原始碼: https://raw.githubusercontent.com/pallets/click/refs/heads/main/src/click/__init__.py
-> ✅ 原始碼下載成功。
-> 🧪 [深度融合] 正在將全球開源碼熔鑄至本地模組: ClickAuto
-> 💾 寫入硬碟成功: manufacturing_hub/clickauto_auto_fused.py
-> 🔍 [品質檢驗] 檢查模組語法: manufacturing_hub/clickauto_auto_fused.py
-> 🎉 語法檢驗完美通過！
========================================
-> 🌍 [自動守護採購] 正在下載原始碼: https://raw.githubusercontent.com/Textualize/rich/refs/heads/main/rich/__init__.py
-> ✅ 原始碼下載成功。
-> 🧪 [深度融合] 正在將全球開源碼熔鑄至本地模組: RichAuto
-> 💾 寫入硬碟成功: manufacturing_hub/richauto_auto_fused.py
-> 🔍 [品質檢驗] 檢查模組語法: manufacturing_hub/richauto_auto_fused.py
-> 🎉 語法檢驗完美通過！
========================================
-> 🌍 [自動守護採購] 正在下載原始碼: https://raw.githubusercontent.com/pydantic/pydantic/refs/heads/main/pydantic/__init__.py
-> ✅ 原始碼下載成功。
-> 🧪 [深度融合] 正在將全球開源碼熔鑄至本地模組: PydanticAuto
-> 💾 寫入硬碟成功: manufacturing_hub/pydanticauto_auto_fused.py
-> 🔍 [品質檢驗] 檢查模組語法: manufacturing_hub/pydanticauto_auto_fused.py
-> 🎉 語法檢驗完美通過！

-> 💤 本輪巡航完畢。進入自動休眠，等待 30 秒後進行下一輪...

[2026-08-25 18:46:28] -> 🔄 開始新一輪全球開源專案自動巡航...
========================================
-> 🌍 [自動守護採購] 正在下載原始碼: https://raw.githubusercontent.com/psf/requests/refs/heads/main/src/requests/__init__.py
-> ✅ 原始碼下載成功。
-> 🧪 [深度融合] 正在將全球開源碼熔鑄至本地模組: RequestsAuto
-> 💾 寫入硬碟成功: manufacturing_hub/requestsauto_auto_fused.py
-> 🔍 [品質檢驗] 檢查模組語法: manufacturing_hub/requestsauto_auto_fused.py
-> 🎉 語法檢驗完美通過！
========================================
-> 🌍 [自動守護採購] 正在下載原始碼: https://raw.githubusercontent.com/fastapi/fastapi/refs/heads/master/fastapi/__init__.py
-> ✅ 原始碼下載成功。
-> 🧪 [深度融合] 正在將全球開源碼熔鑄至本地模組: FastAPIAuto
-> 💾 寫入硬碟成功: manufacturing_hub/fastapiauto_auto_fused.py
-> 🔍 [品質檢驗] 檢查模組語法: manufacturing_hub/fastapiauto_auto_fused.py
-> 🎉 語法檢驗完美通過！
========================================
-> 🌍 [自動守護採購] 正在下載原始碼: https://raw.githubusercontent.com/pallets/flask/refs/heads/main/src/flask/__init__.py
-> ✅ 原始碼下載成功。
-> 🧪 [深度融合] 正在將全球開源碼熔鑄至本地模組: FlaskAuto
-> 💾 寫入硬碟成功: manufacturing_hub/flaskauto_auto_fused.py
-> 🔍 [品質檢驗] 檢查模組語法: manufacturing_hub/flaskauto_auto_fused.py
-> 🎉 語法檢驗完美通過！
========================================
-> 🌍 [自動守護採購] 正在下載原始碼: https://raw.githubusercontent.com/pallets/click/refs/heads/main/src/click/__init__.py
-> ✅ 原始碼下載成功。
-> 🧪 [深度融合] 正在將全球開源碼熔鑄至本地模組: ClickAuto
-> 💾 寫入硬碟成功: manufacturing_hub/clickauto_auto_fused.py
-> 🔍 [品質檢驗] 檢查模組語法: manufacturing_hub/clickauto_auto_fused.py
-> 🎉 語法檢驗完美通過！
========================================
-> 🌍 [自動守護採購] 正在下載原始碼: https://raw.githubusercontent.com/Textualize/rich/refs/heads/main/rich/__init__.py
-> ✅ 原始碼下載成功。
-> 🧪 [深度融合] 正在將全球開源碼熔鑄至本地模組: RichAuto
-> 💾 寫入硬碟成功: manufacturing_hub/richauto_auto_fused.py
-> 🔍 [品質檢驗] 檢查模組語法: manufacturing_hub/richauto_auto_fused.py
-> 🎉 語法檢驗完美通過！
========================================
-> 🌍 [自動守護採購] 正在下載原始碼: https://raw.githubusercontent.com/pydantic/pydantic/refs/heads/main/pydantic/__init__.py
-> ✅ 原始碼下載成功。
-> 🧪 [深度融合] 正在將全球開源碼熔鑄至本地模組: PydanticAuto
-> 💾 寫入硬碟成功: manufacturing_hub/pydanticauto_auto_fused.py
-> 🔍 [品質檢驗] 檢查模組語法: manufacturing_hub/pydanticauto_auto_fused.py
-> 🎉 語法檢驗完美通過！

-> 💤 本輪巡航完畢。進入自動休眠，等待 30 秒後進行下一輪...

[2026-08-25 18:47:01] -> 🔄 開始新一輪全球開源專案自動巡航...
========================================
-> 🌍 [自動守護採購] 正在下載原始碼: https://raw.githubusercontent.com/psf/requests/refs/heads/main/src/requests/__init__.py
-> ✅ 原始碼下載成功。
-> 🧪 [深度融合] 正在將全球開源碼熔鑄至本地模組: RequestsAuto
-> 💾 寫入硬碟成功: manufacturing_hub/requestsauto_auto_fused.py
-> 🔍 [品質檢驗] 檢查模組語法: manufacturing_hub/requestsauto_auto_fused.py
-> 🎉 語法檢驗完美通過！
========================================
-> 🌍 [自動守護採購] 正在下載原始碼: https://raw.githubusercontent.com/fastapi/fastapi/refs/heads/master/fastapi/__init__.py
-> ✅ 原始碼下載成功。
-> 🧪 [深度融合] 正在將全球開源碼熔鑄至本地模組: FastAPIAuto
-> 💾 寫入硬碟成功: manufacturing_hub/fastapiauto_auto_fused.py
-> 🔍 [品質檢驗] 檢查模組語法: manufacturing_hub/fastapiauto_auto_fused.py
-> 🎉 語法檢驗完美通過！
========================================
-> 🌍 [自動守護採購] 正在下載原始碼: https://raw.githubusercontent.com/pallets/flask/refs/heads/main/src/flask/__init__.py
-> ✅ 原始碼下載成功。
-> 🧪 [深度融合] 正在將全球開源碼熔鑄至本地模組: FlaskAuto
-> 💾 寫入硬碟成功: manufacturing_hub/flaskauto_auto_fused.py
-> 🔍 [品質檢驗] 檢查模組語法: manufacturing_hub/flaskauto_auto_fused.py
-> 🎉 語法檢驗完美通過！
========================================
-> 🌍 [自動守護採購] 正在下載原始碼: https://raw.githubusercontent.com/pallets/click/refs/heads/main/src/click/__init__.py
-> ✅ 原始碼下載成功。
-> 🧪 [深度融合] 正在將全球開源碼熔鑄至本地模組: ClickAuto
-> 💾 寫入硬碟成功: manufacturing_hub/clickauto_auto_fused.py
-> 🔍 [品質檢驗] 檢查模組語法: manufacturing_hub/clickauto_auto_fused.py
-> 🎉 語法檢驗完美通過！
========================================
-> 🌍 [自動守護採購] 正在下載原始碼: https://raw.githubusercontent.com/Textualize/rich/refs/heads/main/rich/__init__.py
-> ✅ 原始碼下載成功。
-> 🧪 [深度融合] 正在將全球開源碼熔鑄至本地模組: RichAuto
-> 💾 寫入硬碟成功: manufacturing_hub/richauto_auto_fused.py
-> 🔍 [品質檢驗] 檢查模組語法: manufacturing_hub/richauto_auto_fused.py
-> 🎉 語法檢驗完美通過！
========================================
-> 🌍 [自動守護採購] 正在下載原始碼: https://raw.githubusercontent.com/pydantic/pydantic/refs/heads/main/pydantic/__init__.py
-> ✅ 原始碼下載成功。
-> 🧪 [深度融合] 正在將全球開源碼熔鑄至本地模組: PydanticAuto
-> 💾 寫入硬碟成功: manufacturing_hub/pydanticauto_auto_fused.py
-> 🔍 [品質檢驗] 檢查模組語法: manufacturing_hub/pydanticauto_auto_fused.py
-> 🎉 語法檢驗完美通過！

-> 💤 本輪巡航完畢。進入自動休眠，等待 30 秒後進行下一輪...

[2026-08-25 18:47:37] -> 🔄 開始新一輪全球開源專案自動巡航...
========================================
-> 🌍 [自動守護採購] 正在下載原始碼: https://raw.githubusercontent.com/psf/requests/refs/heads/main/src/requests/__init__.py
-> ✅ 原始碼下載成功。
-> 🧪 [深度融合] 正在將全球開源碼熔鑄至本地模組: RequestsAuto
-> 💾 寫入硬碟成功: manufacturing_hub/requestsauto_auto_fused.py
-> 🔍 [品質檢驗] 檢查模組語法: manufacturing_hub/requestsauto_auto_fused.py
-> 🎉 語法檢驗完美通過！
========================================
-> 🌍 [自動守護採購] 正在下載原始碼: https://raw.githubusercontent.com/fastapi/fastapi/refs/heads/master/fastapi/__init__.py
-> ✅ 原始碼下載成功。
-> 🧪 [深度融合] 正在將全球開源碼熔鑄至本地模組: FastAPIAuto
-> 💾 寫入硬碟成功: manufacturing_hub/fastapiauto_auto_fused.py
-> 🔍 [品質檢驗] 檢查模組語法: manufacturing_hub/fastapiauto_auto_fused.py
-> 🎉 語法檢驗完美通過！
========================================
-> 🌍 [自動守護採購] 正在下載原始碼: https://raw.githubusercontent.com/pallets/flask/refs/heads/main/src/flask/__init__.py
-> ✅ 原始碼下載成功。
-> 🧪 [深度融合] 正在將全球開源碼熔鑄至本地模組: FlaskAuto
-> 💾 寫入硬碟成功: manufacturing_hub/flaskauto_auto_fused.py
-> 🔍 [品質檢驗] 檢查模組語法: manufacturing_hub/flaskauto_auto_fused.py
-> 🎉 語法檢驗完美通過！
========================================
-> 🌍 [自動守護採購] 正在下載原始碼: https://raw.githubusercontent.com/pallets/click/refs/heads/main/src/click/__init__.py
-> ✅ 原始碼下載成功。
-> 🧪 [深度融合] 正在將全球開源碼熔鑄至本地模組: ClickAuto
-> 💾 寫入硬碟成功: manufacturing_hub/clickauto_auto_fused.py
-> 🔍 [品質檢驗] 檢查模組語法: manufacturing_hub/clickauto_auto_fused.py
-> 🎉 語法檢驗完美通過！
========================================
-> 🌍 [自動守護採購] 正在下載原始碼: https://raw.githubusercontent.com/Textualize/rich/refs/heads/main/rich/__init__.py
-> ✅ 原始碼下載成功。
-> 🧪 [深度融合] 正在將全球開源碼熔鑄至本地模組: RichAuto
-> 💾 寫入硬碟成功: manufacturing_hub/richauto_auto_fused.py
-> 🔍 [品質檢驗] 檢查模組語法: manufacturing_hub/richauto_auto_fused.py
-> 🎉 語法檢驗完美通過！
========================================
-> 🌍 [自動守護採購] 正在下載原始碼: https://raw.githubusercontent.com/pydantic/pydantic/refs/heads/main/pydantic/__init__.py
-> ✅ 原始碼下載成功。
-> 🧪 [深度融合] 正在將全球開源碼熔鑄至本地模組: PydanticAuto
-> 💾 寫入硬碟成功: manufacturing_hub/pydanticauto_auto_fused.py
-> 🔍 [品質檢驗] 檢查模組語法: manufacturing_hub/pydanticauto_auto_fused.py
-> 🎉 語法檢驗完美通過！

-> 💤 本輪巡航完畢。進入自動休眠，等待 30 秒後進行下一輪...

[2026-08-25 18:48:12] -> 🔄 開始新一輪全球開源專案自動巡航...
========================================
-> 🌍 [自動守護採購] 正在下載原始碼: https://raw.githubusercontent.com/psf/requests/refs/heads/main/src/requests/__init__.py
-> ✅ 原始碼下載成功。
-> 🧪 [深度融合] 正在將全球開源碼熔鑄至本地模組: RequestsAuto
-> 💾 寫入硬碟成功: manufacturing_hub/requestsauto_auto_fused.py
-> 🔍 [品質檢驗] 檢查模組語法: manufacturing_hub/requestsauto_auto_fused.py
-> 🎉 語法檢驗完美通過！
========================================
-> 🌍 [自動守護採購] 正在下載原始碼: https://raw.githubusercontent.com/fastapi/fastapi/refs/heads/master/fastapi/__init__.py
-> ✅ 原始碼下載成功。
-> 🧪 [深度融合] 正在將全球開源碼熔鑄至本地模組: FastAPIAuto
-> 💾 寫入硬碟成功: manufacturing_hub/fastapiauto_auto_fused.py
-> 🔍 [品質檢驗] 檢查模組語法: manufacturing_hub/fastapiauto_auto_fused.py
-> 🎉 語法檢驗完美通過！
========================================
-> 🌍 [自動守護採購] 正在下載原始碼: https://raw.githubusercontent.com/pallets/flask/refs/heads/main/src/flask/__init__.py
-> ✅ 原始碼下載成功。
-> 🧪 [深度融合] 正在將全球開源碼熔鑄至本地模組: FlaskAuto
-> 💾 寫入硬碟成功: manufacturing_hub/flaskauto_auto_fused.py
-> 🔍 [品質檢驗] 檢查模組語法: manufacturing_hub/flaskauto_auto_fused.py
-> 🎉 語法檢驗完美通過！
========================================
-> 🌍 [自動守護採購] 正在下載原始碼: https://raw.githubusercontent.com/pallets/click/refs/heads/main/src/click/__init__.py
-> ✅ 原始碼下載成功。
-> 🧪 [深度融合] 正在將全球開源碼熔鑄至本地模組: ClickAuto
-> 💾 寫入硬碟成功: manufacturing_hub/clickauto_auto_fused.py
-> 🔍 [品質檢驗] 檢查模組語法: manufacturing_hub/clickauto_auto_fused.py
-> 🎉 語法檢驗完美通過！
========================================
-> 🌍 [自動守護採購] 正在下載原始碼: https://raw.githubusercontent.com/Textualize/rich/refs/heads/main/rich/__init__.py
-> ✅ 原始碼下載成功。
-> 🧪 [深度融合] 正在將全球開源碼熔鑄至本地模組: RichAuto
-> 💾 寫入硬碟成功: manufacturing_hub/richauto_auto_fused.py
-> 🔍 [品質檢驗] 檢查模組語法: manufacturing_hub/richauto_auto_fused.py
-> 🎉 語法檢驗完美通過！
========================================
-> 🌍 [自動守護採購] 正在下載原始碼: https://raw.githubusercontent.com/pydantic/pydantic/refs/heads/main/pydantic/__init__.py
-> ✅ 原始碼下載成功。
-> 🧪 [深度融合] 正在將全球開源碼熔鑄至本地模組: PydanticAuto
-> 💾 寫入硬碟成功: manufacturing_hub/pydanticauto_auto_fused.py
-> 🔍 [品質檢驗] 檢查模組語法: manufacturing_hub/pydanticauto_auto_fused.py
-> 🎉 語法檢驗完美通過！

-> 💤 本輪巡航完畢。進入自動休眠，等待 30 秒後進行下一輪...

[2026-08-25 18:48:45] -> 🔄 開始新一輪全球開源專案自動巡航...
========================================
-> 🌍 [自動守護採購] 正在下載原始碼: https://raw.githubusercontent.com/psf/requests/refs/heads/main/src/requests/__init__.py
-> ✅ 原始碼下載成功。
-> 🧪 [深度融合] 正在將全球開源碼熔鑄至本地模組: RequestsAuto
-> 💾 寫入硬碟成功: manufacturing_hub/requestsauto_auto_fused.py
-> 🔍 [品質檢驗] 檢查模組語法: manufacturing_hub/requestsauto_auto_fused.py
-> 🎉 語法檢驗完美通過！
========================================
-> 🌍 [自動守護採購] 正在下載原始碼: https://raw.githubusercontent.com/fastapi/fastapi/refs/heads/master/fastapi/__init__.py
-> ✅ 原始碼下載成功。
-> 🧪 [深度融合] 正在將全球開源碼熔鑄至本地模組: FastAPIAuto
-> 💾 寫入硬碟成功: manufacturing_hub/fastapiauto_auto_fused.py
-> 🔍 [品質檢驗] 檢查模組語法: manufacturing_hub/fastapiauto_auto_fused.py
-> 🎉 語法檢驗完美通過！
========================================
-> 🌍 [自動守護採購] 正在下載原始碼: https://raw.githubusercontent.com/pallets/flask/refs/heads/main/src/flask/__init__.py
-> ✅ 原始碼下載成功。
-> 🧪 [深度融合] 正在將全球開源碼熔鑄至本地模組: FlaskAuto
-> 💾 寫入硬碟成功: manufacturing_hub/flaskauto_auto_fused.py
-> 🔍 [品質檢驗] 檢查模組語法: manufacturing_hub/flaskauto_auto_fused.py
-> 🎉 語法檢驗完美通過！
========================================
-> 🌍 [自動守護採購] 正在下載原始碼: https://raw.githubusercontent.com/pallets/click/refs/heads/main/src/click/__init__.py
-> ✅ 原始碼下載成功。
-> 🧪 [深度融合] 正在將全球開源碼熔鑄至本地模組: ClickAuto
-> 💾 寫入硬碟成功: manufacturing_hub/clickauto_auto_fused.py
-> 🔍 [品質檢驗] 檢查模組語法: manufacturing_hub/clickauto_auto_fused.py
-> 🎉 語法檢驗完美通過！
========================================
-> 🌍 [自動守護採購] 正在下載原始碼: https://raw.githubusercontent.com/Textualize/rich/refs/heads/main/rich/__init__.py
-> ✅ 原始碼下載成功。
-> 🧪 [深度融合] 正在將全球開源碼熔鑄至本地模組: RichAuto
-> 💾 寫入硬碟成功: manufacturing_hub/richauto_auto_fused.py
-> 🔍 [品質檢驗] 檢查模組語法: manufacturing_hub/richauto_auto_fused.py
-> 🎉 語法檢驗完美通過！
========================================
-> 🌍 [自動守護採購] 正在下載原始碼: https://raw.githubusercontent.com/pydantic/pydantic/refs/heads/main/pydantic/__init__.py
-> ✅ 原始碼下載成功。
-> 🧪 [深度融合] 正在將全球開源碼熔鑄至本地模組: PydanticAuto
-> 💾 寫入硬碟成功: manufacturing_hub/pydanticauto_auto_fused.py
-> 🔍 [品質檢驗] 檢查模組語法: manufacturing_hub/pydanticauto_auto_fused.py
-> 🎉 語法檢驗完美通過！

-> 💤 本輪巡航完畢。進入自動休眠，等待 30 秒後進行下一輪...

[2026-08-25 18:49:20] -> 🔄 開始新一輪全球開源專案自動巡航...
========================================
-> 🌍 [自動守護採購] 正在下載原始碼: https://raw.githubusercontent.com/psf/requests/refs/heads/main/src/requests/__init__.py
-> ✅ 原始碼下載成功。
-> 🧪 [深度融合] 正在將全球開源碼熔鑄至本地模組: RequestsAuto
-> 💾 寫入硬碟成功: manufacturing_hub/requestsauto_auto_fused.py
-> 🔍 [品質檢驗] 檢查模組語法: manufacturing_hub/requestsauto_auto_fused.py
-> 🎉 語法檢驗完美通過！
========================================
-> 🌍 [自動守護採購] 正在下載原始碼: https://raw.githubusercontent.com/fastapi/fastapi/refs/heads/master/fastapi/__init__.py
-> ✅ 原始碼下載成功。
-> 🧪 [深度融合] 正在將全球開源碼熔鑄至本地模組: FastAPIAuto
-> 💾 寫入硬碟成功: manufacturing_hub/fastapiauto_auto_fused.py
-> 🔍 [品質檢驗] 檢查模組語法: manufacturing_hub/fastapiauto_auto_fused.py
-> 🎉 語法檢驗完美通過！
========================================
-> 🌍 [自動守護採購] 正在下載原始碼: https://raw.githubusercontent.com/pallets/flask/refs/heads/main/src/flask/__init__.py
-> ✅ 原始碼下載成功。
-> 🧪 [深度融合] 正在將全球開源碼熔鑄至本地模組: FlaskAuto
-> 💾 寫入硬碟成功: manufacturing_hub/flaskauto_auto_fused.py
-> 🔍 [品質檢驗] 檢查模組語法: manufacturing_hub/flaskauto_auto_fused.py
-> 🎉 語法檢驗完美通過！
========================================
-> 🌍 [自動守護採購] 正在下載原始碼: https://raw.githubusercontent.com/pallets/click/refs/heads/main/src/click/__init__.py
-> ✅ 原始碼下載成功。
-> 🧪 [深度融合] 正在將全球開源碼熔鑄至本地模組: ClickAuto
-> 💾 寫入硬碟成功: manufacturing_hub/clickauto_auto_fused.py
-> 🔍 [品質檢驗] 檢查模組語法: manufacturing_hub/clickauto_auto_fused.py
-> 🎉 語法檢驗完美通過！
========================================
-> 🌍 [自動守護採購] 正在下載原始碼: https://raw.githubusercontent.com/Textualize/rich/refs/heads/main/rich/__init__.py
-> ✅ 原始碼下載成功。
-> 🧪 [深度融合] 正在將全球開源碼熔鑄至本地模組: RichAuto
-> 💾 寫入硬碟成功: manufacturing_hub/richauto_auto_fused.py
-> 🔍 [品質檢驗] 檢查模組語法: manufacturing_hub/richauto_auto_fused.py
-> 🎉 語法檢驗完美通過！
========================================
-> 🌍 [自動守護採購] 正在下載原始碼: https://raw.githubusercontent.com/pydantic/pydantic/refs/heads/main/pydantic/__init__.py
-> ✅ 原始碼下載成功。
-> 🧪 [深度融合] 正在將全球開源碼熔鑄至本地模組: PydanticAuto
-> 💾 寫入硬碟成功: manufacturing_hub/pydanticauto_auto_fused.py
-> 🔍 [品質檢驗] 檢查模組語法: manufacturing_hub/pydanticauto_auto_fused.py
-> 🎉 語法檢驗完美通過！

-> 💤 本輪巡航完畢。進入自動休眠，等待 30 秒後進行下一輪...

[2026-08-25 18:49:53] -> 🔄 開始新一輪全球開源專案自動巡航...
========================================
-> 🌍 [自動守護採購] 正在下載原始碼: https://raw.githubusercontent.com/psf/requests/refs/heads/main/src/requests/__init__.py
-> ✅ 原始碼下載成功。
-> 🧪 [深度融合] 正在將全球開源碼熔鑄至本地模組: RequestsAuto
-> 💾 寫入硬碟成功: manufacturing_hub/requestsauto_auto_fused.py
-> 🔍 [品質檢驗] 檢查模組語法: manufacturing_hub/requestsauto_auto_fused.py
-> 🎉 語法檢驗完美通過！
========================================
-> 🌍 [自動守護採購] 正在下載原始碼: https://raw.githubusercontent.com/fastapi/fastapi/refs/heads/master/fastapi/__init__.py
-> ✅ 原始碼下載成功。
-> 🧪 [深度融合] 正在將全球開源碼熔鑄至本地模組: FastAPIAuto
-> 💾 寫入硬碟成功: manufacturing_hub/fastapiauto_auto_fused.py
-> 🔍 [品質檢驗] 檢查模組語法: manufacturing_hub/fastapiauto_auto_fused.py
-> 🎉 語法檢驗完美通過！
========================================
-> 🌍 [自動守護採購] 正在下載原始碼: https://raw.githubusercontent.com/pallets/flask/refs/heads/main/src/flask/__init__.py
-> ✅ 原始碼下載成功。
-> 🧪 [深度融合] 正在將全球開源碼熔鑄至本地模組: FlaskAuto
-> 💾 寫入硬碟成功: manufacturing_hub/flaskauto_auto_fused.py
-> 🔍 [品質檢驗] 檢查模組語法: manufacturing_hub/flaskauto_auto_fused.py
-> 🎉 語法檢驗完美通過！
========================================
-> 🌍 [自動守護採購] 正在下載原始碼: https://raw.githubusercontent.com/pallets/click/refs/heads/main/src/click/__init__.py
-> ✅ 原始碼下載成功。
-> 🧪 [深度融合] 正在將全球開源碼熔鑄至本地模組: ClickAuto
-> 💾 寫入硬碟成功: manufacturing_hub/clickauto_auto_fused.py
-> 🔍 [品質檢驗] 檢查模組語法: manufacturing_hub/clickauto_auto_fused.py
-> 🎉 語法檢驗完美通過！
========================================
-> 🌍 [自動守護採購] 正在下載原始碼: https://raw.githubusercontent.com/Textualize/rich/refs/heads/main/rich/__init__.py
-> ✅ 原始碼下載成功。
-> 🧪 [深度融合] 正在將全球開源碼熔鑄至本地模組: RichAuto
-> 💾 寫入硬碟成功: manufacturing_hub/richauto_auto_fused.py
-> 🔍 [品質檢驗] 檢查模組語法: manufacturing_hub/richauto_auto_fused.py
-> 🎉 語法檢驗完美通過！
========================================
-> 🌍 [自動守護採購] 正在下載原始碼: https://raw.githubusercontent.com/pydantic/pydantic/refs/heads/main/pydantic/__init__.py
-> ✅ 原始碼下載成功。
-> 🧪 [深度融合] 正在將全球開源碼熔鑄至本地模組: PydanticAuto
-> 💾 寫入硬碟成功: manufacturing_hub/pydanticauto_auto_fused.py
-> 🔍 [品質檢驗] 檢查模組語法: manufacturing_hub/pydanticauto_auto_fused.py
-> 🎉 語法檢驗完美通過！

-> 💤 本輪巡航完畢。進入自動休眠，等待 30 秒後進行下一輪...

[2026-08-25 18:50:27] -> 🔄 開始新一輪全球開源專案自動巡航...
========================================
-> 🌍 [自動守護採購] 正在下載原始碼: https://raw.githubusercontent.com/psf/requests/refs/heads/main/src/requests/__init__.py
-> ✅ 原始碼下載成功。
-> 🧪 [深度融合] 正在將全球開源碼熔鑄至本地模組: RequestsAuto
-> 💾 寫入硬碟成功: manufacturing_hub/requestsauto_auto_fused.py
-> 🔍 [品質檢驗] 檢查模組語法: manufacturing_hub/requestsauto_auto_fused.py
-> 🎉 語法檢驗完美通過！
========================================
-> 🌍 [自動守護採購] 正在下載原始碼: https://raw.githubusercontent.com/fastapi/fastapi/refs/heads/master/fastapi/__init__.py
-> ✅ 原始碼下載成功。
-> 🧪 [深度融合] 正在將全球開源碼熔鑄至本地模組: FastAPIAuto
-> 💾 寫入硬碟成功: manufacturing_hub/fastapiauto_auto_fused.py
-> 🔍 [品質檢驗] 檢查模組語法: manufacturing_hub/fastapiauto_auto_fused.py
-> 🎉 語法檢驗完美通過！
========================================
-> 🌍 [自動守護採購] 正在下載原始碼: https://raw.githubusercontent.com/pallets/flask/refs/heads/main/src/flask/__init__.py
-> ✅ 原始碼下載成功。
-> 🧪 [深度融合] 正在將全球開源碼熔鑄至本地模組: FlaskAuto
-> 💾 寫入硬碟成功: manufacturing_hub/flaskauto_auto_fused.py
-> 🔍 [品質檢驗] 檢查模組語法: manufacturing_hub/flaskauto_auto_fused.py
-> 🎉 語法檢驗完美通過！
========================================
-> 🌍 [自動守護採購] 正在下載原始碼: https://raw.githubusercontent.com/pallets/click/refs/heads/main/src/click/__init__.py
-> ✅ 原始碼下載成功。
-> 🧪 [深度融合] 正在將全球開源碼熔鑄至本地模組: ClickAuto
-> 💾 寫入硬碟成功: manufacturing_hub/clickauto_auto_fused.py
-> 🔍 [品質檢驗] 檢查模組語法: manufacturing_hub/clickauto_auto_fused.py
-> 🎉 語法檢驗完美通過！
========================================
-> 🌍 [自動守護採購] 正在下載原始碼: https://raw.githubusercontent.com/Textualize/rich/refs/heads/main/rich/__init__.py
-> ✅ 原始碼下載成功。
-> 🧪 [深度融合] 正在將全球開源碼熔鑄至本地模組: RichAuto
-> 💾 寫入硬碟成功: manufacturing_hub/richauto_auto_fused.py
-> 🔍 [品質檢驗] 檢查模組語法: manufacturing_hub/richauto_auto_fused.py
-> 🎉 語法檢驗完美通過！
========================================
-> 🌍 [自動守護採購] 正在下載原始碼: https://raw.githubusercontent.com/pydantic/pydantic/refs/heads/main/pydantic/__init__.py
-> ✅ 原始碼下載成功。
-> 🧪 [深度融合] 正在將全球開源碼熔鑄至本地模組: PydanticAuto
-> 💾 寫入硬碟成功: manufacturing_hub/pydanticauto_auto_fused.py
-> 🔍 [品質檢驗] 檢查模組語法: manufacturing_hub/pydanticauto_auto_fused.py
-> 🎉 語法檢驗完美通過！

-> 💤 本輪巡航完畢。進入自動休眠，等待 30 秒後進行下一輪...

[2026-08-25 18:51:01] -> 🔄 開始新一輪全球開源專案自動巡航...
========================================
-> 🌍 [自動守護採購] 正在下載原始碼: https://raw.githubusercontent.com/psf/requests/refs/heads/main/src/requests/__init__.py
-> ✅ 原始碼下載成功。
-> 🧪 [深度融合] 正在將全球開源碼熔鑄至本地模組: RequestsAuto
-> 💾 寫入硬碟成功: manufacturing_hub/requestsauto_auto_fused.py
-> 🔍 [品質檢驗] 檢查模組語法: manufacturing_hub/requestsauto_auto_fused.py
-> 🎉 語法檢驗完美通過！
========================================
-> 🌍 [自動守護採購] 正在下載原始碼: https://raw.githubusercontent.com/fastapi/fastapi/refs/heads/master/fastapi/__init__.py
-> ✅ 原始碼下載成功。
-> 🧪 [深度融合] 正在將全球開源碼熔鑄至本地模組: FastAPIAuto
-> 💾 寫入硬碟成功: manufacturing_hub/fastapiauto_auto_fused.py
-> 🔍 [品質檢驗] 檢查模組語法: manufacturing_hub/fastapiauto_auto_fused.py
-> 🎉 語法檢驗完美通過！
========================================
-> 🌍 [自動守護採購] 正在下載原始碼: https://raw.githubusercontent.com/pallets/flask/refs/heads/main/src/flask/__init__.py
-> ✅ 原始碼下載成功。
-> 🧪 [深度融合] 正在將全球開源碼熔鑄至本地模組: FlaskAuto
-> 💾 寫入硬碟成功: manufacturing_hub/flaskauto_auto_fused.py
-> 🔍 [品質檢驗] 檢查模組語法: manufacturing_hub/flaskauto_auto_fused.py
-> 🎉 語法檢驗完美通過！
========================================
-> 🌍 [自動守護採購] 正在下載原始碼: https://raw.githubusercontent.com/pallets/click/refs/heads/main/src/click/__init__.py
-> ✅ 原始碼下載成功。
-> 🧪 [深度融合] 正在將全球開源碼熔鑄至本地模組: ClickAuto
-> 💾 寫入硬碟成功: manufacturing_hub/clickauto_auto_fused.py
-> 🔍 [品質檢驗] 檢查模組語法: manufacturing_hub/clickauto_auto_fused.py
-> 🎉 語法檢驗完美通過！
========================================
-> 🌍 [自動守護採購] 正在下載原始碼: https://raw.githubusercontent.com/Textualize/rich/refs/heads/main/rich/__init__.py
-> ✅ 原始碼下載成功。
-> 🧪 [深度融合] 正在將全球開源碼熔鑄至本地模組: RichAuto
-> 💾 寫入硬碟成功: manufacturing_hub/richauto_auto_fused.py
-> 🔍 [品質檢驗] 檢查模組語法: manufacturing_hub/richauto_auto_fused.py
-> 🎉 語法檢驗完美通過！
========================================
-> 🌍 [自動守護採購] 正在下載原始碼: https://raw.githubusercontent.com/pydantic/pydantic/refs/heads/main/pydantic/__init__.py
-> ✅ 原始碼下載成功。
-> 🧪 [深度融合] 正在將全球開源碼熔鑄至本地模組: PydanticAuto
-> 💾 寫入硬碟成功: manufacturing_hub/pydanticauto_auto_fused.py
-> 🔍 [品質檢驗] 檢查模組語法: manufacturing_hub/pydanticauto_auto_fused.py
-> 🎉 語法檢驗完美通過！

-> 💤 本輪巡航完畢。進入自動休眠，等待 30 秒後進行下一輪...

[2026-08-25 18:51:35] -> 🔄 開始新一輪全球開源專案自動巡航...
========================================
-> 🌍 [自動守護採購] 正在下載原始碼: https://raw.githubusercontent.com/psf/requests/refs/heads/main/src/requests/__init__.py
-> ✅ 原始碼下載成功。
-> 🧪 [深度融合] 正在將全球開源碼熔鑄至本地模組: RequestsAuto
-> 💾 寫入硬碟成功: manufacturing_hub/requestsauto_auto_fused.py
-> 🔍 [品質檢驗] 檢查模組語法: manufacturing_hub/requestsauto_auto_fused.py
-> 🎉 語法檢驗完美通過！
========================================
-> 🌍 [自動守護採購] 正在下載原始碼: https://raw.githubusercontent.com/fastapi/fastapi/refs/heads/master/fastapi/__init__.py
-> ✅ 原始碼下載成功。
-> 🧪 [深度融合] 正在將全球開源碼熔鑄至本地模組: FastAPIAuto
-> 💾 寫入硬碟成功: manufacturing_hub/fastapiauto_auto_fused.py
-> 🔍 [品質檢驗] 檢查模組語法: manufacturing_hub/fastapiauto_auto_fused.py
-> 🎉 語法檢驗完美通過！
========================================
-> 🌍 [自動守護採購] 正在下載原始碼: https://raw.githubusercontent.com/pallets/flask/refs/heads/main/src/flask/__init__.py
-> ✅ 原始碼下載成功。
-> 🧪 [深度融合] 正在將全球開源碼熔鑄至本地模組: FlaskAuto
-> 💾 寫入硬碟成功: manufacturing_hub/flaskauto_auto_fused.py
-> 🔍 [品質檢驗] 檢查模組語法: manufacturing_hub/flaskauto_auto_fused.py
-> 🎉 語法檢驗完美通過！
========================================
-> 🌍 [自動守護採購] 正在下載原始碼: https://raw.githubusercontent.com/pallets/click/refs/heads/main/src/click/__init__.py
-> ✅ 原始碼下載成功。
-> 🧪 [深度融合] 正在將全球開源碼熔鑄至本地模組: ClickAuto
-> 💾 寫入硬碟成功: manufacturing_hub/clickauto_auto_fused.py
-> 🔍 [品質檢驗] 檢查模組語法: manufacturing_hub/clickauto_auto_fused.py
-> 🎉 語法檢驗完美通過！
========================================
-> 🌍 [自動守護採購] 正在下載原始碼: https://raw.githubusercontent.com/Textualize/rich/refs/heads/main/rich/__init__.py
-> ✅ 原始碼下載成功。
-> 🧪 [深度融合] 正在將全球開源碼熔鑄至本地模組: RichAuto
-> 💾 寫入硬碟成功: manufacturing_hub/richauto_auto_fused.py
-> 🔍 [品質檢驗] 檢查模組語法: manufacturing_hub/richauto_auto_fused.py
-> 🎉 語法檢驗完美通過！
========================================
-> 🌍 [自動守護採購] 正在下載原始碼: https://raw.githubusercontent.com/pydantic/pydantic/refs/heads/main/pydantic/__init__.py
-> ✅ 原始碼下載成功。
-> 🧪 [深度融合] 正在將全球開源碼熔鑄至本地模組: PydanticAuto
-> 💾 寫入硬碟成功: manufacturing_hub/pydanticauto_auto_fused.py
-> 🔍 [品質檢驗] 檢查模組語法: manufacturing_hub/pydanticauto_auto_fused.py
-> 🎉 語法檢驗完美通過！

-> 💤 本輪巡航完畢。進入自動休眠，等待 30 秒後進行下一輪...

[2026-08-25 18:52:09] -> 🔄 開始新一輪全球開源專案自動巡航...
========================================
-> 🌍 [自動守護採購] 正在下載原始碼: https://raw.githubusercontent.com/psf/requests/refs/heads/main/src/requests/__init__.py
-> ✅ 原始碼下載成功。
-> 🧪 [深度融合] 正在將全球開源碼熔鑄至本地模組: RequestsAuto
-> 💾 寫入硬碟成功: manufacturing_hub/requestsauto_auto_fused.py
-> 🔍 [品質檢驗] 檢查模組語法: manufacturing_hub/requestsauto_auto_fused.py
-> 🎉 語法檢驗完美通過！
========================================
-> 🌍 [自動守護採購] 正在下載原始碼: https://raw.githubusercontent.com/fastapi/fastapi/refs/heads/master/fastapi/__init__.py
-> ✅ 原始碼下載成功。
-> 🧪 [深度融合] 正在將全球開源碼熔鑄至本地模組: FastAPIAuto
-> 💾 寫入硬碟成功: manufacturing_hub/fastapiauto_auto_fused.py
-> 🔍 [品質檢驗] 檢查模組語法: manufacturing_hub/fastapiauto_auto_fused.py
-> 🎉 語法檢驗完美通過！
========================================
-> 🌍 [自動守護採購] 正在下載原始碼: https://raw.githubusercontent.com/pallets/flask/refs/heads/main/src/flask/__init__.py
-> ✅ 原始碼下載成功。
-> 🧪 [深度融合] 正在將全球開源碼熔鑄至本地模組: FlaskAuto
-> 💾 寫入硬碟成功: manufacturing_hub/flaskauto_auto_fused.py
-> 🔍 [品質檢驗] 檢查模組語法: manufacturing_hub/flaskauto_auto_fused.py
-> 🎉 語法檢驗完美通過！
========================================
-> 🌍 [自動守護採購] 正在下載原始碼: https://raw.githubusercontent.com/pallets/click/refs/heads/main/src/click/__init__.py
-> ✅ 原始碼下載成功。
-> 🧪 [深度融合] 正在將全球開源碼熔鑄至本地模組: ClickAuto
-> 💾 寫入硬碟成功: manufacturing_hub/clickauto_auto_fused.py
-> 🔍 [品質檢驗] 檢查模組語法: manufacturing_hub/clickauto_auto_fused.py
-> 🎉 語法檢驗完美通過！
========================================
-> 🌍 [自動守護採購] 正在下載原始碼: https://raw.githubusercontent.com/Textualize/rich/refs/heads/main/rich/__init__.py
-> ✅ 原始碼下載成功。
-> 🧪 [深度融合] 正在將全球開源碼熔鑄至本地模組: RichAuto
-> 💾 寫入硬碟成功: manufacturing_hub/richauto_auto_fused.py
-> 🔍 [品質檢驗] 檢查模組語法: manufacturing_hub/richauto_auto_fused.py
-> 🎉 語法檢驗完美通過！
========================================
-> 🌍 [自動守護採購] 正在下載原始碼: https://raw.githubusercontent.com/pydantic/pydantic/refs/heads/main/pydantic/__init__.py
-> ✅ 原始碼下載成功。
-> 🧪 [深度融合] 正在將全球開源碼熔鑄至本地模組: PydanticAuto
-> 💾 寫入硬碟成功: manufacturing_hub/pydanticauto_auto_fused.py
-> 🔍 [品質檢驗] 檢查模組語法: manufacturing_hub/pydanticauto_auto_fused.py
-> 🎉 語法檢驗完美通過！

-> 💤 本輪巡航完畢。進入自動休眠，等待 30 秒後進行下一輪...

[2026-08-25 18:52:43] -> 🔄 開始新一輪全球開源專案自動巡航...
========================================
-> 🌍 [自動守護採購] 正在下載原始碼: https://raw.githubusercontent.com/psf/requests/refs/heads/main/src/requests/__init__.py
-> ✅ 原始碼下載成功。
-> 🧪 [深度融合] 正在將全球開源碼熔鑄至本地模組: RequestsAuto
-> 💾 寫入硬碟成功: manufacturing_hub/requestsauto_auto_fused.py
-> 🔍 [品質檢驗] 檢查模組語法: manufacturing_hub/requestsauto_auto_fused.py
-> 🎉 語法檢驗完美通過！
========================================
-> 🌍 [自動守護採購] 正在下載原始碼: https://raw.githubusercontent.com/fastapi/fastapi/refs/heads/master/fastapi/__init__.py
-> ✅ 原始碼下載成功。
-> 🧪 [深度融合] 正在將全球開源碼熔鑄至本地模組: FastAPIAuto
-> 💾 寫入硬碟成功: manufacturing_hub/fastapiauto_auto_fused.py
-> 🔍 [品質檢驗] 檢查模組語法: manufacturing_hub/fastapiauto_auto_fused.py
-> 🎉 語法檢驗完美通過！
========================================
-> 🌍 [自動守護採購] 正在下載原始碼: https://raw.githubusercontent.com/pallets/flask/refs/heads/main/src/flask/__init__.py
-> ✅ 原始碼下載成功。
-> 🧪 [深度融合] 正在將全球開源碼熔鑄至本地模組: FlaskAuto
-> 💾 寫入硬碟成功: manufacturing_hub/flaskauto_auto_fused.py
-> 🔍 [品質檢驗] 檢查模組語法: manufacturing_hub/flaskauto_auto_fused.py
-> 🎉 語法檢驗完美通過！
========================================
-> 🌍 [自動守護採購] 正在下載原始碼: https://raw.githubusercontent.com/pallets/click/refs/heads/main/src/click/__init__.py
-> ✅ 原始碼下載成功。
-> 🧪 [深度融合] 正在將全球開源碼熔鑄至本地模組: ClickAuto
-> 💾 寫入硬碟成功: manufacturing_hub/clickauto_auto_fused.py
-> 🔍 [品質檢驗] 檢查模組語法: manufacturing_hub/clickauto_auto_fused.py
-> 🎉 語法檢驗完美通過！
========================================
-> 🌍 [自動守護採購] 正在下載原始碼: https://raw.githubusercontent.com/Textualize/rich/refs/heads/main/rich/__init__.py
-> ✅ 原始碼下載成功。
-> 🧪 [深度融合] 正在將全球開源碼熔鑄至本地模組: RichAuto
-> 💾 寫入硬碟成功: manufacturing_hub/richauto_auto_fused.py
-> 🔍 [品質檢驗] 檢查模組語法: manufacturing_hub/richauto_auto_fused.py
-> 🎉 語法檢驗完美通過！
========================================
-> 🌍 [自動守護採購] 正在下載原始碼: https://raw.githubusercontent.com/pydantic/pydantic/refs/heads/main/pydantic/__init__.py
-> ✅ 原始碼下載成功。
-> 🧪 [深度融合] 正在將全球開源碼熔鑄至本地模組: PydanticAuto
-> 💾 寫入硬碟成功: manufacturing_hub/pydanticauto_auto_fused.py
-> 🔍 [品質檢驗] 檢查模組語法: manufacturing_hub/pydanticauto_auto_fused.py
-> 🎉 語法檢驗完美通過！

-> 💤 本輪巡航完畢。進入自動休眠，等待 30 秒後進行下一輪...

[2026-08-25 18:53:17] -> 🔄 開始新一輪全球開源專案自動巡航...
========================================
-> 🌍 [自動守護採購] 正在下載原始碼: https://raw.githubusercontent.com/psf/requests/refs/heads/main/src/requests/__init__.py
-> ✅ 原始碼下載成功。
-> 🧪 [深度融合] 正在將全球開源碼熔鑄至本地模組: RequestsAuto
-> 💾 寫入硬碟成功: manufacturing_hub/requestsauto_auto_fused.py
-> 🔍 [品質檢驗] 檢查模組語法: manufacturing_hub/requestsauto_auto_fused.py
-> 🎉 語法檢驗完美通過！
========================================
-> 🌍 [自動守護採購] 正在下載原始碼: https://raw.githubusercontent.com/fastapi/fastapi/refs/heads/master/fastapi/__init__.py
-> ✅ 原始碼下載成功。
-> 🧪 [深度融合] 正在將全球開源碼熔鑄至本地模組: FastAPIAuto
-> 💾 寫入硬碟成功: manufacturing_hub/fastapiauto_auto_fused.py
-> 🔍 [品質檢驗] 檢查模組語法: manufacturing_hub/fastapiauto_auto_fused.py
-> 🎉 語法檢驗完美通過！
========================================
-> 🌍 [自動守護採購] 正在下載原始碼: https://raw.githubusercontent.com/pallets/flask/refs/heads/main/src/flask/__init__.py
-> ✅ 原始碼下載成功。
-> 🧪 [深度融合] 正在將全球開源碼熔鑄至本地模組: FlaskAuto
-> 💾 寫入硬碟成功: manufacturing_hub/flaskauto_auto_fused.py
-> 🔍 [品質檢驗] 檢查模組語法: manufacturing_hub/flaskauto_auto_fused.py
-> 🎉 語法檢驗完美通過！
========================================
-> 🌍 [自動守護採購] 正在下載原始碼: https://raw.githubusercontent.com/pallets/click/refs/heads/main/src/click/__init__.py
-> ✅ 原始碼下載成功。
-> 🧪 [深度融合] 正在將全球開源碼熔鑄至本地模組: ClickAuto
-> 💾 寫入硬碟成功: manufacturing_hub/clickauto_auto_fused.py
-> 🔍 [品質檢驗] 檢查模組語法: manufacturing_hub/clickauto_auto_fused.py
-> 🎉 語法檢驗完美通過！
========================================
-> 🌍 [自動守護採購] 正在下載原始碼: https://raw.githubusercontent.com/Textualize/rich/refs/heads/main/rich/__init__.py
-> ✅ 原始碼下載成功。
-> 🧪 [深度融合] 正在將全球開源碼熔鑄至本地模組: RichAuto
-> 💾 寫入硬碟成功: manufacturing_hub/richauto_auto_fused.py
-> 🔍 [品質檢驗] 檢查模組語法: manufacturing_hub/richauto_auto_fused.py
-> 🎉 語法檢驗完美通過！
========================================
-> 🌍 [自動守護採購] 正在下載原始碼: https://raw.githubusercontent.com/pydantic/pydantic/refs/heads/main/pydantic/__init__.py
-> ✅ 原始碼下載成功。
-> 🧪 [深度融合] 正在將全球開源碼熔鑄至本地模組: PydanticAuto
-> 💾 寫入硬碟成功: manufacturing_hub/pydanticauto_auto_fused.py
-> 🔍 [品質檢驗] 檢查模組語法: manufacturing_hub/pydanticauto_auto_fused.py
-> 🎉 語法檢驗完美通過！

-> 💤 本輪巡航完畢。進入自動休眠，等待 30 秒後進行下一輪...

[2026-08-25 18:53:52] -> 🔄 開始新一輪全球開源專案自動巡航...
========================================
-> 🌍 [自動守護採購] 正在下載原始碼: https://raw.githubusercontent.com/psf/requests/refs/heads/main/src/requests/__init__.py
-> ✅ 原始碼下載成功。
-> 🧪 [深度融合] 正在將全球開源碼熔鑄至本地模組: RequestsAuto
-> 💾 寫入硬碟成功: manufacturing_hub/requestsauto_auto_fused.py
-> 🔍 [品質檢驗] 檢查模組語法: manufacturing_hub/requestsauto_auto_fused.py
-> 🎉 語法檢驗完美通過！
========================================
-> 🌍 [自動守護採購] 正在下載原始碼: https://raw.githubusercontent.com/fastapi/fastapi/refs/heads/master/fastapi/__init__.py
-> ✅ 原始碼下載成功。
-> 🧪 [深度融合] 正在將全球開源碼熔鑄至本地模組: FastAPIAuto
-> 💾 寫入硬碟成功: manufacturing_hub/fastapiauto_auto_fused.py
-> 🔍 [品質檢驗] 檢查模組語法: manufacturing_hub/fastapiauto_auto_fused.py
-> 🎉 語法檢驗完美通過！
========================================
-> 🌍 [自動守護採購] 正在下載原始碼: https://raw.githubusercontent.com/pallets/flask/refs/heads/main/src/flask/__init__.py
-> ✅ 原始碼下載成功。
-> 🧪 [深度融合] 正在將全球開源碼熔鑄至本地模組: FlaskAuto
-> 💾 寫入硬碟成功: manufacturing_hub/flaskauto_auto_fused.py
-> 🔍 [品質檢驗] 檢查模組語法: manufacturing_hub/flaskauto_auto_fused.py
-> 🎉 語法檢驗完美通過！
========================================
-> 🌍 [自動守護採購] 正在下載原始碼: https://raw.githubusercontent.com/pallets/click/refs/heads/main/src/click/__init__.py
-> ✅ 原始碼下載成功。
-> 🧪 [深度融合] 正在將全球開源碼熔鑄至本地模組: ClickAuto
-> 💾 寫入硬碟成功: manufacturing_hub/clickauto_auto_fused.py
-> 🔍 [品質檢驗] 檢查模組語法: manufacturing_hub/clickauto_auto_fused.py
-> 🎉 語法檢驗完美通過！
========================================
-> 🌍 [自動守護採購] 正在下載原始碼: https://raw.githubusercontent.com/Textualize/rich/refs/heads/main/rich/__init__.py
-> ✅ 原始碼下載成功。
-> 🧪 [深度融合] 正在將全球開源碼熔鑄至本地模組: RichAuto
-> 💾 寫入硬碟成功: manufacturing_hub/richauto_auto_fused.py
-> 🔍 [品質檢驗] 檢查模組語法: manufacturing_hub/richauto_auto_fused.py
-> 🎉 語法檢驗完美通過！
========================================
-> 🌍 [自動守護採購] 正在下載原始碼: https://raw.githubusercontent.com/pydantic/pydantic/refs/heads/main/pydantic/__init__.py
-> ✅ 原始碼下載成功。
-> 🧪 [深度融合] 正在將全球開源碼熔鑄至本地模組: PydanticAuto
-> 💾 寫入硬碟成功: manufacturing_hub/pydanticauto_auto_fused.py
-> 🔍 [品質檢驗] 檢查模組語法: manufacturing_hub/pydanticauto_auto_fused.py
-> 🎉 語法檢驗完美通過！

-> 💤 本輪巡航完畢。進入自動休眠，等待 30 秒後進行下一輪...

[2026-08-25 18:54:26] -> 🔄 開始新一輪全球開源專案自動巡航...
========================================
-> 🌍 [自動守護採購] 正在下載原始碼: https://raw.githubusercontent.com/psf/requests/refs/heads/main/src/requests/__init__.py
-> ✅ 原始碼下載成功。
-> 🧪 [深度融合] 正在將全球開源碼熔鑄至本地模組: RequestsAuto
-> 💾 寫入硬碟成功: manufacturing_hub/requestsauto_auto_fused.py
-> 🔍 [品質檢驗] 檢查模組語法: manufacturing_hub/requestsauto_auto_fused.py
-> 🎉 語法檢驗完美通過！
========================================
-> 🌍 [自動守護採購] 正在下載原始碼: https://raw.githubusercontent.com/fastapi/fastapi/refs/heads/master/fastapi/__init__.py
-> ✅ 原始碼下載成功。
-> 🧪 [深度融合] 正在將全球開源碼熔鑄至本地模組: FastAPIAuto
-> 💾 寫入硬碟成功: manufacturing_hub/fastapiauto_auto_fused.py
-> 🔍 [品質檢驗] 檢查模組語法: manufacturing_hub/fastapiauto_auto_fused.py
-> 🎉 語法檢驗完美通過！
========================================
-> 🌍 [自動守護採購] 正在下載原始碼: https://raw.githubusercontent.com/pallets/flask/refs/heads/main/src/flask/__init__.py
-> ✅ 原始碼下載成功。
-> 🧪 [深度融合] 正在將全球開源碼熔鑄至本地模組: FlaskAuto
-> 💾 寫入硬碟成功: manufacturing_hub/flaskauto_auto_fused.py
-> 🔍 [品質檢驗] 檢查模組語法: manufacturing_hub/flaskauto_auto_fused.py
-> 🎉 語法檢驗完美通過！
========================================
-> 🌍 [自動守護採購] 正在下載原始碼: https://raw.githubusercontent.com/pallets/click/refs/heads/main/src/click/__init__.py
-> ✅ 原始碼下載成功。
-> 🧪 [深度融合] 正在將全球開源碼熔鑄至本地模組: ClickAuto
-> 💾 寫入硬碟成功: manufacturing_hub/clickauto_auto_fused.py
-> 🔍 [品質檢驗] 檢查模組語法: manufacturing_hub/clickauto_auto_fused.py
-> 🎉 語法檢驗完美通過！
========================================
-> 🌍 [自動守護採購] 正在下載原始碼: https://raw.githubusercontent.com/Textualize/rich/refs/heads/main/rich/__init__.py
-> ✅ 原始碼下載成功。
-> 🧪 [深度融合] 正在將全球開源碼熔鑄至本地模組: RichAuto
-> 💾 寫入硬碟成功: manufacturing_hub/richauto_auto_fused.py
-> 🔍 [品質檢驗] 檢查模組語法: manufacturing_hub/richauto_auto_fused.py
-> 🎉 語法檢驗完美通過！
========================================
-> 🌍 [自動守護採購] 正在下載原始碼: https://raw.githubusercontent.com/pydantic/pydantic/refs/heads/main/pydantic/__init__.py
-> ✅ 原始碼下載成功。
-> 🧪 [深度融合] 正在將全球開源碼熔鑄至本地模組: PydanticAuto
-> 💾 寫入硬碟成功: manufacturing_hub/pydanticauto_auto_fused.py
-> 🔍 [品質檢驗] 檢查模組語法: manufacturing_hub/pydanticauto_auto_fused.py
-> 🎉 語法檢驗完美通過！

-> 💤 本輪巡航完畢。進入自動休眠，等待 30 秒後進行下一輪...

[2026-08-25 18:55:00] -> 🔄 開始新一輪全球開源專案自動巡航...
========================================
-> 🌍 [自動守護採購] 正在下載原始碼: https://raw.githubusercontent.com/psf/requests/refs/heads/main/src/requests/__init__.py
-> ✅ 原始碼下載成功。
-> 🧪 [深度融合] 正在將全球開源碼熔鑄至本地模組: RequestsAuto
-> 💾 寫入硬碟成功: manufacturing_hub/requestsauto_auto_fused.py
-> 🔍 [品質檢驗] 檢查模組語法: manufacturing_hub/requestsauto_auto_fused.py
-> 🎉 語法檢驗完美通過！
========================================
-> 🌍 [自動守護採購] 正在下載原始碼: https://raw.githubusercontent.com/fastapi/fastapi/refs/heads/master/fastapi/__init__.py
-> ✅ 原始碼下載成功。
-> 🧪 [深度融合] 正在將全球開源碼熔鑄至本地模組: FastAPIAuto
-> 💾 寫入硬碟成功: manufacturing_hub/fastapiauto_auto_fused.py
-> 🔍 [品質檢驗] 檢查模組語法: manufacturing_hub/fastapiauto_auto_fused.py
-> 🎉 語法檢驗完美通過！
========================================
-> 🌍 [自動守護採購] 正在下載原始碼: https://raw.githubusercontent.com/pallets/flask/refs/heads/main/src/flask/__init__.py
-> ✅ 原始碼下載成功。
-> 🧪 [深度融合] 正在將全球開源碼熔鑄至本地模組: FlaskAuto
-> 💾 寫入硬碟成功: manufacturing_hub/flaskauto_auto_fused.py
-> 🔍 [品質檢驗] 檢查模組語法: manufacturing_hub/flaskauto_auto_fused.py
-> 🎉 語法檢驗完美通過！
========================================
-> 🌍 [自動守護採購] 正在下載原始碼: https://raw.githubusercontent.com/pallets/click/refs/heads/main/src/click/__init__.py
-> ✅ 原始碼下載成功。
-> 🧪 [深度融合] 正在將全球開源碼熔鑄至本地模組: ClickAuto
-> 💾 寫入硬碟成功: manufacturing_hub/clickauto_auto_fused.py
-> 🔍 [品質檢驗] 檢查模組語法: manufacturing_hub/clickauto_auto_fused.py
-> 🎉 語法檢驗完美通過！
========================================
-> 🌍 [自動守護採購] 正在下載原始碼: https://raw.githubusercontent.com/Textualize/rich/refs/heads/main/rich/__init__.py
-> ✅ 原始碼下載成功。
-> 🧪 [深度融合] 正在將全球開源碼熔鑄至本地模組: RichAuto
-> 💾 寫入硬碟成功: manufacturing_hub/richauto_auto_fused.py
-> 🔍 [品質檢驗] 檢查模組語法: manufacturing_hub/richauto_auto_fused.py
-> 🎉 語法檢驗完美通過！
========================================
-> 🌍 [自動守護採購] 正在下載原始碼: https://raw.githubusercontent.com/pydantic/pydantic/refs/heads/main/pydantic/__init__.py
-> ✅ 原始碼下載成功。
-> 🧪 [深度融合] 正在將全球開源碼熔鑄至本地模組: PydanticAuto
-> 💾 寫入硬碟成功: manufacturing_hub/pydanticauto_auto_fused.py
-> 🔍 [品質檢驗] 檢查模組語法: manufacturing_hub/pydanticauto_auto_fused.py
-> 🎉 語法檢驗完美通過！

-> 💤 本輪巡航完畢。進入自動休眠，等待 30 秒後進行下一輪...

[2026-08-25 18:55:34] -> 🔄 開始新一輪全球開源專案自動巡航...
========================================
-> 🌍 [自動守護採購] 正在下載原始碼: https://raw.githubusercontent.com/psf/requests/refs/heads/main/src/requests/__init__.py
-> ✅ 原始碼下載成功。
-> 🧪 [深度融合] 正在將全球開源碼熔鑄至本地模組: RequestsAuto
-> 💾 寫入硬碟成功: manufacturing_hub/requestsauto_auto_fused.py
-> 🔍 [品質檢驗] 檢查模組語法: manufacturing_hub/requestsauto_auto_fused.py
-> 🎉 語法檢驗完美通過！
========================================
-> 🌍 [自動守護採購] 正在下載原始碼: https://raw.githubusercontent.com/fastapi/fastapi/refs/heads/master/fastapi/__init__.py
-> ✅ 原始碼下載成功。
-> 🧪 [深度融合] 正在將全球開源碼熔鑄至本地模組: FastAPIAuto
-> 💾 寫入硬碟成功: manufacturing_hub/fastapiauto_auto_fused.py
-> 🔍 [品質檢驗] 檢查模組語法: manufacturing_hub/fastapiauto_auto_fused.py
-> 🎉 語法檢驗完美通過！
========================================
-> 🌍 [自動守護採購] 正在下載原始碼: https://raw.githubusercontent.com/pallets/flask/refs/heads/main/src/flask/__init__.py
-> ✅ 原始碼下載成功。
-> 🧪 [深度融合] 正在將全球開源碼熔鑄至本地模組: FlaskAuto
-> 💾 寫入硬碟成功: manufacturing_hub/flaskauto_auto_fused.py
-> 🔍 [品質檢驗] 檢查模組語法: manufacturing_hub/flaskauto_auto_fused.py
-> 🎉 語法檢驗完美通過！
========================================
-> 🌍 [自動守護採購] 正在下載原始碼: https://raw.githubusercontent.com/pallets/click/refs/heads/main/src/click/__init__.py
-> ✅ 原始碼下載成功。
-> 🧪 [深度融合] 正在將全球開源碼熔鑄至本地模組: ClickAuto
-> 💾 寫入硬碟成功: manufacturing_hub/clickauto_auto_fused.py
-> 🔍 [品質檢驗] 檢查模組語法: manufacturing_hub/clickauto_auto_fused.py
-> 🎉 語法檢驗完美通過！
========================================
-> 🌍 [自動守護採購] 正在下載原始碼: https://raw.githubusercontent.com/Textualize/rich/refs/heads/main/rich/__init__.py
-> ✅ 原始碼下載成功。
-> 🧪 [深度融合] 正在將全球開源碼熔鑄至本地模組: RichAuto
-> 💾 寫入硬碟成功: manufacturing_hub/richauto_auto_fused.py
-> 🔍 [品質檢驗] 檢查模組語法: manufacturing_hub/richauto_auto_fused.py
-> 🎉 語法檢驗完美通過！
========================================
-> 🌍 [自動守護採購] 正在下載原始碼: https://raw.githubusercontent.com/pydantic/pydantic/refs/heads/main/pydantic/__init__.py
-> ✅ 原始碼下載成功。
-> 🧪 [深度融合] 正在將全球開源碼熔鑄至本地模組: PydanticAuto
-> 💾 寫入硬碟成功: manufacturing_hub/pydanticauto_auto_fused.py
-> 🔍 [品質檢驗] 檢查模組語法: manufacturing_hub/pydanticauto_auto_fused.py
-> 🎉 語法檢驗完美通過！

-> 💤 本輪巡航完畢。進入自動休眠，等待 30 秒後進行下一輪...

[2026-08-25 18:56:11] -> 🔄 開始新一輪全球開源專案自動巡航...
========================================
-> 🌍 [自動守護採購] 正在下載原始碼: https://raw.githubusercontent.com/psf/requests/refs/heads/main/src/requests/__init__.py
-> ✅ 原始碼下載成功。
-> 🧪 [深度融合] 正在將全球開源碼熔鑄至本地模組: RequestsAuto
-> 💾 寫入硬碟成功: manufacturing_hub/requestsauto_auto_fused.py
-> 🔍 [品質檢驗] 檢查模組語法: manufacturing_hub/requestsauto_auto_fused.py
-> 🎉 語法檢驗完美通過！
========================================
-> 🌍 [自動守護採購] 正在下載原始碼: https://raw.githubusercontent.com/fastapi/fastapi/refs/heads/master/fastapi/__init__.py
-> ✅ 原始碼下載成功。
-> 🧪 [深度融合] 正在將全球開源碼熔鑄至本地模組: FastAPIAuto
-> 💾 寫入硬碟成功: manufacturing_hub/fastapiauto_auto_fused.py
-> 🔍 [品質檢驗] 檢查模組語法: manufacturing_hub/fastapiauto_auto_fused.py
-> 🎉 語法檢驗完美通過！
========================================
-> 🌍 [自動守護採購] 正在下載原始碼: https://raw.githubusercontent.com/pallets/flask/refs/heads/main/src/flask/__init__.py
-> ✅ 原始碼下載成功。
-> 🧪 [深度融合] 正在將全球開源碼熔鑄至本地模組: FlaskAuto
-> 💾 寫入硬碟成功: manufacturing_hub/flaskauto_auto_fused.py
-> 🔍 [品質檢驗] 檢查模組語法: manufacturing_hub/flaskauto_auto_fused.py
-> 🎉 語法檢驗完美通過！
========================================
-> 🌍 [自動守護採購] 正在下載原始碼: https://raw.githubusercontent.com/pallets/click/refs/heads/main/src/click/__init__.py
-> ✅ 原始碼下載成功。
-> 🧪 [深度融合] 正在將全球開源碼熔鑄至本地模組: ClickAuto
-> 💾 寫入硬碟成功: manufacturing_hub/clickauto_auto_fused.py
-> 🔍 [品質檢驗] 檢查模組語法: manufacturing_hub/clickauto_auto_fused.py
-> 🎉 語法檢驗完美通過！
========================================
-> 🌍 [自動守護採購] 正在下載原始碼: https://raw.githubusercontent.com/Textualize/rich/refs/heads/main/rich/__init__.py
-> ✅ 原始碼下載成功。
-> 🧪 [深度融合] 正在將全球開源碼熔鑄至本地模組: RichAuto
-> 💾 寫入硬碟成功: manufacturing_hub/richauto_auto_fused.py
-> 🔍 [品質檢驗] 檢查模組語法: manufacturing_hub/richauto_auto_fused.py
-> 🎉 語法檢驗完美通過！
========================================
-> 🌍 [自動守護採購] 正在下載原始碼: https://raw.githubusercontent.com/pydantic/pydantic/refs/heads/main/pydantic/__init__.py
-> ✅ 原始碼下載成功。
-> 🧪 [深度融合] 正在將全球開源碼熔鑄至本地模組: PydanticAuto
-> 💾 寫入硬碟成功: manufacturing_hub/pydanticauto_auto_fused.py
-> 🔍 [品質檢驗] 檢查模組語法: manufacturing_hub/pydanticauto_auto_fused.py
-> 🎉 語法檢驗完美通過！

-> 💤 本輪巡航完畢。進入自動休眠，等待 30 秒後進行下一輪...

[2026-08-25 18:56:45] -> 🔄 開始新一輪全球開源專案自動巡航...
========================================
-> 🌍 [自動守護採購] 正在下載原始碼: https://raw.githubusercontent.com/psf/requests/refs/heads/main/src/requests/__init__.py
-> ✅ 原始碼下載成功。
-> 🧪 [深度融合] 正在將全球開源碼熔鑄至本地模組: RequestsAuto
-> 💾 寫入硬碟成功: manufacturing_hub/requestsauto_auto_fused.py
-> 🔍 [品質檢驗] 檢查模組語法: manufacturing_hub/requestsauto_auto_fused.py
-> 🎉 語法檢驗完美通過！
========================================
-> 🌍 [自動守護採購] 正在下載原始碼: https://raw.githubusercontent.com/fastapi/fastapi/refs/heads/master/fastapi/__init__.py
-> ✅ 原始碼下載成功。
-> 🧪 [深度融合] 正在將全球開源碼熔鑄至本地模組: FastAPIAuto
-> 💾 寫入硬碟成功: manufacturing_hub/fastapiauto_auto_fused.py
-> 🔍 [品質檢驗] 檢查模組語法: manufacturing_hub/fastapiauto_auto_fused.py
-> 🎉 語法檢驗完美通過！
========================================
-> 🌍 [自動守護採購] 正在下載原始碼: https://raw.githubusercontent.com/pallets/flask/refs/heads/main/src/flask/__init__.py
-> ✅ 原始碼下載成功。
-> 🧪 [深度融合] 正在將全球開源碼熔鑄至本地模組: FlaskAuto
-> 💾 寫入硬碟成功: manufacturing_hub/flaskauto_auto_fused.py
-> 🔍 [品質檢驗] 檢查模組語法: manufacturing_hub/flaskauto_auto_fused.py
-> 🎉 語法檢驗完美通過！
========================================
-> 🌍 [自動守護採購] 正在下載原始碼: https://raw.githubusercontent.com/pallets/click/refs/heads/main/src/click/__init__.py
-> ✅ 原始碼下載成功。
-> 🧪 [深度融合] 正在將全球開源碼熔鑄至本地模組: ClickAuto
-> 💾 寫入硬碟成功: manufacturing_hub/clickauto_auto_fused.py
-> 🔍 [品質檢驗] 檢查模組語法: manufacturing_hub/clickauto_auto_fused.py
-> 🎉 語法檢驗完美通過！
========================================
-> 🌍 [自動守護採購] 正在下載原始碼: https://raw.githubusercontent.com/Textualize/rich/refs/heads/main/rich/__init__.py
-> ✅ 原始碼下載成功。
-> 🧪 [深度融合] 正在將全球開源碼熔鑄至本地模組: RichAuto
-> 💾 寫入硬碟成功: manufacturing_hub/richauto_auto_fused.py
-> 🔍 [品質檢驗] 檢查模組語法: manufacturing_hub/richauto_auto_fused.py
-> 🎉 語法檢驗完美通過！
========================================
-> 🌍 [自動守護採購] 正在下載原始碼: https://raw.githubusercontent.com/pydantic/pydantic/refs/heads/main/pydantic/__init__.py
-> ✅ 原始碼下載成功。
-> 🧪 [深度融合] 正在將全球開源碼熔鑄至本地模組: PydanticAuto
-> 💾 寫入硬碟成功: manufacturing_hub/pydanticauto_auto_fused.py
-> 🔍 [品質檢驗] 檢查模組語法: manufacturing_hub/pydanticauto_auto_fused.py
-> 🎉 語法檢驗完美通過！

-> 💤 本輪巡航完畢。進入自動休眠，等待 30 秒後進行下一輪...

[2026-08-25 18:57:19] -> 🔄 開始新一輪全球開源專案自動巡航...
========================================
-> 🌍 [自動守護採購] 正在下載原始碼: https://raw.githubusercontent.com/psf/requests/refs/heads/main/src/requests/__init__.py
-> ✅ 原始碼下載成功。
-> 🧪 [深度融合] 正在將全球開源碼熔鑄至本地模組: RequestsAuto
-> 💾 寫入硬碟成功: manufacturing_hub/requestsauto_auto_fused.py
-> 🔍 [品質檢驗] 檢查模組語法: manufacturing_hub/requestsauto_auto_fused.py
-> 🎉 語法檢驗完美通過！
========================================
-> 🌍 [自動守護採購] 正在下載原始碼: https://raw.githubusercontent.com/fastapi/fastapi/refs/heads/master/fastapi/__init__.py
-> ✅ 原始碼下載成功。
-> 🧪 [深度融合] 正在將全球開源碼熔鑄至本地模組: FastAPIAuto
-> 💾 寫入硬碟成功: manufacturing_hub/fastapiauto_auto_fused.py
-> 🔍 [品質檢驗] 檢查模組語法: manufacturing_hub/fastapiauto_auto_fused.py
-> 🎉 語法檢驗完美通過！
========================================
-> 🌍 [自動守護採購] 正在下載原始碼: https://raw.githubusercontent.com/pallets/flask/refs/heads/main/src/flask/__init__.py
-> ✅ 原始碼下載成功。
-> 🧪 [深度融合] 正在將全球開源碼熔鑄至本地模組: FlaskAuto
-> 💾 寫入硬碟成功: manufacturing_hub/flaskauto_auto_fused.py
-> 🔍 [品質檢驗] 檢查模組語法: manufacturing_hub/flaskauto_auto_fused.py
-> 🎉 語法檢驗完美通過！
========================================
-> 🌍 [自動守護採購] 正在下載原始碼: https://raw.githubusercontent.com/pallets/click/refs/heads/main/src/click/__init__.py
-> ✅ 原始碼下載成功。
-> 🧪 [深度融合] 正在將全球開源碼熔鑄至本地模組: ClickAuto
-> 💾 寫入硬碟成功: manufacturing_hub/clickauto_auto_fused.py
-> 🔍 [品質檢驗] 檢查模組語法: manufacturing_hub/clickauto_auto_fused.py
-> 🎉 語法檢驗完美通過！
========================================
-> 🌍 [自動守護採購] 正在下載原始碼: https://raw.githubusercontent.com/Textualize/rich/refs/heads/main/rich/__init__.py
-> ✅ 原始碼下載成功。
-> 🧪 [深度融合] 正在將全球開源碼熔鑄至本地模組: RichAuto
-> 💾 寫入硬碟成功: manufacturing_hub/richauto_auto_fused.py
-> 🔍 [品質檢驗] 檢查模組語法: manufacturing_hub/richauto_auto_fused.py
-> 🎉 語法檢驗完美通過！
========================================
-> 🌍 [自動守護採購] 正在下載原始碼: https://raw.githubusercontent.com/pydantic/pydantic/refs/heads/main/pydantic/__init__.py
-> ✅ 原始碼下載成功。
-> 🧪 [深度融合] 正在將全球開源碼熔鑄至本地模組: PydanticAuto
-> 💾 寫入硬碟成功: manufacturing_hub/pydanticauto_auto_fused.py
-> 🔍 [品質檢驗] 檢查模組語法: manufacturing_hub/pydanticauto_auto_fused.py
-> 🎉 語法檢驗完美通過！

-> 💤 本輪巡航完畢。進入自動休眠，等待 30 秒後進行下一輪...

[2026-08-25 18:57:55] -> 🔄 開始新一輪全球開源專案自動巡航...
========================================
-> 🌍 [自動守護採購] 正在下載原始碼: https://raw.githubusercontent.com/psf/requests/refs/heads/main/src/requests/__init__.py
-> ✅ 原始碼下載成功。
-> 🧪 [深度融合] 正在將全球開源碼熔鑄至本地模組: RequestsAuto
-> 💾 寫入硬碟成功: manufacturing_hub/requestsauto_auto_fused.py
-> 🔍 [品質檢驗] 檢查模組語法: manufacturing_hub/requestsauto_auto_fused.py
-> 🎉 語法檢驗完美通過！
========================================
-> 🌍 [自動守護採購] 正在下載原始碼: https://raw.githubusercontent.com/fastapi/fastapi/refs/heads/master/fastapi/__init__.py
-> ✅ 原始碼下載成功。
-> 🧪 [深度融合] 正在將全球開源碼熔鑄至本地模組: FastAPIAuto
-> 💾 寫入硬碟成功: manufacturing_hub/fastapiauto_auto_fused.py
-> 🔍 [品質檢驗] 檢查模組語法: manufacturing_hub/fastapiauto_auto_fused.py
-> 🎉 語法檢驗完美通過！
========================================
-> 🌍 [自動守護採購] 正在下載原始碼: https://raw.githubusercontent.com/pallets/flask/refs/heads/main/src/flask/__init__.py
-> ✅ 原始碼下載成功。
-> 🧪 [深度融合] 正在將全球開源碼熔鑄至本地模組: FlaskAuto
-> 💾 寫入硬碟成功: manufacturing_hub/flaskauto_auto_fused.py
-> 🔍 [品質檢驗] 檢查模組語法: manufacturing_hub/flaskauto_auto_fused.py
-> 🎉 語法檢驗完美通過！
========================================
-> 🌍 [自動守護採購] 正在下載原始碼: https://raw.githubusercontent.com/pallets/click/refs/heads/main/src/click/__init__.py
-> ✅ 原始碼下載成功。
-> 🧪 [深度融合] 正在將全球開源碼熔鑄至本地模組: ClickAuto
-> 💾 寫入硬碟成功: manufacturing_hub/clickauto_auto_fused.py
-> 🔍 [品質檢驗] 檢查模組語法: manufacturing_hub/clickauto_auto_fused.py
-> 🎉 語法檢驗完美通過！
========================================
-> 🌍 [自動守護採購] 正在下載原始碼: https://raw.githubusercontent.com/Textualize/rich/refs/heads/main/rich/__init__.py
-> ✅ 原始碼下載成功。
-> 🧪 [深度融合] 正在將全球開源碼熔鑄至本地模組: RichAuto
-> 💾 寫入硬碟成功: manufacturing_hub/richauto_auto_fused.py
-> 🔍 [品質檢驗] 檢查模組語法: manufacturing_hub/richauto_auto_fused.py
-> 🎉 語法檢驗完美通過！
========================================
-> 🌍 [自動守護採購] 正在下載原始碼: https://raw.githubusercontent.com/pydantic/pydantic/refs/heads/main/pydantic/__init__.py
-> ✅ 原始碼下載成功。
-> 🧪 [深度融合] 正在將全球開源碼熔鑄至本地模組: PydanticAuto
-> 💾 寫入硬碟成功: manufacturing_hub/pydanticauto_auto_fused.py
-> 🔍 [品質檢驗] 檢查模組語法: manufacturing_hub/pydanticauto_auto_fused.py
-> 🎉 語法檢驗完美通過！

-> 💤 本輪巡航完畢。進入自動休眠，等待 30 秒後進行下一輪...

[2026-08-25 18:58:29] -> 🔄 開始新一輪全球開源專案自動巡航...
========================================
-> 🌍 [自動守護採購] 正在下載原始碼: https://raw.githubusercontent.com/psf/requests/refs/heads/main/src/requests/__init__.py
-> ✅ 原始碼下載成功。
-> 🧪 [深度融合] 正在將全球開源碼熔鑄至本地模組: RequestsAuto
-> 💾 寫入硬碟成功: manufacturing_hub/requestsauto_auto_fused.py
-> 🔍 [品質檢驗] 檢查模組語法: manufacturing_hub/requestsauto_auto_fused.py
-> 🎉 語法檢驗完美通過！
========================================
-> 🌍 [自動守護採購] 正在下載原始碼: https://raw.githubusercontent.com/fastapi/fastapi/refs/heads/master/fastapi/__init__.py
-> ✅ 原始碼下載成功。
-> 🧪 [深度融合] 正在將全球開源碼熔鑄至本地模組: FastAPIAuto
-> 💾 寫入硬碟成功: manufacturing_hub/fastapiauto_auto_fused.py
-> 🔍 [品質檢驗] 檢查模組語法: manufacturing_hub/fastapiauto_auto_fused.py
-> 🎉 語法檢驗完美通過！
========================================
-> 🌍 [自動守護採購] 正在下載原始碼: https://raw.githubusercontent.com/pallets/flask/refs/heads/main/src/flask/__init__.py
-> ✅ 原始碼下載成功。
-> 🧪 [深度融合] 正在將全球開源碼熔鑄至本地模組: FlaskAuto
-> 💾 寫入硬碟成功: manufacturing_hub/flaskauto_auto_fused.py
-> 🔍 [品質檢驗] 檢查模組語法: manufacturing_hub/flaskauto_auto_fused.py
-> 🎉 語法檢驗完美通過！
========================================
-> 🌍 [自動守護採購] 正在下載原始碼: https://raw.githubusercontent.com/pallets/click/refs/heads/main/src/click/__init__.py
-> ✅ 原始碼下載成功。
-> 🧪 [深度融合] 正在將全球開源碼熔鑄至本地模組: ClickAuto
-> 💾 寫入硬碟成功: manufacturing_hub/clickauto_auto_fused.py
-> 🔍 [品質檢驗] 檢查模組語法: manufacturing_hub/clickauto_auto_fused.py
-> 🎉 語法檢驗完美通過！
========================================
-> 🌍 [自動守護採購] 正在下載原始碼: https://raw.githubusercontent.com/Textualize/rich/refs/heads/main/rich/__init__.py
-> ✅ 原始碼下載成功。
-> 🧪 [深度融合] 正在將全球開源碼熔鑄至本地模組: RichAuto
-> 💾 寫入硬碟成功: manufacturing_hub/richauto_auto_fused.py
-> 🔍 [品質檢驗] 檢查模組語法: manufacturing_hub/richauto_auto_fused.py
-> 🎉 語法檢驗完美通過！
========================================
-> 🌍 [自動守護採購] 正在下載原始碼: https://raw.githubusercontent.com/pydantic/pydantic/refs/heads/main/pydantic/__init__.py
-> ✅ 原始碼下載成功。
-> 🧪 [深度融合] 正在將全球開源碼熔鑄至本地模組: PydanticAuto
-> 💾 寫入硬碟成功: manufacturing_hub/pydanticauto_auto_fused.py
-> 🔍 [品質檢驗] 檢查模組語法: manufacturing_hub/pydanticauto_auto_fused.py
-> 🎉 語法檢驗完美通過！

-> 💤 本輪巡航完畢。進入自動休眠，等待 30 秒後進行下一輪...

[2026-08-25 18:59:02] -> 🔄 開始新一輪全球開源專案自動巡航...
========================================
-> 🌍 [自動守護採購] 正在下載原始碼: https://raw.githubusercontent.com/psf/requests/refs/heads/main/src/requests/__init__.py
-> ✅ 原始碼下載成功。
-> 🧪 [深度融合] 正在將全球開源碼熔鑄至本地模組: RequestsAuto
-> 💾 寫入硬碟成功: manufacturing_hub/requestsauto_auto_fused.py
-> 🔍 [品質檢驗] 檢查模組語法: manufacturing_hub/requestsauto_auto_fused.py
-> 🎉 語法檢驗完美通過！
========================================
-> 🌍 [自動守護採購] 正在下載原始碼: https://raw.githubusercontent.com/fastapi/fastapi/refs/heads/master/fastapi/__init__.py
-> ✅ 原始碼下載成功。
-> 🧪 [深度融合] 正在將全球開源碼熔鑄至本地模組: FastAPIAuto
-> 💾 寫入硬碟成功: manufacturing_hub/fastapiauto_auto_fused.py
-> 🔍 [品質檢驗] 檢查模組語法: manufacturing_hub/fastapiauto_auto_fused.py
-> 🎉 語法檢驗完美通過！
========================================
-> 🌍 [自動守護採購] 正在下載原始碼: https://raw.githubusercontent.com/pallets/flask/refs/heads/main/src/flask/__init__.py
-> ✅ 原始碼下載成功。
-> 🧪 [深度融合] 正在將全球開源碼熔鑄至本地模組: FlaskAuto
-> 💾 寫入硬碟成功: manufacturing_hub/flaskauto_auto_fused.py
-> 🔍 [品質檢驗] 檢查模組語法: manufacturing_hub/flaskauto_auto_fused.py
-> 🎉 語法檢驗完美通過！
========================================
-> 🌍 [自動守護採購] 正在下載原始碼: https://raw.githubusercontent.com/pallets/click/refs/heads/main/src/click/__init__.py
-> ✅ 原始碼下載成功。
-> 🧪 [深度融合] 正在將全球開源碼熔鑄至本地模組: ClickAuto
-> 💾 寫入硬碟成功: manufacturing_hub/clickauto_auto_fused.py
-> 🔍 [品質檢驗] 檢查模組語法: manufacturing_hub/clickauto_auto_fused.py
-> 🎉 語法檢驗完美通過！
========================================
-> 🌍 [自動守護採購] 正在下載原始碼: https://raw.githubusercontent.com/Textualize/rich/refs/heads/main/rich/__init__.py
-> ✅ 原始碼下載成功。
-> 🧪 [深度融合] 正在將全球開源碼熔鑄至本地模組: RichAuto
-> 💾 寫入硬碟成功: manufacturing_hub/richauto_auto_fused.py
-> 🔍 [品質檢驗] 檢查模組語法: manufacturing_hub/richauto_auto_fused.py
-> 🎉 語法檢驗完美通過！
========================================
-> 🌍 [自動守護採購] 正在下載原始碼: https://raw.githubusercontent.com/pydantic/pydantic/refs/heads/main/pydantic/__init__.py
-> ✅ 原始碼下載成功。
-> 🧪 [深度融合] 正在將全球開源碼熔鑄至本地模組: PydanticAuto
-> 💾 寫入硬碟成功: manufacturing_hub/pydanticauto_auto_fused.py
-> 🔍 [品質檢驗] 檢查模組語法: manufacturing_hub/pydanticauto_auto_fused.py
-> 🎉 語法檢驗完美通過！

-> 💤 本輪巡航完畢。進入自動休眠，等待 30 秒後進行下一輪...

[2026-08-25 18:59:37] -> 🔄 開始新一輪全球開源專案自動巡航...
========================================
-> 🌍 [自動守護採購] 正在下載原始碼: https://raw.githubusercontent.com/psf/requests/refs/heads/main/src/requests/__init__.py
-> ✅ 原始碼下載成功。
-> 🧪 [深度融合] 正在將全球開源碼熔鑄至本地模組: RequestsAuto
-> 💾 寫入硬碟成功: manufacturing_hub/requestsauto_auto_fused.py
-> 🔍 [品質檢驗] 檢查模組語法: manufacturing_hub/requestsauto_auto_fused.py
-> 🎉 語法檢驗完美通過！
========================================
-> 🌍 [自動守護採購] 正在下載原始碼: https://raw.githubusercontent.com/fastapi/fastapi/refs/heads/master/fastapi/__init__.py
-> ✅ 原始碼下載成功。
-> 🧪 [深度融合] 正在將全球開源碼熔鑄至本地模組: FastAPIAuto
-> 💾 寫入硬碟成功: manufacturing_hub/fastapiauto_auto_fused.py
-> 🔍 [品質檢驗] 檢查模組語法: manufacturing_hub/fastapiauto_auto_fused.py
-> 🎉 語法檢驗完美通過！
========================================
-> 🌍 [自動守護採購] 正在下載原始碼: https://raw.githubusercontent.com/pallets/flask/refs/heads/main/src/flask/__init__.py
-> ✅ 原始碼下載成功。
-> 🧪 [深度融合] 正在將全球開源碼熔鑄至本地模組: FlaskAuto
-> 💾 寫入硬碟成功: manufacturing_hub/flaskauto_auto_fused.py
-> 🔍 [品質檢驗] 檢查模組語法: manufacturing_hub/flaskauto_auto_fused.py
-> 🎉 語法檢驗完美通過！
========================================
-> 🌍 [自動守護採購] 正在下載原始碼: https://raw.githubusercontent.com/pallets/click/refs/heads/main/src/click/__init__.py
-> ✅ 原始碼下載成功。
-> 🧪 [深度融合] 正在將全球開源碼熔鑄至本地模組: ClickAuto
-> 💾 寫入硬碟成功: manufacturing_hub/clickauto_auto_fused.py
-> 🔍 [品質檢驗] 檢查模組語法: manufacturing_hub/clickauto_auto_fused.py
-> 🎉 語法檢驗完美通過！
========================================
-> 🌍 [自動守護採購] 正在下載原始碼: https://raw.githubusercontent.com/Textualize/rich/refs/heads/main/rich/__init__.py
-> ✅ 原始碼下載成功。
-> 🧪 [深度融合] 正在將全球開源碼熔鑄至本地模組: RichAuto
-> 💾 寫入硬碟成功: manufacturing_hub/richauto_auto_fused.py
-> 🔍 [品質檢驗] 檢查模組語法: manufacturing_hub/richauto_auto_fused.py
-> 🎉 語法檢驗完美通過！
========================================
-> 🌍 [自動守護採購] 正在下載原始碼: https://raw.githubusercontent.com/pydantic/pydantic/refs/heads/main/pydantic/__init__.py
-> ✅ 原始碼下載成功。
-> 🧪 [深度融合] 正在將全球開源碼熔鑄至本地模組: PydanticAuto
-> 💾 寫入硬碟成功: manufacturing_hub/pydanticauto_auto_fused.py
-> 🔍 [品質檢驗] 檢查模組語法: manufacturing_hub/pydanticauto_auto_fused.py
-> 🎉 語法檢驗完美通過！

-> 💤 本輪巡航完畢。進入自動休眠，等待 30 秒後進行下一輪...

[2026-08-25 19:00:11] -> 🔄 開始新一輪全球開源專案自動巡航...
========================================
-> 🌍 [自動守護採購] 正在下載原始碼: https://raw.githubusercontent.com/psf/requests/refs/heads/main/src/requests/__init__.py
-> ✅ 原始碼下載成功。
-> 🧪 [深度融合] 正在將全球開源碼熔鑄至本地模組: RequestsAuto
-> 💾 寫入硬碟成功: manufacturing_hub/requestsauto_auto_fused.py
-> 🔍 [品質檢驗] 檢查模組語法: manufacturing_hub/requestsauto_auto_fused.py
-> 🎉 語法檢驗完美通過！
========================================
-> 🌍 [自動守護採購] 正在下載原始碼: https://raw.githubusercontent.com/fastapi/fastapi/refs/heads/master/fastapi/__init__.py
-> ⚠️ 下載失敗 (嘗試 1/3): <urlopen error [Errno 104] Connection reset by peer>
-> ✅ 原始碼下載成功。
-> 🧪 [深度融合] 正在將全球開源碼熔鑄至本地模組: FastAPIAuto
-> 💾 寫入硬碟成功: manufacturing_hub/fastapiauto_auto_fused.py
-> 🔍 [品質檢驗] 檢查模組語法: manufacturing_hub/fastapiauto_auto_fused.py
-> 🎉 語法檢驗完美通過！
========================================
-> 🌍 [自動守護採購] 正在下載原始碼: https://raw.githubusercontent.com/pallets/flask/refs/heads/main/src/flask/__init__.py
-> ✅ 原始碼下載成功。
-> 🧪 [深度融合] 正在將全球開源碼熔鑄至本地模組: FlaskAuto
-> 💾 寫入硬碟成功: manufacturing_hub/flaskauto_auto_fused.py
-> 🔍 [品質檢驗] 檢查模組語法: manufacturing_hub/flaskauto_auto_fused.py
-> 🎉 語法檢驗完美通過！
========================================
-> 🌍 [自動守護採購] 正在下載原始碼: https://raw.githubusercontent.com/pallets/click/refs/heads/main/src/click/__init__.py
-> ✅ 原始碼下載成功。
-> 🧪 [深度融合] 正在將全球開源碼熔鑄至本地模組: ClickAuto
-> 💾 寫入硬碟成功: manufacturing_hub/clickauto_auto_fused.py
-> 🔍 [品質檢驗] 檢查模組語法: manufacturing_hub/clickauto_auto_fused.py
-> 🎉 語法檢驗完美通過！
========================================
-> 🌍 [自動守護採購] 正在下載原始碼: https://raw.githubusercontent.com/Textualize/rich/refs/heads/main/rich/__init__.py
-> ✅ 原始碼下載成功。
-> 🧪 [深度融合] 正在將全球開源碼熔鑄至本地模組: RichAuto
-> 💾 寫入硬碟成功: manufacturing_hub/richauto_auto_fused.py
-> 🔍 [品質檢驗] 檢查模組語法: manufacturing_hub/richauto_auto_fused.py
-> 🎉 語法檢驗完美通過！
========================================
-> 🌍 [自動守護採購] 正在下載原始碼: https://raw.githubusercontent.com/pydantic/pydantic/refs/heads/main/pydantic/__init__.py
-> ✅ 原始碼下載成功。
-> 🧪 [深度融合] 正在將全球開源碼熔鑄至本地模組: PydanticAuto
-> 💾 寫入硬碟成功: manufacturing_hub/pydanticauto_auto_fused.py
-> 🔍 [品質檢驗] 檢查模組語法: manufacturing_hub/pydanticauto_auto_fused.py
-> 🎉 語法檢驗完美通過！

-> 💤 本輪巡航完畢。進入自動休眠，等待 30 秒後進行下一輪...

[2026-08-25 19:00:47] -> 🔄 開始新一輪全球開源專案自動巡航...
========================================
-> 🌍 [自動守護採購] 正在下載原始碼: https://raw.githubusercontent.com/psf/requests/refs/heads/main/src/requests/__init__.py
-> ✅ 原始碼下載成功。
-> 🧪 [深度融合] 正在將全球開源碼熔鑄至本地模組: RequestsAuto
-> 💾 寫入硬碟成功: manufacturing_hub/requestsauto_auto_fused.py
-> 🔍 [品質檢驗] 檢查模組語法: manufacturing_hub/requestsauto_auto_fused.py
-> 🎉 語法檢驗完美通過！
========================================
-> 🌍 [自動守護採購] 正在下載原始碼: https://raw.githubusercontent.com/fastapi/fastapi/refs/heads/master/fastapi/__init__.py
-> ✅ 原始碼下載成功。
-> 🧪 [深度融合] 正在將全球開源碼熔鑄至本地模組: FastAPIAuto
-> 💾 寫入硬碟成功: manufacturing_hub/fastapiauto_auto_fused.py
-> 🔍 [品質檢驗] 檢查模組語法: manufacturing_hub/fastapiauto_auto_fused.py
-> 🎉 語法檢驗完美通過！
========================================
-> 🌍 [自動守護採購] 正在下載原始碼: https://raw.githubusercontent.com/pallets/flask/refs/heads/main/src/flask/__init__.py
-> ✅ 原始碼下載成功。
-> 🧪 [深度融合] 正在將全球開源碼熔鑄至本地模組: FlaskAuto
-> 💾 寫入硬碟成功: manufacturing_hub/flaskauto_auto_fused.py
-> 🔍 [品質檢驗] 檢查模組語法: manufacturing_hub/flaskauto_auto_fused.py
-> 🎉 語法檢驗完美通過！
========================================
-> 🌍 [自動守護採購] 正在下載原始碼: https://raw.githubusercontent.com/pallets/click/refs/heads/main/src/click/__init__.py
-> ✅ 原始碼下載成功。
-> 🧪 [深度融合] 正在將全球開源碼熔鑄至本地模組: ClickAuto
-> 💾 寫入硬碟成功: manufacturing_hub/clickauto_auto_fused.py
-> 🔍 [品質檢驗] 檢查模組語法: manufacturing_hub/clickauto_auto_fused.py
-> 🎉 語法檢驗完美通過！
========================================
-> 🌍 [自動守護採購] 正在下載原始碼: https://raw.githubusercontent.com/Textualize/rich/refs/heads/main/rich/__init__.py
-> ✅ 原始碼下載成功。
-> 🧪 [深度融合] 正在將全球開源碼熔鑄至本地模組: RichAuto
-> 💾 寫入硬碟成功: manufacturing_hub/richauto_auto_fused.py
-> 🔍 [品質檢驗] 檢查模組語法: manufacturing_hub/richauto_auto_fused.py
-> 🎉 語法檢驗完美通過！
========================================
-> 🌍 [自動守護採購] 正在下載原始碼: https://raw.githubusercontent.com/pydantic/pydantic/refs/heads/main/pydantic/__init__.py
-> ✅ 原始碼下載成功。
-> 🧪 [深度融合] 正在將全球開源碼熔鑄至本地模組: PydanticAuto
-> 💾 寫入硬碟成功: manufacturing_hub/pydanticauto_auto_fused.py
-> 🔍 [品質檢驗] 檢查模組語法: manufacturing_hub/pydanticauto_auto_fused.py
-> 🎉 語法檢驗完美通過！

-> 💤 本輪巡航完畢。進入自動休眠，等待 30 秒後進行下一輪...

[2026-08-25 19:01:21] -> 🔄 開始新一輪全球開源專案自動巡航...
========================================
-> 🌍 [自動守護採購] 正在下載原始碼: https://raw.githubusercontent.com/psf/requests/refs/heads/main/src/requests/__init__.py
-> ✅ 原始碼下載成功。
-> 🧪 [深度融合] 正在將全球開源碼熔鑄至本地模組: RequestsAuto
-> 💾 寫入硬碟成功: manufacturing_hub/requestsauto_auto_fused.py
-> 🔍 [品質檢驗] 檢查模組語法: manufacturing_hub/requestsauto_auto_fused.py
-> 🎉 語法檢驗完美通過！
========================================
-> 🌍 [自動守護採購] 正在下載原始碼: https://raw.githubusercontent.com/fastapi/fastapi/refs/heads/master/fastapi/__init__.py
-> ✅ 原始碼下載成功。
-> 🧪 [深度融合] 正在將全球開源碼熔鑄至本地模組: FastAPIAuto
-> 💾 寫入硬碟成功: manufacturing_hub/fastapiauto_auto_fused.py
-> 🔍 [品質檢驗] 檢查模組語法: manufacturing_hub/fastapiauto_auto_fused.py
-> 🎉 語法檢驗完美通過！
========================================
-> 🌍 [自動守護採購] 正在下載原始碼: https://raw.githubusercontent.com/pallets/flask/refs/heads/main/src/flask/__init__.py
-> ✅ 原始碼下載成功。
-> 🧪 [深度融合] 正在將全球開源碼熔鑄至本地模組: FlaskAuto
-> 💾 寫入硬碟成功: manufacturing_hub/flaskauto_auto_fused.py
-> 🔍 [品質檢驗] 檢查模組語法: manufacturing_hub/flaskauto_auto_fused.py
-> 🎉 語法檢驗完美通過！
========================================
-> 🌍 [自動守護採購] 正在下載原始碼: https://raw.githubusercontent.com/pallets/click/refs/heads/main/src/click/__init__.py
-> ✅ 原始碼下載成功。
-> 🧪 [深度融合] 正在將全球開源碼熔鑄至本地模組: ClickAuto
-> 💾 寫入硬碟成功: manufacturing_hub/clickauto_auto_fused.py
-> 🔍 [品質檢驗] 檢查模組語法: manufacturing_hub/clickauto_auto_fused.py
-> 🎉 語法檢驗完美通過！
========================================
-> 🌍 [自動守護採購] 正在下載原始碼: https://raw.githubusercontent.com/Textualize/rich/refs/heads/main/rich/__init__.py
-> ✅ 原始碼下載成功。
-> 🧪 [深度融合] 正在將全球開源碼熔鑄至本地模組: RichAuto
-> 💾 寫入硬碟成功: manufacturing_hub/richauto_auto_fused.py
-> 🔍 [品質檢驗] 檢查模組語法: manufacturing_hub/richauto_auto_fused.py
-> 🎉 語法檢驗完美通過！
========================================
-> 🌍 [自動守護採購] 正在下載原始碼: https://raw.githubusercontent.com/pydantic/pydantic/refs/heads/main/pydantic/__init__.py
-> ✅ 原始碼下載成功。
-> 🧪 [深度融合] 正在將全球開源碼熔鑄至本地模組: PydanticAuto
-> 💾 寫入硬碟成功: manufacturing_hub/pydanticauto_auto_fused.py
-> 🔍 [品質檢驗] 檢查模組語法: manufacturing_hub/pydanticauto_auto_fused.py
-> 🎉 語法檢驗完美通過！

-> 💤 本輪巡航完畢。進入自動休眠，等待 30 秒後進行下一輪...

[2026-08-25 19:01:55] -> 🔄 開始新一輪全球開源專案自動巡航...
========================================
-> 🌍 [自動守護採購] 正在下載原始碼: https://raw.githubusercontent.com/psf/requests/refs/heads/main/src/requests/__init__.py
-> ✅ 原始碼下載成功。
-> 🧪 [深度融合] 正在將全球開源碼熔鑄至本地模組: RequestsAuto
-> 💾 寫入硬碟成功: manufacturing_hub/requestsauto_auto_fused.py
-> 🔍 [品質檢驗] 檢查模組語法: manufacturing_hub/requestsauto_auto_fused.py
-> 🎉 語法檢驗完美通過！
========================================
-> 🌍 [自動守護採購] 正在下載原始碼: https://raw.githubusercontent.com/fastapi/fastapi/refs/heads/master/fastapi/__init__.py
-> ✅ 原始碼下載成功。
-> 🧪 [深度融合] 正在將全球開源碼熔鑄至本地模組: FastAPIAuto
-> 💾 寫入硬碟成功: manufacturing_hub/fastapiauto_auto_fused.py
-> 🔍 [品質檢驗] 檢查模組語法: manufacturing_hub/fastapiauto_auto_fused.py
-> 🎉 語法檢驗完美通過！
========================================
-> 🌍 [自動守護採購] 正在下載原始碼: https://raw.githubusercontent.com/pallets/flask/refs/heads/main/src/flask/__init__.py
-> ✅ 原始碼下載成功。
-> 🧪 [深度融合] 正在將全球開源碼熔鑄至本地模組: FlaskAuto
-> 💾 寫入硬碟成功: manufacturing_hub/flaskauto_auto_fused.py
-> 🔍 [品質檢驗] 檢查模組語法: manufacturing_hub/flaskauto_auto_fused.py
-> 🎉 語法檢驗完美通過！
========================================
-> 🌍 [自動守護採購] 正在下載原始碼: https://raw.githubusercontent.com/pallets/click/refs/heads/main/src/click/__init__.py
-> ✅ 原始碼下載成功。
-> 🧪 [深度融合] 正在將全球開源碼熔鑄至本地模組: ClickAuto
-> 💾 寫入硬碟成功: manufacturing_hub/clickauto_auto_fused.py
-> 🔍 [品質檢驗] 檢查模組語法: manufacturing_hub/clickauto_auto_fused.py
-> 🎉 語法檢驗完美通過！
========================================
-> 🌍 [自動守護採購] 正在下載原始碼: https://raw.githubusercontent.com/Textualize/rich/refs/heads/main/rich/__init__.py
-> ✅ 原始碼下載成功。
-> 🧪 [深度融合] 正在將全球開源碼熔鑄至本地模組: RichAuto
-> 💾 寫入硬碟成功: manufacturing_hub/richauto_auto_fused.py
-> 🔍 [品質檢驗] 檢查模組語法: manufacturing_hub/richauto_auto_fused.py
-> 🎉 語法檢驗完美通過！
========================================
-> 🌍 [自動守護採購] 正在下載原始碼: https://raw.githubusercontent.com/pydantic/pydantic/refs/heads/main/pydantic/__init__.py
-> ✅ 原始碼下載成功。
-> 🧪 [深度融合] 正在將全球開源碼熔鑄至本地模組: PydanticAuto
-> 💾 寫入硬碟成功: manufacturing_hub/pydanticauto_auto_fused.py
-> 🔍 [品質檢驗] 檢查模組語法: manufacturing_hub/pydanticauto_auto_fused.py
-> 🎉 語法檢驗完美通過！

-> 💤 本輪巡航完畢。進入自動休眠，等待 30 秒後進行下一輪...

[2026-08-25 19:02:30] -> 🔄 開始新一輪全球開源專案自動巡航...
========================================
-> 🌍 [自動守護採購] 正在下載原始碼: https://raw.githubusercontent.com/psf/requests/refs/heads/main/src/requests/__init__.py
-> ✅ 原始碼下載成功。
-> 🧪 [深度融合] 正在將全球開源碼熔鑄至本地模組: RequestsAuto
-> 💾 寫入硬碟成功: manufacturing_hub/requestsauto_auto_fused.py
-> 🔍 [品質檢驗] 檢查模組語法: manufacturing_hub/requestsauto_auto_fused.py
-> 🎉 語法檢驗完美通過！
========================================
-> 🌍 [自動守護採購] 正在下載原始碼: https://raw.githubusercontent.com/fastapi/fastapi/refs/heads/master/fastapi/__init__.py
-> ✅ 原始碼下載成功。
-> 🧪 [深度融合] 正在將全球開源碼熔鑄至本地模組: FastAPIAuto
-> 💾 寫入硬碟成功: manufacturing_hub/fastapiauto_auto_fused.py
-> 🔍 [品質檢驗] 檢查模組語法: manufacturing_hub/fastapiauto_auto_fused.py
-> 🎉 語法檢驗完美通過！
========================================
-> 🌍 [自動守護採購] 正在下載原始碼: https://raw.githubusercontent.com/pallets/flask/refs/heads/main/src/flask/__init__.py
-> ✅ 原始碼下載成功。
-> 🧪 [深度融合] 正在將全球開源碼熔鑄至本地模組: FlaskAuto
-> 💾 寫入硬碟成功: manufacturing_hub/flaskauto_auto_fused.py
-> 🔍 [品質檢驗] 檢查模組語法: manufacturing_hub/flaskauto_auto_fused.py
-> 🎉 語法檢驗完美通過！
========================================
-> 🌍 [自動守護採購] 正在下載原始碼: https://raw.githubusercontent.com/pallets/click/refs/heads/main/src/click/__init__.py
-> ✅ 原始碼下載成功。
-> 🧪 [深度融合] 正在將全球開源碼熔鑄至本地模組: ClickAuto
-> 💾 寫入硬碟成功: manufacturing_hub/clickauto_auto_fused.py
-> 🔍 [品質檢驗] 檢查模組語法: manufacturing_hub/clickauto_auto_fused.py
-> 🎉 語法檢驗完美通過！
========================================
-> 🌍 [自動守護採購] 正在下載原始碼: https://raw.githubusercontent.com/Textualize/rich/refs/heads/main/rich/__init__.py
-> ✅ 原始碼下載成功。
-> 🧪 [深度融合] 正在將全球開源碼熔鑄至本地模組: RichAuto
-> 💾 寫入硬碟成功: manufacturing_hub/richauto_auto_fused.py
-> 🔍 [品質檢驗] 檢查模組語法: manufacturing_hub/richauto_auto_fused.py
-> 🎉 語法檢驗完美通過！
========================================
-> 🌍 [自動守護採購] 正在下載原始碼: https://raw.githubusercontent.com/pydantic/pydantic/refs/heads/main/pydantic/__init__.py
-> ✅ 原始碼下載成功。
-> 🧪 [深度融合] 正在將全球開源碼熔鑄至本地模組: PydanticAuto
-> 💾 寫入硬碟成功: manufacturing_hub/pydanticauto_auto_fused.py
-> 🔍 [品質檢驗] 檢查模組語法: manufacturing_hub/pydanticauto_auto_fused.py
-> 🎉 語法檢驗完美通過！

-> 💤 本輪巡航完畢。進入自動休眠，等待 30 秒後進行下一輪...

[2026-08-25 19:03:05] -> 🔄 開始新一輪全球開源專案自動巡航...
========================================
-> 🌍 [自動守護採購] 正在下載原始碼: https://raw.githubusercontent.com/psf/requests/refs/heads/main/src/requests/__init__.py
-> ✅ 原始碼下載成功。
-> 🧪 [深度融合] 正在將全球開源碼熔鑄至本地模組: RequestsAuto
-> 💾 寫入硬碟成功: manufacturing_hub/requestsauto_auto_fused.py
-> 🔍 [品質檢驗] 檢查模組語法: manufacturing_hub/requestsauto_auto_fused.py
-> 🎉 語法檢驗完美通過！
========================================
-> 🌍 [自動守護採購] 正在下載原始碼: https://raw.githubusercontent.com/fastapi/fastapi/refs/heads/master/fastapi/__init__.py
-> ✅ 原始碼下載成功。
-> 🧪 [深度融合] 正在將全球開源碼熔鑄至本地模組: FastAPIAuto
-> 💾 寫入硬碟成功: manufacturing_hub/fastapiauto_auto_fused.py
-> 🔍 [品質檢驗] 檢查模組語法: manufacturing_hub/fastapiauto_auto_fused.py
-> 🎉 語法檢驗完美通過！
========================================
-> 🌍 [自動守護採購] 正在下載原始碼: https://raw.githubusercontent.com/pallets/flask/refs/heads/main/src/flask/__init__.py
-> ✅ 原始碼下載成功。
-> 🧪 [深度融合] 正在將全球開源碼熔鑄至本地模組: FlaskAuto
-> 💾 寫入硬碟成功: manufacturing_hub/flaskauto_auto_fused.py
-> 🔍 [品質檢驗] 檢查模組語法: manufacturing_hub/flaskauto_auto_fused.py
-> 🎉 語法檢驗完美通過！
========================================
-> 🌍 [自動守護採購] 正在下載原始碼: https://raw.githubusercontent.com/pallets/click/refs/heads/main/src/click/__init__.py
-> ✅ 原始碼下載成功。
-> 🧪 [深度融合] 正在將全球開源碼熔鑄至本地模組: ClickAuto
-> 💾 寫入硬碟成功: manufacturing_hub/clickauto_auto_fused.py
-> 🔍 [品質檢驗] 檢查模組語法: manufacturing_hub/clickauto_auto_fused.py
-> 🎉 語法檢驗完美通過！
========================================
-> 🌍 [自動守護採購] 正在下載原始碼: https://raw.githubusercontent.com/Textualize/rich/refs/heads/main/rich/__init__.py
-> ✅ 原始碼下載成功。
-> 🧪 [深度融合] 正在將全球開源碼熔鑄至本地模組: RichAuto
-> 💾 寫入硬碟成功: manufacturing_hub/richauto_auto_fused.py
-> 🔍 [品質檢驗] 檢查模組語法: manufacturing_hub/richauto_auto_fused.py
-> 🎉 語法檢驗完美通過！
========================================
-> 🌍 [自動守護採購] 正在下載原始碼: https://raw.githubusercontent.com/pydantic/pydantic/refs/heads/main/pydantic/__init__.py
-> ✅ 原始碼下載成功。
-> 🧪 [深度融合] 正在將全球開源碼熔鑄至本地模組: PydanticAuto
-> 💾 寫入硬碟成功: manufacturing_hub/pydanticauto_auto_fused.py
-> 🔍 [品質檢驗] 檢查模組語法: manufacturing_hub/pydanticauto_auto_fused.py
-> 🎉 語法檢驗完美通過！

-> 💤 本輪巡航完畢。進入自動休眠，等待 30 秒後進行下一輪...

[2026-08-25 19:03:41] -> 🔄 開始新一輪全球開源專案自動巡航...
========================================
-> 🌍 [自動守護採購] 正在下載原始碼: https://raw.githubusercontent.com/psf/requests/refs/heads/main/src/requests/__init__.py
-> ✅ 原始碼下載成功。
-> 🧪 [深度融合] 正在將全球開源碼熔鑄至本地模組: RequestsAuto
-> 💾 寫入硬碟成功: manufacturing_hub/requestsauto_auto_fused.py
-> 🔍 [品質檢驗] 檢查模組語法: manufacturing_hub/requestsauto_auto_fused.py
-> 🎉 語法檢驗完美通過！
========================================
-> 🌍 [自動守護採購] 正在下載原始碼: https://raw.githubusercontent.com/fastapi/fastapi/refs/heads/master/fastapi/__init__.py
-> ✅ 原始碼下載成功。
-> 🧪 [深度融合] 正在將全球開源碼熔鑄至本地模組: FastAPIAuto
-> 💾 寫入硬碟成功: manufacturing_hub/fastapiauto_auto_fused.py
-> 🔍 [品質檢驗] 檢查模組語法: manufacturing_hub/fastapiauto_auto_fused.py
-> 🎉 語法檢驗完美通過！
========================================
-> 🌍 [自動守護採購] 正在下載原始碼: https://raw.githubusercontent.com/pallets/flask/refs/heads/main/src/flask/__init__.py
-> ✅ 原始碼下載成功。
-> 🧪 [深度融合] 正在將全球開源碼熔鑄至本地模組: FlaskAuto
-> 💾 寫入硬碟成功: manufacturing_hub/flaskauto_auto_fused.py
-> 🔍 [品質檢驗] 檢查模組語法: manufacturing_hub/flaskauto_auto_fused.py
-> 🎉 語法檢驗完美通過！
========================================
-> 🌍 [自動守護採購] 正在下載原始碼: https://raw.githubusercontent.com/pallets/click/refs/heads/main/src/click/__init__.py
-> ✅ 原始碼下載成功。
-> 🧪 [深度融合] 正在將全球開源碼熔鑄至本地模組: ClickAuto
-> 💾 寫入硬碟成功: manufacturing_hub/clickauto_auto_fused.py
-> 🔍 [品質檢驗] 檢查模組語法: manufacturing_hub/clickauto_auto_fused.py
-> 🎉 語法檢驗完美通過！
========================================
-> 🌍 [自動守護採購] 正在下載原始碼: https://raw.githubusercontent.com/Textualize/rich/refs/heads/main/rich/__init__.py
-> ✅ 原始碼下載成功。
-> 🧪 [深度融合] 正在將全球開源碼熔鑄至本地模組: RichAuto
-> 💾 寫入硬碟成功: manufacturing_hub/richauto_auto_fused.py
-> 🔍 [品質檢驗] 檢查模組語法: manufacturing_hub/richauto_auto_fused.py
-> 🎉 語法檢驗完美通過！
========================================
-> 🌍 [自動守護採購] 正在下載原始碼: https://raw.githubusercontent.com/pydantic/pydantic/refs/heads/main/pydantic/__init__.py
-> ✅ 原始碼下載成功。
-> 🧪 [深度融合] 正在將全球開源碼熔鑄至本地模組: PydanticAuto
-> 💾 寫入硬碟成功: manufacturing_hub/pydanticauto_auto_fused.py
-> 🔍 [品質檢驗] 檢查模組語法: manufacturing_hub/pydanticauto_auto_fused.py
-> 🎉 語法檢驗完美通過！

-> 💤 本輪巡航完畢。進入自動休眠，等待 30 秒後進行下一輪...

[2026-08-25 19:04:16] -> 🔄 開始新一輪全球開源專案自動巡航...
========================================
-> 🌍 [自動守護採購] 正在下載原始碼: https://raw.githubusercontent.com/psf/requests/refs/heads/main/src/requests/__init__.py
-> ✅ 原始碼下載成功。
-> 🧪 [深度融合] 正在將全球開源碼熔鑄至本地模組: RequestsAuto
-> 💾 寫入硬碟成功: manufacturing_hub/requestsauto_auto_fused.py
-> 🔍 [品質檢驗] 檢查模組語法: manufacturing_hub/requestsauto_auto_fused.py
-> 🎉 語法檢驗完美通過！
========================================
-> 🌍 [自動守護採購] 正在下載原始碼: https://raw.githubusercontent.com/fastapi/fastapi/refs/heads/master/fastapi/__init__.py
-> ✅ 原始碼下載成功。
-> 🧪 [深度融合] 正在將全球開源碼熔鑄至本地模組: FastAPIAuto
-> 💾 寫入硬碟成功: manufacturing_hub/fastapiauto_auto_fused.py
-> 🔍 [品質檢驗] 檢查模組語法: manufacturing_hub/fastapiauto_auto_fused.py
-> 🎉 語法檢驗完美通過！
========================================
-> 🌍 [自動守護採購] 正在下載原始碼: https://raw.githubusercontent.com/pallets/flask/refs/heads/main/src/flask/__init__.py
-> ✅ 原始碼下載成功。
-> 🧪 [深度融合] 正在將全球開源碼熔鑄至本地模組: FlaskAuto
-> 💾 寫入硬碟成功: manufacturing_hub/flaskauto_auto_fused.py
-> 🔍 [品質檢驗] 檢查模組語法: manufacturing_hub/flaskauto_auto_fused.py
-> 🎉 語法檢驗完美通過！
========================================
-> 🌍 [自動守護採購] 正在下載原始碼: https://raw.githubusercontent.com/pallets/click/refs/heads/main/src/click/__init__.py
-> ✅ 原始碼下載成功。
-> 🧪 [深度融合] 正在將全球開源碼熔鑄至本地模組: ClickAuto
-> 💾 寫入硬碟成功: manufacturing_hub/clickauto_auto_fused.py
-> 🔍 [品質檢驗] 檢查模組語法: manufacturing_hub/clickauto_auto_fused.py
-> 🎉 語法檢驗完美通過！
========================================
-> 🌍 [自動守護採購] 正在下載原始碼: https://raw.githubusercontent.com/Textualize/rich/refs/heads/main/rich/__init__.py
-> ✅ 原始碼下載成功。
-> 🧪 [深度融合] 正在將全球開源碼熔鑄至本地模組: RichAuto
-> 💾 寫入硬碟成功: manufacturing_hub/richauto_auto_fused.py
-> 🔍 [品質檢驗] 檢查模組語法: manufacturing_hub/richauto_auto_fused.py
-> 🎉 語法檢驗完美通過！
========================================
-> 🌍 [自動守護採購] 正在下載原始碼: https://raw.githubusercontent.com/pydantic/pydantic/refs/heads/main/pydantic/__init__.py
-> ✅ 原始碼下載成功。
-> 🧪 [深度融合] 正在將全球開源碼熔鑄至本地模組: PydanticAuto
-> 💾 寫入硬碟成功: manufacturing_hub/pydanticauto_auto_fused.py
-> 🔍 [品質檢驗] 檢查模組語法: manufacturing_hub/pydanticauto_auto_fused.py
-> 🎉 語法檢驗完美通過！

-> 💤 本輪巡航完畢。進入自動休眠，等待 30 秒後進行下一輪...

[2026-08-25 19:04:50] -> 🔄 開始新一輪全球開源專案自動巡航...
========================================
-> 🌍 [自動守護採購] 正在下載原始碼: https://raw.githubusercontent.com/psf/requests/refs/heads/main/src/requests/__init__.py
-> ✅ 原始碼下載成功。
-> 🧪 [深度融合] 正在將全球開源碼熔鑄至本地模組: RequestsAuto
-> 💾 寫入硬碟成功: manufacturing_hub/requestsauto_auto_fused.py
-> 🔍 [品質檢驗] 檢查模組語法: manufacturing_hub/requestsauto_auto_fused.py
-> 🎉 語法檢驗完美通過！
========================================
-> 🌍 [自動守護採購] 正在下載原始碼: https://raw.githubusercontent.com/fastapi/fastapi/refs/heads/master/fastapi/__init__.py
-> ✅ 原始碼下載成功。
-> 🧪 [深度融合] 正在將全球開源碼熔鑄至本地模組: FastAPIAuto
-> 💾 寫入硬碟成功: manufacturing_hub/fastapiauto_auto_fused.py
-> 🔍 [品質檢驗] 檢查模組語法: manufacturing_hub/fastapiauto_auto_fused.py
-> 🎉 語法檢驗完美通過！
========================================
-> 🌍 [自動守護採購] 正在下載原始碼: https://raw.githubusercontent.com/pallets/flask/refs/heads/main/src/flask/__init__.py
-> ✅ 原始碼下載成功。
-> 🧪 [深度融合] 正在將全球開源碼熔鑄至本地模組: FlaskAuto
-> 💾 寫入硬碟成功: manufacturing_hub/flaskauto_auto_fused.py
-> 🔍 [品質檢驗] 檢查模組語法: manufacturing_hub/flaskauto_auto_fused.py
-> 🎉 語法檢驗完美通過！
========================================
-> 🌍 [自動守護採購] 正在下載原始碼: https://raw.githubusercontent.com/pallets/click/refs/heads/main/src/click/__init__.py
-> ✅ 原始碼下載成功。
-> 🧪 [深度融合] 正在將全球開源碼熔鑄至本地模組: ClickAuto
-> 💾 寫入硬碟成功: manufacturing_hub/clickauto_auto_fused.py
-> 🔍 [品質檢驗] 檢查模組語法: manufacturing_hub/clickauto_auto_fused.py
-> 🎉 語法檢驗完美通過！
========================================
-> 🌍 [自動守護採購] 正在下載原始碼: https://raw.githubusercontent.com/Textualize/rich/refs/heads/main/rich/__init__.py
-> ✅ 原始碼下載成功。
-> 🧪 [深度融合] 正在將全球開源碼熔鑄至本地模組: RichAuto
-> 💾 寫入硬碟成功: manufacturing_hub/richauto_auto_fused.py
-> 🔍 [品質檢驗] 檢查模組語法: manufacturing_hub/richauto_auto_fused.py
-> 🎉 語法檢驗完美通過！
========================================
-> 🌍 [自動守護採購] 正在下載原始碼: https://raw.githubusercontent.com/pydantic/pydantic/refs/heads/main/pydantic/__init__.py
-> ✅ 原始碼下載成功。
-> 🧪 [深度融合] 正在將全球開源碼熔鑄至本地模組: PydanticAuto
-> 💾 寫入硬碟成功: manufacturing_hub/pydanticauto_auto_fused.py
-> 🔍 [品質檢驗] 檢查模組語法: manufacturing_hub/pydanticauto_auto_fused.py
-> 🎉 語法檢驗完美通過！

-> 💤 本輪巡航完畢。進入自動休眠，等待 30 秒後進行下一輪...

[2026-08-25 19:05:24] -> 🔄 開始新一輪全球開源專案自動巡航...
========================================
-> 🌍 [自動守護採購] 正在下載原始碼: https://raw.githubusercontent.com/psf/requests/refs/heads/main/src/requests/__init__.py
-> ✅ 原始碼下載成功。
-> 🧪 [深度融合] 正在將全球開源碼熔鑄至本地模組: RequestsAuto
-> 💾 寫入硬碟成功: manufacturing_hub/requestsauto_auto_fused.py
-> 🔍 [品質檢驗] 檢查模組語法: manufacturing_hub/requestsauto_auto_fused.py
-> 🎉 語法檢驗完美通過！
========================================
-> 🌍 [自動守護採購] 正在下載原始碼: https://raw.githubusercontent.com/fastapi/fastapi/refs/heads/master/fastapi/__init__.py
-> ✅ 原始碼下載成功。
-> 🧪 [深度融合] 正在將全球開源碼熔鑄至本地模組: FastAPIAuto
-> 💾 寫入硬碟成功: manufacturing_hub/fastapiauto_auto_fused.py
-> 🔍 [品質檢驗] 檢查模組語法: manufacturing_hub/fastapiauto_auto_fused.py
-> 🎉 語法檢驗完美通過！
========================================
-> 🌍 [自動守護採購] 正在下載原始碼: https://raw.githubusercontent.com/pallets/flask/refs/heads/main/src/flask/__init__.py
-> ✅ 原始碼下載成功。
-> 🧪 [深度融合] 正在將全球開源碼熔鑄至本地模組: FlaskAuto
-> 💾 寫入硬碟成功: manufacturing_hub/flaskauto_auto_fused.py
-> 🔍 [品質檢驗] 檢查模組語法: manufacturing_hub/flaskauto_auto_fused.py
-> 🎉 語法檢驗完美通過！
========================================
-> 🌍 [自動守護採購] 正在下載原始碼: https://raw.githubusercontent.com/pallets/click/refs/heads/main/src/click/__init__.py
-> ✅ 原始碼下載成功。
-> 🧪 [深度融合] 正在將全球開源碼熔鑄至本地模組: ClickAuto
-> 💾 寫入硬碟成功: manufacturing_hub/clickauto_auto_fused.py
-> 🔍 [品質檢驗] 檢查模組語法: manufacturing_hub/clickauto_auto_fused.py
-> 🎉 語法檢驗完美通過！
========================================
-> 🌍 [自動守護採購] 正在下載原始碼: https://raw.githubusercontent.com/Textualize/rich/refs/heads/main/rich/__init__.py
-> ✅ 原始碼下載成功。
-> 🧪 [深度融合] 正在將全球開源碼熔鑄至本地模組: RichAuto
-> 💾 寫入硬碟成功: manufacturing_hub/richauto_auto_fused.py
-> 🔍 [品質檢驗] 檢查模組語法: manufacturing_hub/richauto_auto_fused.py
-> 🎉 語法檢驗完美通過！
========================================
-> 🌍 [自動守護採購] 正在下載原始碼: https://raw.githubusercontent.com/pydantic/pydantic/refs/heads/main/pydantic/__init__.py
-> ✅ 原始碼下載成功。
-> 🧪 [深度融合] 正在將全球開源碼熔鑄至本地模組: PydanticAuto
-> 💾 寫入硬碟成功: manufacturing_hub/pydanticauto_auto_fused.py
-> 🔍 [品質檢驗] 檢查模組語法: manufacturing_hub/pydanticauto_auto_fused.py
-> 🎉 語法檢驗完美通過！

-> 💤 本輪巡航完畢。進入自動休眠，等待 30 秒後進行下一輪...

[2026-08-25 19:05:58] -> 🔄 開始新一輪全球開源專案自動巡航...
========================================
-> 🌍 [自動守護採購] 正在下載原始碼: https://raw.githubusercontent.com/psf/requests/refs/heads/main/src/requests/__init__.py
-> ✅ 原始碼下載成功。
-> 🧪 [深度融合] 正在將全球開源碼熔鑄至本地模組: RequestsAuto
-> 💾 寫入硬碟成功: manufacturing_hub/requestsauto_auto_fused.py
-> 🔍 [品質檢驗] 檢查模組語法: manufacturing_hub/requestsauto_auto_fused.py
-> 🎉 語法檢驗完美通過！
========================================
-> 🌍 [自動守護採購] 正在下載原始碼: https://raw.githubusercontent.com/fastapi/fastapi/refs/heads/master/fastapi/__init__.py
-> ✅ 原始碼下載成功。
-> 🧪 [深度融合] 正在將全球開源碼熔鑄至本地模組: FastAPIAuto
-> 💾 寫入硬碟成功: manufacturing_hub/fastapiauto_auto_fused.py
-> 🔍 [品質檢驗] 檢查模組語法: manufacturing_hub/fastapiauto_auto_fused.py
-> 🎉 語法檢驗完美通過！
========================================
-> 🌍 [自動守護採購] 正在下載原始碼: https://raw.githubusercontent.com/pallets/flask/refs/heads/main/src/flask/__init__.py
-> ✅ 原始碼下載成功。
-> 🧪 [深度融合] 正在將全球開源碼熔鑄至本地模組: FlaskAuto
-> 💾 寫入硬碟成功: manufacturing_hub/flaskauto_auto_fused.py
-> 🔍 [品質檢驗] 檢查模組語法: manufacturing_hub/flaskauto_auto_fused.py
-> 🎉 語法檢驗完美通過！
========================================
-> 🌍 [自動守護採購] 正在下載原始碼: https://raw.githubusercontent.com/pallets/click/refs/heads/main/src/click/__init__.py
-> ✅ 原始碼下載成功。
-> 🧪 [深度融合] 正在將全球開源碼熔鑄至本地模組: ClickAuto
-> 💾 寫入硬碟成功: manufacturing_hub/clickauto_auto_fused.py
-> 🔍 [品質檢驗] 檢查模組語法: manufacturing_hub/clickauto_auto_fused.py
-> 🎉 語法檢驗完美通過！
========================================
-> 🌍 [自動守護採購] 正在下載原始碼: https://raw.githubusercontent.com/Textualize/rich/refs/heads/main/rich/__init__.py
-> ✅ 原始碼下載成功。
-> 🧪 [深度融合] 正在將全球開源碼熔鑄至本地模組: RichAuto
-> 💾 寫入硬碟成功: manufacturing_hub/richauto_auto_fused.py
-> 🔍 [品質檢驗] 檢查模組語法: manufacturing_hub/richauto_auto_fused.py
-> 🎉 語法檢驗完美通過！
========================================
-> 🌍 [自動守護採購] 正在下載原始碼: https://raw.githubusercontent.com/pydantic/pydantic/refs/heads/main/pydantic/__init__.py
-> ✅ 原始碼下載成功。
-> 🧪 [深度融合] 正在將全球開源碼熔鑄至本地模組: PydanticAuto
-> 💾 寫入硬碟成功: manufacturing_hub/pydanticauto_auto_fused.py
-> 🔍 [品質檢驗] 檢查模組語法: manufacturing_hub/pydanticauto_auto_fused.py
-> 🎉 語法檢驗完美通過！

-> 💤 本輪巡航完畢。進入自動休眠，等待 30 秒後進行下一輪...

[2026-08-25 19:06:32] -> 🔄 開始新一輪全球開源專案自動巡航...
========================================
-> 🌍 [自動守護採購] 正在下載原始碼: https://raw.githubusercontent.com/psf/requests/refs/heads/main/src/requests/__init__.py
-> ✅ 原始碼下載成功。
-> 🧪 [深度融合] 正在將全球開源碼熔鑄至本地模組: RequestsAuto
-> 💾 寫入硬碟成功: manufacturing_hub/requestsauto_auto_fused.py
-> 🔍 [品質檢驗] 檢查模組語法: manufacturing_hub/requestsauto_auto_fused.py
-> 🎉 語法檢驗完美通過！
========================================
-> 🌍 [自動守護採購] 正在下載原始碼: https://raw.githubusercontent.com/fastapi/fastapi/refs/heads/master/fastapi/__init__.py
-> ✅ 原始碼下載成功。
-> 🧪 [深度融合] 正在將全球開源碼熔鑄至本地模組: FastAPIAuto
-> 💾 寫入硬碟成功: manufacturing_hub/fastapiauto_auto_fused.py
-> 🔍 [品質檢驗] 檢查模組語法: manufacturing_hub/fastapiauto_auto_fused.py
-> 🎉 語法檢驗完美通過！
========================================
-> 🌍 [自動守護採購] 正在下載原始碼: https://raw.githubusercontent.com/pallets/flask/refs/heads/main/src/flask/__init__.py
-> ✅ 原始碼下載成功。
-> 🧪 [深度融合] 正在將全球開源碼熔鑄至本地模組: FlaskAuto
-> 💾 寫入硬碟成功: manufacturing_hub/flaskauto_auto_fused.py
-> 🔍 [品質檢驗] 檢查模組語法: manufacturing_hub/flaskauto_auto_fused.py
-> 🎉 語法檢驗完美通過！
========================================
-> 🌍 [自動守護採購] 正在下載原始碼: https://raw.githubusercontent.com/pallets/click/refs/heads/main/src/click/__init__.py
-> ✅ 原始碼下載成功。
-> 🧪 [深度融合] 正在將全球開源碼熔鑄至本地模組: ClickAuto
-> 💾 寫入硬碟成功: manufacturing_hub/clickauto_auto_fused.py
-> 🔍 [品質檢驗] 檢查模組語法: manufacturing_hub/clickauto_auto_fused.py
-> 🎉 語法檢驗完美通過！
========================================
-> 🌍 [自動守護採購] 正在下載原始碼: https://raw.githubusercontent.com/Textualize/rich/refs/heads/main/rich/__init__.py
-> ✅ 原始碼下載成功。
-> 🧪 [深度融合] 正在將全球開源碼熔鑄至本地模組: RichAuto
-> 💾 寫入硬碟成功: manufacturing_hub/richauto_auto_fused.py
-> 🔍 [品質檢驗] 檢查模組語法: manufacturing_hub/richauto_auto_fused.py
-> 🎉 語法檢驗完美通過！
========================================
-> 🌍 [自動守護採購] 正在下載原始碼: https://raw.githubusercontent.com/pydantic/pydantic/refs/heads/main/pydantic/__init__.py
-> ✅ 原始碼下載成功。
-> 🧪 [深度融合] 正在將全球開源碼熔鑄至本地模組: PydanticAuto
-> 💾 寫入硬碟成功: manufacturing_hub/pydanticauto_auto_fused.py
-> 🔍 [品質檢驗] 檢查模組語法: manufacturing_hub/pydanticauto_auto_fused.py
-> 🎉 語法檢驗完美通過！

-> 💤 本輪巡航完畢。進入自動休眠，等待 30 秒後進行下一輪...

[2026-08-25 19:07:06] -> 🔄 開始新一輪全球開源專案自動巡航...
========================================
-> 🌍 [自動守護採購] 正在下載原始碼: https://raw.githubusercontent.com/psf/requests/refs/heads/main/src/requests/__init__.py
-> ✅ 原始碼下載成功。
-> 🧪 [深度融合] 正在將全球開源碼熔鑄至本地模組: RequestsAuto
-> 💾 寫入硬碟成功: manufacturing_hub/requestsauto_auto_fused.py
-> 🔍 [品質檢驗] 檢查模組語法: manufacturing_hub/requestsauto_auto_fused.py
-> 🎉 語法檢驗完美通過！
========================================
-> 🌍 [自動守護採購] 正在下載原始碼: https://raw.githubusercontent.com/fastapi/fastapi/refs/heads/master/fastapi/__init__.py
-> ✅ 原始碼下載成功。
-> 🧪 [深度融合] 正在將全球開源碼熔鑄至本地模組: FastAPIAuto
-> 💾 寫入硬碟成功: manufacturing_hub/fastapiauto_auto_fused.py
-> 🔍 [品質檢驗] 檢查模組語法: manufacturing_hub/fastapiauto_auto_fused.py
-> 🎉 語法檢驗完美通過！
========================================
-> 🌍 [自動守護採購] 正在下載原始碼: https://raw.githubusercontent.com/pallets/flask/refs/heads/main/src/flask/__init__.py
-> ✅ 原始碼下載成功。
-> 🧪 [深度融合] 正在將全球開源碼熔鑄至本地模組: FlaskAuto
-> 💾 寫入硬碟成功: manufacturing_hub/flaskauto_auto_fused.py
-> 🔍 [品質檢驗] 檢查模組語法: manufacturing_hub/flaskauto_auto_fused.py
-> 🎉 語法檢驗完美通過！
========================================
-> 🌍 [自動守護採購] 正在下載原始碼: https://raw.githubusercontent.com/pallets/click/refs/heads/main/src/click/__init__.py
-> ✅ 原始碼下載成功。
-> 🧪 [深度融合] 正在將全球開源碼熔鑄至本地模組: ClickAuto
-> 💾 寫入硬碟成功: manufacturing_hub/clickauto_auto_fused.py
-> 🔍 [品質檢驗] 檢查模組語法: manufacturing_hub/clickauto_auto_fused.py
-> 🎉 語法檢驗完美通過！
========================================
-> 🌍 [自動守護採購] 正在下載原始碼: https://raw.githubusercontent.com/Textualize/rich/refs/heads/main/rich/__init__.py
-> ✅ 原始碼下載成功。
-> 🧪 [深度融合] 正在將全球開源碼熔鑄至本地模組: RichAuto
-> 💾 寫入硬碟成功: manufacturing_hub/richauto_auto_fused.py
-> 🔍 [品質檢驗] 檢查模組語法: manufacturing_hub/richauto_auto_fused.py
-> 🎉 語法檢驗完美通過！
========================================
-> 🌍 [自動守護採購] 正在下載原始碼: https://raw.githubusercontent.com/pydantic/pydantic/refs/heads/main/pydantic/__init__.py
-> ✅ 原始碼下載成功。
-> 🧪 [深度融合] 正在將全球開源碼熔鑄至本地模組: PydanticAuto
-> 💾 寫入硬碟成功: manufacturing_hub/pydanticauto_auto_fused.py
-> 🔍 [品質檢驗] 檢查模組語法: manufacturing_hub/pydanticauto_auto_fused.py
-> 🎉 語法檢驗完美通過！

-> 💤 本輪巡航完畢。進入自動休眠，等待 30 秒後進行下一輪...

[2026-08-25 19:07:39] -> 🔄 開始新一輪全球開源專案自動巡航...
========================================
-> 🌍 [自動守護採購] 正在下載原始碼: https://raw.githubusercontent.com/psf/requests/refs/heads/main/src/requests/__init__.py
-> ✅ 原始碼下載成功。
-> 🧪 [深度融合] 正在將全球開源碼熔鑄至本地模組: RequestsAuto
-> 💾 寫入硬碟成功: manufacturing_hub/requestsauto_auto_fused.py
-> 🔍 [品質檢驗] 檢查模組語法: manufacturing_hub/requestsauto_auto_fused.py
-> 🎉 語法檢驗完美通過！
========================================
-> 🌍 [自動守護採購] 正在下載原始碼: https://raw.githubusercontent.com/fastapi/fastapi/refs/heads/master/fastapi/__init__.py
-> ✅ 原始碼下載成功。
-> 🧪 [深度融合] 正在將全球開源碼熔鑄至本地模組: FastAPIAuto
-> 💾 寫入硬碟成功: manufacturing_hub/fastapiauto_auto_fused.py
-> 🔍 [品質檢驗] 檢查模組語法: manufacturing_hub/fastapiauto_auto_fused.py
-> 🎉 語法檢驗完美通過！
========================================
-> 🌍 [自動守護採購] 正在下載原始碼: https://raw.githubusercontent.com/pallets/flask/refs/heads/main/src/flask/__init__.py
-> ✅ 原始碼下載成功。
-> 🧪 [深度融合] 正在將全球開源碼熔鑄至本地模組: FlaskAuto
-> 💾 寫入硬碟成功: manufacturing_hub/flaskauto_auto_fused.py
-> 🔍 [品質檢驗] 檢查模組語法: manufacturing_hub/flaskauto_auto_fused.py
-> 🎉 語法檢驗完美通過！
========================================
-> 🌍 [自動守護採購] 正在下載原始碼: https://raw.githubusercontent.com/pallets/click/refs/heads/main/src/click/__init__.py
-> ✅ 原始碼下載成功。
-> 🧪 [深度融合] 正在將全球開源碼熔鑄至本地模組: ClickAuto
-> 💾 寫入硬碟成功: manufacturing_hub/clickauto_auto_fused.py
-> 🔍 [品質檢驗] 檢查模組語法: manufacturing_hub/clickauto_auto_fused.py
-> 🎉 語法檢驗完美通過！
========================================
-> 🌍 [自動守護採購] 正在下載原始碼: https://raw.githubusercontent.com/Textualize/rich/refs/heads/main/rich/__init__.py
-> ✅ 原始碼下載成功。
-> 🧪 [深度融合] 正在將全球開源碼熔鑄至本地模組: RichAuto
-> 💾 寫入硬碟成功: manufacturing_hub/richauto_auto_fused.py
-> 🔍 [品質檢驗] 檢查模組語法: manufacturing_hub/richauto_auto_fused.py
-> 🎉 語法檢驗完美通過！
========================================
-> 🌍 [自動守護採購] 正在下載原始碼: https://raw.githubusercontent.com/pydantic/pydantic/refs/heads/main/pydantic/__init__.py
-> ✅ 原始碼下載成功。
-> 🧪 [深度融合] 正在將全球開源碼熔鑄至本地模組: PydanticAuto
-> 💾 寫入硬碟成功: manufacturing_hub/pydanticauto_auto_fused.py
-> 🔍 [品質檢驗] 檢查模組語法: manufacturing_hub/pydanticauto_auto_fused.py
-> 🎉 語法檢驗完美通過！

-> 💤 本輪巡航完畢。進入自動休眠，等待 30 秒後進行下一輪...

[2026-08-25 19:08:14] -> 🔄 開始新一輪全球開源專案自動巡航...
========================================
-> 🌍 [自動守護採購] 正在下載原始碼: https://raw.githubusercontent.com/psf/requests/refs/heads/main/src/requests/__init__.py
-> ✅ 原始碼下載成功。
-> 🧪 [深度融合] 正在將全球開源碼熔鑄至本地模組: RequestsAuto
-> 💾 寫入硬碟成功: manufacturing_hub/requestsauto_auto_fused.py
-> 🔍 [品質檢驗] 檢查模組語法: manufacturing_hub/requestsauto_auto_fused.py
-> 🎉 語法檢驗完美通過！
========================================
-> 🌍 [自動守護採購] 正在下載原始碼: https://raw.githubusercontent.com/fastapi/fastapi/refs/heads/master/fastapi/__init__.py
-> ✅ 原始碼下載成功。
-> 🧪 [深度融合] 正在將全球開源碼熔鑄至本地模組: FastAPIAuto
-> 💾 寫入硬碟成功: manufacturing_hub/fastapiauto_auto_fused.py
-> 🔍 [品質檢驗] 檢查模組語法: manufacturing_hub/fastapiauto_auto_fused.py
-> 🎉 語法檢驗完美通過！
========================================
-> 🌍 [自動守護採購] 正在下載原始碼: https://raw.githubusercontent.com/pallets/flask/refs/heads/main/src/flask/__init__.py
-> ✅ 原始碼下載成功。
-> 🧪 [深度融合] 正在將全球開源碼熔鑄至本地模組: FlaskAuto
-> 💾 寫入硬碟成功: manufacturing_hub/flaskauto_auto_fused.py
-> 🔍 [品質檢驗] 檢查模組語法: manufacturing_hub/flaskauto_auto_fused.py
-> 🎉 語法檢驗完美通過！
========================================
-> 🌍 [自動守護採購] 正在下載原始碼: https://raw.githubusercontent.com/pallets/click/refs/heads/main/src/click/__init__.py
-> ✅ 原始碼下載成功。
-> 🧪 [深度融合] 正在將全球開源碼熔鑄至本地模組: ClickAuto
-> 💾 寫入硬碟成功: manufacturing_hub/clickauto_auto_fused.py
-> 🔍 [品質檢驗] 檢查模組語法: manufacturing_hub/clickauto_auto_fused.py
-> 🎉 語法檢驗完美通過！
========================================
-> 🌍 [自動守護採購] 正在下載原始碼: https://raw.githubusercontent.com/Textualize/rich/refs/heads/main/rich/__init__.py
-> ✅ 原始碼下載成功。
-> 🧪 [深度融合] 正在將全球開源碼熔鑄至本地模組: RichAuto
-> 💾 寫入硬碟成功: manufacturing_hub/richauto_auto_fused.py
-> 🔍 [品質檢驗] 檢查模組語法: manufacturing_hub/richauto_auto_fused.py
-> 🎉 語法檢驗完美通過！
========================================
-> 🌍 [自動守護採購] 正在下載原始碼: https://raw.githubusercontent.com/pydantic/pydantic/refs/heads/main/pydantic/__init__.py
-> ✅ 原始碼下載成功。
-> 🧪 [深度融合] 正在將全球開源碼熔鑄至本地模組: PydanticAuto
-> 💾 寫入硬碟成功: manufacturing_hub/pydanticauto_auto_fused.py
-> 🔍 [品質檢驗] 檢查模組語法: manufacturing_hub/pydanticauto_auto_fused.py
-> 🎉 語法檢驗完美通過！

-> 💤 本輪巡航完畢。進入自動休眠，等待 30 秒後進行下一輪...

[2026-08-25 19:08:48] -> 🔄 開始新一輪全球開源專案自動巡航...
========================================
-> 🌍 [自動守護採購] 正在下載原始碼: https://raw.githubusercontent.com/psf/requests/refs/heads/main/src/requests/__init__.py
-> ✅ 原始碼下載成功。
-> 🧪 [深度融合] 正在將全球開源碼熔鑄至本地模組: RequestsAuto
-> 💾 寫入硬碟成功: manufacturing_hub/requestsauto_auto_fused.py
-> 🔍 [品質檢驗] 檢查模組語法: manufacturing_hub/requestsauto_auto_fused.py
-> 🎉 語法檢驗完美通過！
========================================
-> 🌍 [自動守護採購] 正在下載原始碼: https://raw.githubusercontent.com/fastapi/fastapi/refs/heads/master/fastapi/__init__.py
-> ✅ 原始碼下載成功。
-> 🧪 [深度融合] 正在將全球開源碼熔鑄至本地模組: FastAPIAuto
-> 💾 寫入硬碟成功: manufacturing_hub/fastapiauto_auto_fused.py
-> 🔍 [品質檢驗] 檢查模組語法: manufacturing_hub/fastapiauto_auto_fused.py
-> 🎉 語法檢驗完美通過！
========================================
-> 🌍 [自動守護採購] 正在下載原始碼: https://raw.githubusercontent.com/pallets/flask/refs/heads/main/src/flask/__init__.py
-> ✅ 原始碼下載成功。
-> 🧪 [深度融合] 正在將全球開源碼熔鑄至本地模組: FlaskAuto
-> 💾 寫入硬碟成功: manufacturing_hub/flaskauto_auto_fused.py
-> 🔍 [品質檢驗] 檢查模組語法: manufacturing_hub/flaskauto_auto_fused.py
-> 🎉 語法檢驗完美通過！
========================================
-> 🌍 [自動守護採購] 正在下載原始碼: https://raw.githubusercontent.com/pallets/click/refs/heads/main/src/click/__init__.py
-> ✅ 原始碼下載成功。
-> 🧪 [深度融合] 正在將全球開源碼熔鑄至本地模組: ClickAuto
-> 💾 寫入硬碟成功: manufacturing_hub/clickauto_auto_fused.py
-> 🔍 [品質檢驗] 檢查模組語法: manufacturing_hub/clickauto_auto_fused.py
-> 🎉 語法檢驗完美通過！
========================================
-> 🌍 [自動守護採購] 正在下載原始碼: https://raw.githubusercontent.com/Textualize/rich/refs/heads/main/rich/__init__.py
-> ✅ 原始碼下載成功。
-> 🧪 [深度融合] 正在將全球開源碼熔鑄至本地模組: RichAuto
-> 💾 寫入硬碟成功: manufacturing_hub/richauto_auto_fused.py
-> 🔍 [品質檢驗] 檢查模組語法: manufacturing_hub/richauto_auto_fused.py
-> 🎉 語法檢驗完美通過！
========================================
-> 🌍 [自動守護採購] 正在下載原始碼: https://raw.githubusercontent.com/pydantic/pydantic/refs/heads/main/pydantic/__init__.py
-> ✅ 原始碼下載成功。
-> 🧪 [深度融合] 正在將全球開源碼熔鑄至本地模組: PydanticAuto
-> 💾 寫入硬碟成功: manufacturing_hub/pydanticauto_auto_fused.py
-> 🔍 [品質檢驗] 檢查模組語法: manufacturing_hub/pydanticauto_auto_fused.py
-> 🎉 語法檢驗完美通過！

-> 💤 本輪巡航完畢。進入自動休眠，等待 30 秒後進行下一輪...

[2026-08-25 19:09:21] -> 🔄 開始新一輪全球開源專案自動巡航...
========================================
-> 🌍 [自動守護採購] 正在下載原始碼: https://raw.githubusercontent.com/psf/requests/refs/heads/main/src/requests/__init__.py
-> ✅ 原始碼下載成功。
-> 🧪 [深度融合] 正在將全球開源碼熔鑄至本地模組: RequestsAuto
-> 💾 寫入硬碟成功: manufacturing_hub/requestsauto_auto_fused.py
-> 🔍 [品質檢驗] 檢查模組語法: manufacturing_hub/requestsauto_auto_fused.py
-> 🎉 語法檢驗完美通過！
========================================
-> 🌍 [自動守護採購] 正在下載原始碼: https://raw.githubusercontent.com/fastapi/fastapi/refs/heads/master/fastapi/__init__.py
-> ✅ 原始碼下載成功。
-> 🧪 [深度融合] 正在將全球開源碼熔鑄至本地模組: FastAPIAuto
-> 💾 寫入硬碟成功: manufacturing_hub/fastapiauto_auto_fused.py
-> 🔍 [品質檢驗] 檢查模組語法: manufacturing_hub/fastapiauto_auto_fused.py
-> 🎉 語法檢驗完美通過！
========================================
-> 🌍 [自動守護採購] 正在下載原始碼: https://raw.githubusercontent.com/pallets/flask/refs/heads/main/src/flask/__init__.py
-> ✅ 原始碼下載成功。
-> 🧪 [深度融合] 正在將全球開源碼熔鑄至本地模組: FlaskAuto
-> 💾 寫入硬碟成功: manufacturing_hub/flaskauto_auto_fused.py
-> 🔍 [品質檢驗] 檢查模組語法: manufacturing_hub/flaskauto_auto_fused.py
-> 🎉 語法檢驗完美通過！
========================================
-> 🌍 [自動守護採購] 正在下載原始碼: https://raw.githubusercontent.com/pallets/click/refs/heads/main/src/click/__init__.py
-> ✅ 原始碼下載成功。
-> 🧪 [深度融合] 正在將全球開源碼熔鑄至本地模組: ClickAuto
-> 💾 寫入硬碟成功: manufacturing_hub/clickauto_auto_fused.py
-> 🔍 [品質檢驗] 檢查模組語法: manufacturing_hub/clickauto_auto_fused.py
-> 🎉 語法檢驗完美通過！
========================================
-> 🌍 [自動守護採購] 正在下載原始碼: https://raw.githubusercontent.com/Textualize/rich/refs/heads/main/rich/__init__.py
-> ✅ 原始碼下載成功。
-> 🧪 [深度融合] 正在將全球開源碼熔鑄至本地模組: RichAuto
-> 💾 寫入硬碟成功: manufacturing_hub/richauto_auto_fused.py
-> 🔍 [品質檢驗] 檢查模組語法: manufacturing_hub/richauto_auto_fused.py
-> 🎉 語法檢驗完美通過！
========================================
-> 🌍 [自動守護採購] 正在下載原始碼: https://raw.githubusercontent.com/pydantic/pydantic/refs/heads/main/pydantic/__init__.py
-> ✅ 原始碼下載成功。
-> 🧪 [深度融合] 正在將全球開源碼熔鑄至本地模組: PydanticAuto
-> 💾 寫入硬碟成功: manufacturing_hub/pydanticauto_auto_fused.py
-> 🔍 [品質檢驗] 檢查模組語法: manufacturing_hub/pydanticauto_auto_fused.py
-> 🎉 語法檢驗完美通過！

-> 💤 本輪巡航完畢。進入自動休眠，等待 30 秒後進行下一輪...

[2026-08-25 19:09:56] -> 🔄 開始新一輪全球開源專案自動巡航...
========================================
-> 🌍 [自動守護採購] 正在下載原始碼: https://raw.githubusercontent.com/psf/requests/refs/heads/main/src/requests/__init__.py
-> ✅ 原始碼下載成功。
-> 🧪 [深度融合] 正在將全球開源碼熔鑄至本地模組: RequestsAuto
-> 💾 寫入硬碟成功: manufacturing_hub/requestsauto_auto_fused.py
-> 🔍 [品質檢驗] 檢查模組語法: manufacturing_hub/requestsauto_auto_fused.py
-> 🎉 語法檢驗完美通過！
========================================
-> 🌍 [自動守護採購] 正在下載原始碼: https://raw.githubusercontent.com/fastapi/fastapi/refs/heads/master/fastapi/__init__.py
-> ✅ 原始碼下載成功。
-> 🧪 [深度融合] 正在將全球開源碼熔鑄至本地模組: FastAPIAuto
-> 💾 寫入硬碟成功: manufacturing_hub/fastapiauto_auto_fused.py
-> 🔍 [品質檢驗] 檢查模組語法: manufacturing_hub/fastapiauto_auto_fused.py
-> 🎉 語法檢驗完美通過！
========================================
-> 🌍 [自動守護採購] 正在下載原始碼: https://raw.githubusercontent.com/pallets/flask/refs/heads/main/src/flask/__init__.py
-> ✅ 原始碼下載成功。
-> 🧪 [深度融合] 正在將全球開源碼熔鑄至本地模組: FlaskAuto
-> 💾 寫入硬碟成功: manufacturing_hub/flaskauto_auto_fused.py
-> 🔍 [品質檢驗] 檢查模組語法: manufacturing_hub/flaskauto_auto_fused.py
-> 🎉 語法檢驗完美通過！
========================================
-> 🌍 [自動守護採購] 正在下載原始碼: https://raw.githubusercontent.com/pallets/click/refs/heads/main/src/click/__init__.py
-> ✅ 原始碼下載成功。
-> 🧪 [深度融合] 正在將全球開源碼熔鑄至本地模組: ClickAuto
-> 💾 寫入硬碟成功: manufacturing_hub/clickauto_auto_fused.py
-> 🔍 [品質檢驗] 檢查模組語法: manufacturing_hub/clickauto_auto_fused.py
-> 🎉 語法檢驗完美通過！
========================================
-> 🌍 [自動守護採購] 正在下載原始碼: https://raw.githubusercontent.com/Textualize/rich/refs/heads/main/rich/__init__.py
-> ✅ 原始碼下載成功。
-> 🧪 [深度融合] 正在將全球開源碼熔鑄至本地模組: RichAuto
-> 💾 寫入硬碟成功: manufacturing_hub/richauto_auto_fused.py
-> 🔍 [品質檢驗] 檢查模組語法: manufacturing_hub/richauto_auto_fused.py
-> 🎉 語法檢驗完美通過！
========================================
-> 🌍 [自動守護採購] 正在下載原始碼: https://raw.githubusercontent.com/pydantic/pydantic/refs/heads/main/pydantic/__init__.py
-> ✅ 原始碼下載成功。
-> 🧪 [深度融合] 正在將全球開源碼熔鑄至本地模組: PydanticAuto
-> 💾 寫入硬碟成功: manufacturing_hub/pydanticauto_auto_fused.py
-> 🔍 [品質檢驗] 檢查模組語法: manufacturing_hub/pydanticauto_auto_fused.py
-> 🎉 語法檢驗完美通過！

-> 💤 本輪巡航完畢。進入自動休眠，等待 30 秒後進行下一輪...

[2026-08-25 19:10:33] -> 🔄 開始新一輪全球開源專案自動巡航...
========================================
-> 🌍 [自動守護採購] 正在下載原始碼: https://raw.githubusercontent.com/psf/requests/refs/heads/main/src/requests/__init__.py
-> ✅ 原始碼下載成功。
-> 🧪 [深度融合] 正在將全球開源碼熔鑄至本地模組: RequestsAuto
-> 💾 寫入硬碟成功: manufacturing_hub/requestsauto_auto_fused.py
-> 🔍 [品質檢驗] 檢查模組語法: manufacturing_hub/requestsauto_auto_fused.py
-> 🎉 語法檢驗完美通過！
========================================
-> 🌍 [自動守護採購] 正在下載原始碼: https://raw.githubusercontent.com/fastapi/fastapi/refs/heads/master/fastapi/__init__.py
-> ✅ 原始碼下載成功。
-> 🧪 [深度融合] 正在將全球開源碼熔鑄至本地模組: FastAPIAuto
-> 💾 寫入硬碟成功: manufacturing_hub/fastapiauto_auto_fused.py
-> 🔍 [品質檢驗] 檢查模組語法: manufacturing_hub/fastapiauto_auto_fused.py
-> 🎉 語法檢驗完美通過！
========================================
-> 🌍 [自動守護採購] 正在下載原始碼: https://raw.githubusercontent.com/pallets/flask/refs/heads/main/src/flask/__init__.py
-> ✅ 原始碼下載成功。
-> 🧪 [深度融合] 正在將全球開源碼熔鑄至本地模組: FlaskAuto
-> 💾 寫入硬碟成功: manufacturing_hub/flaskauto_auto_fused.py
-> 🔍 [品質檢驗] 檢查模組語法: manufacturing_hub/flaskauto_auto_fused.py
-> 🎉 語法檢驗完美通過！
========================================
-> 🌍 [自動守護採購] 正在下載原始碼: https://raw.githubusercontent.com/pallets/click/refs/heads/main/src/click/__init__.py
-> ✅ 原始碼下載成功。
-> 🧪 [深度融合] 正在將全球開源碼熔鑄至本地模組: ClickAuto
-> 💾 寫入硬碟成功: manufacturing_hub/clickauto_auto_fused.py
-> 🔍 [品質檢驗] 檢查模組語法: manufacturing_hub/clickauto_auto_fused.py
-> 🎉 語法檢驗完美通過！
========================================
-> 🌍 [自動守護採購] 正在下載原始碼: https://raw.githubusercontent.com/Textualize/rich/refs/heads/main/rich/__init__.py
-> ✅ 原始碼下載成功。
-> 🧪 [深度融合] 正在將全球開源碼熔鑄至本地模組: RichAuto
-> 💾 寫入硬碟成功: manufacturing_hub/richauto_auto_fused.py
-> 🔍 [品質檢驗] 檢查模組語法: manufacturing_hub/richauto_auto_fused.py
-> 🎉 語法檢驗完美通過！
========================================
-> 🌍 [自動守護採購] 正在下載原始碼: https://raw.githubusercontent.com/pydantic/pydantic/refs/heads/main/pydantic/__init__.py
-> ✅ 原始碼下載成功。
-> 🧪 [深度融合] 正在將全球開源碼熔鑄至本地模組: PydanticAuto
-> 💾 寫入硬碟成功: manufacturing_hub/pydanticauto_auto_fused.py
-> 🔍 [品質檢驗] 檢查模組語法: manufacturing_hub/pydanticauto_auto_fused.py
-> 🎉 語法檢驗完美通過！

-> 💤 本輪巡航完畢。進入自動休眠，等待 30 秒後進行下一輪...

[2026-08-25 19:11:07] -> 🔄 開始新一輪全球開源專案自動巡航...
========================================
-> 🌍 [自動守護採購] 正在下載原始碼: https://raw.githubusercontent.com/psf/requests/refs/heads/main/src/requests/__init__.py
-> ✅ 原始碼下載成功。
-> 🧪 [深度融合] 正在將全球開源碼熔鑄至本地模組: RequestsAuto
-> 💾 寫入硬碟成功: manufacturing_hub/requestsauto_auto_fused.py
-> 🔍 [品質檢驗] 檢查模組語法: manufacturing_hub/requestsauto_auto_fused.py
-> 🎉 語法檢驗完美通過！
========================================
-> 🌍 [自動守護採購] 正在下載原始碼: https://raw.githubusercontent.com/fastapi/fastapi/refs/heads/master/fastapi/__init__.py
-> ✅ 原始碼下載成功。
-> 🧪 [深度融合] 正在將全球開源碼熔鑄至本地模組: FastAPIAuto
-> 💾 寫入硬碟成功: manufacturing_hub/fastapiauto_auto_fused.py
-> 🔍 [品質檢驗] 檢查模組語法: manufacturing_hub/fastapiauto_auto_fused.py
-> 🎉 語法檢驗完美通過！
========================================
-> 🌍 [自動守護採購] 正在下載原始碼: https://raw.githubusercontent.com/pallets/flask/refs/heads/main/src/flask/__init__.py
-> ✅ 原始碼下載成功。
-> 🧪 [深度融合] 正在將全球開源碼熔鑄至本地模組: FlaskAuto
-> 💾 寫入硬碟成功: manufacturing_hub/flaskauto_auto_fused.py
-> 🔍 [品質檢驗] 檢查模組語法: manufacturing_hub/flaskauto_auto_fused.py
-> 🎉 語法檢驗完美通過！
========================================
-> 🌍 [自動守護採購] 正在下載原始碼: https://raw.githubusercontent.com/pallets/click/refs/heads/main/src/click/__init__.py
-> ✅ 原始碼下載成功。
-> 🧪 [深度融合] 正在將全球開源碼熔鑄至本地模組: ClickAuto
-> 💾 寫入硬碟成功: manufacturing_hub/clickauto_auto_fused.py
-> 🔍 [品質檢驗] 檢查模組語法: manufacturing_hub/clickauto_auto_fused.py
-> 🎉 語法檢驗完美通過！
========================================
-> 🌍 [自動守護採購] 正在下載原始碼: https://raw.githubusercontent.com/Textualize/rich/refs/heads/main/rich/__init__.py
-> ✅ 原始碼下載成功。
-> 🧪 [深度融合] 正在將全球開源碼熔鑄至本地模組: RichAuto
-> 💾 寫入硬碟成功: manufacturing_hub/richauto_auto_fused.py
-> 🔍 [品質檢驗] 檢查模組語法: manufacturing_hub/richauto_auto_fused.py
-> 🎉 語法檢驗完美通過！
========================================
-> 🌍 [自動守護採購] 正在下載原始碼: https://raw.githubusercontent.com/pydantic/pydantic/refs/heads/main/pydantic/__init__.py
-> ✅ 原始碼下載成功。
-> 🧪 [深度融合] 正在將全球開源碼熔鑄至本地模組: PydanticAuto
-> 💾 寫入硬碟成功: manufacturing_hub/pydanticauto_auto_fused.py
-> 🔍 [品質檢驗] 檢查模組語法: manufacturing_hub/pydanticauto_auto_fused.py
-> 🎉 語法檢驗完美通過！

-> 💤 本輪巡航完畢。進入自動休眠，等待 30 秒後進行下一輪...

[2026-08-25 19:11:41] -> 🔄 開始新一輪全球開源專案自動巡航...
========================================
-> 🌍 [自動守護採購] 正在下載原始碼: https://raw.githubusercontent.com/psf/requests/refs/heads/main/src/requests/__init__.py
-> ✅ 原始碼下載成功。
-> 🧪 [深度融合] 正在將全球開源碼熔鑄至本地模組: RequestsAuto
-> 💾 寫入硬碟成功: manufacturing_hub/requestsauto_auto_fused.py
-> 🔍 [品質檢驗] 檢查模組語法: manufacturing_hub/requestsauto_auto_fused.py
-> 🎉 語法檢驗完美通過！
========================================
-> 🌍 [自動守護採購] 正在下載原始碼: https://raw.githubusercontent.com/fastapi/fastapi/refs/heads/master/fastapi/__init__.py
-> ✅ 原始碼下載成功。
-> 🧪 [深度融合] 正在將全球開源碼熔鑄至本地模組: FastAPIAuto
-> 💾 寫入硬碟成功: manufacturing_hub/fastapiauto_auto_fused.py
-> 🔍 [品質檢驗] 檢查模組語法: manufacturing_hub/fastapiauto_auto_fused.py
-> 🎉 語法檢驗完美通過！
========================================
-> 🌍 [自動守護採購] 正在下載原始碼: https://raw.githubusercontent.com/pallets/flask/refs/heads/main/src/flask/__init__.py
-> ✅ 原始碼下載成功。
-> 🧪 [深度融合] 正在將全球開源碼熔鑄至本地模組: FlaskAuto
-> 💾 寫入硬碟成功: manufacturing_hub/flaskauto_auto_fused.py
-> 🔍 [品質檢驗] 檢查模組語法: manufacturing_hub/flaskauto_auto_fused.py
-> 🎉 語法檢驗完美通過！
========================================
-> 🌍 [自動守護採購] 正在下載原始碼: https://raw.githubusercontent.com/pallets/click/refs/heads/main/src/click/__init__.py
-> ✅ 原始碼下載成功。
-> 🧪 [深度融合] 正在將全球開源碼熔鑄至本地模組: ClickAuto
-> 💾 寫入硬碟成功: manufacturing_hub/clickauto_auto_fused.py
-> 🔍 [品質檢驗] 檢查模組語法: manufacturing_hub/clickauto_auto_fused.py
-> 🎉 語法檢驗完美通過！
========================================
-> 🌍 [自動守護採購] 正在下載原始碼: https://raw.githubusercontent.com/Textualize/rich/refs/heads/main/rich/__init__.py
-> ✅ 原始碼下載成功。
-> 🧪 [深度融合] 正在將全球開源碼熔鑄至本地模組: RichAuto
-> 💾 寫入硬碟成功: manufacturing_hub/richauto_auto_fused.py
-> 🔍 [品質檢驗] 檢查模組語法: manufacturing_hub/richauto_auto_fused.py
-> 🎉 語法檢驗完美通過！
========================================
-> 🌍 [自動守護採購] 正在下載原始碼: https://raw.githubusercontent.com/pydantic/pydantic/refs/heads/main/pydantic/__init__.py
-> ✅ 原始碼下載成功。
-> 🧪 [深度融合] 正在將全球開源碼熔鑄至本地模組: PydanticAuto
-> 💾 寫入硬碟成功: manufacturing_hub/pydanticauto_auto_fused.py
-> 🔍 [品質檢驗] 檢查模組語法: manufacturing_hub/pydanticauto_auto_fused.py
-> 🎉 語法檢驗完美通過！

-> 💤 本輪巡航完畢。進入自動休眠，等待 30 秒後進行下一輪...

[2026-08-25 19:12:15] -> 🔄 開始新一輪全球開源專案自動巡航...
========================================
-> 🌍 [自動守護採購] 正在下載原始碼: https://raw.githubusercontent.com/psf/requests/refs/heads/main/src/requests/__init__.py
-> ✅ 原始碼下載成功。
-> 🧪 [深度融合] 正在將全球開源碼熔鑄至本地模組: RequestsAuto
-> 💾 寫入硬碟成功: manufacturing_hub/requestsauto_auto_fused.py
-> 🔍 [品質檢驗] 檢查模組語法: manufacturing_hub/requestsauto_auto_fused.py
-> 🎉 語法檢驗完美通過！
========================================
-> 🌍 [自動守護採購] 正在下載原始碼: https://raw.githubusercontent.com/fastapi/fastapi/refs/heads/master/fastapi/__init__.py
-> ✅ 原始碼下載成功。
-> 🧪 [深度融合] 正在將全球開源碼熔鑄至本地模組: FastAPIAuto
-> 💾 寫入硬碟成功: manufacturing_hub/fastapiauto_auto_fused.py
-> 🔍 [品質檢驗] 檢查模組語法: manufacturing_hub/fastapiauto_auto_fused.py
-> 🎉 語法檢驗完美通過！
========================================
-> 🌍 [自動守護採購] 正在下載原始碼: https://raw.githubusercontent.com/pallets/flask/refs/heads/main/src/flask/__init__.py
-> ✅ 原始碼下載成功。
-> 🧪 [深度融合] 正在將全球開源碼熔鑄至本地模組: FlaskAuto
-> 💾 寫入硬碟成功: manufacturing_hub/flaskauto_auto_fused.py
-> 🔍 [品質檢驗] 檢查模組語法: manufacturing_hub/flaskauto_auto_fused.py
-> 🎉 語法檢驗完美通過！
========================================
-> 🌍 [自動守護採購] 正在下載原始碼: https://raw.githubusercontent.com/pallets/click/refs/heads/main/src/click/__init__.py
-> ✅ 原始碼下載成功。
-> 🧪 [深度融合] 正在將全球開源碼熔鑄至本地模組: ClickAuto
-> 💾 寫入硬碟成功: manufacturing_hub/clickauto_auto_fused.py
-> 🔍 [品質檢驗] 檢查模組語法: manufacturing_hub/clickauto_auto_fused.py
-> 🎉 語法檢驗完美通過！
========================================
-> 🌍 [自動守護採購] 正在下載原始碼: https://raw.githubusercontent.com/Textualize/rich/refs/heads/main/rich/__init__.py
-> ✅ 原始碼下載成功。
-> 🧪 [深度融合] 正在將全球開源碼熔鑄至本地模組: RichAuto
-> 💾 寫入硬碟成功: manufacturing_hub/richauto_auto_fused.py
-> 🔍 [品質檢驗] 檢查模組語法: manufacturing_hub/richauto_auto_fused.py
-> 🎉 語法檢驗完美通過！
========================================
-> 🌍 [自動守護採購] 正在下載原始碼: https://raw.githubusercontent.com/pydantic/pydantic/refs/heads/main/pydantic/__init__.py
-> ✅ 原始碼下載成功。
-> 🧪 [深度融合] 正在將全球開源碼熔鑄至本地模組: PydanticAuto
-> 💾 寫入硬碟成功: manufacturing_hub/pydanticauto_auto_fused.py
-> 🔍 [品質檢驗] 檢查模組語法: manufacturing_hub/pydanticauto_auto_fused.py
-> 🎉 語法檢驗完美通過！

-> 💤 本輪巡航完畢。進入自動休眠，等待 30 秒後進行下一輪...

[2026-08-25 19:12:48] -> 🔄 開始新一輪全球開源專案自動巡航...
========================================
-> 🌍 [自動守護採購] 正在下載原始碼: https://raw.githubusercontent.com/psf/requests/refs/heads/main/src/requests/__init__.py
-> ✅ 原始碼下載成功。
-> 🧪 [深度融合] 正在將全球開源碼熔鑄至本地模組: RequestsAuto
-> 💾 寫入硬碟成功: manufacturing_hub/requestsauto_auto_fused.py
-> 🔍 [品質檢驗] 檢查模組語法: manufacturing_hub/requestsauto_auto_fused.py
-> 🎉 語法檢驗完美通過！
========================================
-> 🌍 [自動守護採購] 正在下載原始碼: https://raw.githubusercontent.com/fastapi/fastapi/refs/heads/master/fastapi/__init__.py
-> ✅ 原始碼下載成功。
-> 🧪 [深度融合] 正在將全球開源碼熔鑄至本地模組: FastAPIAuto
-> 💾 寫入硬碟成功: manufacturing_hub/fastapiauto_auto_fused.py
-> 🔍 [品質檢驗] 檢查模組語法: manufacturing_hub/fastapiauto_auto_fused.py
-> 🎉 語法檢驗完美通過！
========================================
-> 🌍 [自動守護採購] 正在下載原始碼: https://raw.githubusercontent.com/pallets/flask/refs/heads/main/src/flask/__init__.py
-> ✅ 原始碼下載成功。
-> 🧪 [深度融合] 正在將全球開源碼熔鑄至本地模組: FlaskAuto
-> 💾 寫入硬碟成功: manufacturing_hub/flaskauto_auto_fused.py
-> 🔍 [品質檢驗] 檢查模組語法: manufacturing_hub/flaskauto_auto_fused.py
-> 🎉 語法檢驗完美通過！
========================================
-> 🌍 [自動守護採購] 正在下載原始碼: https://raw.githubusercontent.com/pallets/click/refs/heads/main/src/click/__init__.py
-> ✅ 原始碼下載成功。
-> 🧪 [深度融合] 正在將全球開源碼熔鑄至本地模組: ClickAuto
-> 💾 寫入硬碟成功: manufacturing_hub/clickauto_auto_fused.py
-> 🔍 [品質檢驗] 檢查模組語法: manufacturing_hub/clickauto_auto_fused.py
-> 🎉 語法檢驗完美通過！
========================================
-> 🌍 [自動守護採購] 正在下載原始碼: https://raw.githubusercontent.com/Textualize/rich/refs/heads/main/rich/__init__.py
-> ✅ 原始碼下載成功。
-> 🧪 [深度融合] 正在將全球開源碼熔鑄至本地模組: RichAuto
-> 💾 寫入硬碟成功: manufacturing_hub/richauto_auto_fused.py
-> 🔍 [品質檢驗] 檢查模組語法: manufacturing_hub/richauto_auto_fused.py
-> 🎉 語法檢驗完美通過！
========================================
-> 🌍 [自動守護採購] 正在下載原始碼: https://raw.githubusercontent.com/pydantic/pydantic/refs/heads/main/pydantic/__init__.py
-> ✅ 原始碼下載成功。
-> 🧪 [深度融合] 正在將全球開源碼熔鑄至本地模組: PydanticAuto
-> 💾 寫入硬碟成功: manufacturing_hub/pydanticauto_auto_fused.py
-> 🔍 [品質檢驗] 檢查模組語法: manufacturing_hub/pydanticauto_auto_fused.py
-> 🎉 語法檢驗完美通過！

-> 💤 本輪巡航完畢。進入自動休眠，等待 30 秒後進行下一輪...

[2026-08-25 19:13:23] -> 🔄 開始新一輪全球開源專案自動巡航...
========================================
-> 🌍 [自動守護採購] 正在下載原始碼: https://raw.githubusercontent.com/psf/requests/refs/heads/main/src/requests/__init__.py
-> ✅ 原始碼下載成功。
-> 🧪 [深度融合] 正在將全球開源碼熔鑄至本地模組: RequestsAuto
-> 💾 寫入硬碟成功: manufacturing_hub/requestsauto_auto_fused.py
-> 🔍 [品質檢驗] 檢查模組語法: manufacturing_hub/requestsauto_auto_fused.py
-> 🎉 語法檢驗完美通過！
========================================
-> 🌍 [自動守護採購] 正在下載原始碼: https://raw.githubusercontent.com/fastapi/fastapi/refs/heads/master/fastapi/__init__.py
-> ✅ 原始碼下載成功。
-> 🧪 [深度融合] 正在將全球開源碼熔鑄至本地模組: FastAPIAuto
-> 💾 寫入硬碟成功: manufacturing_hub/fastapiauto_auto_fused.py
-> 🔍 [品質檢驗] 檢查模組語法: manufacturing_hub/fastapiauto_auto_fused.py
-> 🎉 語法檢驗完美通過！
========================================
-> 🌍 [自動守護採購] 正在下載原始碼: https://raw.githubusercontent.com/pallets/flask/refs/heads/main/src/flask/__init__.py
-> ✅ 原始碼下載成功。
-> 🧪 [深度融合] 正在將全球開源碼熔鑄至本地模組: FlaskAuto
-> 💾 寫入硬碟成功: manufacturing_hub/flaskauto_auto_fused.py
-> 🔍 [品質檢驗] 檢查模組語法: manufacturing_hub/flaskauto_auto_fused.py
-> 🎉 語法檢驗完美通過！
========================================
-> 🌍 [自動守護採購] 正在下載原始碼: https://raw.githubusercontent.com/pallets/click/refs/heads/main/src/click/__init__.py
-> ✅ 原始碼下載成功。
-> 🧪 [深度融合] 正在將全球開源碼熔鑄至本地模組: ClickAuto
-> 💾 寫入硬碟成功: manufacturing_hub/clickauto_auto_fused.py
-> 🔍 [品質檢驗] 檢查模組語法: manufacturing_hub/clickauto_auto_fused.py
-> 🎉 語法檢驗完美通過！
========================================
-> 🌍 [自動守護採購] 正在下載原始碼: https://raw.githubusercontent.com/Textualize/rich/refs/heads/main/rich/__init__.py
-> ✅ 原始碼下載成功。
-> 🧪 [深度融合] 正在將全球開源碼熔鑄至本地模組: RichAuto
-> 💾 寫入硬碟成功: manufacturing_hub/richauto_auto_fused.py
-> 🔍 [品質檢驗] 檢查模組語法: manufacturing_hub/richauto_auto_fused.py
-> 🎉 語法檢驗完美通過！
========================================
-> 🌍 [自動守護採購] 正在下載原始碼: https://raw.githubusercontent.com/pydantic/pydantic/refs/heads/main/pydantic/__init__.py
-> ✅ 原始碼下載成功。
-> 🧪 [深度融合] 正在將全球開源碼熔鑄至本地模組: PydanticAuto
-> 💾 寫入硬碟成功: manufacturing_hub/pydanticauto_auto_fused.py
-> 🔍 [品質檢驗] 檢查模組語法: manufacturing_hub/pydanticauto_auto_fused.py
-> 🎉 語法檢驗完美通過！

-> 💤 本輪巡航完畢。進入自動休眠，等待 30 秒後進行下一輪...

[2026-08-25 19:13:56] -> 🔄 開始新一輪全球開源專案自動巡航...
========================================
-> 🌍 [自動守護採購] 正在下載原始碼: https://raw.githubusercontent.com/psf/requests/refs/heads/main/src/requests/__init__.py
-> ✅ 原始碼下載成功。
-> 🧪 [深度融合] 正在將全球開源碼熔鑄至本地模組: RequestsAuto
-> 💾 寫入硬碟成功: manufacturing_hub/requestsauto_auto_fused.py
-> 🔍 [品質檢驗] 檢查模組語法: manufacturing_hub/requestsauto_auto_fused.py
-> 🎉 語法檢驗完美通過！
========================================
-> 🌍 [自動守護採購] 正在下載原始碼: https://raw.githubusercontent.com/fastapi/fastapi/refs/heads/master/fastapi/__init__.py
-> ✅ 原始碼下載成功。
-> 🧪 [深度融合] 正在將全球開源碼熔鑄至本地模組: FastAPIAuto
-> 💾 寫入硬碟成功: manufacturing_hub/fastapiauto_auto_fused.py
-> 🔍 [品質檢驗] 檢查模組語法: manufacturing_hub/fastapiauto_auto_fused.py
-> 🎉 語法檢驗完美通過！
========================================
-> 🌍 [自動守護採購] 正在下載原始碼: https://raw.githubusercontent.com/pallets/flask/refs/heads/main/src/flask/__init__.py
-> ✅ 原始碼下載成功。
-> 🧪 [深度融合] 正在將全球開源碼熔鑄至本地模組: FlaskAuto
-> 💾 寫入硬碟成功: manufacturing_hub/flaskauto_auto_fused.py
-> 🔍 [品質檢驗] 檢查模組語法: manufacturing_hub/flaskauto_auto_fused.py
-> 🎉 語法檢驗完美通過！
========================================
-> 🌍 [自動守護採購] 正在下載原始碼: https://raw.githubusercontent.com/pallets/click/refs/heads/main/src/click/__init__.py
-> ✅ 原始碼下載成功。
-> 🧪 [深度融合] 正在將全球開源碼熔鑄至本地模組: ClickAuto
-> 💾 寫入硬碟成功: manufacturing_hub/clickauto_auto_fused.py
-> 🔍 [品質檢驗] 檢查模組語法: manufacturing_hub/clickauto_auto_fused.py
-> 🎉 語法檢驗完美通過！
========================================
-> 🌍 [自動守護採購] 正在下載原始碼: https://raw.githubusercontent.com/Textualize/rich/refs/heads/main/rich/__init__.py
-> ✅ 原始碼下載成功。
-> 🧪 [深度融合] 正在將全球開源碼熔鑄至本地模組: RichAuto
-> 💾 寫入硬碟成功: manufacturing_hub/richauto_auto_fused.py
-> 🔍 [品質檢驗] 檢查模組語法: manufacturing_hub/richauto_auto_fused.py
-> 🎉 語法檢驗完美通過！
========================================
-> 🌍 [自動守護採購] 正在下載原始碼: https://raw.githubusercontent.com/pydantic/pydantic/refs/heads/main/pydantic/__init__.py
-> ✅ 原始碼下載成功。
-> 🧪 [深度融合] 正在將全球開源碼熔鑄至本地模組: PydanticAuto
-> 💾 寫入硬碟成功: manufacturing_hub/pydanticauto_auto_fused.py
-> 🔍 [品質檢驗] 檢查模組語法: manufacturing_hub/pydanticauto_auto_fused.py
-> 🎉 語法檢驗完美通過！

-> 💤 本輪巡航完畢。進入自動休眠，等待 30 秒後進行下一輪...

[2026-08-25 19:14:31] -> 🔄 開始新一輪全球開源專案自動巡航...
========================================
-> 🌍 [自動守護採購] 正在下載原始碼: https://raw.githubusercontent.com/psf/requests/refs/heads/main/src/requests/__init__.py
-> ✅ 原始碼下載成功。
-> 🧪 [深度融合] 正在將全球開源碼熔鑄至本地模組: RequestsAuto
-> 💾 寫入硬碟成功: manufacturing_hub/requestsauto_auto_fused.py
-> 🔍 [品質檢驗] 檢查模組語法: manufacturing_hub/requestsauto_auto_fused.py
-> 🎉 語法檢驗完美通過！
========================================
-> 🌍 [自動守護採購] 正在下載原始碼: https://raw.githubusercontent.com/fastapi/fastapi/refs/heads/master/fastapi/__init__.py
-> ✅ 原始碼下載成功。
-> 🧪 [深度融合] 正在將全球開源碼熔鑄至本地模組: FastAPIAuto
-> 💾 寫入硬碟成功: manufacturing_hub/fastapiauto_auto_fused.py
-> 🔍 [品質檢驗] 檢查模組語法: manufacturing_hub/fastapiauto_auto_fused.py
-> 🎉 語法檢驗完美通過！
========================================
-> 🌍 [自動守護採購] 正在下載原始碼: https://raw.githubusercontent.com/pallets/flask/refs/heads/main/src/flask/__init__.py
-> ✅ 原始碼下載成功。
-> 🧪 [深度融合] 正在將全球開源碼熔鑄至本地模組: FlaskAuto
-> 💾 寫入硬碟成功: manufacturing_hub/flaskauto_auto_fused.py
-> 🔍 [品質檢驗] 檢查模組語法: manufacturing_hub/flaskauto_auto_fused.py
-> 🎉 語法檢驗完美通過！
========================================
-> 🌍 [自動守護採購] 正在下載原始碼: https://raw.githubusercontent.com/pallets/click/refs/heads/main/src/click/__init__.py
-> ✅ 原始碼下載成功。
-> 🧪 [深度融合] 正在將全球開源碼熔鑄至本地模組: ClickAuto
-> 💾 寫入硬碟成功: manufacturing_hub/clickauto_auto_fused.py
-> 🔍 [品質檢驗] 檢查模組語法: manufacturing_hub/clickauto_auto_fused.py
-> 🎉 語法檢驗完美通過！
========================================
-> 🌍 [自動守護採購] 正在下載原始碼: https://raw.githubusercontent.com/Textualize/rich/refs/heads/main/rich/__init__.py
-> ✅ 原始碼下載成功。
-> 🧪 [深度融合] 正在將全球開源碼熔鑄至本地模組: RichAuto
-> 💾 寫入硬碟成功: manufacturing_hub/richauto_auto_fused.py
-> 🔍 [品質檢驗] 檢查模組語法: manufacturing_hub/richauto_auto_fused.py
-> 🎉 語法檢驗完美通過！
========================================
-> 🌍 [自動守護採購] 正在下載原始碼: https://raw.githubusercontent.com/pydantic/pydantic/refs/heads/main/pydantic/__init__.py
-> ✅ 原始碼下載成功。
-> 🧪 [深度融合] 正在將全球開源碼熔鑄至本地模組: PydanticAuto
-> 💾 寫入硬碟成功: manufacturing_hub/pydanticauto_auto_fused.py
-> 🔍 [品質檢驗] 檢查模組語法: manufacturing_hub/pydanticauto_auto_fused.py
-> 🎉 語法檢驗完美通過！

-> 💤 本輪巡航完畢。進入自動休眠，等待 30 秒後進行下一輪...

[2026-08-25 19:15:06] -> 🔄 開始新一輪全球開源專案自動巡航...
========================================
-> 🌍 [自動守護採購] 正在下載原始碼: https://raw.githubusercontent.com/psf/requests/refs/heads/main/src/requests/__init__.py
-> ✅ 原始碼下載成功。
-> 🧪 [深度融合] 正在將全球開源碼熔鑄至本地模組: RequestsAuto
-> 💾 寫入硬碟成功: manufacturing_hub/requestsauto_auto_fused.py
-> 🔍 [品質檢驗] 檢查模組語法: manufacturing_hub/requestsauto_auto_fused.py
-> 🎉 語法檢驗完美通過！
========================================
-> 🌍 [自動守護採購] 正在下載原始碼: https://raw.githubusercontent.com/fastapi/fastapi/refs/heads/master/fastapi/__init__.py
-> ✅ 原始碼下載成功。
-> 🧪 [深度融合] 正在將全球開源碼熔鑄至本地模組: FastAPIAuto
-> 💾 寫入硬碟成功: manufacturing_hub/fastapiauto_auto_fused.py
-> 🔍 [品質檢驗] 檢查模組語法: manufacturing_hub/fastapiauto_auto_fused.py
-> 🎉 語法檢驗完美通過！
========================================
-> 🌍 [自動守護採購] 正在下載原始碼: https://raw.githubusercontent.com/pallets/flask/refs/heads/main/src/flask/__init__.py
-> ✅ 原始碼下載成功。
-> 🧪 [深度融合] 正在將全球開源碼熔鑄至本地模組: FlaskAuto
-> 💾 寫入硬碟成功: manufacturing_hub/flaskauto_auto_fused.py
-> 🔍 [品質檢驗] 檢查模組語法: manufacturing_hub/flaskauto_auto_fused.py
-> 🎉 語法檢驗完美通過！
========================================
-> 🌍 [自動守護採購] 正在下載原始碼: https://raw.githubusercontent.com/pallets/click/refs/heads/main/src/click/__init__.py
-> ✅ 原始碼下載成功。
-> 🧪 [深度融合] 正在將全球開源碼熔鑄至本地模組: ClickAuto
-> 💾 寫入硬碟成功: manufacturing_hub/clickauto_auto_fused.py
-> 🔍 [品質檢驗] 檢查模組語法: manufacturing_hub/clickauto_auto_fused.py
-> 🎉 語法檢驗完美通過！
========================================
-> 🌍 [自動守護採購] 正在下載原始碼: https://raw.githubusercontent.com/Textualize/rich/refs/heads/main/rich/__init__.py
-> ✅ 原始碼下載成功。
-> 🧪 [深度融合] 正在將全球開源碼熔鑄至本地模組: RichAuto
-> 💾 寫入硬碟成功: manufacturing_hub/richauto_auto_fused.py
-> 🔍 [品質檢驗] 檢查模組語法: manufacturing_hub/richauto_auto_fused.py
-> 🎉 語法檢驗完美通過！
========================================
-> 🌍 [自動守護採購] 正在下載原始碼: https://raw.githubusercontent.com/pydantic/pydantic/refs/heads/main/pydantic/__init__.py
-> ✅ 原始碼下載成功。
-> 🧪 [深度融合] 正在將全球開源碼熔鑄至本地模組: PydanticAuto
-> 💾 寫入硬碟成功: manufacturing_hub/pydanticauto_auto_fused.py
-> 🔍 [品質檢驗] 檢查模組語法: manufacturing_hub/pydanticauto_auto_fused.py
-> 🎉 語法檢驗完美通過！

-> 💤 本輪巡航完畢。進入自動休眠，等待 30 秒後進行下一輪...

[2026-08-25 19:15:40] -> 🔄 開始新一輪全球開源專案自動巡航...
========================================
-> 🌍 [自動守護採購] 正在下載原始碼: https://raw.githubusercontent.com/psf/requests/refs/heads/main/src/requests/__init__.py
-> ✅ 原始碼下載成功。
-> 🧪 [深度融合] 正在將全球開源碼熔鑄至本地模組: RequestsAuto
-> 💾 寫入硬碟成功: manufacturing_hub/requestsauto_auto_fused.py
-> 🔍 [品質檢驗] 檢查模組語法: manufacturing_hub/requestsauto_auto_fused.py
-> 🎉 語法檢驗完美通過！
========================================
-> 🌍 [自動守護採購] 正在下載原始碼: https://raw.githubusercontent.com/fastapi/fastapi/refs/heads/master/fastapi/__init__.py
-> ✅ 原始碼下載成功。
-> 🧪 [深度融合] 正在將全球開源碼熔鑄至本地模組: FastAPIAuto
-> 💾 寫入硬碟成功: manufacturing_hub/fastapiauto_auto_fused.py
-> 🔍 [品質檢驗] 檢查模組語法: manufacturing_hub/fastapiauto_auto_fused.py
-> 🎉 語法檢驗完美通過！
========================================
-> 🌍 [自動守護採購] 正在下載原始碼: https://raw.githubusercontent.com/pallets/flask/refs/heads/main/src/flask/__init__.py
-> ✅ 原始碼下載成功。
-> 🧪 [深度融合] 正在將全球開源碼熔鑄至本地模組: FlaskAuto
-> 💾 寫入硬碟成功: manufacturing_hub/flaskauto_auto_fused.py
-> 🔍 [品質檢驗] 檢查模組語法: manufacturing_hub/flaskauto_auto_fused.py
-> 🎉 語法檢驗完美通過！
========================================
-> 🌍 [自動守護採購] 正在下載原始碼: https://raw.githubusercontent.com/pallets/click/refs/heads/main/src/click/__init__.py
-> ✅ 原始碼下載成功。
-> 🧪 [深度融合] 正在將全球開源碼熔鑄至本地模組: ClickAuto
-> 💾 寫入硬碟成功: manufacturing_hub/clickauto_auto_fused.py
-> 🔍 [品質檢驗] 檢查模組語法: manufacturing_hub/clickauto_auto_fused.py
-> 🎉 語法檢驗完美通過！
========================================
-> 🌍 [自動守護採購] 正在下載原始碼: https://raw.githubusercontent.com/Textualize/rich/refs/heads/main/rich/__init__.py
-> ✅ 原始碼下載成功。
-> 🧪 [深度融合] 正在將全球開源碼熔鑄至本地模組: RichAuto
-> 💾 寫入硬碟成功: manufacturing_hub/richauto_auto_fused.py
-> 🔍 [品質檢驗] 檢查模組語法: manufacturing_hub/richauto_auto_fused.py
-> 🎉 語法檢驗完美通過！
========================================
-> 🌍 [自動守護採購] 正在下載原始碼: https://raw.githubusercontent.com/pydantic/pydantic/refs/heads/main/pydantic/__init__.py
-> ✅ 原始碼下載成功。
-> 🧪 [深度融合] 正在將全球開源碼熔鑄至本地模組: PydanticAuto
-> 💾 寫入硬碟成功: manufacturing_hub/pydanticauto_auto_fused.py
-> 🔍 [品質檢驗] 檢查模組語法: manufacturing_hub/pydanticauto_auto_fused.py
-> 🎉 語法檢驗完美通過！

-> 💤 本輪巡航完畢。進入自動休眠，等待 30 秒後進行下一輪...

[2026-08-25 19:16:14] -> 🔄 開始新一輪全球開源專案自動巡航...
========================================
-> 🌍 [自動守護採購] 正在下載原始碼: https://raw.githubusercontent.com/psf/requests/refs/heads/main/src/requests/__init__.py
-> ✅ 原始碼下載成功。
-> 🧪 [深度融合] 正在將全球開源碼熔鑄至本地模組: RequestsAuto
-> 💾 寫入硬碟成功: manufacturing_hub/requestsauto_auto_fused.py
-> 🔍 [品質檢驗] 檢查模組語法: manufacturing_hub/requestsauto_auto_fused.py
-> 🎉 語法檢驗完美通過！
========================================
-> 🌍 [自動守護採購] 正在下載原始碼: https://raw.githubusercontent.com/fastapi/fastapi/refs/heads/master/fastapi/__init__.py
-> ✅ 原始碼下載成功。
-> 🧪 [深度融合] 正在將全球開源碼熔鑄至本地模組: FastAPIAuto
-> 💾 寫入硬碟成功: manufacturing_hub/fastapiauto_auto_fused.py
-> 🔍 [品質檢驗] 檢查模組語法: manufacturing_hub/fastapiauto_auto_fused.py
-> 🎉 語法檢驗完美通過！
========================================
-> 🌍 [自動守護採購] 正在下載原始碼: https://raw.githubusercontent.com/pallets/flask/refs/heads/main/src/flask/__init__.py
-> ✅ 原始碼下載成功。
-> 🧪 [深度融合] 正在將全球開源碼熔鑄至本地模組: FlaskAuto
-> 💾 寫入硬碟成功: manufacturing_hub/flaskauto_auto_fused.py
-> 🔍 [品質檢驗] 檢查模組語法: manufacturing_hub/flaskauto_auto_fused.py
-> 🎉 語法檢驗完美通過！
========================================
-> 🌍 [自動守護採購] 正在下載原始碼: https://raw.githubusercontent.com/pallets/click/refs/heads/main/src/click/__init__.py
-> ✅ 原始碼下載成功。
-> 🧪 [深度融合] 正在將全球開源碼熔鑄至本地模組: ClickAuto
-> 💾 寫入硬碟成功: manufacturing_hub/clickauto_auto_fused.py
-> 🔍 [品質檢驗] 檢查模組語法: manufacturing_hub/clickauto_auto_fused.py
-> 🎉 語法檢驗完美通過！
========================================
-> 🌍 [自動守護採購] 正在下載原始碼: https://raw.githubusercontent.com/Textualize/rich/refs/heads/main/rich/__init__.py
-> ✅ 原始碼下載成功。
-> 🧪 [深度融合] 正在將全球開源碼熔鑄至本地模組: RichAuto
-> 💾 寫入硬碟成功: manufacturing_hub/richauto_auto_fused.py
-> 🔍 [品質檢驗] 檢查模組語法: manufacturing_hub/richauto_auto_fused.py
-> 🎉 語法檢驗完美通過！
========================================
-> 🌍 [自動守護採購] 正在下載原始碼: https://raw.githubusercontent.com/pydantic/pydantic/refs/heads/main/pydantic/__init__.py
-> ✅ 原始碼下載成功。
-> 🧪 [深度融合] 正在將全球開源碼熔鑄至本地模組: PydanticAuto
-> 💾 寫入硬碟成功: manufacturing_hub/pydanticauto_auto_fused.py
-> 🔍 [品質檢驗] 檢查模組語法: manufacturing_hub/pydanticauto_auto_fused.py
-> 🎉 語法檢驗完美通過！

-> 💤 本輪巡航完畢。進入自動休眠，等待 30 秒後進行下一輪...

[2026-08-25 19:16:52] -> 🔄 開始新一輪全球開源專案自動巡航...
========================================
-> 🌍 [自動守護採購] 正在下載原始碼: https://raw.githubusercontent.com/psf/requests/refs/heads/main/src/requests/__init__.py
-> ✅ 原始碼下載成功。
-> 🧪 [深度融合] 正在將全球開源碼熔鑄至本地模組: RequestsAuto
-> 💾 寫入硬碟成功: manufacturing_hub/requestsauto_auto_fused.py
-> 🔍 [品質檢驗] 檢查模組語法: manufacturing_hub/requestsauto_auto_fused.py
-> 🎉 語法檢驗完美通過！
========================================
-> 🌍 [自動守護採購] 正在下載原始碼: https://raw.githubusercontent.com/fastapi/fastapi/refs/heads/master/fastapi/__init__.py
-> ✅ 原始碼下載成功。
-> 🧪 [深度融合] 正在將全球開源碼熔鑄至本地模組: FastAPIAuto
-> 💾 寫入硬碟成功: manufacturing_hub/fastapiauto_auto_fused.py
-> 🔍 [品質檢驗] 檢查模組語法: manufacturing_hub/fastapiauto_auto_fused.py
-> 🎉 語法檢驗完美通過！
========================================
-> 🌍 [自動守護採購] 正在下載原始碼: https://raw.githubusercontent.com/pallets/flask/refs/heads/main/src/flask/__init__.py
-> ✅ 原始碼下載成功。
-> 🧪 [深度融合] 正在將全球開源碼熔鑄至本地模組: FlaskAuto
-> 💾 寫入硬碟成功: manufacturing_hub/flaskauto_auto_fused.py
-> 🔍 [品質檢驗] 檢查模組語法: manufacturing_hub/flaskauto_auto_fused.py
-> 🎉 語法檢驗完美通過！
========================================
-> 🌍 [自動守護採購] 正在下載原始碼: https://raw.githubusercontent.com/pallets/click/refs/heads/main/src/click/__init__.py
-> ✅ 原始碼下載成功。
-> 🧪 [深度融合] 正在將全球開源碼熔鑄至本地模組: ClickAuto
-> 💾 寫入硬碟成功: manufacturing_hub/clickauto_auto_fused.py
-> 🔍 [品質檢驗] 檢查模組語法: manufacturing_hub/clickauto_auto_fused.py
-> 🎉 語法檢驗完美通過！
========================================
-> 🌍 [自動守護採購] 正在下載原始碼: https://raw.githubusercontent.com/Textualize/rich/refs/heads/main/rich/__init__.py
-> ✅ 原始碼下載成功。
-> 🧪 [深度融合] 正在將全球開源碼熔鑄至本地模組: RichAuto
-> 💾 寫入硬碟成功: manufacturing_hub/richauto_auto_fused.py
-> 🔍 [品質檢驗] 檢查模組語法: manufacturing_hub/richauto_auto_fused.py
-> 🎉 語法檢驗完美通過！
========================================
-> 🌍 [自動守護採購] 正在下載原始碼: https://raw.githubusercontent.com/pydantic/pydantic/refs/heads/main/pydantic/__init__.py
-> ✅ 原始碼下載成功。
-> 🧪 [深度融合] 正在將全球開源碼熔鑄至本地模組: PydanticAuto
-> 💾 寫入硬碟成功: manufacturing_hub/pydanticauto_auto_fused.py
-> 🔍 [品質檢驗] 檢查模組語法: manufacturing_hub/pydanticauto_auto_fused.py
-> 🎉 語法檢驗完美通過！

-> 💤 本輪巡航完畢。進入自動休眠，等待 30 秒後進行下一輪...

[2026-08-25 19:17:25] -> 🔄 開始新一輪全球開源專案自動巡航...
========================================
-> 🌍 [自動守護採購] 正在下載原始碼: https://raw.githubusercontent.com/psf/requests/refs/heads/main/src/requests/__init__.py
-> ✅ 原始碼下載成功。
-> 🧪 [深度融合] 正在將全球開源碼熔鑄至本地模組: RequestsAuto
-> 💾 寫入硬碟成功: manufacturing_hub/requestsauto_auto_fused.py
-> 🔍 [品質檢驗] 檢查模組語法: manufacturing_hub/requestsauto_auto_fused.py
-> 🎉 語法檢驗完美通過！
========================================
-> 🌍 [自動守護採購] 正在下載原始碼: https://raw.githubusercontent.com/fastapi/fastapi/refs/heads/master/fastapi/__init__.py
-> ✅ 原始碼下載成功。
-> 🧪 [深度融合] 正在將全球開源碼熔鑄至本地模組: FastAPIAuto
-> 💾 寫入硬碟成功: manufacturing_hub/fastapiauto_auto_fused.py
-> 🔍 [品質檢驗] 檢查模組語法: manufacturing_hub/fastapiauto_auto_fused.py
-> 🎉 語法檢驗完美通過！
========================================
-> 🌍 [自動守護採購] 正在下載原始碼: https://raw.githubusercontent.com/pallets/flask/refs/heads/main/src/flask/__init__.py
-> ✅ 原始碼下載成功。
-> 🧪 [深度融合] 正在將全球開源碼熔鑄至本地模組: FlaskAuto
-> 💾 寫入硬碟成功: manufacturing_hub/flaskauto_auto_fused.py
-> 🔍 [品質檢驗] 檢查模組語法: manufacturing_hub/flaskauto_auto_fused.py
-> 🎉 語法檢驗完美通過！
========================================
-> 🌍 [自動守護採購] 正在下載原始碼: https://raw.githubusercontent.com/pallets/click/refs/heads/main/src/click/__init__.py
-> ✅ 原始碼下載成功。
-> 🧪 [深度融合] 正在將全球開源碼熔鑄至本地模組: ClickAuto
-> 💾 寫入硬碟成功: manufacturing_hub/clickauto_auto_fused.py
-> 🔍 [品質檢驗] 檢查模組語法: manufacturing_hub/clickauto_auto_fused.py
-> 🎉 語法檢驗完美通過！
========================================
-> 🌍 [自動守護採購] 正在下載原始碼: https://raw.githubusercontent.com/Textualize/rich/refs/heads/main/rich/__init__.py
-> ✅ 原始碼下載成功。
-> 🧪 [深度融合] 正在將全球開源碼熔鑄至本地模組: RichAuto
-> 💾 寫入硬碟成功: manufacturing_hub/richauto_auto_fused.py
-> 🔍 [品質檢驗] 檢查模組語法: manufacturing_hub/richauto_auto_fused.py
-> 🎉 語法檢驗完美通過！
========================================
-> 🌍 [自動守護採購] 正在下載原始碼: https://raw.githubusercontent.com/pydantic/pydantic/refs/heads/main/pydantic/__init__.py
-> ✅ 原始碼下載成功。
-> 🧪 [深度融合] 正在將全球開源碼熔鑄至本地模組: PydanticAuto
-> 💾 寫入硬碟成功: manufacturing_hub/pydanticauto_auto_fused.py
-> 🔍 [品質檢驗] 檢查模組語法: manufacturing_hub/pydanticauto_auto_fused.py
-> 🎉 語法檢驗完美通過！

-> 💤 本輪巡航完畢。進入自動休眠，等待 30 秒後進行下一輪...

[2026-08-25 19:17:59] -> 🔄 開始新一輪全球開源專案自動巡航...
========================================
-> 🌍 [自動守護採購] 正在下載原始碼: https://raw.githubusercontent.com/psf/requests/refs/heads/main/src/requests/__init__.py
-> ✅ 原始碼下載成功。
-> 🧪 [深度融合] 正在將全球開源碼熔鑄至本地模組: RequestsAuto
-> 💾 寫入硬碟成功: manufacturing_hub/requestsauto_auto_fused.py
-> 🔍 [品質檢驗] 檢查模組語法: manufacturing_hub/requestsauto_auto_fused.py
-> 🎉 語法檢驗完美通過！
========================================
-> 🌍 [自動守護採購] 正在下載原始碼: https://raw.githubusercontent.com/fastapi/fastapi/refs/heads/master/fastapi/__init__.py
-> ✅ 原始碼下載成功。
-> 🧪 [深度融合] 正在將全球開源碼熔鑄至本地模組: FastAPIAuto
-> 💾 寫入硬碟成功: manufacturing_hub/fastapiauto_auto_fused.py
-> 🔍 [品質檢驗] 檢查模組語法: manufacturing_hub/fastapiauto_auto_fused.py
-> 🎉 語法檢驗完美通過！
========================================
-> 🌍 [自動守護採購] 正在下載原始碼: https://raw.githubusercontent.com/pallets/flask/refs/heads/main/src/flask/__init__.py
-> ⚠️ 下載失敗 (嘗試 1/3): <urlopen error [Errno 104] Connection reset by peer>
-> ✅ 原始碼下載成功。
-> 🧪 [深度融合] 正在將全球開源碼熔鑄至本地模組: FlaskAuto
-> 💾 寫入硬碟成功: manufacturing_hub/flaskauto_auto_fused.py
-> 🔍 [品質檢驗] 檢查模組語法: manufacturing_hub/flaskauto_auto_fused.py
-> 🎉 語法檢驗完美通過！
========================================
-> 🌍 [自動守護採購] 正在下載原始碼: https://raw.githubusercontent.com/pallets/click/refs/heads/main/src/click/__init__.py
-> ✅ 原始碼下載成功。
-> 🧪 [深度融合] 正在將全球開源碼熔鑄至本地模組: ClickAuto
-> 💾 寫入硬碟成功: manufacturing_hub/clickauto_auto_fused.py
-> 🔍 [品質檢驗] 檢查模組語法: manufacturing_hub/clickauto_auto_fused.py
-> 🎉 語法檢驗完美通過！
========================================
-> 🌍 [自動守護採購] 正在下載原始碼: https://raw.githubusercontent.com/Textualize/rich/refs/heads/main/rich/__init__.py
-> ✅ 原始碼下載成功。
-> 🧪 [深度融合] 正在將全球開源碼熔鑄至本地模組: RichAuto
-> 💾 寫入硬碟成功: manufacturing_hub/richauto_auto_fused.py
-> 🔍 [品質檢驗] 檢查模組語法: manufacturing_hub/richauto_auto_fused.py
-> 🎉 語法檢驗完美通過！
========================================
-> 🌍 [自動守護採購] 正在下載原始碼: https://raw.githubusercontent.com/pydantic/pydantic/refs/heads/main/pydantic/__init__.py
-> ✅ 原始碼下載成功。
-> 🧪 [深度融合] 正在將全球開源碼熔鑄至本地模組: PydanticAuto
-> 💾 寫入硬碟成功: manufacturing_hub/pydanticauto_auto_fused.py
-> 🔍 [品質檢驗] 檢查模組語法: manufacturing_hub/pydanticauto_auto_fused.py
-> 🎉 語法檢驗完美通過！

-> 💤 本輪巡航完畢。進入自動休眠，等待 30 秒後進行下一輪...

[2026-08-25 19:18:37] -> 🔄 開始新一輪全球開源專案自動巡航...
========================================
-> 🌍 [自動守護採購] 正在下載原始碼: https://raw.githubusercontent.com/psf/requests/refs/heads/main/src/requests/__init__.py
-> ✅ 原始碼下載成功。
-> 🧪 [深度融合] 正在將全球開源碼熔鑄至本地模組: RequestsAuto
-> 💾 寫入硬碟成功: manufacturing_hub/requestsauto_auto_fused.py
-> 🔍 [品質檢驗] 檢查模組語法: manufacturing_hub/requestsauto_auto_fused.py
-> 🎉 語法檢驗完美通過！
========================================
-> 🌍 [自動守護採購] 正在下載原始碼: https://raw.githubusercontent.com/fastapi/fastapi/refs/heads/master/fastapi/__init__.py
-> ✅ 原始碼下載成功。
-> 🧪 [深度融合] 正在將全球開源碼熔鑄至本地模組: FastAPIAuto
-> 💾 寫入硬碟成功: manufacturing_hub/fastapiauto_auto_fused.py
-> 🔍 [品質檢驗] 檢查模組語法: manufacturing_hub/fastapiauto_auto_fused.py
-> 🎉 語法檢驗完美通過！
========================================
-> 🌍 [自動守護採購] 正在下載原始碼: https://raw.githubusercontent.com/pallets/flask/refs/heads/main/src/flask/__init__.py
-> ✅ 原始碼下載成功。
-> 🧪 [深度融合] 正在將全球開源碼熔鑄至本地模組: FlaskAuto
-> 💾 寫入硬碟成功: manufacturing_hub/flaskauto_auto_fused.py
-> 🔍 [品質檢驗] 檢查模組語法: manufacturing_hub/flaskauto_auto_fused.py
-> 🎉 語法檢驗完美通過！
========================================
-> 🌍 [自動守護採購] 正在下載原始碼: https://raw.githubusercontent.com/pallets/click/refs/heads/main/src/click/__init__.py
-> ✅ 原始碼下載成功。
-> 🧪 [深度融合] 正在將全球開源碼熔鑄至本地模組: ClickAuto
-> 💾 寫入硬碟成功: manufacturing_hub/clickauto_auto_fused.py
-> 🔍 [品質檢驗] 檢查模組語法: manufacturing_hub/clickauto_auto_fused.py
-> 🎉 語法檢驗完美通過！
========================================
-> 🌍 [自動守護採購] 正在下載原始碼: https://raw.githubusercontent.com/Textualize/rich/refs/heads/main/rich/__init__.py
-> ✅ 原始碼下載成功。
-> 🧪 [深度融合] 正在將全球開源碼熔鑄至本地模組: RichAuto
-> 💾 寫入硬碟成功: manufacturing_hub/richauto_auto_fused.py
-> 🔍 [品質檢驗] 檢查模組語法: manufacturing_hub/richauto_auto_fused.py
-> 🎉 語法檢驗完美通過！
========================================
-> 🌍 [自動守護採購] 正在下載原始碼: https://raw.githubusercontent.com/pydantic/pydantic/refs/heads/main/pydantic/__init__.py
-> ✅ 原始碼下載成功。
-> 🧪 [深度融合] 正在將全球開源碼熔鑄至本地模組: PydanticAuto
-> 💾 寫入硬碟成功: manufacturing_hub/pydanticauto_auto_fused.py
-> 🔍 [品質檢驗] 檢查模組語法: manufacturing_hub/pydanticauto_auto_fused.py
-> 🎉 語法檢驗完美通過！

-> 💤 本輪巡航完畢。進入自動休眠，等待 30 秒後進行下一輪...

[2026-08-25 19:19:11] -> 🔄 開始新一輪全球開源專案自動巡航...
========================================
-> 🌍 [自動守護採購] 正在下載原始碼: https://raw.githubusercontent.com/psf/requests/refs/heads/main/src/requests/__init__.py
-> ✅ 原始碼下載成功。
-> 🧪 [深度融合] 正在將全球開源碼熔鑄至本地模組: RequestsAuto
-> 💾 寫入硬碟成功: manufacturing_hub/requestsauto_auto_fused.py
-> 🔍 [品質檢驗] 檢查模組語法: manufacturing_hub/requestsauto_auto_fused.py
-> 🎉 語法檢驗完美通過！
========================================
-> 🌍 [自動守護採購] 正在下載原始碼: https://raw.githubusercontent.com/fastapi/fastapi/refs/heads/master/fastapi/__init__.py
-> ✅ 原始碼下載成功。
-> 🧪 [深度融合] 正在將全球開源碼熔鑄至本地模組: FastAPIAuto
-> 💾 寫入硬碟成功: manufacturing_hub/fastapiauto_auto_fused.py
-> 🔍 [品質檢驗] 檢查模組語法: manufacturing_hub/fastapiauto_auto_fused.py
-> 🎉 語法檢驗完美通過！
========================================
-> 🌍 [自動守護採購] 正在下載原始碼: https://raw.githubusercontent.com/pallets/flask/refs/heads/main/src/flask/__init__.py
-> ✅ 原始碼下載成功。
-> 🧪 [深度融合] 正在將全球開源碼熔鑄至本地模組: FlaskAuto
-> 💾 寫入硬碟成功: manufacturing_hub/flaskauto_auto_fused.py
-> 🔍 [品質檢驗] 檢查模組語法: manufacturing_hub/flaskauto_auto_fused.py
-> 🎉 語法檢驗完美通過！
========================================
-> 🌍 [自動守護採購] 正在下載原始碼: https://raw.githubusercontent.com/pallets/click/refs/heads/main/src/click/__init__.py
-> ✅ 原始碼下載成功。
-> 🧪 [深度融合] 正在將全球開源碼熔鑄至本地模組: ClickAuto
-> 💾 寫入硬碟成功: manufacturing_hub/clickauto_auto_fused.py
-> 🔍 [品質檢驗] 檢查模組語法: manufacturing_hub/clickauto_auto_fused.py
-> 🎉 語法檢驗完美通過！
========================================
-> 🌍 [自動守護採購] 正在下載原始碼: https://raw.githubusercontent.com/Textualize/rich/refs/heads/main/rich/__init__.py
-> ✅ 原始碼下載成功。
-> 🧪 [深度融合] 正在將全球開源碼熔鑄至本地模組: RichAuto
-> 💾 寫入硬碟成功: manufacturing_hub/richauto_auto_fused.py
-> 🔍 [品質檢驗] 檢查模組語法: manufacturing_hub/richauto_auto_fused.py
-> 🎉 語法檢驗完美通過！
========================================
-> 🌍 [自動守護採購] 正在下載原始碼: https://raw.githubusercontent.com/pydantic/pydantic/refs/heads/main/pydantic/__init__.py
-> ✅ 原始碼下載成功。
-> 🧪 [深度融合] 正在將全球開源碼熔鑄至本地模組: PydanticAuto
-> 💾 寫入硬碟成功: manufacturing_hub/pydanticauto_auto_fused.py
-> 🔍 [品質檢驗] 檢查模組語法: manufacturing_hub/pydanticauto_auto_fused.py
-> 🎉 語法檢驗完美通過！

-> 💤 本輪巡航完畢。進入自動休眠，等待 30 秒後進行下一輪...

[2026-08-25 19:19:45] -> 🔄 開始新一輪全球開源專案自動巡航...
========================================
-> 🌍 [自動守護採購] 正在下載原始碼: https://raw.githubusercontent.com/psf/requests/refs/heads/main/src/requests/__init__.py
-> ✅ 原始碼下載成功。
-> 🧪 [深度融合] 正在將全球開源碼熔鑄至本地模組: RequestsAuto
-> 💾 寫入硬碟成功: manufacturing_hub/requestsauto_auto_fused.py
-> 🔍 [品質檢驗] 檢查模組語法: manufacturing_hub/requestsauto_auto_fused.py
-> 🎉 語法檢驗完美通過！
========================================
-> 🌍 [自動守護採購] 正在下載原始碼: https://raw.githubusercontent.com/fastapi/fastapi/refs/heads/master/fastapi/__init__.py
-> ✅ 原始碼下載成功。
-> 🧪 [深度融合] 正在將全球開源碼熔鑄至本地模組: FastAPIAuto
-> 💾 寫入硬碟成功: manufacturing_hub/fastapiauto_auto_fused.py
-> 🔍 [品質檢驗] 檢查模組語法: manufacturing_hub/fastapiauto_auto_fused.py
-> 🎉 語法檢驗完美通過！
========================================
-> 🌍 [自動守護採購] 正在下載原始碼: https://raw.githubusercontent.com/pallets/flask/refs/heads/main/src/flask/__init__.py
-> ✅ 原始碼下載成功。
-> 🧪 [深度融合] 正在將全球開源碼熔鑄至本地模組: FlaskAuto
-> 💾 寫入硬碟成功: manufacturing_hub/flaskauto_auto_fused.py
-> 🔍 [品質檢驗] 檢查模組語法: manufacturing_hub/flaskauto_auto_fused.py
-> 🎉 語法檢驗完美通過！
========================================
-> 🌍 [自動守護採購] 正在下載原始碼: https://raw.githubusercontent.com/pallets/click/refs/heads/main/src/click/__init__.py
-> ✅ 原始碼下載成功。
-> 🧪 [深度融合] 正在將全球開源碼熔鑄至本地模組: ClickAuto
-> 💾 寫入硬碟成功: manufacturing_hub/clickauto_auto_fused.py
-> 🔍 [品質檢驗] 檢查模組語法: manufacturing_hub/clickauto_auto_fused.py
-> 🎉 語法檢驗完美通過！
========================================
-> 🌍 [自動守護採購] 正在下載原始碼: https://raw.githubusercontent.com/Textualize/rich/refs/heads/main/rich/__init__.py
-> ✅ 原始碼下載成功。
-> 🧪 [深度融合] 正在將全球開源碼熔鑄至本地模組: RichAuto
-> 💾 寫入硬碟成功: manufacturing_hub/richauto_auto_fused.py
-> 🔍 [品質檢驗] 檢查模組語法: manufacturing_hub/richauto_auto_fused.py
-> 🎉 語法檢驗完美通過！
========================================
-> 🌍 [自動守護採購] 正在下載原始碼: https://raw.githubusercontent.com/pydantic/pydantic/refs/heads/main/pydantic/__init__.py
-> ✅ 原始碼下載成功。
-> 🧪 [深度融合] 正在將全球開源碼熔鑄至本地模組: PydanticAuto
-> 💾 寫入硬碟成功: manufacturing_hub/pydanticauto_auto_fused.py
-> 🔍 [品質檢驗] 檢查模組語法: manufacturing_hub/pydanticauto_auto_fused.py
-> 🎉 語法檢驗完美通過！

-> 💤 本輪巡航完畢。進入自動休眠，等待 30 秒後進行下一輪...

[2026-08-25 19:20:21] -> 🔄 開始新一輪全球開源專案自動巡航...
========================================
-> 🌍 [自動守護採購] 正在下載原始碼: https://raw.githubusercontent.com/psf/requests/refs/heads/main/src/requests/__init__.py
-> ✅ 原始碼下載成功。
-> 🧪 [深度融合] 正在將全球開源碼熔鑄至本地模組: RequestsAuto
-> 💾 寫入硬碟成功: manufacturing_hub/requestsauto_auto_fused.py
-> 🔍 [品質檢驗] 檢查模組語法: manufacturing_hub/requestsauto_auto_fused.py
-> 🎉 語法檢驗完美通過！
========================================
-> 🌍 [自動守護採購] 正在下載原始碼: https://raw.githubusercontent.com/fastapi/fastapi/refs/heads/master/fastapi/__init__.py
-> ✅ 原始碼下載成功。
-> 🧪 [深度融合] 正在將全球開源碼熔鑄至本地模組: FastAPIAuto
-> 💾 寫入硬碟成功: manufacturing_hub/fastapiauto_auto_fused.py
-> 🔍 [品質檢驗] 檢查模組語法: manufacturing_hub/fastapiauto_auto_fused.py
-> 🎉 語法檢驗完美通過！
========================================
-> 🌍 [自動守護採購] 正在下載原始碼: https://raw.githubusercontent.com/pallets/flask/refs/heads/main/src/flask/__init__.py
-> ✅ 原始碼下載成功。
-> 🧪 [深度融合] 正在將全球開源碼熔鑄至本地模組: FlaskAuto
-> 💾 寫入硬碟成功: manufacturing_hub/flaskauto_auto_fused.py
-> 🔍 [品質檢驗] 檢查模組語法: manufacturing_hub/flaskauto_auto_fused.py
-> 🎉 語法檢驗完美通過！
========================================
-> 🌍 [自動守護採購] 正在下載原始碼: https://raw.githubusercontent.com/pallets/click/refs/heads/main/src/click/__init__.py
-> ✅ 原始碼下載成功。
-> 🧪 [深度融合] 正在將全球開源碼熔鑄至本地模組: ClickAuto
-> 💾 寫入硬碟成功: manufacturing_hub/clickauto_auto_fused.py
-> 🔍 [品質檢驗] 檢查模組語法: manufacturing_hub/clickauto_auto_fused.py
-> 🎉 語法檢驗完美通過！
========================================
-> 🌍 [自動守護採購] 正在下載原始碼: https://raw.githubusercontent.com/Textualize/rich/refs/heads/main/rich/__init__.py
-> ✅ 原始碼下載成功。
-> 🧪 [深度融合] 正在將全球開源碼熔鑄至本地模組: RichAuto
-> 💾 寫入硬碟成功: manufacturing_hub/richauto_auto_fused.py
-> 🔍 [品質檢驗] 檢查模組語法: manufacturing_hub/richauto_auto_fused.py
-> 🎉 語法檢驗完美通過！
========================================
-> 🌍 [自動守護採購] 正在下載原始碼: https://raw.githubusercontent.com/pydantic/pydantic/refs/heads/main/pydantic/__init__.py
-> ✅ 原始碼下載成功。
-> 🧪 [深度融合] 正在將全球開源碼熔鑄至本地模組: PydanticAuto
-> 💾 寫入硬碟成功: manufacturing_hub/pydanticauto_auto_fused.py
-> 🔍 [品質檢驗] 檢查模組語法: manufacturing_hub/pydanticauto_auto_fused.py
-> 🎉 語法檢驗完美通過！

-> 💤 本輪巡航完畢。進入自動休眠，等待 30 秒後進行下一輪...

[2026-08-25 19:20:54] -> 🔄 開始新一輪全球開源專案自動巡航...
========================================
-> 🌍 [自動守護採購] 正在下載原始碼: https://raw.githubusercontent.com/psf/requests/refs/heads/main/src/requests/__init__.py
-> ✅ 原始碼下載成功。
-> 🧪 [深度融合] 正在將全球開源碼熔鑄至本地模組: RequestsAuto
-> 💾 寫入硬碟成功: manufacturing_hub/requestsauto_auto_fused.py
-> 🔍 [品質檢驗] 檢查模組語法: manufacturing_hub/requestsauto_auto_fused.py
-> 🎉 語法檢驗完美通過！
========================================
-> 🌍 [自動守護採購] 正在下載原始碼: https://raw.githubusercontent.com/fastapi/fastapi/refs/heads/master/fastapi/__init__.py
-> ✅ 原始碼下載成功。
-> 🧪 [深度融合] 正在將全球開源碼熔鑄至本地模組: FastAPIAuto
-> 💾 寫入硬碟成功: manufacturing_hub/fastapiauto_auto_fused.py
-> 🔍 [品質檢驗] 檢查模組語法: manufacturing_hub/fastapiauto_auto_fused.py
-> 🎉 語法檢驗完美通過！
========================================
-> 🌍 [自動守護採購] 正在下載原始碼: https://raw.githubusercontent.com/pallets/flask/refs/heads/main/src/flask/__init__.py
-> ✅ 原始碼下載成功。
-> 🧪 [深度融合] 正在將全球開源碼熔鑄至本地模組: FlaskAuto
-> 💾 寫入硬碟成功: manufacturing_hub/flaskauto_auto_fused.py
-> 🔍 [品質檢驗] 檢查模組語法: manufacturing_hub/flaskauto_auto_fused.py
-> 🎉 語法檢驗完美通過！
========================================
-> 🌍 [自動守護採購] 正在下載原始碼: https://raw.githubusercontent.com/pallets/click/refs/heads/main/src/click/__init__.py
-> ✅ 原始碼下載成功。
-> 🧪 [深度融合] 正在將全球開源碼熔鑄至本地模組: ClickAuto
-> 💾 寫入硬碟成功: manufacturing_hub/clickauto_auto_fused.py
-> 🔍 [品質檢驗] 檢查模組語法: manufacturing_hub/clickauto_auto_fused.py
-> 🎉 語法檢驗完美通過！
========================================
-> 🌍 [自動守護採購] 正在下載原始碼: https://raw.githubusercontent.com/Textualize/rich/refs/heads/main/rich/__init__.py
-> ✅ 原始碼下載成功。
-> 🧪 [深度融合] 正在將全球開源碼熔鑄至本地模組: RichAuto
-> 💾 寫入硬碟成功: manufacturing_hub/richauto_auto_fused.py
-> 🔍 [品質檢驗] 檢查模組語法: manufacturing_hub/richauto_auto_fused.py
-> 🎉 語法檢驗完美通過！
========================================
-> 🌍 [自動守護採購] 正在下載原始碼: https://raw.githubusercontent.com/pydantic/pydantic/refs/heads/main/pydantic/__init__.py
-> ✅ 原始碼下載成功。
-> 🧪 [深度融合] 正在將全球開源碼熔鑄至本地模組: PydanticAuto
-> 💾 寫入硬碟成功: manufacturing_hub/pydanticauto_auto_fused.py
-> 🔍 [品質檢驗] 檢查模組語法: manufacturing_hub/pydanticauto_auto_fused.py
-> 🎉 語法檢驗完美通過！

-> 💤 本輪巡航完畢。進入自動休眠，等待 30 秒後進行下一輪...

[2026-08-25 19:21:28] -> 🔄 開始新一輪全球開源專案自動巡航...
========================================
-> 🌍 [自動守護採購] 正在下載原始碼: https://raw.githubusercontent.com/psf/requests/refs/heads/main/src/requests/__init__.py
-> ✅ 原始碼下載成功。
-> 🧪 [深度融合] 正在將全球開源碼熔鑄至本地模組: RequestsAuto
-> 💾 寫入硬碟成功: manufacturing_hub/requestsauto_auto_fused.py
-> 🔍 [品質檢驗] 檢查模組語法: manufacturing_hub/requestsauto_auto_fused.py
-> 🎉 語法檢驗完美通過！
========================================
-> 🌍 [自動守護採購] 正在下載原始碼: https://raw.githubusercontent.com/fastapi/fastapi/refs/heads/master/fastapi/__init__.py
-> ⚠️ 下載失敗 (嘗試 1/3): <urlopen error [Errno 104] Connection reset by peer>
-> ✅ 原始碼下載成功。
-> 🧪 [深度融合] 正在將全球開源碼熔鑄至本地模組: FastAPIAuto
-> 💾 寫入硬碟成功: manufacturing_hub/fastapiauto_auto_fused.py
-> 🔍 [品質檢驗] 檢查模組語法: manufacturing_hub/fastapiauto_auto_fused.py
-> 🎉 語法檢驗完美通過！
========================================
-> 🌍 [自動守護採購] 正在下載原始碼: https://raw.githubusercontent.com/pallets/flask/refs/heads/main/src/flask/__init__.py
-> ✅ 原始碼下載成功。
-> 🧪 [深度融合] 正在將全球開源碼熔鑄至本地模組: FlaskAuto
-> 💾 寫入硬碟成功: manufacturing_hub/flaskauto_auto_fused.py
-> 🔍 [品質檢驗] 檢查模組語法: manufacturing_hub/flaskauto_auto_fused.py
-> 🎉 語法檢驗完美通過！
========================================
-> 🌍 [自動守護採購] 正在下載原始碼: https://raw.githubusercontent.com/pallets/click/refs/heads/main/src/click/__init__.py
-> ✅ 原始碼下載成功。
-> 🧪 [深度融合] 正在將全球開源碼熔鑄至本地模組: ClickAuto
-> 💾 寫入硬碟成功: manufacturing_hub/clickauto_auto_fused.py
-> 🔍 [品質檢驗] 檢查模組語法: manufacturing_hub/clickauto_auto_fused.py
-> 🎉 語法檢驗完美通過！
========================================
-> 🌍 [自動守護採購] 正在下載原始碼: https://raw.githubusercontent.com/Textualize/rich/refs/heads/main/rich/__init__.py
-> ✅ 原始碼下載成功。
-> 🧪 [深度融合] 正在將全球開源碼熔鑄至本地模組: RichAuto
-> 💾 寫入硬碟成功: manufacturing_hub/richauto_auto_fused.py
-> 🔍 [品質檢驗] 檢查模組語法: manufacturing_hub/richauto_auto_fused.py
-> 🎉 語法檢驗完美通過！
========================================
-> 🌍 [自動守護採購] 正在下載原始碼: https://raw.githubusercontent.com/pydantic/pydantic/refs/heads/main/pydantic/__init__.py
-> ✅ 原始碼下載成功。
-> 🧪 [深度融合] 正在將全球開源碼熔鑄至本地模組: PydanticAuto
-> 💾 寫入硬碟成功: manufacturing_hub/pydanticauto_auto_fused.py
-> 🔍 [品質檢驗] 檢查模組語法: manufacturing_hub/pydanticauto_auto_fused.py
-> 🎉 語法檢驗完美通過！

-> 💤 本輪巡航完畢。進入自動休眠，等待 30 秒後進行下一輪...

[2026-08-25 19:22:05] -> 🔄 開始新一輪全球開源專案自動巡航...
========================================
-> 🌍 [自動守護採購] 正在下載原始碼: https://raw.githubusercontent.com/psf/requests/refs/heads/main/src/requests/__init__.py
-> ✅ 原始碼下載成功。
-> 🧪 [深度融合] 正在將全球開源碼熔鑄至本地模組: RequestsAuto
-> 💾 寫入硬碟成功: manufacturing_hub/requestsauto_auto_fused.py
-> 🔍 [品質檢驗] 檢查模組語法: manufacturing_hub/requestsauto_auto_fused.py
-> 🎉 語法檢驗完美通過！
========================================
-> 🌍 [自動守護採購] 正在下載原始碼: https://raw.githubusercontent.com/fastapi/fastapi/refs/heads/master/fastapi/__init__.py
-> ✅ 原始碼下載成功。
-> 🧪 [深度融合] 正在將全球開源碼熔鑄至本地模組: FastAPIAuto
-> 💾 寫入硬碟成功: manufacturing_hub/fastapiauto_auto_fused.py
-> 🔍 [品質檢驗] 檢查模組語法: manufacturing_hub/fastapiauto_auto_fused.py
-> 🎉 語法檢驗完美通過！
========================================
-> 🌍 [自動守護採購] 正在下載原始碼: https://raw.githubusercontent.com/pallets/flask/refs/heads/main/src/flask/__init__.py
-> ✅ 原始碼下載成功。
-> 🧪 [深度融合] 正在將全球開源碼熔鑄至本地模組: FlaskAuto
-> 💾 寫入硬碟成功: manufacturing_hub/flaskauto_auto_fused.py
-> 🔍 [品質檢驗] 檢查模組語法: manufacturing_hub/flaskauto_auto_fused.py
-> 🎉 語法檢驗完美通過！
========================================
-> 🌍 [自動守護採購] 正在下載原始碼: https://raw.githubusercontent.com/pallets/click/refs/heads/main/src/click/__init__.py
-> ✅ 原始碼下載成功。
-> 🧪 [深度融合] 正在將全球開源碼熔鑄至本地模組: ClickAuto
-> 💾 寫入硬碟成功: manufacturing_hub/clickauto_auto_fused.py
-> 🔍 [品質檢驗] 檢查模組語法: manufacturing_hub/clickauto_auto_fused.py
-> 🎉 語法檢驗完美通過！
========================================
-> 🌍 [自動守護採購] 正在下載原始碼: https://raw.githubusercontent.com/Textualize/rich/refs/heads/main/rich/__init__.py
-> ✅ 原始碼下載成功。
-> 🧪 [深度融合] 正在將全球開源碼熔鑄至本地模組: RichAuto
-> 💾 寫入硬碟成功: manufacturing_hub/richauto_auto_fused.py
-> 🔍 [品質檢驗] 檢查模組語法: manufacturing_hub/richauto_auto_fused.py
-> 🎉 語法檢驗完美通過！
========================================
-> 🌍 [自動守護採購] 正在下載原始碼: https://raw.githubusercontent.com/pydantic/pydantic/refs/heads/main/pydantic/__init__.py
-> ✅ 原始碼下載成功。
-> 🧪 [深度融合] 正在將全球開源碼熔鑄至本地模組: PydanticAuto
-> 💾 寫入硬碟成功: manufacturing_hub/pydanticauto_auto_fused.py
-> 🔍 [品質檢驗] 檢查模組語法: manufacturing_hub/pydanticauto_auto_fused.py
-> 🎉 語法檢驗完美通過！

-> 💤 本輪巡航完畢。進入自動休眠，等待 30 秒後進行下一輪...

[2026-08-25 19:22:39] -> 🔄 開始新一輪全球開源專案自動巡航...
========================================
-> 🌍 [自動守護採購] 正在下載原始碼: https://raw.githubusercontent.com/psf/requests/refs/heads/main/src/requests/__init__.py
-> ✅ 原始碼下載成功。
-> 🧪 [深度融合] 正在將全球開源碼熔鑄至本地模組: RequestsAuto
-> 💾 寫入硬碟成功: manufacturing_hub/requestsauto_auto_fused.py
-> 🔍 [品質檢驗] 檢查模組語法: manufacturing_hub/requestsauto_auto_fused.py
-> 🎉 語法檢驗完美通過！
========================================
-> 🌍 [自動守護採購] 正在下載原始碼: https://raw.githubusercontent.com/fastapi/fastapi/refs/heads/master/fastapi/__init__.py
-> ✅ 原始碼下載成功。
-> 🧪 [深度融合] 正在將全球開源碼熔鑄至本地模組: FastAPIAuto
-> 💾 寫入硬碟成功: manufacturing_hub/fastapiauto_auto_fused.py
-> 🔍 [品質檢驗] 檢查模組語法: manufacturing_hub/fastapiauto_auto_fused.py
-> 🎉 語法檢驗完美通過！
========================================
-> 🌍 [自動守護採購] 正在下載原始碼: https://raw.githubusercontent.com/pallets/flask/refs/heads/main/src/flask/__init__.py
-> ✅ 原始碼下載成功。
-> 🧪 [深度融合] 正在將全球開源碼熔鑄至本地模組: FlaskAuto
-> 💾 寫入硬碟成功: manufacturing_hub/flaskauto_auto_fused.py
-> 🔍 [品質檢驗] 檢查模組語法: manufacturing_hub/flaskauto_auto_fused.py
-> 🎉 語法檢驗完美通過！
========================================
-> 🌍 [自動守護採購] 正在下載原始碼: https://raw.githubusercontent.com/pallets/click/refs/heads/main/src/click/__init__.py
-> ✅ 原始碼下載成功。
-> 🧪 [深度融合] 正在將全球開源碼熔鑄至本地模組: ClickAuto
-> 💾 寫入硬碟成功: manufacturing_hub/clickauto_auto_fused.py
-> 🔍 [品質檢驗] 檢查模組語法: manufacturing_hub/clickauto_auto_fused.py
-> 🎉 語法檢驗完美通過！
========================================
-> 🌍 [自動守護採購] 正在下載原始碼: https://raw.githubusercontent.com/Textualize/rich/refs/heads/main/rich/__init__.py
-> ✅ 原始碼下載成功。
-> 🧪 [深度融合] 正在將全球開源碼熔鑄至本地模組: RichAuto
-> 💾 寫入硬碟成功: manufacturing_hub/richauto_auto_fused.py
-> 🔍 [品質檢驗] 檢查模組語法: manufacturing_hub/richauto_auto_fused.py
-> 🎉 語法檢驗完美通過！
========================================
-> 🌍 [自動守護採購] 正在下載原始碼: https://raw.githubusercontent.com/pydantic/pydantic/refs/heads/main/pydantic/__init__.py
-> ✅ 原始碼下載成功。
-> 🧪 [深度融合] 正在將全球開源碼熔鑄至本地模組: PydanticAuto
-> 💾 寫入硬碟成功: manufacturing_hub/pydanticauto_auto_fused.py
-> 🔍 [品質檢驗] 檢查模組語法: manufacturing_hub/pydanticauto_auto_fused.py
-> 🎉 語法檢驗完美通過！

-> 💤 本輪巡航完畢。進入自動休眠，等待 30 秒後進行下一輪...

[2026-08-25 19:23:14] -> 🔄 開始新一輪全球開源專案自動巡航...
========================================
-> 🌍 [自動守護採購] 正在下載原始碼: https://raw.githubusercontent.com/psf/requests/refs/heads/main/src/requests/__init__.py
-> ✅ 原始碼下載成功。
-> 🧪 [深度融合] 正在將全球開源碼熔鑄至本地模組: RequestsAuto
-> 💾 寫入硬碟成功: manufacturing_hub/requestsauto_auto_fused.py
-> 🔍 [品質檢驗] 檢查模組語法: manufacturing_hub/requestsauto_auto_fused.py
-> 🎉 語法檢驗完美通過！
========================================
-> 🌍 [自動守護採購] 正在下載原始碼: https://raw.githubusercontent.com/fastapi/fastapi/refs/heads/master/fastapi/__init__.py
-> ✅ 原始碼下載成功。
-> 🧪 [深度融合] 正在將全球開源碼熔鑄至本地模組: FastAPIAuto
-> 💾 寫入硬碟成功: manufacturing_hub/fastapiauto_auto_fused.py
-> 🔍 [品質檢驗] 檢查模組語法: manufacturing_hub/fastapiauto_auto_fused.py
-> 🎉 語法檢驗完美通過！
========================================
-> 🌍 [自動守護採購] 正在下載原始碼: https://raw.githubusercontent.com/pallets/flask/refs/heads/main/src/flask/__init__.py
-> ✅ 原始碼下載成功。
-> 🧪 [深度融合] 正在將全球開源碼熔鑄至本地模組: FlaskAuto
-> 💾 寫入硬碟成功: manufacturing_hub/flaskauto_auto_fused.py
-> 🔍 [品質檢驗] 檢查模組語法: manufacturing_hub/flaskauto_auto_fused.py
-> 🎉 語法檢驗完美通過！
========================================
-> 🌍 [自動守護採購] 正在下載原始碼: https://raw.githubusercontent.com/pallets/click/refs/heads/main/src/click/__init__.py
-> ✅ 原始碼下載成功。
-> 🧪 [深度融合] 正在將全球開源碼熔鑄至本地模組: ClickAuto
-> 💾 寫入硬碟成功: manufacturing_hub/clickauto_auto_fused.py
-> 🔍 [品質檢驗] 檢查模組語法: manufacturing_hub/clickauto_auto_fused.py
-> 🎉 語法檢驗完美通過！
========================================
-> 🌍 [自動守護採購] 正在下載原始碼: https://raw.githubusercontent.com/Textualize/rich/refs/heads/main/rich/__init__.py
-> ✅ 原始碼下載成功。
-> 🧪 [深度融合] 正在將全球開源碼熔鑄至本地模組: RichAuto
-> 💾 寫入硬碟成功: manufacturing_hub/richauto_auto_fused.py
-> 🔍 [品質檢驗] 檢查模組語法: manufacturing_hub/richauto_auto_fused.py
-> 🎉 語法檢驗完美通過！
========================================
-> 🌍 [自動守護採購] 正在下載原始碼: https://raw.githubusercontent.com/pydantic/pydantic/refs/heads/main/pydantic/__init__.py
-> ✅ 原始碼下載成功。
-> 🧪 [深度融合] 正在將全球開源碼熔鑄至本地模組: PydanticAuto
-> 💾 寫入硬碟成功: manufacturing_hub/pydanticauto_auto_fused.py
-> 🔍 [品質檢驗] 檢查模組語法: manufacturing_hub/pydanticauto_auto_fused.py
-> 🎉 語法檢驗完美通過！

-> 💤 本輪巡航完畢。進入自動休眠，等待 30 秒後進行下一輪...

[2026-08-25 19:23:49] -> 🔄 開始新一輪全球開源專案自動巡航...
========================================
-> 🌍 [自動守護採購] 正在下載原始碼: https://raw.githubusercontent.com/psf/requests/refs/heads/main/src/requests/__init__.py
-> ✅ 原始碼下載成功。
-> 🧪 [深度融合] 正在將全球開源碼熔鑄至本地模組: RequestsAuto
-> 💾 寫入硬碟成功: manufacturing_hub/requestsauto_auto_fused.py
-> 🔍 [品質檢驗] 檢查模組語法: manufacturing_hub/requestsauto_auto_fused.py
-> 🎉 語法檢驗完美通過！
========================================
-> 🌍 [自動守護採購] 正在下載原始碼: https://raw.githubusercontent.com/fastapi/fastapi/refs/heads/master/fastapi/__init__.py
-> ✅ 原始碼下載成功。
-> 🧪 [深度融合] 正在將全球開源碼熔鑄至本地模組: FastAPIAuto
-> 💾 寫入硬碟成功: manufacturing_hub/fastapiauto_auto_fused.py
-> 🔍 [品質檢驗] 檢查模組語法: manufacturing_hub/fastapiauto_auto_fused.py
-> 🎉 語法檢驗完美通過！
========================================
-> 🌍 [自動守護採購] 正在下載原始碼: https://raw.githubusercontent.com/pallets/flask/refs/heads/main/src/flask/__init__.py
-> ✅ 原始碼下載成功。
-> 🧪 [深度融合] 正在將全球開源碼熔鑄至本地模組: FlaskAuto
-> 💾 寫入硬碟成功: manufacturing_hub/flaskauto_auto_fused.py
-> 🔍 [品質檢驗] 檢查模組語法: manufacturing_hub/flaskauto_auto_fused.py
-> 🎉 語法檢驗完美通過！
========================================
-> 🌍 [自動守護採購] 正在下載原始碼: https://raw.githubusercontent.com/pallets/click/refs/heads/main/src/click/__init__.py
-> ✅ 原始碼下載成功。
-> 🧪 [深度融合] 正在將全球開源碼熔鑄至本地模組: ClickAuto
-> 💾 寫入硬碟成功: manufacturing_hub/clickauto_auto_fused.py
-> 🔍 [品質檢驗] 檢查模組語法: manufacturing_hub/clickauto_auto_fused.py
-> 🎉 語法檢驗完美通過！
========================================
-> 🌍 [自動守護採購] 正在下載原始碼: https://raw.githubusercontent.com/Textualize/rich/refs/heads/main/rich/__init__.py
-> ✅ 原始碼下載成功。
-> 🧪 [深度融合] 正在將全球開源碼熔鑄至本地模組: RichAuto
-> 💾 寫入硬碟成功: manufacturing_hub/richauto_auto_fused.py
-> 🔍 [品質檢驗] 檢查模組語法: manufacturing_hub/richauto_auto_fused.py
-> 🎉 語法檢驗完美通過！
========================================
-> 🌍 [自動守護採購] 正在下載原始碼: https://raw.githubusercontent.com/pydantic/pydantic/refs/heads/main/pydantic/__init__.py
-> ✅ 原始碼下載成功。
-> 🧪 [深度融合] 正在將全球開源碼熔鑄至本地模組: PydanticAuto
-> 💾 寫入硬碟成功: manufacturing_hub/pydanticauto_auto_fused.py
-> 🔍 [品質檢驗] 檢查模組語法: manufacturing_hub/pydanticauto_auto_fused.py
-> 🎉 語法檢驗完美通過！

-> 💤 本輪巡航完畢。進入自動休眠，等待 30 秒後進行下一輪...

[2026-08-25 19:24:23] -> 🔄 開始新一輪全球開源專案自動巡航...
========================================
-> 🌍 [自動守護採購] 正在下載原始碼: https://raw.githubusercontent.com/psf/requests/refs/heads/main/src/requests/__init__.py
-> ✅ 原始碼下載成功。
-> 🧪 [深度融合] 正在將全球開源碼熔鑄至本地模組: RequestsAuto
-> 💾 寫入硬碟成功: manufacturing_hub/requestsauto_auto_fused.py
-> 🔍 [品質檢驗] 檢查模組語法: manufacturing_hub/requestsauto_auto_fused.py
-> 🎉 語法檢驗完美通過！
========================================
-> 🌍 [自動守護採購] 正在下載原始碼: https://raw.githubusercontent.com/fastapi/fastapi/refs/heads/master/fastapi/__init__.py
-> ✅ 原始碼下載成功。
-> 🧪 [深度融合] 正在將全球開源碼熔鑄至本地模組: FastAPIAuto
-> 💾 寫入硬碟成功: manufacturing_hub/fastapiauto_auto_fused.py
-> 🔍 [品質檢驗] 檢查模組語法: manufacturing_hub/fastapiauto_auto_fused.py
-> 🎉 語法檢驗完美通過！
========================================
-> 🌍 [自動守護採購] 正在下載原始碼: https://raw.githubusercontent.com/pallets/flask/refs/heads/main/src/flask/__init__.py
-> ✅ 原始碼下載成功。
-> 🧪 [深度融合] 正在將全球開源碼熔鑄至本地模組: FlaskAuto
-> 💾 寫入硬碟成功: manufacturing_hub/flaskauto_auto_fused.py
-> 🔍 [品質檢驗] 檢查模組語法: manufacturing_hub/flaskauto_auto_fused.py
-> 🎉 語法檢驗完美通過！
========================================
-> 🌍 [自動守護採購] 正在下載原始碼: https://raw.githubusercontent.com/pallets/click/refs/heads/main/src/click/__init__.py
-> ✅ 原始碼下載成功。
-> 🧪 [深度融合] 正在將全球開源碼熔鑄至本地模組: ClickAuto
-> 💾 寫入硬碟成功: manufacturing_hub/clickauto_auto_fused.py
-> 🔍 [品質檢驗] 檢查模組語法: manufacturing_hub/clickauto_auto_fused.py
-> 🎉 語法檢驗完美通過！
========================================
-> 🌍 [自動守護採購] 正在下載原始碼: https://raw.githubusercontent.com/Textualize/rich/refs/heads/main/rich/__init__.py
-> ✅ 原始碼下載成功。
-> 🧪 [深度融合] 正在將全球開源碼熔鑄至本地模組: RichAuto
-> 💾 寫入硬碟成功: manufacturing_hub/richauto_auto_fused.py
-> 🔍 [品質檢驗] 檢查模組語法: manufacturing_hub/richauto_auto_fused.py
-> 🎉 語法檢驗完美通過！
========================================
-> 🌍 [自動守護採購] 正在下載原始碼: https://raw.githubusercontent.com/pydantic/pydantic/refs/heads/main/pydantic/__init__.py
-> ✅ 原始碼下載成功。
-> 🧪 [深度融合] 正在將全球開源碼熔鑄至本地模組: PydanticAuto
-> 💾 寫入硬碟成功: manufacturing_hub/pydanticauto_auto_fused.py
-> 🔍 [品質檢驗] 檢查模組語法: manufacturing_hub/pydanticauto_auto_fused.py
-> 🎉 語法檢驗完美通過！

-> 💤 本輪巡航完畢。進入自動休眠，等待 30 秒後進行下一輪...

[2026-08-25 19:24:56] -> 🔄 開始新一輪全球開源專案自動巡航...
========================================
-> 🌍 [自動守護採購] 正在下載原始碼: https://raw.githubusercontent.com/psf/requests/refs/heads/main/src/requests/__init__.py
-> ✅ 原始碼下載成功。
-> 🧪 [深度融合] 正在將全球開源碼熔鑄至本地模組: RequestsAuto
-> 💾 寫入硬碟成功: manufacturing_hub/requestsauto_auto_fused.py
-> 🔍 [品質檢驗] 檢查模組語法: manufacturing_hub/requestsauto_auto_fused.py
-> 🎉 語法檢驗完美通過！
========================================
-> 🌍 [自動守護採購] 正在下載原始碼: https://raw.githubusercontent.com/fastapi/fastapi/refs/heads/master/fastapi/__init__.py
-> ✅ 原始碼下載成功。
-> 🧪 [深度融合] 正在將全球開源碼熔鑄至本地模組: FastAPIAuto
-> 💾 寫入硬碟成功: manufacturing_hub/fastapiauto_auto_fused.py
-> 🔍 [品質檢驗] 檢查模組語法: manufacturing_hub/fastapiauto_auto_fused.py
-> 🎉 語法檢驗完美通過！
========================================
-> 🌍 [自動守護採購] 正在下載原始碼: https://raw.githubusercontent.com/pallets/flask/refs/heads/main/src/flask/__init__.py
-> ✅ 原始碼下載成功。
-> 🧪 [深度融合] 正在將全球開源碼熔鑄至本地模組: FlaskAuto
-> 💾 寫入硬碟成功: manufacturing_hub/flaskauto_auto_fused.py
-> 🔍 [品質檢驗] 檢查模組語法: manufacturing_hub/flaskauto_auto_fused.py
-> 🎉 語法檢驗完美通過！
========================================
-> 🌍 [自動守護採購] 正在下載原始碼: https://raw.githubusercontent.com/pallets/click/refs/heads/main/src/click/__init__.py
-> ✅ 原始碼下載成功。
-> 🧪 [深度融合] 正在將全球開源碼熔鑄至本地模組: ClickAuto
-> 💾 寫入硬碟成功: manufacturing_hub/clickauto_auto_fused.py
-> 🔍 [品質檢驗] 檢查模組語法: manufacturing_hub/clickauto_auto_fused.py
-> 🎉 語法檢驗完美通過！
========================================
-> 🌍 [自動守護採購] 正在下載原始碼: https://raw.githubusercontent.com/Textualize/rich/refs/heads/main/rich/__init__.py
-> ✅ 原始碼下載成功。
-> 🧪 [深度融合] 正在將全球開源碼熔鑄至本地模組: RichAuto
-> 💾 寫入硬碟成功: manufacturing_hub/richauto_auto_fused.py
-> 🔍 [品質檢驗] 檢查模組語法: manufacturing_hub/richauto_auto_fused.py
-> 🎉 語法檢驗完美通過！
========================================
-> 🌍 [自動守護採購] 正在下載原始碼: https://raw.githubusercontent.com/pydantic/pydantic/refs/heads/main/pydantic/__init__.py
-> ✅ 原始碼下載成功。
-> 🧪 [深度融合] 正在將全球開源碼熔鑄至本地模組: PydanticAuto
-> 💾 寫入硬碟成功: manufacturing_hub/pydanticauto_auto_fused.py
-> 🔍 [品質檢驗] 檢查模組語法: manufacturing_hub/pydanticauto_auto_fused.py
-> 🎉 語法檢驗完美通過！

-> 💤 本輪巡航完畢。進入自動休眠，等待 30 秒後進行下一輪...

[2026-08-25 19:25:30] -> 🔄 開始新一輪全球開源專案自動巡航...
========================================
-> 🌍 [自動守護採購] 正在下載原始碼: https://raw.githubusercontent.com/psf/requests/refs/heads/main/src/requests/__init__.py
-> ✅ 原始碼下載成功。
-> 🧪 [深度融合] 正在將全球開源碼熔鑄至本地模組: RequestsAuto
-> 💾 寫入硬碟成功: manufacturing_hub/requestsauto_auto_fused.py
-> 🔍 [品質檢驗] 檢查模組語法: manufacturing_hub/requestsauto_auto_fused.py
-> 🎉 語法檢驗完美通過！
========================================
-> 🌍 [自動守護採購] 正在下載原始碼: https://raw.githubusercontent.com/fastapi/fastapi/refs/heads/master/fastapi/__init__.py
-> ✅ 原始碼下載成功。
-> 🧪 [深度融合] 正在將全球開源碼熔鑄至本地模組: FastAPIAuto
-> 💾 寫入硬碟成功: manufacturing_hub/fastapiauto_auto_fused.py
-> 🔍 [品質檢驗] 檢查模組語法: manufacturing_hub/fastapiauto_auto_fused.py
-> 🎉 語法檢驗完美通過！
========================================
-> 🌍 [自動守護採購] 正在下載原始碼: https://raw.githubusercontent.com/pallets/flask/refs/heads/main/src/flask/__init__.py
-> ✅ 原始碼下載成功。
-> 🧪 [深度融合] 正在將全球開源碼熔鑄至本地模組: FlaskAuto
-> 💾 寫入硬碟成功: manufacturing_hub/flaskauto_auto_fused.py
-> 🔍 [品質檢驗] 檢查模組語法: manufacturing_hub/flaskauto_auto_fused.py
-> 🎉 語法檢驗完美通過！
========================================
-> 🌍 [自動守護採購] 正在下載原始碼: https://raw.githubusercontent.com/pallets/click/refs/heads/main/src/click/__init__.py
-> ✅ 原始碼下載成功。
-> 🧪 [深度融合] 正在將全球開源碼熔鑄至本地模組: ClickAuto
-> 💾 寫入硬碟成功: manufacturing_hub/clickauto_auto_fused.py
-> 🔍 [品質檢驗] 檢查模組語法: manufacturing_hub/clickauto_auto_fused.py
-> 🎉 語法檢驗完美通過！
========================================
-> 🌍 [自動守護採購] 正在下載原始碼: https://raw.githubusercontent.com/Textualize/rich/refs/heads/main/rich/__init__.py
-> ✅ 原始碼下載成功。
-> 🧪 [深度融合] 正在將全球開源碼熔鑄至本地模組: RichAuto
-> 💾 寫入硬碟成功: manufacturing_hub/richauto_auto_fused.py
-> 🔍 [品質檢驗] 檢查模組語法: manufacturing_hub/richauto_auto_fused.py
-> 🎉 語法檢驗完美通過！
========================================
-> 🌍 [自動守護採購] 正在下載原始碼: https://raw.githubusercontent.com/pydantic/pydantic/refs/heads/main/pydantic/__init__.py
-> ✅ 原始碼下載成功。
-> 🧪 [深度融合] 正在將全球開源碼熔鑄至本地模組: PydanticAuto
-> 💾 寫入硬碟成功: manufacturing_hub/pydanticauto_auto_fused.py
-> 🔍 [品質檢驗] 檢查模組語法: manufacturing_hub/pydanticauto_auto_fused.py
-> 🎉 語法檢驗完美通過！

-> 💤 本輪巡航完畢。進入自動休眠，等待 30 秒後進行下一輪...

[2026-08-25 19:26:04] -> 🔄 開始新一輪全球開源專案自動巡航...
========================================
-> 🌍 [自動守護採購] 正在下載原始碼: https://raw.githubusercontent.com/psf/requests/refs/heads/main/src/requests/__init__.py
-> ✅ 原始碼下載成功。
-> 🧪 [深度融合] 正在將全球開源碼熔鑄至本地模組: RequestsAuto
-> 💾 寫入硬碟成功: manufacturing_hub/requestsauto_auto_fused.py
-> 🔍 [品質檢驗] 檢查模組語法: manufacturing_hub/requestsauto_auto_fused.py
-> 🎉 語法檢驗完美通過！
========================================
-> 🌍 [自動守護採購] 正在下載原始碼: https://raw.githubusercontent.com/fastapi/fastapi/refs/heads/master/fastapi/__init__.py
-> ✅ 原始碼下載成功。
-> 🧪 [深度融合] 正在將全球開源碼熔鑄至本地模組: FastAPIAuto
-> 💾 寫入硬碟成功: manufacturing_hub/fastapiauto_auto_fused.py
-> 🔍 [品質檢驗] 檢查模組語法: manufacturing_hub/fastapiauto_auto_fused.py
-> 🎉 語法檢驗完美通過！
========================================
-> 🌍 [自動守護採購] 正在下載原始碼: https://raw.githubusercontent.com/pallets/flask/refs/heads/main/src/flask/__init__.py
-> ✅ 原始碼下載成功。
-> 🧪 [深度融合] 正在將全球開源碼熔鑄至本地模組: FlaskAuto
-> 💾 寫入硬碟成功: manufacturing_hub/flaskauto_auto_fused.py
-> 🔍 [品質檢驗] 檢查模組語法: manufacturing_hub/flaskauto_auto_fused.py
-> 🎉 語法檢驗完美通過！
========================================
-> 🌍 [自動守護採購] 正在下載原始碼: https://raw.githubusercontent.com/pallets/click/refs/heads/main/src/click/__init__.py
-> ✅ 原始碼下載成功。
-> 🧪 [深度融合] 正在將全球開源碼熔鑄至本地模組: ClickAuto
-> 💾 寫入硬碟成功: manufacturing_hub/clickauto_auto_fused.py
-> 🔍 [品質檢驗] 檢查模組語法: manufacturing_hub/clickauto_auto_fused.py
-> 🎉 語法檢驗完美通過！
========================================
-> 🌍 [自動守護採購] 正在下載原始碼: https://raw.githubusercontent.com/Textualize/rich/refs/heads/main/rich/__init__.py
-> ✅ 原始碼下載成功。
-> 🧪 [深度融合] 正在將全球開源碼熔鑄至本地模組: RichAuto
-> 💾 寫入硬碟成功: manufacturing_hub/richauto_auto_fused.py
-> 🔍 [品質檢驗] 檢查模組語法: manufacturing_hub/richauto_auto_fused.py
-> 🎉 語法檢驗完美通過！
========================================
-> 🌍 [自動守護採購] 正在下載原始碼: https://raw.githubusercontent.com/pydantic/pydantic/refs/heads/main/pydantic/__init__.py
-> ✅ 原始碼下載成功。
-> 🧪 [深度融合] 正在將全球開源碼熔鑄至本地模組: PydanticAuto
-> 💾 寫入硬碟成功: manufacturing_hub/pydanticauto_auto_fused.py
-> 🔍 [品質檢驗] 檢查模組語法: manufacturing_hub/pydanticauto_auto_fused.py
-> 🎉 語法檢驗完美通過！

-> 💤 本輪巡航完畢。進入自動休眠，等待 30 秒後進行下一輪...

[2026-08-25 19:26:37] -> 🔄 開始新一輪全球開源專案自動巡航...
========================================
-> 🌍 [自動守護採購] 正在下載原始碼: https://raw.githubusercontent.com/psf/requests/refs/heads/main/src/requests/__init__.py
-> ✅ 原始碼下載成功。
-> 🧪 [深度融合] 正在將全球開源碼熔鑄至本地模組: RequestsAuto
-> 💾 寫入硬碟成功: manufacturing_hub/requestsauto_auto_fused.py
-> 🔍 [品質檢驗] 檢查模組語法: manufacturing_hub/requestsauto_auto_fused.py
-> 🎉 語法檢驗完美通過！
========================================
-> 🌍 [自動守護採購] 正在下載原始碼: https://raw.githubusercontent.com/fastapi/fastapi/refs/heads/master/fastapi/__init__.py
-> ✅ 原始碼下載成功。
-> 🧪 [深度融合] 正在將全球開源碼熔鑄至本地模組: FastAPIAuto
-> 💾 寫入硬碟成功: manufacturing_hub/fastapiauto_auto_fused.py
-> 🔍 [品質檢驗] 檢查模組語法: manufacturing_hub/fastapiauto_auto_fused.py
-> 🎉 語法檢驗完美通過！
========================================
-> 🌍 [自動守護採購] 正在下載原始碼: https://raw.githubusercontent.com/pallets/flask/refs/heads/main/src/flask/__init__.py
-> ✅ 原始碼下載成功。
-> 🧪 [深度融合] 正在將全球開源碼熔鑄至本地模組: FlaskAuto
-> 💾 寫入硬碟成功: manufacturing_hub/flaskauto_auto_fused.py
-> 🔍 [品質檢驗] 檢查模組語法: manufacturing_hub/flaskauto_auto_fused.py
-> 🎉 語法檢驗完美通過！
========================================
-> 🌍 [自動守護採購] 正在下載原始碼: https://raw.githubusercontent.com/pallets/click/refs/heads/main/src/click/__init__.py
-> ✅ 原始碼下載成功。
-> 🧪 [深度融合] 正在將全球開源碼熔鑄至本地模組: ClickAuto
-> 💾 寫入硬碟成功: manufacturing_hub/clickauto_auto_fused.py
-> 🔍 [品質檢驗] 檢查模組語法: manufacturing_hub/clickauto_auto_fused.py
-> 🎉 語法檢驗完美通過！
========================================
-> 🌍 [自動守護採購] 正在下載原始碼: https://raw.githubusercontent.com/Textualize/rich/refs/heads/main/rich/__init__.py
-> ✅ 原始碼下載成功。
-> 🧪 [深度融合] 正在將全球開源碼熔鑄至本地模組: RichAuto
-> 💾 寫入硬碟成功: manufacturing_hub/richauto_auto_fused.py
-> 🔍 [品質檢驗] 檢查模組語法: manufacturing_hub/richauto_auto_fused.py
-> 🎉 語法檢驗完美通過！
========================================
-> 🌍 [自動守護採購] 正在下載原始碼: https://raw.githubusercontent.com/pydantic/pydantic/refs/heads/main/pydantic/__init__.py
-> ✅ 原始碼下載成功。
-> 🧪 [深度融合] 正在將全球開源碼熔鑄至本地模組: PydanticAuto
-> 💾 寫入硬碟成功: manufacturing_hub/pydanticauto_auto_fused.py
-> 🔍 [品質檢驗] 檢查模組語法: manufacturing_hub/pydanticauto_auto_fused.py
-> 🎉 語法檢驗完美通過！

-> 💤 本輪巡航完畢。進入自動休眠，等待 30 秒後進行下一輪...

[2026-08-25 19:27:11] -> 🔄 開始新一輪全球開源專案自動巡航...
========================================
-> 🌍 [自動守護採購] 正在下載原始碼: https://raw.githubusercontent.com/psf/requests/refs/heads/main/src/requests/__init__.py
-> ✅ 原始碼下載成功。
-> 🧪 [深度融合] 正在將全球開源碼熔鑄至本地模組: RequestsAuto
-> 💾 寫入硬碟成功: manufacturing_hub/requestsauto_auto_fused.py
-> 🔍 [品質檢驗] 檢查模組語法: manufacturing_hub/requestsauto_auto_fused.py
-> 🎉 語法檢驗完美通過！
========================================
-> 🌍 [自動守護採購] 正在下載原始碼: https://raw.githubusercontent.com/fastapi/fastapi/refs/heads/master/fastapi/__init__.py
-> ✅ 原始碼下載成功。
-> 🧪 [深度融合] 正在將全球開源碼熔鑄至本地模組: FastAPIAuto
-> 💾 寫入硬碟成功: manufacturing_hub/fastapiauto_auto_fused.py
-> 🔍 [品質檢驗] 檢查模組語法: manufacturing_hub/fastapiauto_auto_fused.py
-> 🎉 語法檢驗完美通過！
========================================
-> 🌍 [自動守護採購] 正在下載原始碼: https://raw.githubusercontent.com/pallets/flask/refs/heads/main/src/flask/__init__.py
-> ✅ 原始碼下載成功。
-> 🧪 [深度融合] 正在將全球開源碼熔鑄至本地模組: FlaskAuto
-> 💾 寫入硬碟成功: manufacturing_hub/flaskauto_auto_fused.py
-> 🔍 [品質檢驗] 檢查模組語法: manufacturing_hub/flaskauto_auto_fused.py
-> 🎉 語法檢驗完美通過！
========================================
-> 🌍 [自動守護採購] 正在下載原始碼: https://raw.githubusercontent.com/pallets/click/refs/heads/main/src/click/__init__.py
-> ✅ 原始碼下載成功。
-> 🧪 [深度融合] 正在將全球開源碼熔鑄至本地模組: ClickAuto
-> 💾 寫入硬碟成功: manufacturing_hub/clickauto_auto_fused.py
-> 🔍 [品質檢驗] 檢查模組語法: manufacturing_hub/clickauto_auto_fused.py
-> 🎉 語法檢驗完美通過！
========================================
-> 🌍 [自動守護採購] 正在下載原始碼: https://raw.githubusercontent.com/Textualize/rich/refs/heads/main/rich/__init__.py
-> ✅ 原始碼下載成功。
-> 🧪 [深度融合] 正在將全球開源碼熔鑄至本地模組: RichAuto
-> 💾 寫入硬碟成功: manufacturing_hub/richauto_auto_fused.py
-> 🔍 [品質檢驗] 檢查模組語法: manufacturing_hub/richauto_auto_fused.py
-> 🎉 語法檢驗完美通過！
========================================
-> 🌍 [自動守護採購] 正在下載原始碼: https://raw.githubusercontent.com/pydantic/pydantic/refs/heads/main/pydantic/__init__.py
-> ✅ 原始碼下載成功。
-> 🧪 [深度融合] 正在將全球開源碼熔鑄至本地模組: PydanticAuto
-> 💾 寫入硬碟成功: manufacturing_hub/pydanticauto_auto_fused.py
-> 🔍 [品質檢驗] 檢查模組語法: manufacturing_hub/pydanticauto_auto_fused.py
-> 🎉 語法檢驗完美通過！

-> 💤 本輪巡航完畢。進入自動休眠，等待 30 秒後進行下一輪...

[2026-08-25 19:27:45] -> 🔄 開始新一輪全球開源專案自動巡航...
========================================
-> 🌍 [自動守護採購] 正在下載原始碼: https://raw.githubusercontent.com/psf/requests/refs/heads/main/src/requests/__init__.py
-> ✅ 原始碼下載成功。
-> 🧪 [深度融合] 正在將全球開源碼熔鑄至本地模組: RequestsAuto
-> 💾 寫入硬碟成功: manufacturing_hub/requestsauto_auto_fused.py
-> 🔍 [品質檢驗] 檢查模組語法: manufacturing_hub/requestsauto_auto_fused.py
-> 🎉 語法檢驗完美通過！
========================================
-> 🌍 [自動守護採購] 正在下載原始碼: https://raw.githubusercontent.com/fastapi/fastapi/refs/heads/master/fastapi/__init__.py
-> ✅ 原始碼下載成功。
-> 🧪 [深度融合] 正在將全球開源碼熔鑄至本地模組: FastAPIAuto
-> 💾 寫入硬碟成功: manufacturing_hub/fastapiauto_auto_fused.py
-> 🔍 [品質檢驗] 檢查模組語法: manufacturing_hub/fastapiauto_auto_fused.py
-> 🎉 語法檢驗完美通過！
========================================
-> 🌍 [自動守護採購] 正在下載原始碼: https://raw.githubusercontent.com/pallets/flask/refs/heads/main/src/flask/__init__.py
-> ✅ 原始碼下載成功。
-> 🧪 [深度融合] 正在將全球開源碼熔鑄至本地模組: FlaskAuto
-> 💾 寫入硬碟成功: manufacturing_hub/flaskauto_auto_fused.py
-> 🔍 [品質檢驗] 檢查模組語法: manufacturing_hub/flaskauto_auto_fused.py
-> 🎉 語法檢驗完美通過！
========================================
-> 🌍 [自動守護採購] 正在下載原始碼: https://raw.githubusercontent.com/pallets/click/refs/heads/main/src/click/__init__.py
-> ✅ 原始碼下載成功。
-> 🧪 [深度融合] 正在將全球開源碼熔鑄至本地模組: ClickAuto
-> 💾 寫入硬碟成功: manufacturing_hub/clickauto_auto_fused.py
-> 🔍 [品質檢驗] 檢查模組語法: manufacturing_hub/clickauto_auto_fused.py
-> 🎉 語法檢驗完美通過！
========================================
-> 🌍 [自動守護採購] 正在下載原始碼: https://raw.githubusercontent.com/Textualize/rich/refs/heads/main/rich/__init__.py
-> ✅ 原始碼下載成功。
-> 🧪 [深度融合] 正在將全球開源碼熔鑄至本地模組: RichAuto
-> 💾 寫入硬碟成功: manufacturing_hub/richauto_auto_fused.py
-> 🔍 [品質檢驗] 檢查模組語法: manufacturing_hub/richauto_auto_fused.py
-> 🎉 語法檢驗完美通過！
========================================
-> 🌍 [自動守護採購] 正在下載原始碼: https://raw.githubusercontent.com/pydantic/pydantic/refs/heads/main/pydantic/__init__.py
-> ✅ 原始碼下載成功。
-> 🧪 [深度融合] 正在將全球開源碼熔鑄至本地模組: PydanticAuto
-> 💾 寫入硬碟成功: manufacturing_hub/pydanticauto_auto_fused.py
-> 🔍 [品質檢驗] 檢查模組語法: manufacturing_hub/pydanticauto_auto_fused.py
-> 🎉 語法檢驗完美通過！

-> 💤 本輪巡航完畢。進入自動休眠，等待 30 秒後進行下一輪...

[2026-08-25 19:28:18] -> 🔄 開始新一輪全球開源專案自動巡航...
========================================
-> 🌍 [自動守護採購] 正在下載原始碼: https://raw.githubusercontent.com/psf/requests/refs/heads/main/src/requests/__init__.py
-> ✅ 原始碼下載成功。
-> 🧪 [深度融合] 正在將全球開源碼熔鑄至本地模組: RequestsAuto
-> 💾 寫入硬碟成功: manufacturing_hub/requestsauto_auto_fused.py
-> 🔍 [品質檢驗] 檢查模組語法: manufacturing_hub/requestsauto_auto_fused.py
-> 🎉 語法檢驗完美通過！
========================================
-> 🌍 [自動守護採購] 正在下載原始碼: https://raw.githubusercontent.com/fastapi/fastapi/refs/heads/master/fastapi/__init__.py
-> ✅ 原始碼下載成功。
-> 🧪 [深度融合] 正在將全球開源碼熔鑄至本地模組: FastAPIAuto
-> 💾 寫入硬碟成功: manufacturing_hub/fastapiauto_auto_fused.py
-> 🔍 [品質檢驗] 檢查模組語法: manufacturing_hub/fastapiauto_auto_fused.py
-> 🎉 語法檢驗完美通過！
========================================
-> 🌍 [自動守護採購] 正在下載原始碼: https://raw.githubusercontent.com/pallets/flask/refs/heads/main/src/flask/__init__.py
-> ✅ 原始碼下載成功。
-> 🧪 [深度融合] 正在將全球開源碼熔鑄至本地模組: FlaskAuto
-> 💾 寫入硬碟成功: manufacturing_hub/flaskauto_auto_fused.py
-> 🔍 [品質檢驗] 檢查模組語法: manufacturing_hub/flaskauto_auto_fused.py
-> 🎉 語法檢驗完美通過！
========================================
-> 🌍 [自動守護採購] 正在下載原始碼: https://raw.githubusercontent.com/pallets/click/refs/heads/main/src/click/__init__.py
-> ✅ 原始碼下載成功。
-> 🧪 [深度融合] 正在將全球開源碼熔鑄至本地模組: ClickAuto
-> 💾 寫入硬碟成功: manufacturing_hub/clickauto_auto_fused.py
-> 🔍 [品質檢驗] 檢查模組語法: manufacturing_hub/clickauto_auto_fused.py
-> 🎉 語法檢驗完美通過！
========================================
-> 🌍 [自動守護採購] 正在下載原始碼: https://raw.githubusercontent.com/Textualize/rich/refs/heads/main/rich/__init__.py
-> ✅ 原始碼下載成功。
-> 🧪 [深度融合] 正在將全球開源碼熔鑄至本地模組: RichAuto
-> 💾 寫入硬碟成功: manufacturing_hub/richauto_auto_fused.py
-> 🔍 [品質檢驗] 檢查模組語法: manufacturing_hub/richauto_auto_fused.py
-> 🎉 語法檢驗完美通過！
========================================
-> 🌍 [自動守護採購] 正在下載原始碼: https://raw.githubusercontent.com/pydantic/pydantic/refs/heads/main/pydantic/__init__.py
-> ✅ 原始碼下載成功。
-> 🧪 [深度融合] 正在將全球開源碼熔鑄至本地模組: PydanticAuto
-> 💾 寫入硬碟成功: manufacturing_hub/pydanticauto_auto_fused.py
-> 🔍 [品質檢驗] 檢查模組語法: manufacturing_hub/pydanticauto_auto_fused.py
-> 🎉 語法檢驗完美通過！

-> 💤 本輪巡航完畢。進入自動休眠，等待 30 秒後進行下一輪...

[2026-08-25 19:28:53] -> 🔄 開始新一輪全球開源專案自動巡航...
========================================
-> 🌍 [自動守護採購] 正在下載原始碼: https://raw.githubusercontent.com/psf/requests/refs/heads/main/src/requests/__init__.py
-> ✅ 原始碼下載成功。
-> 🧪 [深度融合] 正在將全球開源碼熔鑄至本地模組: RequestsAuto
-> 💾 寫入硬碟成功: manufacturing_hub/requestsauto_auto_fused.py
-> 🔍 [品質檢驗] 檢查模組語法: manufacturing_hub/requestsauto_auto_fused.py
-> 🎉 語法檢驗完美通過！
========================================
-> 🌍 [自動守護採購] 正在下載原始碼: https://raw.githubusercontent.com/fastapi/fastapi/refs/heads/master/fastapi/__init__.py
-> ✅ 原始碼下載成功。
-> 🧪 [深度融合] 正在將全球開源碼熔鑄至本地模組: FastAPIAuto
-> 💾 寫入硬碟成功: manufacturing_hub/fastapiauto_auto_fused.py
-> 🔍 [品質檢驗] 檢查模組語法: manufacturing_hub/fastapiauto_auto_fused.py
-> 🎉 語法檢驗完美通過！
========================================
-> 🌍 [自動守護採購] 正在下載原始碼: https://raw.githubusercontent.com/pallets/flask/refs/heads/main/src/flask/__init__.py
-> ✅ 原始碼下載成功。
-> 🧪 [深度融合] 正在將全球開源碼熔鑄至本地模組: FlaskAuto
-> 💾 寫入硬碟成功: manufacturing_hub/flaskauto_auto_fused.py
-> 🔍 [品質檢驗] 檢查模組語法: manufacturing_hub/flaskauto_auto_fused.py
-> 🎉 語法檢驗完美通過！
========================================
-> 🌍 [自動守護採購] 正在下載原始碼: https://raw.githubusercontent.com/pallets/click/refs/heads/main/src/click/__init__.py
-> ✅ 原始碼下載成功。
-> 🧪 [深度融合] 正在將全球開源碼熔鑄至本地模組: ClickAuto
-> 💾 寫入硬碟成功: manufacturing_hub/clickauto_auto_fused.py
-> 🔍 [品質檢驗] 檢查模組語法: manufacturing_hub/clickauto_auto_fused.py
-> 🎉 語法檢驗完美通過！
========================================
-> 🌍 [自動守護採購] 正在下載原始碼: https://raw.githubusercontent.com/Textualize/rich/refs/heads/main/rich/__init__.py
-> ✅ 原始碼下載成功。
-> 🧪 [深度融合] 正在將全球開源碼熔鑄至本地模組: RichAuto
-> 💾 寫入硬碟成功: manufacturing_hub/richauto_auto_fused.py
-> 🔍 [品質檢驗] 檢查模組語法: manufacturing_hub/richauto_auto_fused.py
-> 🎉 語法檢驗完美通過！
========================================
-> 🌍 [自動守護採購] 正在下載原始碼: https://raw.githubusercontent.com/pydantic/pydantic/refs/heads/main/pydantic/__init__.py
-> ✅ 原始碼下載成功。
-> 🧪 [深度融合] 正在將全球開源碼熔鑄至本地模組: PydanticAuto
-> 💾 寫入硬碟成功: manufacturing_hub/pydanticauto_auto_fused.py
-> 🔍 [品質檢驗] 檢查模組語法: manufacturing_hub/pydanticauto_auto_fused.py
-> 🎉 語法檢驗完美通過！

-> 💤 本輪巡航完畢。進入自動休眠，等待 30 秒後進行下一輪...

[2026-08-25 19:29:26] -> 🔄 開始新一輪全球開源專案自動巡航...
========================================
-> 🌍 [自動守護採購] 正在下載原始碼: https://raw.githubusercontent.com/psf/requests/refs/heads/main/src/requests/__init__.py
-> ✅ 原始碼下載成功。
-> 🧪 [深度融合] 正在將全球開源碼熔鑄至本地模組: RequestsAuto
-> 💾 寫入硬碟成功: manufacturing_hub/requestsauto_auto_fused.py
-> 🔍 [品質檢驗] 檢查模組語法: manufacturing_hub/requestsauto_auto_fused.py
-> 🎉 語法檢驗完美通過！
========================================
-> 🌍 [自動守護採購] 正在下載原始碼: https://raw.githubusercontent.com/fastapi/fastapi/refs/heads/master/fastapi/__init__.py
-> ✅ 原始碼下載成功。
-> 🧪 [深度融合] 正在將全球開源碼熔鑄至本地模組: FastAPIAuto
-> 💾 寫入硬碟成功: manufacturing_hub/fastapiauto_auto_fused.py
-> 🔍 [品質檢驗] 檢查模組語法: manufacturing_hub/fastapiauto_auto_fused.py
-> 🎉 語法檢驗完美通過！
========================================
-> 🌍 [自動守護採購] 正在下載原始碼: https://raw.githubusercontent.com/pallets/flask/refs/heads/main/src/flask/__init__.py
-> ✅ 原始碼下載成功。
-> 🧪 [深度融合] 正在將全球開源碼熔鑄至本地模組: FlaskAuto
-> 💾 寫入硬碟成功: manufacturing_hub/flaskauto_auto_fused.py
-> 🔍 [品質檢驗] 檢查模組語法: manufacturing_hub/flaskauto_auto_fused.py
-> 🎉 語法檢驗完美通過！
========================================
-> 🌍 [自動守護採購] 正在下載原始碼: https://raw.githubusercontent.com/pallets/click/refs/heads/main/src/click/__init__.py
-> ✅ 原始碼下載成功。
-> 🧪 [深度融合] 正在將全球開源碼熔鑄至本地模組: ClickAuto
-> 💾 寫入硬碟成功: manufacturing_hub/clickauto_auto_fused.py
-> 🔍 [品質檢驗] 檢查模組語法: manufacturing_hub/clickauto_auto_fused.py
-> 🎉 語法檢驗完美通過！
========================================
-> 🌍 [自動守護採購] 正在下載原始碼: https://raw.githubusercontent.com/Textualize/rich/refs/heads/main/rich/__init__.py
-> ✅ 原始碼下載成功。
-> 🧪 [深度融合] 正在將全球開源碼熔鑄至本地模組: RichAuto
-> 💾 寫入硬碟成功: manufacturing_hub/richauto_auto_fused.py
-> 🔍 [品質檢驗] 檢查模組語法: manufacturing_hub/richauto_auto_fused.py
-> 🎉 語法檢驗完美通過！
========================================
-> 🌍 [自動守護採購] 正在下載原始碼: https://raw.githubusercontent.com/pydantic/pydantic/refs/heads/main/pydantic/__init__.py
-> ✅ 原始碼下載成功。
-> 🧪 [深度融合] 正在將全球開源碼熔鑄至本地模組: PydanticAuto
-> 💾 寫入硬碟成功: manufacturing_hub/pydanticauto_auto_fused.py
-> 🔍 [品質檢驗] 檢查模組語法: manufacturing_hub/pydanticauto_auto_fused.py
-> 🎉 語法檢驗完美通過！

-> 💤 本輪巡航完畢。進入自動休眠，等待 30 秒後進行下一輪...

[2026-08-25 19:30:01] -> 🔄 開始新一輪全球開源專案自動巡航...
========================================
-> 🌍 [自動守護採購] 正在下載原始碼: https://raw.githubusercontent.com/psf/requests/refs/heads/main/src/requests/__init__.py
-> ✅ 原始碼下載成功。
-> 🧪 [深度融合] 正在將全球開源碼熔鑄至本地模組: RequestsAuto
-> 💾 寫入硬碟成功: manufacturing_hub/requestsauto_auto_fused.py
-> 🔍 [品質檢驗] 檢查模組語法: manufacturing_hub/requestsauto_auto_fused.py
-> 🎉 語法檢驗完美通過！
========================================
-> 🌍 [自動守護採購] 正在下載原始碼: https://raw.githubusercontent.com/fastapi/fastapi/refs/heads/master/fastapi/__init__.py
-> ✅ 原始碼下載成功。
-> 🧪 [深度融合] 正在將全球開源碼熔鑄至本地模組: FastAPIAuto
-> 💾 寫入硬碟成功: manufacturing_hub/fastapiauto_auto_fused.py
-> 🔍 [品質檢驗] 檢查模組語法: manufacturing_hub/fastapiauto_auto_fused.py
-> 🎉 語法檢驗完美通過！
========================================
-> 🌍 [自動守護採購] 正在下載原始碼: https://raw.githubusercontent.com/pallets/flask/refs/heads/main/src/flask/__init__.py
-> ✅ 原始碼下載成功。
-> 🧪 [深度融合] 正在將全球開源碼熔鑄至本地模組: FlaskAuto
-> 💾 寫入硬碟成功: manufacturing_hub/flaskauto_auto_fused.py
-> 🔍 [品質檢驗] 檢查模組語法: manufacturing_hub/flaskauto_auto_fused.py
-> 🎉 語法檢驗完美通過！
========================================
-> 🌍 [自動守護採購] 正在下載原始碼: https://raw.githubusercontent.com/pallets/click/refs/heads/main/src/click/__init__.py
-> ⚠️ 下載失敗 (嘗試 1/3): <urlopen error [Errno 104] Connection reset by peer>
-> ✅ 原始碼下載成功。
-> 🧪 [深度融合] 正在將全球開源碼熔鑄至本地模組: ClickAuto
-> 💾 寫入硬碟成功: manufacturing_hub/clickauto_auto_fused.py
-> 🔍 [品質檢驗] 檢查模組語法: manufacturing_hub/clickauto_auto_fused.py
-> 🎉 語法檢驗完美通過！
========================================
-> 🌍 [自動守護採購] 正在下載原始碼: https://raw.githubusercontent.com/Textualize/rich/refs/heads/main/rich/__init__.py
-> ✅ 原始碼下載成功。
-> 🧪 [深度融合] 正在將全球開源碼熔鑄至本地模組: RichAuto
-> 💾 寫入硬碟成功: manufacturing_hub/richauto_auto_fused.py
-> 🔍 [品質檢驗] 檢查模組語法: manufacturing_hub/richauto_auto_fused.py
-> 🎉 語法檢驗完美通過！
========================================
-> 🌍 [自動守護採購] 正在下載原始碼: https://raw.githubusercontent.com/pydantic/pydantic/refs/heads/main/pydantic/__init__.py
-> ✅ 原始碼下載成功。
-> 🧪 [深度融合] 正在將全球開源碼熔鑄至本地模組: PydanticAuto
-> 💾 寫入硬碟成功: manufacturing_hub/pydanticauto_auto_fused.py
-> 🔍 [品質檢驗] 檢查模組語法: manufacturing_hub/pydanticauto_auto_fused.py
-> 🎉 語法檢驗完美通過！

-> 💤 本輪巡航完畢。進入自動休眠，等待 30 秒後進行下一輪...

[2026-08-25 19:30:38] -> 🔄 開始新一輪全球開源專案自動巡航...
========================================
-> 🌍 [自動守護採購] 正在下載原始碼: https://raw.githubusercontent.com/psf/requests/refs/heads/main/src/requests/__init__.py
-> ✅ 原始碼下載成功。
-> 🧪 [深度融合] 正在將全球開源碼熔鑄至本地模組: RequestsAuto
-> 💾 寫入硬碟成功: manufacturing_hub/requestsauto_auto_fused.py
-> 🔍 [品質檢驗] 檢查模組語法: manufacturing_hub/requestsauto_auto_fused.py
-> 🎉 語法檢驗完美通過！
========================================
-> 🌍 [自動守護採購] 正在下載原始碼: https://raw.githubusercontent.com/fastapi/fastapi/refs/heads/master/fastapi/__init__.py
-> ✅ 原始碼下載成功。
-> 🧪 [深度融合] 正在將全球開源碼熔鑄至本地模組: FastAPIAuto
-> 💾 寫入硬碟成功: manufacturing_hub/fastapiauto_auto_fused.py
-> 🔍 [品質檢驗] 檢查模組語法: manufacturing_hub/fastapiauto_auto_fused.py
-> 🎉 語法檢驗完美通過！
========================================
-> 🌍 [自動守護採購] 正在下載原始碼: https://raw.githubusercontent.com/pallets/flask/refs/heads/main/src/flask/__init__.py
-> ✅ 原始碼下載成功。
-> 🧪 [深度融合] 正在將全球開源碼熔鑄至本地模組: FlaskAuto
-> 💾 寫入硬碟成功: manufacturing_hub/flaskauto_auto_fused.py
-> 🔍 [品質檢驗] 檢查模組語法: manufacturing_hub/flaskauto_auto_fused.py
-> 🎉 語法檢驗完美通過！
========================================
-> 🌍 [自動守護採購] 正在下載原始碼: https://raw.githubusercontent.com/pallets/click/refs/heads/main/src/click/__init__.py
-> ✅ 原始碼下載成功。
-> 🧪 [深度融合] 正在將全球開源碼熔鑄至本地模組: ClickAuto
-> 💾 寫入硬碟成功: manufacturing_hub/clickauto_auto_fused.py
-> 🔍 [品質檢驗] 檢查模組語法: manufacturing_hub/clickauto_auto_fused.py
-> 🎉 語法檢驗完美通過！
========================================
-> 🌍 [自動守護採購] 正在下載原始碼: https://raw.githubusercontent.com/Textualize/rich/refs/heads/main/rich/__init__.py
-> ✅ 原始碼下載成功。
-> 🧪 [深度融合] 正在將全球開源碼熔鑄至本地模組: RichAuto
-> 💾 寫入硬碟成功: manufacturing_hub/richauto_auto_fused.py
-> 🔍 [品質檢驗] 檢查模組語法: manufacturing_hub/richauto_auto_fused.py
-> 🎉 語法檢驗完美通過！
========================================
-> 🌍 [自動守護採購] 正在下載原始碼: https://raw.githubusercontent.com/pydantic/pydantic/refs/heads/main/pydantic/__init__.py
-> ✅ 原始碼下載成功。
-> 🧪 [深度融合] 正在將全球開源碼熔鑄至本地模組: PydanticAuto
-> 💾 寫入硬碟成功: manufacturing_hub/pydanticauto_auto_fused.py
-> 🔍 [品質檢驗] 檢查模組語法: manufacturing_hub/pydanticauto_auto_fused.py
-> 🎉 語法檢驗完美通過！

-> 💤 本輪巡航完畢。進入自動休眠，等待 30 秒後進行下一輪...

[2026-08-25 19:31:11] -> 🔄 開始新一輪全球開源專案自動巡航...
========================================
-> 🌍 [自動守護採購] 正在下載原始碼: https://raw.githubusercontent.com/psf/requests/refs/heads/main/src/requests/__init__.py
-> ✅ 原始碼下載成功。
-> 🧪 [深度融合] 正在將全球開源碼熔鑄至本地模組: RequestsAuto
-> 💾 寫入硬碟成功: manufacturing_hub/requestsauto_auto_fused.py
-> 🔍 [品質檢驗] 檢查模組語法: manufacturing_hub/requestsauto_auto_fused.py
-> 🎉 語法檢驗完美通過！
========================================
-> 🌍 [自動守護採購] 正在下載原始碼: https://raw.githubusercontent.com/fastapi/fastapi/refs/heads/master/fastapi/__init__.py
-> ✅ 原始碼下載成功。
-> 🧪 [深度融合] 正在將全球開源碼熔鑄至本地模組: FastAPIAuto
-> 💾 寫入硬碟成功: manufacturing_hub/fastapiauto_auto_fused.py
-> 🔍 [品質檢驗] 檢查模組語法: manufacturing_hub/fastapiauto_auto_fused.py
-> 🎉 語法檢驗完美通過！
========================================
-> 🌍 [自動守護採購] 正在下載原始碼: https://raw.githubusercontent.com/pallets/flask/refs/heads/main/src/flask/__init__.py
-> ✅ 原始碼下載成功。
-> 🧪 [深度融合] 正在將全球開源碼熔鑄至本地模組: FlaskAuto
-> 💾 寫入硬碟成功: manufacturing_hub/flaskauto_auto_fused.py
-> 🔍 [品質檢驗] 檢查模組語法: manufacturing_hub/flaskauto_auto_fused.py
-> 🎉 語法檢驗完美通過！
========================================
-> 🌍 [自動守護採購] 正在下載原始碼: https://raw.githubusercontent.com/pallets/click/refs/heads/main/src/click/__init__.py
-> ✅ 原始碼下載成功。
-> 🧪 [深度融合] 正在將全球開源碼熔鑄至本地模組: ClickAuto
-> 💾 寫入硬碟成功: manufacturing_hub/clickauto_auto_fused.py
-> 🔍 [品質檢驗] 檢查模組語法: manufacturing_hub/clickauto_auto_fused.py
-> 🎉 語法檢驗完美通過！
========================================
-> 🌍 [自動守護採購] 正在下載原始碼: https://raw.githubusercontent.com/Textualize/rich/refs/heads/main/rich/__init__.py
-> ✅ 原始碼下載成功。
-> 🧪 [深度融合] 正在將全球開源碼熔鑄至本地模組: RichAuto
-> 💾 寫入硬碟成功: manufacturing_hub/richauto_auto_fused.py
-> 🔍 [品質檢驗] 檢查模組語法: manufacturing_hub/richauto_auto_fused.py
-> 🎉 語法檢驗完美通過！
========================================
-> 🌍 [自動守護採購] 正在下載原始碼: https://raw.githubusercontent.com/pydantic/pydantic/refs/heads/main/pydantic/__init__.py
-> ✅ 原始碼下載成功。
-> 🧪 [深度融合] 正在將全球開源碼熔鑄至本地模組: PydanticAuto
-> 💾 寫入硬碟成功: manufacturing_hub/pydanticauto_auto_fused.py
-> 🔍 [品質檢驗] 檢查模組語法: manufacturing_hub/pydanticauto_auto_fused.py
-> 🎉 語法檢驗完美通過！

-> 💤 本輪巡航完畢。進入自動休眠，等待 30 秒後進行下一輪...

[2026-08-25 19:31:45] -> 🔄 開始新一輪全球開源專案自動巡航...
========================================
-> 🌍 [自動守護採購] 正在下載原始碼: https://raw.githubusercontent.com/psf/requests/refs/heads/main/src/requests/__init__.py
-> ✅ 原始碼下載成功。
-> 🧪 [深度融合] 正在將全球開源碼熔鑄至本地模組: RequestsAuto
-> 💾 寫入硬碟成功: manufacturing_hub/requestsauto_auto_fused.py
-> 🔍 [品質檢驗] 檢查模組語法: manufacturing_hub/requestsauto_auto_fused.py
-> 🎉 語法檢驗完美通過！
========================================
-> 🌍 [自動守護採購] 正在下載原始碼: https://raw.githubusercontent.com/fastapi/fastapi/refs/heads/master/fastapi/__init__.py
-> ✅ 原始碼下載成功。
-> 🧪 [深度融合] 正在將全球開源碼熔鑄至本地模組: FastAPIAuto
-> 💾 寫入硬碟成功: manufacturing_hub/fastapiauto_auto_fused.py
-> 🔍 [品質檢驗] 檢查模組語法: manufacturing_hub/fastapiauto_auto_fused.py
-> 🎉 語法檢驗完美通過！
========================================
-> 🌍 [自動守護採購] 正在下載原始碼: https://raw.githubusercontent.com/pallets/flask/refs/heads/main/src/flask/__init__.py
-> ✅ 原始碼下載成功。
-> 🧪 [深度融合] 正在將全球開源碼熔鑄至本地模組: FlaskAuto
-> 💾 寫入硬碟成功: manufacturing_hub/flaskauto_auto_fused.py
-> 🔍 [品質檢驗] 檢查模組語法: manufacturing_hub/flaskauto_auto_fused.py
-> 🎉 語法檢驗完美通過！
========================================
-> 🌍 [自動守護採購] 正在下載原始碼: https://raw.githubusercontent.com/pallets/click/refs/heads/main/src/click/__init__.py
-> ✅ 原始碼下載成功。
-> 🧪 [深度融合] 正在將全球開源碼熔鑄至本地模組: ClickAuto
-> 💾 寫入硬碟成功: manufacturing_hub/clickauto_auto_fused.py
-> 🔍 [品質檢驗] 檢查模組語法: manufacturing_hub/clickauto_auto_fused.py
-> 🎉 語法檢驗完美通過！
========================================
-> 🌍 [自動守護採購] 正在下載原始碼: https://raw.githubusercontent.com/Textualize/rich/refs/heads/main/rich/__init__.py
-> ✅ 原始碼下載成功。
-> 🧪 [深度融合] 正在將全球開源碼熔鑄至本地模組: RichAuto
-> 💾 寫入硬碟成功: manufacturing_hub/richauto_auto_fused.py
-> 🔍 [品質檢驗] 檢查模組語法: manufacturing_hub/richauto_auto_fused.py
-> 🎉 語法檢驗完美通過！
========================================
-> 🌍 [自動守護採購] 正在下載原始碼: https://raw.githubusercontent.com/pydantic/pydantic/refs/heads/main/pydantic/__init__.py
-> ✅ 原始碼下載成功。
-> 🧪 [深度融合] 正在將全球開源碼熔鑄至本地模組: PydanticAuto
-> 💾 寫入硬碟成功: manufacturing_hub/pydanticauto_auto_fused.py
-> 🔍 [品質檢驗] 檢查模組語法: manufacturing_hub/pydanticauto_auto_fused.py
-> 🎉 語法檢驗完美通過！

-> 💤 本輪巡航完畢。進入自動休眠，等待 30 秒後進行下一輪...

[2026-08-25 19:32:18] -> 🔄 開始新一輪全球開源專案自動巡航...
========================================
-> 🌍 [自動守護採購] 正在下載原始碼: https://raw.githubusercontent.com/psf/requests/refs/heads/main/src/requests/__init__.py
-> ✅ 原始碼下載成功。
-> 🧪 [深度融合] 正在將全球開源碼熔鑄至本地模組: RequestsAuto
-> 💾 寫入硬碟成功: manufacturing_hub/requestsauto_auto_fused.py
-> 🔍 [品質檢驗] 檢查模組語法: manufacturing_hub/requestsauto_auto_fused.py
-> 🎉 語法檢驗完美通過！
========================================
-> 🌍 [自動守護採購] 正在下載原始碼: https://raw.githubusercontent.com/fastapi/fastapi/refs/heads/master/fastapi/__init__.py
-> ✅ 原始碼下載成功。
-> 🧪 [深度融合] 正在將全球開源碼熔鑄至本地模組: FastAPIAuto
-> 💾 寫入硬碟成功: manufacturing_hub/fastapiauto_auto_fused.py
-> 🔍 [品質檢驗] 檢查模組語法: manufacturing_hub/fastapiauto_auto_fused.py
-> 🎉 語法檢驗完美通過！
========================================
-> 🌍 [自動守護採購] 正在下載原始碼: https://raw.githubusercontent.com/pallets/flask/refs/heads/main/src/flask/__init__.py
-> ✅ 原始碼下載成功。
-> 🧪 [深度融合] 正在將全球開源碼熔鑄至本地模組: FlaskAuto
-> 💾 寫入硬碟成功: manufacturing_hub/flaskauto_auto_fused.py
-> 🔍 [品質檢驗] 檢查模組語法: manufacturing_hub/flaskauto_auto_fused.py
-> 🎉 語法檢驗完美通過！
========================================
-> 🌍 [自動守護採購] 正在下載原始碼: https://raw.githubusercontent.com/pallets/click/refs/heads/main/src/click/__init__.py
-> ✅ 原始碼下載成功。
-> 🧪 [深度融合] 正在將全球開源碼熔鑄至本地模組: ClickAuto
-> 💾 寫入硬碟成功: manufacturing_hub/clickauto_auto_fused.py
-> 🔍 [品質檢驗] 檢查模組語法: manufacturing_hub/clickauto_auto_fused.py
-> 🎉 語法檢驗完美通過！
========================================
-> 🌍 [自動守護採購] 正在下載原始碼: https://raw.githubusercontent.com/Textualize/rich/refs/heads/main/rich/__init__.py
-> ✅ 原始碼下載成功。
-> 🧪 [深度融合] 正在將全球開源碼熔鑄至本地模組: RichAuto
-> 💾 寫入硬碟成功: manufacturing_hub/richauto_auto_fused.py
-> 🔍 [品質檢驗] 檢查模組語法: manufacturing_hub/richauto_auto_fused.py
-> 🎉 語法檢驗完美通過！
========================================
-> 🌍 [自動守護採購] 正在下載原始碼: https://raw.githubusercontent.com/pydantic/pydantic/refs/heads/main/pydantic/__init__.py
-> ✅ 原始碼下載成功。
-> 🧪 [深度融合] 正在將全球開源碼熔鑄至本地模組: PydanticAuto
-> 💾 寫入硬碟成功: manufacturing_hub/pydanticauto_auto_fused.py
-> 🔍 [品質檢驗] 檢查模組語法: manufacturing_hub/pydanticauto_auto_fused.py
-> 🎉 語法檢驗完美通過！

-> 💤 本輪巡航完畢。進入自動休眠，等待 30 秒後進行下一輪...

[2026-08-25 19:32:52] -> 🔄 開始新一輪全球開源專案自動巡航...
========================================
-> 🌍 [自動守護採購] 正在下載原始碼: https://raw.githubusercontent.com/psf/requests/refs/heads/main/src/requests/__init__.py
-> ✅ 原始碼下載成功。
-> 🧪 [深度融合] 正在將全球開源碼熔鑄至本地模組: RequestsAuto
-> 💾 寫入硬碟成功: manufacturing_hub/requestsauto_auto_fused.py
-> 🔍 [品質檢驗] 檢查模組語法: manufacturing_hub/requestsauto_auto_fused.py
-> 🎉 語法檢驗完美通過！
========================================
-> 🌍 [自動守護採購] 正在下載原始碼: https://raw.githubusercontent.com/fastapi/fastapi/refs/heads/master/fastapi/__init__.py
-> ✅ 原始碼下載成功。
-> 🧪 [深度融合] 正在將全球開源碼熔鑄至本地模組: FastAPIAuto
-> 💾 寫入硬碟成功: manufacturing_hub/fastapiauto_auto_fused.py
-> 🔍 [品質檢驗] 檢查模組語法: manufacturing_hub/fastapiauto_auto_fused.py
-> 🎉 語法檢驗完美通過！
========================================
-> 🌍 [自動守護採購] 正在下載原始碼: https://raw.githubusercontent.com/pallets/flask/refs/heads/main/src/flask/__init__.py
-> ✅ 原始碼下載成功。
-> 🧪 [深度融合] 正在將全球開源碼熔鑄至本地模組: FlaskAuto
-> 💾 寫入硬碟成功: manufacturing_hub/flaskauto_auto_fused.py
-> 🔍 [品質檢驗] 檢查模組語法: manufacturing_hub/flaskauto_auto_fused.py
-> 🎉 語法檢驗完美通過！
========================================
-> 🌍 [自動守護採購] 正在下載原始碼: https://raw.githubusercontent.com/pallets/click/refs/heads/main/src/click/__init__.py
-> ✅ 原始碼下載成功。
-> 🧪 [深度融合] 正在將全球開源碼熔鑄至本地模組: ClickAuto
-> 💾 寫入硬碟成功: manufacturing_hub/clickauto_auto_fused.py
-> 🔍 [品質檢驗] 檢查模組語法: manufacturing_hub/clickauto_auto_fused.py
-> 🎉 語法檢驗完美通過！
========================================
-> 🌍 [自動守護採購] 正在下載原始碼: https://raw.githubusercontent.com/Textualize/rich/refs/heads/main/rich/__init__.py
-> ✅ 原始碼下載成功。
-> 🧪 [深度融合] 正在將全球開源碼熔鑄至本地模組: RichAuto
-> 💾 寫入硬碟成功: manufacturing_hub/richauto_auto_fused.py
-> 🔍 [品質檢驗] 檢查模組語法: manufacturing_hub/richauto_auto_fused.py
-> 🎉 語法檢驗完美通過！
========================================
-> 🌍 [自動守護採購] 正在下載原始碼: https://raw.githubusercontent.com/pydantic/pydantic/refs/heads/main/pydantic/__init__.py
-> ✅ 原始碼下載成功。
-> 🧪 [深度融合] 正在將全球開源碼熔鑄至本地模組: PydanticAuto
-> 💾 寫入硬碟成功: manufacturing_hub/pydanticauto_auto_fused.py
-> 🔍 [品質檢驗] 檢查模組語法: manufacturing_hub/pydanticauto_auto_fused.py
-> 🎉 語法檢驗完美通過！

-> 💤 本輪巡航完畢。進入自動休眠，等待 30 秒後進行下一輪...

[2026-08-25 19:33:26] -> 🔄 開始新一輪全球開源專案自動巡航...
========================================
-> 🌍 [自動守護採購] 正在下載原始碼: https://raw.githubusercontent.com/psf/requests/refs/heads/main/src/requests/__init__.py
-> ✅ 原始碼下載成功。
-> 🧪 [深度融合] 正在將全球開源碼熔鑄至本地模組: RequestsAuto
-> 💾 寫入硬碟成功: manufacturing_hub/requestsauto_auto_fused.py
-> 🔍 [品質檢驗] 檢查模組語法: manufacturing_hub/requestsauto_auto_fused.py
-> 🎉 語法檢驗完美通過！
========================================
-> 🌍 [自動守護採購] 正在下載原始碼: https://raw.githubusercontent.com/fastapi/fastapi/refs/heads/master/fastapi/__init__.py
-> ✅ 原始碼下載成功。
-> 🧪 [深度融合] 正在將全球開源碼熔鑄至本地模組: FastAPIAuto
-> 💾 寫入硬碟成功: manufacturing_hub/fastapiauto_auto_fused.py
-> 🔍 [品質檢驗] 檢查模組語法: manufacturing_hub/fastapiauto_auto_fused.py
-> 🎉 語法檢驗完美通過！
========================================
-> 🌍 [自動守護採購] 正在下載原始碼: https://raw.githubusercontent.com/pallets/flask/refs/heads/main/src/flask/__init__.py
-> ✅ 原始碼下載成功。
-> 🧪 [深度融合] 正在將全球開源碼熔鑄至本地模組: FlaskAuto
-> 💾 寫入硬碟成功: manufacturing_hub/flaskauto_auto_fused.py
-> 🔍 [品質檢驗] 檢查模組語法: manufacturing_hub/flaskauto_auto_fused.py
-> 🎉 語法檢驗完美通過！
========================================
-> 🌍 [自動守護採購] 正在下載原始碼: https://raw.githubusercontent.com/pallets/click/refs/heads/main/src/click/__init__.py
-> ✅ 原始碼下載成功。
-> 🧪 [深度融合] 正在將全球開源碼熔鑄至本地模組: ClickAuto
-> 💾 寫入硬碟成功: manufacturing_hub/clickauto_auto_fused.py
-> 🔍 [品質檢驗] 檢查模組語法: manufacturing_hub/clickauto_auto_fused.py
-> 🎉 語法檢驗完美通過！
========================================
-> 🌍 [自動守護採購] 正在下載原始碼: https://raw.githubusercontent.com/Textualize/rich/refs/heads/main/rich/__init__.py
-> ✅ 原始碼下載成功。
-> 🧪 [深度融合] 正在將全球開源碼熔鑄至本地模組: RichAuto
-> 💾 寫入硬碟成功: manufacturing_hub/richauto_auto_fused.py
-> 🔍 [品質檢驗] 檢查模組語法: manufacturing_hub/richauto_auto_fused.py
-> 🎉 語法檢驗完美通過！
========================================
-> 🌍 [自動守護採購] 正在下載原始碼: https://raw.githubusercontent.com/pydantic/pydantic/refs/heads/main/pydantic/__init__.py
-> ✅ 原始碼下載成功。
-> 🧪 [深度融合] 正在將全球開源碼熔鑄至本地模組: PydanticAuto
-> 💾 寫入硬碟成功: manufacturing_hub/pydanticauto_auto_fused.py
-> 🔍 [品質檢驗] 檢查模組語法: manufacturing_hub/pydanticauto_auto_fused.py
-> 🎉 語法檢驗完美通過！

-> 💤 本輪巡航完畢。進入自動休眠，等待 30 秒後進行下一輪...

[2026-08-25 19:34:02] -> 🔄 開始新一輪全球開源專案自動巡航...
========================================
-> 🌍 [自動守護採購] 正在下載原始碼: https://raw.githubusercontent.com/psf/requests/refs/heads/main/src/requests/__init__.py
-> ✅ 原始碼下載成功。
-> 🧪 [深度融合] 正在將全球開源碼熔鑄至本地模組: RequestsAuto
-> 💾 寫入硬碟成功: manufacturing_hub/requestsauto_auto_fused.py
-> 🔍 [品質檢驗] 檢查模組語法: manufacturing_hub/requestsauto_auto_fused.py
-> 🎉 語法檢驗完美通過！
========================================
-> 🌍 [自動守護採購] 正在下載原始碼: https://raw.githubusercontent.com/fastapi/fastapi/refs/heads/master/fastapi/__init__.py
-> ✅ 原始碼下載成功。
-> 🧪 [深度融合] 正在將全球開源碼熔鑄至本地模組: FastAPIAuto
-> 💾 寫入硬碟成功: manufacturing_hub/fastapiauto_auto_fused.py
-> 🔍 [品質檢驗] 檢查模組語法: manufacturing_hub/fastapiauto_auto_fused.py
-> 🎉 語法檢驗完美通過！
========================================
-> 🌍 [自動守護採購] 正在下載原始碼: https://raw.githubusercontent.com/pallets/flask/refs/heads/main/src/flask/__init__.py
-> ✅ 原始碼下載成功。
-> 🧪 [深度融合] 正在將全球開源碼熔鑄至本地模組: FlaskAuto
-> 💾 寫入硬碟成功: manufacturing_hub/flaskauto_auto_fused.py
-> 🔍 [品質檢驗] 檢查模組語法: manufacturing_hub/flaskauto_auto_fused.py
-> 🎉 語法檢驗完美通過！
========================================
-> 🌍 [自動守護採購] 正在下載原始碼: https://raw.githubusercontent.com/pallets/click/refs/heads/main/src/click/__init__.py
-> ✅ 原始碼下載成功。
-> 🧪 [深度融合] 正在將全球開源碼熔鑄至本地模組: ClickAuto
-> 💾 寫入硬碟成功: manufacturing_hub/clickauto_auto_fused.py
-> 🔍 [品質檢驗] 檢查模組語法: manufacturing_hub/clickauto_auto_fused.py
-> 🎉 語法檢驗完美通過！
========================================
-> 🌍 [自動守護採購] 正在下載原始碼: https://raw.githubusercontent.com/Textualize/rich/refs/heads/main/rich/__init__.py
-> ✅ 原始碼下載成功。
-> 🧪 [深度融合] 正在將全球開源碼熔鑄至本地模組: RichAuto
-> 💾 寫入硬碟成功: manufacturing_hub/richauto_auto_fused.py
-> 🔍 [品質檢驗] 檢查模組語法: manufacturing_hub/richauto_auto_fused.py
-> 🎉 語法檢驗完美通過！
========================================
-> 🌍 [自動守護採購] 正在下載原始碼: https://raw.githubusercontent.com/pydantic/pydantic/refs/heads/main/pydantic/__init__.py
-> ✅ 原始碼下載成功。
-> 🧪 [深度融合] 正在將全球開源碼熔鑄至本地模組: PydanticAuto
-> 💾 寫入硬碟成功: manufacturing_hub/pydanticauto_auto_fused.py
-> 🔍 [品質檢驗] 檢查模組語法: manufacturing_hub/pydanticauto_auto_fused.py
-> 🎉 語法檢驗完美通過！

-> 💤 本輪巡航完畢。進入自動休眠，等待 30 秒後進行下一輪...

[2026-08-25 19:34:35] -> 🔄 開始新一輪全球開源專案自動巡航...
========================================
-> 🌍 [自動守護採購] 正在下載原始碼: https://raw.githubusercontent.com/psf/requests/refs/heads/main/src/requests/__init__.py
-> ✅ 原始碼下載成功。
-> 🧪 [深度融合] 正在將全球開源碼熔鑄至本地模組: RequestsAuto
-> 💾 寫入硬碟成功: manufacturing_hub/requestsauto_auto_fused.py
-> 🔍 [品質檢驗] 檢查模組語法: manufacturing_hub/requestsauto_auto_fused.py
-> 🎉 語法檢驗完美通過！
========================================
-> 🌍 [自動守護採購] 正在下載原始碼: https://raw.githubusercontent.com/fastapi/fastapi/refs/heads/master/fastapi/__init__.py
-> ✅ 原始碼下載成功。
-> 🧪 [深度融合] 正在將全球開源碼熔鑄至本地模組: FastAPIAuto
-> 💾 寫入硬碟成功: manufacturing_hub/fastapiauto_auto_fused.py
-> 🔍 [品質檢驗] 檢查模組語法: manufacturing_hub/fastapiauto_auto_fused.py
-> 🎉 語法檢驗完美通過！
========================================
-> 🌍 [自動守護採購] 正在下載原始碼: https://raw.githubusercontent.com/pallets/flask/refs/heads/main/src/flask/__init__.py
-> ✅ 原始碼下載成功。
-> 🧪 [深度融合] 正在將全球開源碼熔鑄至本地模組: FlaskAuto
-> 💾 寫入硬碟成功: manufacturing_hub/flaskauto_auto_fused.py
-> 🔍 [品質檢驗] 檢查模組語法: manufacturing_hub/flaskauto_auto_fused.py
-> 🎉 語法檢驗完美通過！
========================================
-> 🌍 [自動守護採購] 正在下載原始碼: https://raw.githubusercontent.com/pallets/click/refs/heads/main/src/click/__init__.py
-> ✅ 原始碼下載成功。
-> 🧪 [深度融合] 正在將全球開源碼熔鑄至本地模組: ClickAuto
-> 💾 寫入硬碟成功: manufacturing_hub/clickauto_auto_fused.py
-> 🔍 [品質檢驗] 檢查模組語法: manufacturing_hub/clickauto_auto_fused.py
-> 🎉 語法檢驗完美通過！
========================================
-> 🌍 [自動守護採購] 正在下載原始碼: https://raw.githubusercontent.com/Textualize/rich/refs/heads/main/rich/__init__.py
-> ✅ 原始碼下載成功。
-> 🧪 [深度融合] 正在將全球開源碼熔鑄至本地模組: RichAuto
-> 💾 寫入硬碟成功: manufacturing_hub/richauto_auto_fused.py
-> 🔍 [品質檢驗] 檢查模組語法: manufacturing_hub/richauto_auto_fused.py
-> 🎉 語法檢驗完美通過！
========================================
-> 🌍 [自動守護採購] 正在下載原始碼: https://raw.githubusercontent.com/pydantic/pydantic/refs/heads/main/pydantic/__init__.py
-> ✅ 原始碼下載成功。
-> 🧪 [深度融合] 正在將全球開源碼熔鑄至本地模組: PydanticAuto
-> 💾 寫入硬碟成功: manufacturing_hub/pydanticauto_auto_fused.py
-> 🔍 [品質檢驗] 檢查模組語法: manufacturing_hub/pydanticauto_auto_fused.py
-> 🎉 語法檢驗完美通過！

-> 💤 本輪巡航完畢。進入自動休眠，等待 30 秒後進行下一輪...

[2026-08-25 19:35:10] -> 🔄 開始新一輪全球開源專案自動巡航...
========================================
-> 🌍 [自動守護採購] 正在下載原始碼: https://raw.githubusercontent.com/psf/requests/refs/heads/main/src/requests/__init__.py
-> ✅ 原始碼下載成功。
-> 🧪 [深度融合] 正在將全球開源碼熔鑄至本地模組: RequestsAuto
-> 💾 寫入硬碟成功: manufacturing_hub/requestsauto_auto_fused.py
-> 🔍 [品質檢驗] 檢查模組語法: manufacturing_hub/requestsauto_auto_fused.py
-> 🎉 語法檢驗完美通過！
========================================
-> 🌍 [自動守護採購] 正在下載原始碼: https://raw.githubusercontent.com/fastapi/fastapi/refs/heads/master/fastapi/__init__.py
-> ✅ 原始碼下載成功。
-> 🧪 [深度融合] 正在將全球開源碼熔鑄至本地模組: FastAPIAuto
-> 💾 寫入硬碟成功: manufacturing_hub/fastapiauto_auto_fused.py
-> 🔍 [品質檢驗] 檢查模組語法: manufacturing_hub/fastapiauto_auto_fused.py
-> 🎉 語法檢驗完美通過！
========================================
-> 🌍 [自動守護採購] 正在下載原始碼: https://raw.githubusercontent.com/pallets/flask/refs/heads/main/src/flask/__init__.py
-> ✅ 原始碼下載成功。
-> 🧪 [深度融合] 正在將全球開源碼熔鑄至本地模組: FlaskAuto
-> 💾 寫入硬碟成功: manufacturing_hub/flaskauto_auto_fused.py
-> 🔍 [品質檢驗] 檢查模組語法: manufacturing_hub/flaskauto_auto_fused.py
-> 🎉 語法檢驗完美通過！
========================================
-> 🌍 [自動守護採購] 正在下載原始碼: https://raw.githubusercontent.com/pallets/click/refs/heads/main/src/click/__init__.py
-> ✅ 原始碼下載成功。
-> 🧪 [深度融合] 正在將全球開源碼熔鑄至本地模組: ClickAuto
-> 💾 寫入硬碟成功: manufacturing_hub/clickauto_auto_fused.py
-> 🔍 [品質檢驗] 檢查模組語法: manufacturing_hub/clickauto_auto_fused.py
-> 🎉 語法檢驗完美通過！
========================================
-> 🌍 [自動守護採購] 正在下載原始碼: https://raw.githubusercontent.com/Textualize/rich/refs/heads/main/rich/__init__.py
-> ✅ 原始碼下載成功。
-> 🧪 [深度融合] 正在將全球開源碼熔鑄至本地模組: RichAuto
-> 💾 寫入硬碟成功: manufacturing_hub/richauto_auto_fused.py
-> 🔍 [品質檢驗] 檢查模組語法: manufacturing_hub/richauto_auto_fused.py
-> 🎉 語法檢驗完美通過！
========================================
-> 🌍 [自動守護採購] 正在下載原始碼: https://raw.githubusercontent.com/pydantic/pydantic/refs/heads/main/pydantic/__init__.py
-> ✅ 原始碼下載成功。
-> 🧪 [深度融合] 正在將全球開源碼熔鑄至本地模組: PydanticAuto
-> 💾 寫入硬碟成功: manufacturing_hub/pydanticauto_auto_fused.py
-> 🔍 [品質檢驗] 檢查模組語法: manufacturing_hub/pydanticauto_auto_fused.py
-> 🎉 語法檢驗完美通過！

-> 💤 本輪巡航完畢。進入自動休眠，等待 30 秒後進行下一輪...

[2026-08-25 19:35:46] -> 🔄 開始新一輪全球開源專案自動巡航...
========================================
-> 🌍 [自動守護採購] 正在下載原始碼: https://raw.githubusercontent.com/psf/requests/refs/heads/main/src/requests/__init__.py
-> ✅ 原始碼下載成功。
-> 🧪 [深度融合] 正在將全球開源碼熔鑄至本地模組: RequestsAuto
-> 💾 寫入硬碟成功: manufacturing_hub/requestsauto_auto_fused.py
-> 🔍 [品質檢驗] 檢查模組語法: manufacturing_hub/requestsauto_auto_fused.py
-> 🎉 語法檢驗完美通過！
========================================
-> 🌍 [自動守護採購] 正在下載原始碼: https://raw.githubusercontent.com/fastapi/fastapi/refs/heads/master/fastapi/__init__.py
-> ✅ 原始碼下載成功。
-> 🧪 [深度融合] 正在將全球開源碼熔鑄至本地模組: FastAPIAuto
-> 💾 寫入硬碟成功: manufacturing_hub/fastapiauto_auto_fused.py
-> 🔍 [品質檢驗] 檢查模組語法: manufacturing_hub/fastapiauto_auto_fused.py
-> 🎉 語法檢驗完美通過！
========================================
-> 🌍 [自動守護採購] 正在下載原始碼: https://raw.githubusercontent.com/pallets/flask/refs/heads/main/src/flask/__init__.py
-> ✅ 原始碼下載成功。
-> 🧪 [深度融合] 正在將全球開源碼熔鑄至本地模組: FlaskAuto
-> 💾 寫入硬碟成功: manufacturing_hub/flaskauto_auto_fused.py
-> 🔍 [品質檢驗] 檢查模組語法: manufacturing_hub/flaskauto_auto_fused.py
-> 🎉 語法檢驗完美通過！
========================================
-> 🌍 [自動守護採購] 正在下載原始碼: https://raw.githubusercontent.com/pallets/click/refs/heads/main/src/click/__init__.py
-> ✅ 原始碼下載成功。
-> 🧪 [深度融合] 正在將全球開源碼熔鑄至本地模組: ClickAuto
-> 💾 寫入硬碟成功: manufacturing_hub/clickauto_auto_fused.py
-> 🔍 [品質檢驗] 檢查模組語法: manufacturing_hub/clickauto_auto_fused.py
-> 🎉 語法檢驗完美通過！
========================================
-> 🌍 [自動守護採購] 正在下載原始碼: https://raw.githubusercontent.com/Textualize/rich/refs/heads/main/rich/__init__.py
-> ✅ 原始碼下載成功。
-> 🧪 [深度融合] 正在將全球開源碼熔鑄至本地模組: RichAuto
-> 💾 寫入硬碟成功: manufacturing_hub/richauto_auto_fused.py
-> 🔍 [品質檢驗] 檢查模組語法: manufacturing_hub/richauto_auto_fused.py
-> 🎉 語法檢驗完美通過！
========================================
-> 🌍 [自動守護採購] 正在下載原始碼: https://raw.githubusercontent.com/pydantic/pydantic/refs/heads/main/pydantic/__init__.py
-> ✅ 原始碼下載成功。
-> 🧪 [深度融合] 正在將全球開源碼熔鑄至本地模組: PydanticAuto
-> 💾 寫入硬碟成功: manufacturing_hub/pydanticauto_auto_fused.py
-> 🔍 [品質檢驗] 檢查模組語法: manufacturing_hub/pydanticauto_auto_fused.py
-> 🎉 語法檢驗完美通過！

-> 💤 本輪巡航完畢。進入自動休眠，等待 30 秒後進行下一輪...

[2026-08-25 19:36:19] -> 🔄 開始新一輪全球開源專案自動巡航...
========================================
-> 🌍 [自動守護採購] 正在下載原始碼: https://raw.githubusercontent.com/psf/requests/refs/heads/main/src/requests/__init__.py
-> ✅ 原始碼下載成功。
-> 🧪 [深度融合] 正在將全球開源碼熔鑄至本地模組: RequestsAuto
-> 💾 寫入硬碟成功: manufacturing_hub/requestsauto_auto_fused.py
-> 🔍 [品質檢驗] 檢查模組語法: manufacturing_hub/requestsauto_auto_fused.py
-> 🎉 語法檢驗完美通過！
========================================
-> 🌍 [自動守護採購] 正在下載原始碼: https://raw.githubusercontent.com/fastapi/fastapi/refs/heads/master/fastapi/__init__.py
-> ✅ 原始碼下載成功。
-> 🧪 [深度融合] 正在將全球開源碼熔鑄至本地模組: FastAPIAuto
-> 💾 寫入硬碟成功: manufacturing_hub/fastapiauto_auto_fused.py
-> 🔍 [品質檢驗] 檢查模組語法: manufacturing_hub/fastapiauto_auto_fused.py
-> 🎉 語法檢驗完美通過！
========================================
-> 🌍 [自動守護採購] 正在下載原始碼: https://raw.githubusercontent.com/pallets/flask/refs/heads/main/src/flask/__init__.py
-> ✅ 原始碼下載成功。
-> 🧪 [深度融合] 正在將全球開源碼熔鑄至本地模組: FlaskAuto
-> 💾 寫入硬碟成功: manufacturing_hub/flaskauto_auto_fused.py
-> 🔍 [品質檢驗] 檢查模組語法: manufacturing_hub/flaskauto_auto_fused.py
-> 🎉 語法檢驗完美通過！
========================================
-> 🌍 [自動守護採購] 正在下載原始碼: https://raw.githubusercontent.com/pallets/click/refs/heads/main/src/click/__init__.py
-> ✅ 原始碼下載成功。
-> 🧪 [深度融合] 正在將全球開源碼熔鑄至本地模組: ClickAuto
-> 💾 寫入硬碟成功: manufacturing_hub/clickauto_auto_fused.py
-> 🔍 [品質檢驗] 檢查模組語法: manufacturing_hub/clickauto_auto_fused.py
-> 🎉 語法檢驗完美通過！
========================================
-> 🌍 [自動守護採購] 正在下載原始碼: https://raw.githubusercontent.com/Textualize/rich/refs/heads/main/rich/__init__.py
-> ✅ 原始碼下載成功。
-> 🧪 [深度融合] 正在將全球開源碼熔鑄至本地模組: RichAuto
-> 💾 寫入硬碟成功: manufacturing_hub/richauto_auto_fused.py
-> 🔍 [品質檢驗] 檢查模組語法: manufacturing_hub/richauto_auto_fused.py
-> 🎉 語法檢驗完美通過！
========================================
-> 🌍 [自動守護採購] 正在下載原始碼: https://raw.githubusercontent.com/pydantic/pydantic/refs/heads/main/pydantic/__init__.py
-> ✅ 原始碼下載成功。
-> 🧪 [深度融合] 正在將全球開源碼熔鑄至本地模組: PydanticAuto
-> 💾 寫入硬碟成功: manufacturing_hub/pydanticauto_auto_fused.py
-> 🔍 [品質檢驗] 檢查模組語法: manufacturing_hub/pydanticauto_auto_fused.py
-> 🎉 語法檢驗完美通過！

-> 💤 本輪巡航完畢。進入自動休眠，等待 30 秒後進行下一輪...

[2026-08-25 19:36:53] -> 🔄 開始新一輪全球開源專案自動巡航...
========================================
-> 🌍 [自動守護採購] 正在下載原始碼: https://raw.githubusercontent.com/psf/requests/refs/heads/main/src/requests/__init__.py
-> ✅ 原始碼下載成功。
-> 🧪 [深度融合] 正在將全球開源碼熔鑄至本地模組: RequestsAuto
-> 💾 寫入硬碟成功: manufacturing_hub/requestsauto_auto_fused.py
-> 🔍 [品質檢驗] 檢查模組語法: manufacturing_hub/requestsauto_auto_fused.py
-> 🎉 語法檢驗完美通過！
========================================
-> 🌍 [自動守護採購] 正在下載原始碼: https://raw.githubusercontent.com/fastapi/fastapi/refs/heads/master/fastapi/__init__.py
-> ✅ 原始碼下載成功。
-> 🧪 [深度融合] 正在將全球開源碼熔鑄至本地模組: FastAPIAuto
-> 💾 寫入硬碟成功: manufacturing_hub/fastapiauto_auto_fused.py
-> 🔍 [品質檢驗] 檢查模組語法: manufacturing_hub/fastapiauto_auto_fused.py
-> 🎉 語法檢驗完美通過！
========================================
-> 🌍 [自動守護採購] 正在下載原始碼: https://raw.githubusercontent.com/pallets/flask/refs/heads/main/src/flask/__init__.py
-> ✅ 原始碼下載成功。
-> 🧪 [深度融合] 正在將全球開源碼熔鑄至本地模組: FlaskAuto
-> 💾 寫入硬碟成功: manufacturing_hub/flaskauto_auto_fused.py
-> 🔍 [品質檢驗] 檢查模組語法: manufacturing_hub/flaskauto_auto_fused.py
-> 🎉 語法檢驗完美通過！
========================================
-> 🌍 [自動守護採購] 正在下載原始碼: https://raw.githubusercontent.com/pallets/click/refs/heads/main/src/click/__init__.py
-> ✅ 原始碼下載成功。
-> 🧪 [深度融合] 正在將全球開源碼熔鑄至本地模組: ClickAuto
-> 💾 寫入硬碟成功: manufacturing_hub/clickauto_auto_fused.py
-> 🔍 [品質檢驗] 檢查模組語法: manufacturing_hub/clickauto_auto_fused.py
-> 🎉 語法檢驗完美通過！
========================================
-> 🌍 [自動守護採購] 正在下載原始碼: https://raw.githubusercontent.com/Textualize/rich/refs/heads/main/rich/__init__.py
-> ✅ 原始碼下載成功。
-> 🧪 [深度融合] 正在將全球開源碼熔鑄至本地模組: RichAuto
-> 💾 寫入硬碟成功: manufacturing_hub/richauto_auto_fused.py
-> 🔍 [品質檢驗] 檢查模組語法: manufacturing_hub/richauto_auto_fused.py
-> 🎉 語法檢驗完美通過！
========================================
-> 🌍 [自動守護採購] 正在下載原始碼: https://raw.githubusercontent.com/pydantic/pydantic/refs/heads/main/pydantic/__init__.py
-> ✅ 原始碼下載成功。
-> 🧪 [深度融合] 正在將全球開源碼熔鑄至本地模組: PydanticAuto
-> 💾 寫入硬碟成功: manufacturing_hub/pydanticauto_auto_fused.py
-> 🔍 [品質檢驗] 檢查模組語法: manufacturing_hub/pydanticauto_auto_fused.py
-> 🎉 語法檢驗完美通過！

-> 💤 本輪巡航完畢。進入自動休眠，等待 30 秒後進行下一輪...

[2026-08-25 19:37:26] -> 🔄 開始新一輪全球開源專案自動巡航...
========================================
-> 🌍 [自動守護採購] 正在下載原始碼: https://raw.githubusercontent.com/psf/requests/refs/heads/main/src/requests/__init__.py
-> ✅ 原始碼下載成功。
-> 🧪 [深度融合] 正在將全球開源碼熔鑄至本地模組: RequestsAuto
-> 💾 寫入硬碟成功: manufacturing_hub/requestsauto_auto_fused.py
-> 🔍 [品質檢驗] 檢查模組語法: manufacturing_hub/requestsauto_auto_fused.py
-> 🎉 語法檢驗完美通過！
========================================
-> 🌍 [自動守護採購] 正在下載原始碼: https://raw.githubusercontent.com/fastapi/fastapi/refs/heads/master/fastapi/__init__.py
-> ✅ 原始碼下載成功。
-> 🧪 [深度融合] 正在將全球開源碼熔鑄至本地模組: FastAPIAuto
-> 💾 寫入硬碟成功: manufacturing_hub/fastapiauto_auto_fused.py
-> 🔍 [品質檢驗] 檢查模組語法: manufacturing_hub/fastapiauto_auto_fused.py
-> 🎉 語法檢驗完美通過！
========================================
-> 🌍 [自動守護採購] 正在下載原始碼: https://raw.githubusercontent.com/pallets/flask/refs/heads/main/src/flask/__init__.py
-> ✅ 原始碼下載成功。
-> 🧪 [深度融合] 正在將全球開源碼熔鑄至本地模組: FlaskAuto
-> 💾 寫入硬碟成功: manufacturing_hub/flaskauto_auto_fused.py
-> 🔍 [品質檢驗] 檢查模組語法: manufacturing_hub/flaskauto_auto_fused.py
-> 🎉 語法檢驗完美通過！
========================================
-> 🌍 [自動守護採購] 正在下載原始碼: https://raw.githubusercontent.com/pallets/click/refs/heads/main/src/click/__init__.py
-> ✅ 原始碼下載成功。
-> 🧪 [深度融合] 正在將全球開源碼熔鑄至本地模組: ClickAuto
-> 💾 寫入硬碟成功: manufacturing_hub/clickauto_auto_fused.py
-> 🔍 [品質檢驗] 檢查模組語法: manufacturing_hub/clickauto_auto_fused.py
-> 🎉 語法檢驗完美通過！
========================================
-> 🌍 [自動守護採購] 正在下載原始碼: https://raw.githubusercontent.com/Textualize/rich/refs/heads/main/rich/__init__.py
-> ✅ 原始碼下載成功。
-> 🧪 [深度融合] 正在將全球開源碼熔鑄至本地模組: RichAuto
-> 💾 寫入硬碟成功: manufacturing_hub/richauto_auto_fused.py
-> 🔍 [品質檢驗] 檢查模組語法: manufacturing_hub/richauto_auto_fused.py
-> 🎉 語法檢驗完美通過！
========================================
-> 🌍 [自動守護採購] 正在下載原始碼: https://raw.githubusercontent.com/pydantic/pydantic/refs/heads/main/pydantic/__init__.py
-> ✅ 原始碼下載成功。
-> 🧪 [深度融合] 正在將全球開源碼熔鑄至本地模組: PydanticAuto
-> 💾 寫入硬碟成功: manufacturing_hub/pydanticauto_auto_fused.py
-> 🔍 [品質檢驗] 檢查模組語法: manufacturing_hub/pydanticauto_auto_fused.py
-> 🎉 語法檢驗完美通過！

-> 💤 本輪巡航完畢。進入自動休眠，等待 30 秒後進行下一輪...

[2026-08-25 19:38:00] -> 🔄 開始新一輪全球開源專案自動巡航...
========================================
-> 🌍 [自動守護採購] 正在下載原始碼: https://raw.githubusercontent.com/psf/requests/refs/heads/main/src/requests/__init__.py
-> ✅ 原始碼下載成功。
-> 🧪 [深度融合] 正在將全球開源碼熔鑄至本地模組: RequestsAuto
-> 💾 寫入硬碟成功: manufacturing_hub/requestsauto_auto_fused.py
-> 🔍 [品質檢驗] 檢查模組語法: manufacturing_hub/requestsauto_auto_fused.py
-> 🎉 語法檢驗完美通過！
========================================
-> 🌍 [自動守護採購] 正在下載原始碼: https://raw.githubusercontent.com/fastapi/fastapi/refs/heads/master/fastapi/__init__.py
-> ✅ 原始碼下載成功。
-> 🧪 [深度融合] 正在將全球開源碼熔鑄至本地模組: FastAPIAuto
-> 💾 寫入硬碟成功: manufacturing_hub/fastapiauto_auto_fused.py
-> 🔍 [品質檢驗] 檢查模組語法: manufacturing_hub/fastapiauto_auto_fused.py
-> 🎉 語法檢驗完美通過！
========================================
-> 🌍 [自動守護採購] 正在下載原始碼: https://raw.githubusercontent.com/pallets/flask/refs/heads/main/src/flask/__init__.py
-> ✅ 原始碼下載成功。
-> 🧪 [深度融合] 正在將全球開源碼熔鑄至本地模組: FlaskAuto
-> 💾 寫入硬碟成功: manufacturing_hub/flaskauto_auto_fused.py
-> 🔍 [品質檢驗] 檢查模組語法: manufacturing_hub/flaskauto_auto_fused.py
-> 🎉 語法檢驗完美通過！
========================================
-> 🌍 [自動守護採購] 正在下載原始碼: https://raw.githubusercontent.com/pallets/click/refs/heads/main/src/click/__init__.py
-> ✅ 原始碼下載成功。
-> 🧪 [深度融合] 正在將全球開源碼熔鑄至本地模組: ClickAuto
-> 💾 寫入硬碟成功: manufacturing_hub/clickauto_auto_fused.py
-> 🔍 [品質檢驗] 檢查模組語法: manufacturing_hub/clickauto_auto_fused.py
-> 🎉 語法檢驗完美通過！
========================================
-> 🌍 [自動守護採購] 正在下載原始碼: https://raw.githubusercontent.com/Textualize/rich/refs/heads/main/rich/__init__.py
-> ✅ 原始碼下載成功。
-> 🧪 [深度融合] 正在將全球開源碼熔鑄至本地模組: RichAuto
-> 💾 寫入硬碟成功: manufacturing_hub/richauto_auto_fused.py
-> 🔍 [品質檢驗] 檢查模組語法: manufacturing_hub/richauto_auto_fused.py
-> 🎉 語法檢驗完美通過！
========================================
-> 🌍 [自動守護採購] 正在下載原始碼: https://raw.githubusercontent.com/pydantic/pydantic/refs/heads/main/pydantic/__init__.py
-> ✅ 原始碼下載成功。
-> 🧪 [深度融合] 正在將全球開源碼熔鑄至本地模組: PydanticAuto
-> 💾 寫入硬碟成功: manufacturing_hub/pydanticauto_auto_fused.py
-> 🔍 [品質檢驗] 檢查模組語法: manufacturing_hub/pydanticauto_auto_fused.py
-> 🎉 語法檢驗完美通過！

-> 💤 本輪巡航完畢。進入自動休眠，等待 30 秒後進行下一輪...

[2026-08-25 19:38:34] -> 🔄 開始新一輪全球開源專案自動巡航...
========================================
-> 🌍 [自動守護採購] 正在下載原始碼: https://raw.githubusercontent.com/psf/requests/refs/heads/main/src/requests/__init__.py
-> ✅ 原始碼下載成功。
-> 🧪 [深度融合] 正在將全球開源碼熔鑄至本地模組: RequestsAuto
-> 💾 寫入硬碟成功: manufacturing_hub/requestsauto_auto_fused.py
-> 🔍 [品質檢驗] 檢查模組語法: manufacturing_hub/requestsauto_auto_fused.py
-> 🎉 語法檢驗完美通過！
========================================
-> 🌍 [自動守護採購] 正在下載原始碼: https://raw.githubusercontent.com/fastapi/fastapi/refs/heads/master/fastapi/__init__.py
-> ✅ 原始碼下載成功。
-> 🧪 [深度融合] 正在將全球開源碼熔鑄至本地模組: FastAPIAuto
-> 💾 寫入硬碟成功: manufacturing_hub/fastapiauto_auto_fused.py
-> 🔍 [品質檢驗] 檢查模組語法: manufacturing_hub/fastapiauto_auto_fused.py
-> 🎉 語法檢驗完美通過！
========================================
-> 🌍 [自動守護採購] 正在下載原始碼: https://raw.githubusercontent.com/pallets/flask/refs/heads/main/src/flask/__init__.py
-> ✅ 原始碼下載成功。
-> 🧪 [深度融合] 正在將全球開源碼熔鑄至本地模組: FlaskAuto
-> 💾 寫入硬碟成功: manufacturing_hub/flaskauto_auto_fused.py
-> 🔍 [品質檢驗] 檢查模組語法: manufacturing_hub/flaskauto_auto_fused.py
-> 🎉 語法檢驗完美通過！
========================================
-> 🌍 [自動守護採購] 正在下載原始碼: https://raw.githubusercontent.com/pallets/click/refs/heads/main/src/click/__init__.py
-> ✅ 原始碼下載成功。
-> 🧪 [深度融合] 正在將全球開源碼熔鑄至本地模組: ClickAuto
-> 💾 寫入硬碟成功: manufacturing_hub/clickauto_auto_fused.py
-> 🔍 [品質檢驗] 檢查模組語法: manufacturing_hub/clickauto_auto_fused.py
-> 🎉 語法檢驗完美通過！
========================================
-> 🌍 [自動守護採購] 正在下載原始碼: https://raw.githubusercontent.com/Textualize/rich/refs/heads/main/rich/__init__.py
-> ✅ 原始碼下載成功。
-> 🧪 [深度融合] 正在將全球開源碼熔鑄至本地模組: RichAuto
-> 💾 寫入硬碟成功: manufacturing_hub/richauto_auto_fused.py
-> 🔍 [品質檢驗] 檢查模組語法: manufacturing_hub/richauto_auto_fused.py
-> 🎉 語法檢驗完美通過！
========================================
-> 🌍 [自動守護採購] 正在下載原始碼: https://raw.githubusercontent.com/pydantic/pydantic/refs/heads/main/pydantic/__init__.py
-> ✅ 原始碼下載成功。
-> 🧪 [深度融合] 正在將全球開源碼熔鑄至本地模組: PydanticAuto
-> 💾 寫入硬碟成功: manufacturing_hub/pydanticauto_auto_fused.py
-> 🔍 [品質檢驗] 檢查模組語法: manufacturing_hub/pydanticauto_auto_fused.py
-> 🎉 語法檢驗完美通過！

-> 💤 本輪巡航完畢。進入自動休眠，等待 30 秒後進行下一輪...

[2026-08-25 19:39:11] -> 🔄 開始新一輪全球開源專案自動巡航...
========================================
-> 🌍 [自動守護採購] 正在下載原始碼: https://raw.githubusercontent.com/psf/requests/refs/heads/main/src/requests/__init__.py
-> ✅ 原始碼下載成功。
-> 🧪 [深度融合] 正在將全球開源碼熔鑄至本地模組: RequestsAuto
-> 💾 寫入硬碟成功: manufacturing_hub/requestsauto_auto_fused.py
-> 🔍 [品質檢驗] 檢查模組語法: manufacturing_hub/requestsauto_auto_fused.py
-> 🎉 語法檢驗完美通過！
========================================
-> 🌍 [自動守護採購] 正在下載原始碼: https://raw.githubusercontent.com/fastapi/fastapi/refs/heads/master/fastapi/__init__.py
-> ✅ 原始碼下載成功。
-> 🧪 [深度融合] 正在將全球開源碼熔鑄至本地模組: FastAPIAuto
-> 💾 寫入硬碟成功: manufacturing_hub/fastapiauto_auto_fused.py
-> 🔍 [品質檢驗] 檢查模組語法: manufacturing_hub/fastapiauto_auto_fused.py
-> 🎉 語法檢驗完美通過！
========================================
-> 🌍 [自動守護採購] 正在下載原始碼: https://raw.githubusercontent.com/pallets/flask/refs/heads/main/src/flask/__init__.py
-> ✅ 原始碼下載成功。
-> 🧪 [深度融合] 正在將全球開源碼熔鑄至本地模組: FlaskAuto
-> 💾 寫入硬碟成功: manufacturing_hub/flaskauto_auto_fused.py
-> 🔍 [品質檢驗] 檢查模組語法: manufacturing_hub/flaskauto_auto_fused.py
-> 🎉 語法檢驗完美通過！
========================================
-> 🌍 [自動守護採購] 正在下載原始碼: https://raw.githubusercontent.com/pallets/click/refs/heads/main/src/click/__init__.py
-> ✅ 原始碼下載成功。
-> 🧪 [深度融合] 正在將全球開源碼熔鑄至本地模組: ClickAuto
-> 💾 寫入硬碟成功: manufacturing_hub/clickauto_auto_fused.py
-> 🔍 [品質檢驗] 檢查模組語法: manufacturing_hub/clickauto_auto_fused.py
-> 🎉 語法檢驗完美通過！
========================================
-> 🌍 [自動守護採購] 正在下載原始碼: https://raw.githubusercontent.com/Textualize/rich/refs/heads/main/rich/__init__.py
-> ✅ 原始碼下載成功。
-> 🧪 [深度融合] 正在將全球開源碼熔鑄至本地模組: RichAuto
-> 💾 寫入硬碟成功: manufacturing_hub/richauto_auto_fused.py
-> 🔍 [品質檢驗] 檢查模組語法: manufacturing_hub/richauto_auto_fused.py
-> 🎉 語法檢驗完美通過！
========================================
-> 🌍 [自動守護採購] 正在下載原始碼: https://raw.githubusercontent.com/pydantic/pydantic/refs/heads/main/pydantic/__init__.py
-> ✅ 原始碼下載成功。
-> 🧪 [深度融合] 正在將全球開源碼熔鑄至本地模組: PydanticAuto
-> 💾 寫入硬碟成功: manufacturing_hub/pydanticauto_auto_fused.py
-> 🔍 [品質檢驗] 檢查模組語法: manufacturing_hub/pydanticauto_auto_fused.py
-> 🎉 語法檢驗完美通過！

-> 💤 本輪巡航完畢。進入自動休眠，等待 30 秒後進行下一輪...

[2026-08-25 19:39:46] -> 🔄 開始新一輪全球開源專案自動巡航...
========================================
-> 🌍 [自動守護採購] 正在下載原始碼: https://raw.githubusercontent.com/psf/requests/refs/heads/main/src/requests/__init__.py
-> ✅ 原始碼下載成功。
-> 🧪 [深度融合] 正在將全球開源碼熔鑄至本地模組: RequestsAuto
-> 💾 寫入硬碟成功: manufacturing_hub/requestsauto_auto_fused.py
-> 🔍 [品質檢驗] 檢查模組語法: manufacturing_hub/requestsauto_auto_fused.py
-> 🎉 語法檢驗完美通過！
========================================
-> 🌍 [自動守護採購] 正在下載原始碼: https://raw.githubusercontent.com/fastapi/fastapi/refs/heads/master/fastapi/__init__.py
-> ✅ 原始碼下載成功。
-> 🧪 [深度融合] 正在將全球開源碼熔鑄至本地模組: FastAPIAuto
-> 💾 寫入硬碟成功: manufacturing_hub/fastapiauto_auto_fused.py
-> 🔍 [品質檢驗] 檢查模組語法: manufacturing_hub/fastapiauto_auto_fused.py
-> 🎉 語法檢驗完美通過！
========================================
-> 🌍 [自動守護採購] 正在下載原始碼: https://raw.githubusercontent.com/pallets/flask/refs/heads/main/src/flask/__init__.py
-> ✅ 原始碼下載成功。
-> 🧪 [深度融合] 正在將全球開源碼熔鑄至本地模組: FlaskAuto
-> 💾 寫入硬碟成功: manufacturing_hub/flaskauto_auto_fused.py
-> 🔍 [品質檢驗] 檢查模組語法: manufacturing_hub/flaskauto_auto_fused.py
-> 🎉 語法檢驗完美通過！
========================================
-> 🌍 [自動守護採購] 正在下載原始碼: https://raw.githubusercontent.com/pallets/click/refs/heads/main/src/click/__init__.py
-> ✅ 原始碼下載成功。
-> 🧪 [深度融合] 正在將全球開源碼熔鑄至本地模組: ClickAuto
-> 💾 寫入硬碟成功: manufacturing_hub/clickauto_auto_fused.py
-> 🔍 [品質檢驗] 檢查模組語法: manufacturing_hub/clickauto_auto_fused.py
-> 🎉 語法檢驗完美通過！
========================================
-> 🌍 [自動守護採購] 正在下載原始碼: https://raw.githubusercontent.com/Textualize/rich/refs/heads/main/rich/__init__.py
-> ✅ 原始碼下載成功。
-> 🧪 [深度融合] 正在將全球開源碼熔鑄至本地模組: RichAuto
-> 💾 寫入硬碟成功: manufacturing_hub/richauto_auto_fused.py
-> 🔍 [品質檢驗] 檢查模組語法: manufacturing_hub/richauto_auto_fused.py
-> 🎉 語法檢驗完美通過！
========================================
-> 🌍 [自動守護採購] 正在下載原始碼: https://raw.githubusercontent.com/pydantic/pydantic/refs/heads/main/pydantic/__init__.py
-> ✅ 原始碼下載成功。
-> 🧪 [深度融合] 正在將全球開源碼熔鑄至本地模組: PydanticAuto
-> 💾 寫入硬碟成功: manufacturing_hub/pydanticauto_auto_fused.py
-> 🔍 [品質檢驗] 檢查模組語法: manufacturing_hub/pydanticauto_auto_fused.py
-> 🎉 語法檢驗完美通過！

-> 💤 本輪巡航完畢。進入自動休眠，等待 30 秒後進行下一輪...

[2026-08-25 19:40:19] -> 🔄 開始新一輪全球開源專案自動巡航...
========================================
-> 🌍 [自動守護採購] 正在下載原始碼: https://raw.githubusercontent.com/psf/requests/refs/heads/main/src/requests/__init__.py
-> ✅ 原始碼下載成功。
-> 🧪 [深度融合] 正在將全球開源碼熔鑄至本地模組: RequestsAuto
-> 💾 寫入硬碟成功: manufacturing_hub/requestsauto_auto_fused.py
-> 🔍 [品質檢驗] 檢查模組語法: manufacturing_hub/requestsauto_auto_fused.py
-> 🎉 語法檢驗完美通過！
========================================
-> 🌍 [自動守護採購] 正在下載原始碼: https://raw.githubusercontent.com/fastapi/fastapi/refs/heads/master/fastapi/__init__.py
-> ✅ 原始碼下載成功。
-> 🧪 [深度融合] 正在將全球開源碼熔鑄至本地模組: FastAPIAuto
-> 💾 寫入硬碟成功: manufacturing_hub/fastapiauto_auto_fused.py
-> 🔍 [品質檢驗] 檢查模組語法: manufacturing_hub/fastapiauto_auto_fused.py
-> 🎉 語法檢驗完美通過！
========================================
-> 🌍 [自動守護採購] 正在下載原始碼: https://raw.githubusercontent.com/pallets/flask/refs/heads/main/src/flask/__init__.py
-> ✅ 原始碼下載成功。
-> 🧪 [深度融合] 正在將全球開源碼熔鑄至本地模組: FlaskAuto
-> 💾 寫入硬碟成功: manufacturing_hub/flaskauto_auto_fused.py
-> 🔍 [品質檢驗] 檢查模組語法: manufacturing_hub/flaskauto_auto_fused.py
-> 🎉 語法檢驗完美通過！
========================================
-> 🌍 [自動守護採購] 正在下載原始碼: https://raw.githubusercontent.com/pallets/click/refs/heads/main/src/click/__init__.py
-> ✅ 原始碼下載成功。
-> 🧪 [深度融合] 正在將全球開源碼熔鑄至本地模組: ClickAuto
-> 💾 寫入硬碟成功: manufacturing_hub/clickauto_auto_fused.py
-> 🔍 [品質檢驗] 檢查模組語法: manufacturing_hub/clickauto_auto_fused.py
-> 🎉 語法檢驗完美通過！
========================================
-> 🌍 [自動守護採購] 正在下載原始碼: https://raw.githubusercontent.com/Textualize/rich/refs/heads/main/rich/__init__.py
-> ✅ 原始碼下載成功。
-> 🧪 [深度融合] 正在將全球開源碼熔鑄至本地模組: RichAuto
-> 💾 寫入硬碟成功: manufacturing_hub/richauto_auto_fused.py
-> 🔍 [品質檢驗] 檢查模組語法: manufacturing_hub/richauto_auto_fused.py
-> 🎉 語法檢驗完美通過！
========================================
-> 🌍 [自動守護採購] 正在下載原始碼: https://raw.githubusercontent.com/pydantic/pydantic/refs/heads/main/pydantic/__init__.py
-> ✅ 原始碼下載成功。
-> 🧪 [深度融合] 正在將全球開源碼熔鑄至本地模組: PydanticAuto
-> 💾 寫入硬碟成功: manufacturing_hub/pydanticauto_auto_fused.py
-> 🔍 [品質檢驗] 檢查模組語法: manufacturing_hub/pydanticauto_auto_fused.py
-> 🎉 語法檢驗完美通過！

-> 💤 本輪巡航完畢。進入自動休眠，等待 30 秒後進行下一輪...

[2026-08-25 19:40:53] -> 🔄 開始新一輪全球開源專案自動巡航...
========================================
-> 🌍 [自動守護採購] 正在下載原始碼: https://raw.githubusercontent.com/psf/requests/refs/heads/main/src/requests/__init__.py
-> ✅ 原始碼下載成功。
-> 🧪 [深度融合] 正在將全球開源碼熔鑄至本地模組: RequestsAuto
-> 💾 寫入硬碟成功: manufacturing_hub/requestsauto_auto_fused.py
-> 🔍 [品質檢驗] 檢查模組語法: manufacturing_hub/requestsauto_auto_fused.py
-> 🎉 語法檢驗完美通過！
========================================
-> 🌍 [自動守護採購] 正在下載原始碼: https://raw.githubusercontent.com/fastapi/fastapi/refs/heads/master/fastapi/__init__.py
-> ⚠️ 下載失敗 (嘗試 1/3): <urlopen error [Errno 104] Connection reset by peer>
-> ✅ 原始碼下載成功。
-> 🧪 [深度融合] 正在將全球開源碼熔鑄至本地模組: FastAPIAuto
-> 💾 寫入硬碟成功: manufacturing_hub/fastapiauto_auto_fused.py
-> 🔍 [品質檢驗] 檢查模組語法: manufacturing_hub/fastapiauto_auto_fused.py
-> 🎉 語法檢驗完美通過！
========================================
-> 🌍 [自動守護採購] 正在下載原始碼: https://raw.githubusercontent.com/pallets/flask/refs/heads/main/src/flask/__init__.py
-> ✅ 原始碼下載成功。
-> 🧪 [深度融合] 正在將全球開源碼熔鑄至本地模組: FlaskAuto
-> 💾 寫入硬碟成功: manufacturing_hub/flaskauto_auto_fused.py
-> 🔍 [品質檢驗] 檢查模組語法: manufacturing_hub/flaskauto_auto_fused.py
-> 🎉 語法檢驗完美通過！
========================================
-> 🌍 [自動守護採購] 正在下載原始碼: https://raw.githubusercontent.com/pallets/click/refs/heads/main/src/click/__init__.py
-> ✅ 原始碼下載成功。
-> 🧪 [深度融合] 正在將全球開源碼熔鑄至本地模組: ClickAuto
-> 💾 寫入硬碟成功: manufacturing_hub/clickauto_auto_fused.py
-> 🔍 [品質檢驗] 檢查模組語法: manufacturing_hub/clickauto_auto_fused.py
-> 🎉 語法檢驗完美通過！
========================================
-> 🌍 [自動守護採購] 正在下載原始碼: https://raw.githubusercontent.com/Textualize/rich/refs/heads/main/rich/__init__.py
-> ✅ 原始碼下載成功。
-> 🧪 [深度融合] 正在將全球開源碼熔鑄至本地模組: RichAuto
-> 💾 寫入硬碟成功: manufacturing_hub/richauto_auto_fused.py
-> 🔍 [品質檢驗] 檢查模組語法: manufacturing_hub/richauto_auto_fused.py
-> 🎉 語法檢驗完美通過！
========================================
-> 🌍 [自動守護採購] 正在下載原始碼: https://raw.githubusercontent.com/pydantic/pydantic/refs/heads/main/pydantic/__init__.py
-> ✅ 原始碼下載成功。
-> 🧪 [深度融合] 正在將全球開源碼熔鑄至本地模組: PydanticAuto
-> 💾 寫入硬碟成功: manufacturing_hub/pydanticauto_auto_fused.py
-> 🔍 [品質檢驗] 檢查模組語法: manufacturing_hub/pydanticauto_auto_fused.py
-> 🎉 語法檢驗完美通過！

-> 💤 本輪巡航完畢。進入自動休眠，等待 30 秒後進行下一輪...

[2026-08-25 19:41:30] -> 🔄 開始新一輪全球開源專案自動巡航...
========================================
-> 🌍 [自動守護採購] 正在下載原始碼: https://raw.githubusercontent.com/psf/requests/refs/heads/main/src/requests/__init__.py
-> ✅ 原始碼下載成功。
-> 🧪 [深度融合] 正在將全球開源碼熔鑄至本地模組: RequestsAuto
-> 💾 寫入硬碟成功: manufacturing_hub/requestsauto_auto_fused.py
-> 🔍 [品質檢驗] 檢查模組語法: manufacturing_hub/requestsauto_auto_fused.py
-> 🎉 語法檢驗完美通過！
========================================
-> 🌍 [自動守護採購] 正在下載原始碼: https://raw.githubusercontent.com/fastapi/fastapi/refs/heads/master/fastapi/__init__.py
-> ✅ 原始碼下載成功。
-> 🧪 [深度融合] 正在將全球開源碼熔鑄至本地模組: FastAPIAuto
-> 💾 寫入硬碟成功: manufacturing_hub/fastapiauto_auto_fused.py
-> 🔍 [品質檢驗] 檢查模組語法: manufacturing_hub/fastapiauto_auto_fused.py
-> 🎉 語法檢驗完美通過！
========================================
-> 🌍 [自動守護採購] 正在下載原始碼: https://raw.githubusercontent.com/pallets/flask/refs/heads/main/src/flask/__init__.py
-> ✅ 原始碼下載成功。
-> 🧪 [深度融合] 正在將全球開源碼熔鑄至本地模組: FlaskAuto
-> 💾 寫入硬碟成功: manufacturing_hub/flaskauto_auto_fused.py
-> 🔍 [品質檢驗] 檢查模組語法: manufacturing_hub/flaskauto_auto_fused.py
-> 🎉 語法檢驗完美通過！
========================================
-> 🌍 [自動守護採購] 正在下載原始碼: https://raw.githubusercontent.com/pallets/click/refs/heads/main/src/click/__init__.py
-> ✅ 原始碼下載成功。
-> 🧪 [深度融合] 正在將全球開源碼熔鑄至本地模組: ClickAuto
-> 💾 寫入硬碟成功: manufacturing_hub/clickauto_auto_fused.py
-> 🔍 [品質檢驗] 檢查模組語法: manufacturing_hub/clickauto_auto_fused.py
-> 🎉 語法檢驗完美通過！
========================================
-> 🌍 [自動守護採購] 正在下載原始碼: https://raw.githubusercontent.com/Textualize/rich/refs/heads/main/rich/__init__.py
-> ✅ 原始碼下載成功。
-> 🧪 [深度融合] 正在將全球開源碼熔鑄至本地模組: RichAuto
-> 💾 寫入硬碟成功: manufacturing_hub/richauto_auto_fused.py
-> 🔍 [品質檢驗] 檢查模組語法: manufacturing_hub/richauto_auto_fused.py
-> 🎉 語法檢驗完美通過！
========================================
-> 🌍 [自動守護採購] 正在下載原始碼: https://raw.githubusercontent.com/pydantic/pydantic/refs/heads/main/pydantic/__init__.py
-> ✅ 原始碼下載成功。
-> 🧪 [深度融合] 正在將全球開源碼熔鑄至本地模組: PydanticAuto
-> 💾 寫入硬碟成功: manufacturing_hub/pydanticauto_auto_fused.py
-> 🔍 [品質檢驗] 檢查模組語法: manufacturing_hub/pydanticauto_auto_fused.py
-> 🎉 語法檢驗完美通過！

-> 💤 本輪巡航完畢。進入自動休眠，等待 30 秒後進行下一輪...

[2026-08-25 19:42:04] -> 🔄 開始新一輪全球開源專案自動巡航...
========================================
-> 🌍 [自動守護採購] 正在下載原始碼: https://raw.githubusercontent.com/psf/requests/refs/heads/main/src/requests/__init__.py
-> ✅ 原始碼下載成功。
-> 🧪 [深度融合] 正在將全球開源碼熔鑄至本地模組: RequestsAuto
-> 💾 寫入硬碟成功: manufacturing_hub/requestsauto_auto_fused.py
-> 🔍 [品質檢驗] 檢查模組語法: manufacturing_hub/requestsauto_auto_fused.py
-> 🎉 語法檢驗完美通過！
========================================
-> 🌍 [自動守護採購] 正在下載原始碼: https://raw.githubusercontent.com/fastapi/fastapi/refs/heads/master/fastapi/__init__.py
-> ✅ 原始碼下載成功。
-> 🧪 [深度融合] 正在將全球開源碼熔鑄至本地模組: FastAPIAuto
-> 💾 寫入硬碟成功: manufacturing_hub/fastapiauto_auto_fused.py
-> 🔍 [品質檢驗] 檢查模組語法: manufacturing_hub/fastapiauto_auto_fused.py
-> 🎉 語法檢驗完美通過！
========================================
-> 🌍 [自動守護採購] 正在下載原始碼: https://raw.githubusercontent.com/pallets/flask/refs/heads/main/src/flask/__init__.py
-> ✅ 原始碼下載成功。
-> 🧪 [深度融合] 正在將全球開源碼熔鑄至本地模組: FlaskAuto
-> 💾 寫入硬碟成功: manufacturing_hub/flaskauto_auto_fused.py
-> 🔍 [品質檢驗] 檢查模組語法: manufacturing_hub/flaskauto_auto_fused.py
-> 🎉 語法檢驗完美通過！
========================================
-> 🌍 [自動守護採購] 正在下載原始碼: https://raw.githubusercontent.com/pallets/click/refs/heads/main/src/click/__init__.py
-> ✅ 原始碼下載成功。
-> 🧪 [深度融合] 正在將全球開源碼熔鑄至本地模組: ClickAuto
-> 💾 寫入硬碟成功: manufacturing_hub/clickauto_auto_fused.py
-> 🔍 [品質檢驗] 檢查模組語法: manufacturing_hub/clickauto_auto_fused.py
-> 🎉 語法檢驗完美通過！
========================================
-> 🌍 [自動守護採購] 正在下載原始碼: https://raw.githubusercontent.com/Textualize/rich/refs/heads/main/rich/__init__.py
-> ✅ 原始碼下載成功。
-> 🧪 [深度融合] 正在將全球開源碼熔鑄至本地模組: RichAuto
-> 💾 寫入硬碟成功: manufacturing_hub/richauto_auto_fused.py
-> 🔍 [品質檢驗] 檢查模組語法: manufacturing_hub/richauto_auto_fused.py
-> 🎉 語法檢驗完美通過！
========================================
-> 🌍 [自動守護採購] 正在下載原始碼: https://raw.githubusercontent.com/pydantic/pydantic/refs/heads/main/pydantic/__init__.py
-> ✅ 原始碼下載成功。
-> 🧪 [深度融合] 正在將全球開源碼熔鑄至本地模組: PydanticAuto
-> 💾 寫入硬碟成功: manufacturing_hub/pydanticauto_auto_fused.py
-> 🔍 [品質檢驗] 檢查模組語法: manufacturing_hub/pydanticauto_auto_fused.py
-> 🎉 語法檢驗完美通過！

-> 💤 本輪巡航完畢。進入自動休眠，等待 30 秒後進行下一輪...

[2026-08-25 19:42:37] -> 🔄 開始新一輪全球開源專案自動巡航...
========================================
-> 🌍 [自動守護採購] 正在下載原始碼: https://raw.githubusercontent.com/psf/requests/refs/heads/main/src/requests/__init__.py
-> ✅ 原始碼下載成功。
-> 🧪 [深度融合] 正在將全球開源碼熔鑄至本地模組: RequestsAuto
-> 💾 寫入硬碟成功: manufacturing_hub/requestsauto_auto_fused.py
-> 🔍 [品質檢驗] 檢查模組語法: manufacturing_hub/requestsauto_auto_fused.py
-> 🎉 語法檢驗完美通過！
========================================
-> 🌍 [自動守護採購] 正在下載原始碼: https://raw.githubusercontent.com/fastapi/fastapi/refs/heads/master/fastapi/__init__.py
-> ✅ 原始碼下載成功。
-> 🧪 [深度融合] 正在將全球開源碼熔鑄至本地模組: FastAPIAuto
-> 💾 寫入硬碟成功: manufacturing_hub/fastapiauto_auto_fused.py
-> 🔍 [品質檢驗] 檢查模組語法: manufacturing_hub/fastapiauto_auto_fused.py
-> 🎉 語法檢驗完美通過！
========================================
-> 🌍 [自動守護採購] 正在下載原始碼: https://raw.githubusercontent.com/pallets/flask/refs/heads/main/src/flask/__init__.py
-> ✅ 原始碼下載成功。
-> 🧪 [深度融合] 正在將全球開源碼熔鑄至本地模組: FlaskAuto
-> 💾 寫入硬碟成功: manufacturing_hub/flaskauto_auto_fused.py
-> 🔍 [品質檢驗] 檢查模組語法: manufacturing_hub/flaskauto_auto_fused.py
-> 🎉 語法檢驗完美通過！
========================================
-> 🌍 [自動守護採購] 正在下載原始碼: https://raw.githubusercontent.com/pallets/click/refs/heads/main/src/click/__init__.py
-> ✅ 原始碼下載成功。
-> 🧪 [深度融合] 正在將全球開源碼熔鑄至本地模組: ClickAuto
-> 💾 寫入硬碟成功: manufacturing_hub/clickauto_auto_fused.py
-> 🔍 [品質檢驗] 檢查模組語法: manufacturing_hub/clickauto_auto_fused.py
-> 🎉 語法檢驗完美通過！
========================================
-> 🌍 [自動守護採購] 正在下載原始碼: https://raw.githubusercontent.com/Textualize/rich/refs/heads/main/rich/__init__.py
-> ✅ 原始碼下載成功。
-> 🧪 [深度融合] 正在將全球開源碼熔鑄至本地模組: RichAuto
-> 💾 寫入硬碟成功: manufacturing_hub/richauto_auto_fused.py
-> 🔍 [品質檢驗] 檢查模組語法: manufacturing_hub/richauto_auto_fused.py
-> 🎉 語法檢驗完美通過！
========================================
-> 🌍 [自動守護採購] 正在下載原始碼: https://raw.githubusercontent.com/pydantic/pydantic/refs/heads/main/pydantic/__init__.py
-> ✅ 原始碼下載成功。
-> 🧪 [深度融合] 正在將全球開源碼熔鑄至本地模組: PydanticAuto
-> 💾 寫入硬碟成功: manufacturing_hub/pydanticauto_auto_fused.py
-> 🔍 [品質檢驗] 檢查模組語法: manufacturing_hub/pydanticauto_auto_fused.py
-> 🎉 語法檢驗完美通過！

-> 💤 本輪巡航完畢。進入自動休眠，等待 30 秒後進行下一輪...

[2026-08-25 19:43:11] -> 🔄 開始新一輪全球開源專案自動巡航...
========================================
-> 🌍 [自動守護採購] 正在下載原始碼: https://raw.githubusercontent.com/psf/requests/refs/heads/main/src/requests/__init__.py
-> ✅ 原始碼下載成功。
-> 🧪 [深度融合] 正在將全球開源碼熔鑄至本地模組: RequestsAuto
-> 💾 寫入硬碟成功: manufacturing_hub/requestsauto_auto_fused.py
-> 🔍 [品質檢驗] 檢查模組語法: manufacturing_hub/requestsauto_auto_fused.py
-> 🎉 語法檢驗完美通過！
========================================
-> 🌍 [自動守護採購] 正在下載原始碼: https://raw.githubusercontent.com/fastapi/fastapi/refs/heads/master/fastapi/__init__.py
-> ✅ 原始碼下載成功。
-> 🧪 [深度融合] 正在將全球開源碼熔鑄至本地模組: FastAPIAuto
-> 💾 寫入硬碟成功: manufacturing_hub/fastapiauto_auto_fused.py
-> 🔍 [品質檢驗] 檢查模組語法: manufacturing_hub/fastapiauto_auto_fused.py
-> 🎉 語法檢驗完美通過！
========================================
-> 🌍 [自動守護採購] 正在下載原始碼: https://raw.githubusercontent.com/pallets/flask/refs/heads/main/src/flask/__init__.py
-> ✅ 原始碼下載成功。
-> 🧪 [深度融合] 正在將全球開源碼熔鑄至本地模組: FlaskAuto
-> 💾 寫入硬碟成功: manufacturing_hub/flaskauto_auto_fused.py
-> 🔍 [品質檢驗] 檢查模組語法: manufacturing_hub/flaskauto_auto_fused.py
-> 🎉 語法檢驗完美通過！
========================================
-> 🌍 [自動守護採購] 正在下載原始碼: https://raw.githubusercontent.com/pallets/click/refs/heads/main/src/click/__init__.py
-> ✅ 原始碼下載成功。
-> 🧪 [深度融合] 正在將全球開源碼熔鑄至本地模組: ClickAuto
-> 💾 寫入硬碟成功: manufacturing_hub/clickauto_auto_fused.py
-> 🔍 [品質檢驗] 檢查模組語法: manufacturing_hub/clickauto_auto_fused.py
-> 🎉 語法檢驗完美通過！
========================================
-> 🌍 [自動守護採購] 正在下載原始碼: https://raw.githubusercontent.com/Textualize/rich/refs/heads/main/rich/__init__.py
-> ✅ 原始碼下載成功。
-> 🧪 [深度融合] 正在將全球開源碼熔鑄至本地模組: RichAuto
-> 💾 寫入硬碟成功: manufacturing_hub/richauto_auto_fused.py
-> 🔍 [品質檢驗] 檢查模組語法: manufacturing_hub/richauto_auto_fused.py
-> 🎉 語法檢驗完美通過！
========================================
-> 🌍 [自動守護採購] 正在下載原始碼: https://raw.githubusercontent.com/pydantic/pydantic/refs/heads/main/pydantic/__init__.py
-> ✅ 原始碼下載成功。
-> 🧪 [深度融合] 正在將全球開源碼熔鑄至本地模組: PydanticAuto
-> 💾 寫入硬碟成功: manufacturing_hub/pydanticauto_auto_fused.py
-> 🔍 [品質檢驗] 檢查模組語法: manufacturing_hub/pydanticauto_auto_fused.py
-> 🎉 語法檢驗完美通過！

-> 💤 本輪巡航完畢。進入自動休眠，等待 30 秒後進行下一輪...

[2026-08-25 19:43:44] -> 🔄 開始新一輪全球開源專案自動巡航...
========================================
-> 🌍 [自動守護採購] 正在下載原始碼: https://raw.githubusercontent.com/psf/requests/refs/heads/main/src/requests/__init__.py
-> ✅ 原始碼下載成功。
-> 🧪 [深度融合] 正在將全球開源碼熔鑄至本地模組: RequestsAuto
-> 💾 寫入硬碟成功: manufacturing_hub/requestsauto_auto_fused.py
-> 🔍 [品質檢驗] 檢查模組語法: manufacturing_hub/requestsauto_auto_fused.py
-> 🎉 語法檢驗完美通過！
========================================
-> 🌍 [自動守護採購] 正在下載原始碼: https://raw.githubusercontent.com/fastapi/fastapi/refs/heads/master/fastapi/__init__.py
-> ✅ 原始碼下載成功。
-> 🧪 [深度融合] 正在將全球開源碼熔鑄至本地模組: FastAPIAuto
-> 💾 寫入硬碟成功: manufacturing_hub/fastapiauto_auto_fused.py
-> 🔍 [品質檢驗] 檢查模組語法: manufacturing_hub/fastapiauto_auto_fused.py
-> 🎉 語法檢驗完美通過！
========================================
-> 🌍 [自動守護採購] 正在下載原始碼: https://raw.githubusercontent.com/pallets/flask/refs/heads/main/src/flask/__init__.py
-> ✅ 原始碼下載成功。
-> 🧪 [深度融合] 正在將全球開源碼熔鑄至本地模組: FlaskAuto
-> 💾 寫入硬碟成功: manufacturing_hub/flaskauto_auto_fused.py
-> 🔍 [品質檢驗] 檢查模組語法: manufacturing_hub/flaskauto_auto_fused.py
-> 🎉 語法檢驗完美通過！
========================================
-> 🌍 [自動守護採購] 正在下載原始碼: https://raw.githubusercontent.com/pallets/click/refs/heads/main/src/click/__init__.py
-> ✅ 原始碼下載成功。
-> 🧪 [深度融合] 正在將全球開源碼熔鑄至本地模組: ClickAuto
-> 💾 寫入硬碟成功: manufacturing_hub/clickauto_auto_fused.py
-> 🔍 [品質檢驗] 檢查模組語法: manufacturing_hub/clickauto_auto_fused.py
-> 🎉 語法檢驗完美通過！
========================================
-> 🌍 [自動守護採購] 正在下載原始碼: https://raw.githubusercontent.com/Textualize/rich/refs/heads/main/rich/__init__.py
-> ✅ 原始碼下載成功。
-> 🧪 [深度融合] 正在將全球開源碼熔鑄至本地模組: RichAuto
-> 💾 寫入硬碟成功: manufacturing_hub/richauto_auto_fused.py
-> 🔍 [品質檢驗] 檢查模組語法: manufacturing_hub/richauto_auto_fused.py
-> 🎉 語法檢驗完美通過！
========================================
-> 🌍 [自動守護採購] 正在下載原始碼: https://raw.githubusercontent.com/pydantic/pydantic/refs/heads/main/pydantic/__init__.py
-> ✅ 原始碼下載成功。
-> 🧪 [深度融合] 正在將全球開源碼熔鑄至本地模組: PydanticAuto
-> 💾 寫入硬碟成功: manufacturing_hub/pydanticauto_auto_fused.py
-> 🔍 [品質檢驗] 檢查模組語法: manufacturing_hub/pydanticauto_auto_fused.py
-> 🎉 語法檢驗完美通過！

-> 💤 本輪巡航完畢。進入自動休眠，等待 30 秒後進行下一輪...

[2026-08-25 19:44:26] -> 🔄 開始新一輪全球開源專案自動巡航...
========================================
-> 🌍 [自動守護採購] 正在下載原始碼: https://raw.githubusercontent.com/psf/requests/refs/heads/main/src/requests/__init__.py
-> ✅ 原始碼下載成功。
-> 🧪 [深度融合] 正在將全球開源碼熔鑄至本地模組: RequestsAuto
-> 💾 寫入硬碟成功: manufacturing_hub/requestsauto_auto_fused.py
-> 🔍 [品質檢驗] 檢查模組語法: manufacturing_hub/requestsauto_auto_fused.py
-> 🎉 語法檢驗完美通過！
========================================
-> 🌍 [自動守護採購] 正在下載原始碼: https://raw.githubusercontent.com/fastapi/fastapi/refs/heads/master/fastapi/__init__.py
-> ✅ 原始碼下載成功。
-> 🧪 [深度融合] 正在將全球開源碼熔鑄至本地模組: FastAPIAuto
-> 💾 寫入硬碟成功: manufacturing_hub/fastapiauto_auto_fused.py
-> 🔍 [品質檢驗] 檢查模組語法: manufacturing_hub/fastapiauto_auto_fused.py
-> 🎉 語法檢驗完美通過！
========================================
-> 🌍 [自動守護採購] 正在下載原始碼: https://raw.githubusercontent.com/pallets/flask/refs/heads/main/src/flask/__init__.py
-> ✅ 原始碼下載成功。
-> 🧪 [深度融合] 正在將全球開源碼熔鑄至本地模組: FlaskAuto
-> 💾 寫入硬碟成功: manufacturing_hub/flaskauto_auto_fused.py
-> 🔍 [品質檢驗] 檢查模組語法: manufacturing_hub/flaskauto_auto_fused.py
-> 🎉 語法檢驗完美通過！
========================================
-> 🌍 [自動守護採購] 正在下載原始碼: https://raw.githubusercontent.com/pallets/click/refs/heads/main/src/click/__init__.py
-> ✅ 原始碼下載成功。
-> 🧪 [深度融合] 正在將全球開源碼熔鑄至本地模組: ClickAuto
-> 💾 寫入硬碟成功: manufacturing_hub/clickauto_auto_fused.py
-> 🔍 [品質檢驗] 檢查模組語法: manufacturing_hub/clickauto_auto_fused.py
-> 🎉 語法檢驗完美通過！
========================================
-> 🌍 [自動守護採購] 正在下載原始碼: https://raw.githubusercontent.com/Textualize/rich/refs/heads/main/rich/__init__.py
-> ✅ 原始碼下載成功。
-> 🧪 [深度融合] 正在將全球開源碼熔鑄至本地模組: RichAuto
-> 💾 寫入硬碟成功: manufacturing_hub/richauto_auto_fused.py
-> 🔍 [品質檢驗] 檢查模組語法: manufacturing_hub/richauto_auto_fused.py
-> 🎉 語法檢驗完美通過！
========================================
-> 🌍 [自動守護採購] 正在下載原始碼: https://raw.githubusercontent.com/pydantic/pydantic/refs/heads/main/pydantic/__init__.py
-> ✅ 原始碼下載成功。
-> 🧪 [深度融合] 正在將全球開源碼熔鑄至本地模組: PydanticAuto
-> 💾 寫入硬碟成功: manufacturing_hub/pydanticauto_auto_fused.py
-> 🔍 [品質檢驗] 檢查模組語法: manufacturing_hub/pydanticauto_auto_fused.py
-> 🎉 語法檢驗完美通過！

-> 💤 本輪巡航完畢。進入自動休眠，等待 30 秒後進行下一輪...

[2026-08-25 19:45:01] -> 🔄 開始新一輪全球開源專案自動巡航...
========================================
-> 🌍 [自動守護採購] 正在下載原始碼: https://raw.githubusercontent.com/psf/requests/refs/heads/main/src/requests/__init__.py
-> ✅ 原始碼下載成功。
-> 🧪 [深度融合] 正在將全球開源碼熔鑄至本地模組: RequestsAuto
-> 💾 寫入硬碟成功: manufacturing_hub/requestsauto_auto_fused.py
-> 🔍 [品質檢驗] 檢查模組語法: manufacturing_hub/requestsauto_auto_fused.py
-> 🎉 語法檢驗完美通過！
========================================
-> 🌍 [自動守護採購] 正在下載原始碼: https://raw.githubusercontent.com/fastapi/fastapi/refs/heads/master/fastapi/__init__.py
-> ✅ 原始碼下載成功。
-> 🧪 [深度融合] 正在將全球開源碼熔鑄至本地模組: FastAPIAuto
-> 💾 寫入硬碟成功: manufacturing_hub/fastapiauto_auto_fused.py
-> 🔍 [品質檢驗] 檢查模組語法: manufacturing_hub/fastapiauto_auto_fused.py
-> 🎉 語法檢驗完美通過！
========================================
-> 🌍 [自動守護採購] 正在下載原始碼: https://raw.githubusercontent.com/pallets/flask/refs/heads/main/src/flask/__init__.py
-> ✅ 原始碼下載成功。
-> 🧪 [深度融合] 正在將全球開源碼熔鑄至本地模組: FlaskAuto
-> 💾 寫入硬碟成功: manufacturing_hub/flaskauto_auto_fused.py
-> 🔍 [品質檢驗] 檢查模組語法: manufacturing_hub/flaskauto_auto_fused.py
-> 🎉 語法檢驗完美通過！
========================================
-> 🌍 [自動守護採購] 正在下載原始碼: https://raw.githubusercontent.com/pallets/click/refs/heads/main/src/click/__init__.py
-> ✅ 原始碼下載成功。
-> 🧪 [深度融合] 正在將全球開源碼熔鑄至本地模組: ClickAuto
-> 💾 寫入硬碟成功: manufacturing_hub/clickauto_auto_fused.py
-> 🔍 [品質檢驗] 檢查模組語法: manufacturing_hub/clickauto_auto_fused.py
-> 🎉 語法檢驗完美通過！
========================================
-> 🌍 [自動守護採購] 正在下載原始碼: https://raw.githubusercontent.com/Textualize/rich/refs/heads/main/rich/__init__.py
-> ✅ 原始碼下載成功。
-> 🧪 [深度融合] 正在將全球開源碼熔鑄至本地模組: RichAuto
-> 💾 寫入硬碟成功: manufacturing_hub/richauto_auto_fused.py
-> 🔍 [品質檢驗] 檢查模組語法: manufacturing_hub/richauto_auto_fused.py
-> 🎉 語法檢驗完美通過！
========================================
-> 🌍 [自動守護採購] 正在下載原始碼: https://raw.githubusercontent.com/pydantic/pydantic/refs/heads/main/pydantic/__init__.py
-> ✅ 原始碼下載成功。
-> 🧪 [深度融合] 正在將全球開源碼熔鑄至本地模組: PydanticAuto
-> 💾 寫入硬碟成功: manufacturing_hub/pydanticauto_auto_fused.py
-> 🔍 [品質檢驗] 檢查模組語法: manufacturing_hub/pydanticauto_auto_fused.py
-> 🎉 語法檢驗完美通過！

-> 💤 本輪巡航完畢。進入自動休眠，等待 30 秒後進行下一輪...

[2026-08-25 19:45:35] -> 🔄 開始新一輪全球開源專案自動巡航...
========================================
-> 🌍 [自動守護採購] 正在下載原始碼: https://raw.githubusercontent.com/psf/requests/refs/heads/main/src/requests/__init__.py
-> ✅ 原始碼下載成功。
-> 🧪 [深度融合] 正在將全球開源碼熔鑄至本地模組: RequestsAuto
-> 💾 寫入硬碟成功: manufacturing_hub/requestsauto_auto_fused.py
-> 🔍 [品質檢驗] 檢查模組語法: manufacturing_hub/requestsauto_auto_fused.py
-> 🎉 語法檢驗完美通過！
========================================
-> 🌍 [自動守護採購] 正在下載原始碼: https://raw.githubusercontent.com/fastapi/fastapi/refs/heads/master/fastapi/__init__.py
-> ✅ 原始碼下載成功。
-> 🧪 [深度融合] 正在將全球開源碼熔鑄至本地模組: FastAPIAuto
-> 💾 寫入硬碟成功: manufacturing_hub/fastapiauto_auto_fused.py
-> 🔍 [品質檢驗] 檢查模組語法: manufacturing_hub/fastapiauto_auto_fused.py
-> 🎉 語法檢驗完美通過！
========================================
-> 🌍 [自動守護採購] 正在下載原始碼: https://raw.githubusercontent.com/pallets/flask/refs/heads/main/src/flask/__init__.py
-> ✅ 原始碼下載成功。
-> 🧪 [深度融合] 正在將全球開源碼熔鑄至本地模組: FlaskAuto
-> 💾 寫入硬碟成功: manufacturing_hub/flaskauto_auto_fused.py
-> 🔍 [品質檢驗] 檢查模組語法: manufacturing_hub/flaskauto_auto_fused.py
-> 🎉 語法檢驗完美通過！
========================================
-> 🌍 [自動守護採購] 正在下載原始碼: https://raw.githubusercontent.com/pallets/click/refs/heads/main/src/click/__init__.py
-> ✅ 原始碼下載成功。
-> 🧪 [深度融合] 正在將全球開源碼熔鑄至本地模組: ClickAuto
-> 💾 寫入硬碟成功: manufacturing_hub/clickauto_auto_fused.py
-> 🔍 [品質檢驗] 檢查模組語法: manufacturing_hub/clickauto_auto_fused.py
-> 🎉 語法檢驗完美通過！
========================================
-> 🌍 [自動守護採購] 正在下載原始碼: https://raw.githubusercontent.com/Textualize/rich/refs/heads/main/rich/__init__.py
-> ✅ 原始碼下載成功。
-> 🧪 [深度融合] 正在將全球開源碼熔鑄至本地模組: RichAuto
-> 💾 寫入硬碟成功: manufacturing_hub/richauto_auto_fused.py
-> 🔍 [品質檢驗] 檢查模組語法: manufacturing_hub/richauto_auto_fused.py
-> 🎉 語法檢驗完美通過！
========================================
-> 🌍 [自動守護採購] 正在下載原始碼: https://raw.githubusercontent.com/pydantic/pydantic/refs/heads/main/pydantic/__init__.py
-> ✅ 原始碼下載成功。
-> 🧪 [深度融合] 正在將全球開源碼熔鑄至本地模組: PydanticAuto
-> 💾 寫入硬碟成功: manufacturing_hub/pydanticauto_auto_fused.py
-> 🔍 [品質檢驗] 檢查模組語法: manufacturing_hub/pydanticauto_auto_fused.py
-> 🎉 語法檢驗完美通過！

-> 💤 本輪巡航完畢。進入自動休眠，等待 30 秒後進行下一輪...

[2026-08-25 19:46:09] -> 🔄 開始新一輪全球開源專案自動巡航...
========================================
-> 🌍 [自動守護採購] 正在下載原始碼: https://raw.githubusercontent.com/psf/requests/refs/heads/main/src/requests/__init__.py
-> ✅ 原始碼下載成功。
-> 🧪 [深度融合] 正在將全球開源碼熔鑄至本地模組: RequestsAuto
-> 💾 寫入硬碟成功: manufacturing_hub/requestsauto_auto_fused.py
-> 🔍 [品質檢驗] 檢查模組語法: manufacturing_hub/requestsauto_auto_fused.py
-> 🎉 語法檢驗完美通過！
========================================
-> 🌍 [自動守護採購] 正在下載原始碼: https://raw.githubusercontent.com/fastapi/fastapi/refs/heads/master/fastapi/__init__.py
-> ✅ 原始碼下載成功。
-> 🧪 [深度融合] 正在將全球開源碼熔鑄至本地模組: FastAPIAuto
-> 💾 寫入硬碟成功: manufacturing_hub/fastapiauto_auto_fused.py
-> 🔍 [品質檢驗] 檢查模組語法: manufacturing_hub/fastapiauto_auto_fused.py
-> 🎉 語法檢驗完美通過！
========================================
-> 🌍 [自動守護採購] 正在下載原始碼: https://raw.githubusercontent.com/pallets/flask/refs/heads/main/src/flask/__init__.py
-> ✅ 原始碼下載成功。
-> 🧪 [深度融合] 正在將全球開源碼熔鑄至本地模組: FlaskAuto
-> 💾 寫入硬碟成功: manufacturing_hub/flaskauto_auto_fused.py
-> 🔍 [品質檢驗] 檢查模組語法: manufacturing_hub/flaskauto_auto_fused.py
-> 🎉 語法檢驗完美通過！
========================================
-> 🌍 [自動守護採購] 正在下載原始碼: https://raw.githubusercontent.com/pallets/click/refs/heads/main/src/click/__init__.py
-> ✅ 原始碼下載成功。
-> 🧪 [深度融合] 正在將全球開源碼熔鑄至本地模組: ClickAuto
-> 💾 寫入硬碟成功: manufacturing_hub/clickauto_auto_fused.py
-> 🔍 [品質檢驗] 檢查模組語法: manufacturing_hub/clickauto_auto_fused.py
-> 🎉 語法檢驗完美通過！
========================================
-> 🌍 [自動守護採購] 正在下載原始碼: https://raw.githubusercontent.com/Textualize/rich/refs/heads/main/rich/__init__.py
-> ✅ 原始碼下載成功。
-> 🧪 [深度融合] 正在將全球開源碼熔鑄至本地模組: RichAuto
-> 💾 寫入硬碟成功: manufacturing_hub/richauto_auto_fused.py
-> 🔍 [品質檢驗] 檢查模組語法: manufacturing_hub/richauto_auto_fused.py
-> 🎉 語法檢驗完美通過！
========================================
-> 🌍 [自動守護採購] 正在下載原始碼: https://raw.githubusercontent.com/pydantic/pydantic/refs/heads/main/pydantic/__init__.py
-> ✅ 原始碼下載成功。
-> 🧪 [深度融合] 正在將全球開源碼熔鑄至本地模組: PydanticAuto
-> 💾 寫入硬碟成功: manufacturing_hub/pydanticauto_auto_fused.py
-> 🔍 [品質檢驗] 檢查模組語法: manufacturing_hub/pydanticauto_auto_fused.py
-> 🎉 語法檢驗完美通過！

-> 💤 本輪巡航完畢。進入自動休眠，等待 30 秒後進行下一輪...

[2026-08-25 19:46:43] -> 🔄 開始新一輪全球開源專案自動巡航...
========================================
-> 🌍 [自動守護採購] 正在下載原始碼: https://raw.githubusercontent.com/psf/requests/refs/heads/main/src/requests/__init__.py
-> ✅ 原始碼下載成功。
-> 🧪 [深度融合] 正在將全球開源碼熔鑄至本地模組: RequestsAuto
-> 💾 寫入硬碟成功: manufacturing_hub/requestsauto_auto_fused.py
-> 🔍 [品質檢驗] 檢查模組語法: manufacturing_hub/requestsauto_auto_fused.py
-> 🎉 語法檢驗完美通過！
========================================
-> 🌍 [自動守護採購] 正在下載原始碼: https://raw.githubusercontent.com/fastapi/fastapi/refs/heads/master/fastapi/__init__.py
-> ✅ 原始碼下載成功。
-> 🧪 [深度融合] 正在將全球開源碼熔鑄至本地模組: FastAPIAuto
-> 💾 寫入硬碟成功: manufacturing_hub/fastapiauto_auto_fused.py
-> 🔍 [品質檢驗] 檢查模組語法: manufacturing_hub/fastapiauto_auto_fused.py
-> 🎉 語法檢驗完美通過！
========================================
-> 🌍 [自動守護採購] 正在下載原始碼: https://raw.githubusercontent.com/pallets/flask/refs/heads/main/src/flask/__init__.py
-> ✅ 原始碼下載成功。
-> 🧪 [深度融合] 正在將全球開源碼熔鑄至本地模組: FlaskAuto
-> 💾 寫入硬碟成功: manufacturing_hub/flaskauto_auto_fused.py
-> 🔍 [品質檢驗] 檢查模組語法: manufacturing_hub/flaskauto_auto_fused.py
-> 🎉 語法檢驗完美通過！
========================================
-> 🌍 [自動守護採購] 正在下載原始碼: https://raw.githubusercontent.com/pallets/click/refs/heads/main/src/click/__init__.py
-> ✅ 原始碼下載成功。
-> 🧪 [深度融合] 正在將全球開源碼熔鑄至本地模組: ClickAuto
-> 💾 寫入硬碟成功: manufacturing_hub/clickauto_auto_fused.py
-> 🔍 [品質檢驗] 檢查模組語法: manufacturing_hub/clickauto_auto_fused.py
-> 🎉 語法檢驗完美通過！
========================================
-> 🌍 [自動守護採購] 正在下載原始碼: https://raw.githubusercontent.com/Textualize/rich/refs/heads/main/rich/__init__.py
-> ✅ 原始碼下載成功。
-> 🧪 [深度融合] 正在將全球開源碼熔鑄至本地模組: RichAuto
-> 💾 寫入硬碟成功: manufacturing_hub/richauto_auto_fused.py
-> 🔍 [品質檢驗] 檢查模組語法: manufacturing_hub/richauto_auto_fused.py
-> 🎉 語法檢驗完美通過！
========================================
-> 🌍 [自動守護採購] 正在下載原始碼: https://raw.githubusercontent.com/pydantic/pydantic/refs/heads/main/pydantic/__init__.py
-> ✅ 原始碼下載成功。
-> 🧪 [深度融合] 正在將全球開源碼熔鑄至本地模組: PydanticAuto
-> 💾 寫入硬碟成功: manufacturing_hub/pydanticauto_auto_fused.py
-> 🔍 [品質檢驗] 檢查模組語法: manufacturing_hub/pydanticauto_auto_fused.py
-> 🎉 語法檢驗完美通過！

-> 💤 本輪巡航完畢。進入自動休眠，等待 30 秒後進行下一輪...

[2026-08-25 19:47:18] -> 🔄 開始新一輪全球開源專案自動巡航...
========================================
-> 🌍 [自動守護採購] 正在下載原始碼: https://raw.githubusercontent.com/psf/requests/refs/heads/main/src/requests/__init__.py
-> ✅ 原始碼下載成功。
-> 🧪 [深度融合] 正在將全球開源碼熔鑄至本地模組: RequestsAuto
-> 💾 寫入硬碟成功: manufacturing_hub/requestsauto_auto_fused.py
-> 🔍 [品質檢驗] 檢查模組語法: manufacturing_hub/requestsauto_auto_fused.py
-> 🎉 語法檢驗完美通過！
========================================
-> 🌍 [自動守護採購] 正在下載原始碼: https://raw.githubusercontent.com/fastapi/fastapi/refs/heads/master/fastapi/__init__.py
-> ✅ 原始碼下載成功。
-> 🧪 [深度融合] 正在將全球開源碼熔鑄至本地模組: FastAPIAuto
-> 💾 寫入硬碟成功: manufacturing_hub/fastapiauto_auto_fused.py
-> 🔍 [品質檢驗] 檢查模組語法: manufacturing_hub/fastapiauto_auto_fused.py
-> 🎉 語法檢驗完美通過！
========================================
-> 🌍 [自動守護採購] 正在下載原始碼: https://raw.githubusercontent.com/pallets/flask/refs/heads/main/src/flask/__init__.py
-> ✅ 原始碼下載成功。
-> 🧪 [深度融合] 正在將全球開源碼熔鑄至本地模組: FlaskAuto
-> 💾 寫入硬碟成功: manufacturing_hub/flaskauto_auto_fused.py
-> 🔍 [品質檢驗] 檢查模組語法: manufacturing_hub/flaskauto_auto_fused.py
-> 🎉 語法檢驗完美通過！
========================================
-> 🌍 [自動守護採購] 正在下載原始碼: https://raw.githubusercontent.com/pallets/click/refs/heads/main/src/click/__init__.py
-> ✅ 原始碼下載成功。
-> 🧪 [深度融合] 正在將全球開源碼熔鑄至本地模組: ClickAuto
-> 💾 寫入硬碟成功: manufacturing_hub/clickauto_auto_fused.py
-> 🔍 [品質檢驗] 檢查模組語法: manufacturing_hub/clickauto_auto_fused.py
-> 🎉 語法檢驗完美通過！
========================================
-> 🌍 [自動守護採購] 正在下載原始碼: https://raw.githubusercontent.com/Textualize/rich/refs/heads/main/rich/__init__.py
-> ✅ 原始碼下載成功。
-> 🧪 [深度融合] 正在將全球開源碼熔鑄至本地模組: RichAuto
-> 💾 寫入硬碟成功: manufacturing_hub/richauto_auto_fused.py
-> 🔍 [品質檢驗] 檢查模組語法: manufacturing_hub/richauto_auto_fused.py
-> 🎉 語法檢驗完美通過！
========================================
-> 🌍 [自動守護採購] 正在下載原始碼: https://raw.githubusercontent.com/pydantic/pydantic/refs/heads/main/pydantic/__init__.py
-> ✅ 原始碼下載成功。
-> 🧪 [深度融合] 正在將全球開源碼熔鑄至本地模組: PydanticAuto
-> 💾 寫入硬碟成功: manufacturing_hub/pydanticauto_auto_fused.py
-> 🔍 [品質檢驗] 檢查模組語法: manufacturing_hub/pydanticauto_auto_fused.py
-> 🎉 語法檢驗完美通過！

-> 💤 本輪巡航完畢。進入自動休眠，等待 30 秒後進行下一輪...

[2026-08-25 19:47:53] -> 🔄 開始新一輪全球開源專案自動巡航...
========================================
-> 🌍 [自動守護採購] 正在下載原始碼: https://raw.githubusercontent.com/psf/requests/refs/heads/main/src/requests/__init__.py
-> ✅ 原始碼下載成功。
-> 🧪 [深度融合] 正在將全球開源碼熔鑄至本地模組: RequestsAuto
-> 💾 寫入硬碟成功: manufacturing_hub/requestsauto_auto_fused.py
-> 🔍 [品質檢驗] 檢查模組語法: manufacturing_hub/requestsauto_auto_fused.py
-> 🎉 語法檢驗完美通過！
========================================
-> 🌍 [自動守護採購] 正在下載原始碼: https://raw.githubusercontent.com/fastapi/fastapi/refs/heads/master/fastapi/__init__.py
-> ✅ 原始碼下載成功。
-> 🧪 [深度融合] 正在將全球開源碼熔鑄至本地模組: FastAPIAuto
-> 💾 寫入硬碟成功: manufacturing_hub/fastapiauto_auto_fused.py
-> 🔍 [品質檢驗] 檢查模組語法: manufacturing_hub/fastapiauto_auto_fused.py
-> 🎉 語法檢驗完美通過！
========================================
-> 🌍 [自動守護採購] 正在下載原始碼: https://raw.githubusercontent.com/pallets/flask/refs/heads/main/src/flask/__init__.py
-> ✅ 原始碼下載成功。
-> 🧪 [深度融合] 正在將全球開源碼熔鑄至本地模組: FlaskAuto
-> 💾 寫入硬碟成功: manufacturing_hub/flaskauto_auto_fused.py
-> 🔍 [品質檢驗] 檢查模組語法: manufacturing_hub/flaskauto_auto_fused.py
-> 🎉 語法檢驗完美通過！
========================================
-> 🌍 [自動守護採購] 正在下載原始碼: https://raw.githubusercontent.com/pallets/click/refs/heads/main/src/click/__init__.py
-> ✅ 原始碼下載成功。
-> 🧪 [深度融合] 正在將全球開源碼熔鑄至本地模組: ClickAuto
-> 💾 寫入硬碟成功: manufacturing_hub/clickauto_auto_fused.py
-> 🔍 [品質檢驗] 檢查模組語法: manufacturing_hub/clickauto_auto_fused.py
-> 🎉 語法檢驗完美通過！
========================================
-> 🌍 [自動守護採購] 正在下載原始碼: https://raw.githubusercontent.com/Textualize/rich/refs/heads/main/rich/__init__.py
-> ✅ 原始碼下載成功。
-> 🧪 [深度融合] 正在將全球開源碼熔鑄至本地模組: RichAuto
-> 💾 寫入硬碟成功: manufacturing_hub/richauto_auto_fused.py
-> 🔍 [品質檢驗] 檢查模組語法: manufacturing_hub/richauto_auto_fused.py
-> 🎉 語法檢驗完美通過！
========================================
-> 🌍 [自動守護採購] 正在下載原始碼: https://raw.githubusercontent.com/pydantic/pydantic/refs/heads/main/pydantic/__init__.py
-> ✅ 原始碼下載成功。
-> 🧪 [深度融合] 正在將全球開源碼熔鑄至本地模組: PydanticAuto
-> 💾 寫入硬碟成功: manufacturing_hub/pydanticauto_auto_fused.py
-> 🔍 [品質檢驗] 檢查模組語法: manufacturing_hub/pydanticauto_auto_fused.py
-> 🎉 語法檢驗完美通過！

-> 💤 本輪巡航完畢。進入自動休眠，等待 30 秒後進行下一輪...

[2026-08-25 19:48:26] -> 🔄 開始新一輪全球開源專案自動巡航...
========================================
-> 🌍 [自動守護採購] 正在下載原始碼: https://raw.githubusercontent.com/psf/requests/refs/heads/main/src/requests/__init__.py
-> ✅ 原始碼下載成功。
-> 🧪 [深度融合] 正在將全球開源碼熔鑄至本地模組: RequestsAuto
-> 💾 寫入硬碟成功: manufacturing_hub/requestsauto_auto_fused.py
-> 🔍 [品質檢驗] 檢查模組語法: manufacturing_hub/requestsauto_auto_fused.py
-> 🎉 語法檢驗完美通過！
========================================
-> 🌍 [自動守護採購] 正在下載原始碼: https://raw.githubusercontent.com/fastapi/fastapi/refs/heads/master/fastapi/__init__.py
-> ✅ 原始碼下載成功。
-> 🧪 [深度融合] 正在將全球開源碼熔鑄至本地模組: FastAPIAuto
-> 💾 寫入硬碟成功: manufacturing_hub/fastapiauto_auto_fused.py
-> 🔍 [品質檢驗] 檢查模組語法: manufacturing_hub/fastapiauto_auto_fused.py
-> 🎉 語法檢驗完美通過！
========================================
-> 🌍 [自動守護採購] 正在下載原始碼: https://raw.githubusercontent.com/pallets/flask/refs/heads/main/src/flask/__init__.py
-> ✅ 原始碼下載成功。
-> 🧪 [深度融合] 正在將全球開源碼熔鑄至本地模組: FlaskAuto
-> 💾 寫入硬碟成功: manufacturing_hub/flaskauto_auto_fused.py
-> 🔍 [品質檢驗] 檢查模組語法: manufacturing_hub/flaskauto_auto_fused.py
-> 🎉 語法檢驗完美通過！
========================================
-> 🌍 [自動守護採購] 正在下載原始碼: https://raw.githubusercontent.com/pallets/click/refs/heads/main/src/click/__init__.py
-> ✅ 原始碼下載成功。
-> 🧪 [深度融合] 正在將全球開源碼熔鑄至本地模組: ClickAuto
-> 💾 寫入硬碟成功: manufacturing_hub/clickauto_auto_fused.py
-> 🔍 [品質檢驗] 檢查模組語法: manufacturing_hub/clickauto_auto_fused.py
-> 🎉 語法檢驗完美通過！
========================================
-> 🌍 [自動守護採購] 正在下載原始碼: https://raw.githubusercontent.com/Textualize/rich/refs/heads/main/rich/__init__.py
-> ✅ 原始碼下載成功。
-> 🧪 [深度融合] 正在將全球開源碼熔鑄至本地模組: RichAuto
-> 💾 寫入硬碟成功: manufacturing_hub/richauto_auto_fused.py
-> 🔍 [品質檢驗] 檢查模組語法: manufacturing_hub/richauto_auto_fused.py
-> 🎉 語法檢驗完美通過！
========================================
-> 🌍 [自動守護採購] 正在下載原始碼: https://raw.githubusercontent.com/pydantic/pydantic/refs/heads/main/pydantic/__init__.py
-> ✅ 原始碼下載成功。
-> 🧪 [深度融合] 正在將全球開源碼熔鑄至本地模組: PydanticAuto
-> 💾 寫入硬碟成功: manufacturing_hub/pydanticauto_auto_fused.py
-> 🔍 [品質檢驗] 檢查模組語法: manufacturing_hub/pydanticauto_auto_fused.py
-> 🎉 語法檢驗完美通過！

-> 💤 本輪巡航完畢。進入自動休眠，等待 30 秒後進行下一輪...

[2026-08-25 19:49:01] -> 🔄 開始新一輪全球開源專案自動巡航...
========================================
-> 🌍 [自動守護採購] 正在下載原始碼: https://raw.githubusercontent.com/psf/requests/refs/heads/main/src/requests/__init__.py
-> ✅ 原始碼下載成功。
-> 🧪 [深度融合] 正在將全球開源碼熔鑄至本地模組: RequestsAuto
-> 💾 寫入硬碟成功: manufacturing_hub/requestsauto_auto_fused.py
-> 🔍 [品質檢驗] 檢查模組語法: manufacturing_hub/requestsauto_auto_fused.py
-> 🎉 語法檢驗完美通過！
========================================
-> 🌍 [自動守護採購] 正在下載原始碼: https://raw.githubusercontent.com/fastapi/fastapi/refs/heads/master/fastapi/__init__.py
-> ✅ 原始碼下載成功。
-> 🧪 [深度融合] 正在將全球開源碼熔鑄至本地模組: FastAPIAuto
-> 💾 寫入硬碟成功: manufacturing_hub/fastapiauto_auto_fused.py
-> 🔍 [品質檢驗] 檢查模組語法: manufacturing_hub/fastapiauto_auto_fused.py
-> 🎉 語法檢驗完美通過！
========================================
-> 🌍 [自動守護採購] 正在下載原始碼: https://raw.githubusercontent.com/pallets/flask/refs/heads/main/src/flask/__init__.py
-> ✅ 原始碼下載成功。
-> 🧪 [深度融合] 正在將全球開源碼熔鑄至本地模組: FlaskAuto
-> 💾 寫入硬碟成功: manufacturing_hub/flaskauto_auto_fused.py
-> 🔍 [品質檢驗] 檢查模組語法: manufacturing_hub/flaskauto_auto_fused.py
-> 🎉 語法檢驗完美通過！
========================================
-> 🌍 [自動守護採購] 正在下載原始碼: https://raw.githubusercontent.com/pallets/click/refs/heads/main/src/click/__init__.py
-> ✅ 原始碼下載成功。
-> 🧪 [深度融合] 正在將全球開源碼熔鑄至本地模組: ClickAuto
-> 💾 寫入硬碟成功: manufacturing_hub/clickauto_auto_fused.py
-> 🔍 [品質檢驗] 檢查模組語法: manufacturing_hub/clickauto_auto_fused.py
-> 🎉 語法檢驗完美通過！
========================================
-> 🌍 [自動守護採購] 正在下載原始碼: https://raw.githubusercontent.com/Textualize/rich/refs/heads/main/rich/__init__.py
-> ✅ 原始碼下載成功。
-> 🧪 [深度融合] 正在將全球開源碼熔鑄至本地模組: RichAuto
-> 💾 寫入硬碟成功: manufacturing_hub/richauto_auto_fused.py
-> 🔍 [品質檢驗] 檢查模組語法: manufacturing_hub/richauto_auto_fused.py
-> 🎉 語法檢驗完美通過！
========================================
-> 🌍 [自動守護採購] 正在下載原始碼: https://raw.githubusercontent.com/pydantic/pydantic/refs/heads/main/pydantic/__init__.py
-> ✅ 原始碼下載成功。
-> 🧪 [深度融合] 正在將全球開源碼熔鑄至本地模組: PydanticAuto
-> 💾 寫入硬碟成功: manufacturing_hub/pydanticauto_auto_fused.py
-> 🔍 [品質檢驗] 檢查模組語法: manufacturing_hub/pydanticauto_auto_fused.py
-> 🎉 語法檢驗完美通過！

-> 💤 本輪巡航完畢。進入自動休眠，等待 30 秒後進行下一輪...

[2026-08-25 19:49:37] -> 🔄 開始新一輪全球開源專案自動巡航...
========================================
-> 🌍 [自動守護採購] 正在下載原始碼: https://raw.githubusercontent.com/psf/requests/refs/heads/main/src/requests/__init__.py
-> ✅ 原始碼下載成功。
-> 🧪 [深度融合] 正在將全球開源碼熔鑄至本地模組: RequestsAuto
-> 💾 寫入硬碟成功: manufacturing_hub/requestsauto_auto_fused.py
-> 🔍 [品質檢驗] 檢查模組語法: manufacturing_hub/requestsauto_auto_fused.py
-> 🎉 語法檢驗完美通過！
========================================
-> 🌍 [自動守護採購] 正在下載原始碼: https://raw.githubusercontent.com/fastapi/fastapi/refs/heads/master/fastapi/__init__.py
-> ✅ 原始碼下載成功。
-> 🧪 [深度融合] 正在將全球開源碼熔鑄至本地模組: FastAPIAuto
-> 💾 寫入硬碟成功: manufacturing_hub/fastapiauto_auto_fused.py
-> 🔍 [品質檢驗] 檢查模組語法: manufacturing_hub/fastapiauto_auto_fused.py
-> 🎉 語法檢驗完美通過！
========================================
-> 🌍 [自動守護採購] 正在下載原始碼: https://raw.githubusercontent.com/pallets/flask/refs/heads/main/src/flask/__init__.py
-> ✅ 原始碼下載成功。
-> 🧪 [深度融合] 正在將全球開源碼熔鑄至本地模組: FlaskAuto
-> 💾 寫入硬碟成功: manufacturing_hub/flaskauto_auto_fused.py
-> 🔍 [品質檢驗] 檢查模組語法: manufacturing_hub/flaskauto_auto_fused.py
-> 🎉 語法檢驗完美通過！
========================================
-> 🌍 [自動守護採購] 正在下載原始碼: https://raw.githubusercontent.com/pallets/click/refs/heads/main/src/click/__init__.py
-> ✅ 原始碼下載成功。
-> 🧪 [深度融合] 正在將全球開源碼熔鑄至本地模組: ClickAuto
-> 💾 寫入硬碟成功: manufacturing_hub/clickauto_auto_fused.py
-> 🔍 [品質檢驗] 檢查模組語法: manufacturing_hub/clickauto_auto_fused.py
-> 🎉 語法檢驗完美通過！
========================================
-> 🌍 [自動守護採購] 正在下載原始碼: https://raw.githubusercontent.com/Textualize/rich/refs/heads/main/rich/__init__.py
-> ✅ 原始碼下載成功。
-> 🧪 [深度融合] 正在將全球開源碼熔鑄至本地模組: RichAuto
-> 💾 寫入硬碟成功: manufacturing_hub/richauto_auto_fused.py
-> 🔍 [品質檢驗] 檢查模組語法: manufacturing_hub/richauto_auto_fused.py
-> 🎉 語法檢驗完美通過！
========================================
-> 🌍 [自動守護採購] 正在下載原始碼: https://raw.githubusercontent.com/pydantic/pydantic/refs/heads/main/pydantic/__init__.py
-> ✅ 原始碼下載成功。
-> 🧪 [深度融合] 正在將全球開源碼熔鑄至本地模組: PydanticAuto
-> 💾 寫入硬碟成功: manufacturing_hub/pydanticauto_auto_fused.py
-> 🔍 [品質檢驗] 檢查模組語法: manufacturing_hub/pydanticauto_auto_fused.py
-> 🎉 語法檢驗完美通過！

-> 💤 本輪巡航完畢。進入自動休眠，等待 30 秒後進行下一輪...

[2026-08-25 19:50:12] -> 🔄 開始新一輪全球開源專案自動巡航...
========================================
-> 🌍 [自動守護採購] 正在下載原始碼: https://raw.githubusercontent.com/psf/requests/refs/heads/main/src/requests/__init__.py
-> ✅ 原始碼下載成功。
-> 🧪 [深度融合] 正在將全球開源碼熔鑄至本地模組: RequestsAuto
-> 💾 寫入硬碟成功: manufacturing_hub/requestsauto_auto_fused.py
-> 🔍 [品質檢驗] 檢查模組語法: manufacturing_hub/requestsauto_auto_fused.py
-> 🎉 語法檢驗完美通過！
========================================
-> 🌍 [自動守護採購] 正在下載原始碼: https://raw.githubusercontent.com/fastapi/fastapi/refs/heads/master/fastapi/__init__.py
-> ✅ 原始碼下載成功。
-> 🧪 [深度融合] 正在將全球開源碼熔鑄至本地模組: FastAPIAuto
-> 💾 寫入硬碟成功: manufacturing_hub/fastapiauto_auto_fused.py
-> 🔍 [品質檢驗] 檢查模組語法: manufacturing_hub/fastapiauto_auto_fused.py
-> 🎉 語法檢驗完美通過！
========================================
-> 🌍 [自動守護採購] 正在下載原始碼: https://raw.githubusercontent.com/pallets/flask/refs/heads/main/src/flask/__init__.py
-> ✅ 原始碼下載成功。
-> 🧪 [深度融合] 正在將全球開源碼熔鑄至本地模組: FlaskAuto
-> 💾 寫入硬碟成功: manufacturing_hub/flaskauto_auto_fused.py
-> 🔍 [品質檢驗] 檢查模組語法: manufacturing_hub/flaskauto_auto_fused.py
-> 🎉 語法檢驗完美通過！
========================================
-> 🌍 [自動守護採購] 正在下載原始碼: https://raw.githubusercontent.com/pallets/click/refs/heads/main/src/click/__init__.py
-> ✅ 原始碼下載成功。
-> 🧪 [深度融合] 正在將全球開源碼熔鑄至本地模組: ClickAuto
-> 💾 寫入硬碟成功: manufacturing_hub/clickauto_auto_fused.py
-> 🔍 [品質檢驗] 檢查模組語法: manufacturing_hub/clickauto_auto_fused.py
-> 🎉 語法檢驗完美通過！
========================================
-> 🌍 [自動守護採購] 正在下載原始碼: https://raw.githubusercontent.com/Textualize/rich/refs/heads/main/rich/__init__.py
-> ✅ 原始碼下載成功。
-> 🧪 [深度融合] 正在將全球開源碼熔鑄至本地模組: RichAuto
-> 💾 寫入硬碟成功: manufacturing_hub/richauto_auto_fused.py
-> 🔍 [品質檢驗] 檢查模組語法: manufacturing_hub/richauto_auto_fused.py
-> 🎉 語法檢驗完美通過！
========================================
-> 🌍 [自動守護採購] 正在下載原始碼: https://raw.githubusercontent.com/pydantic/pydantic/refs/heads/main/pydantic/__init__.py
-> ✅ 原始碼下載成功。
-> 🧪 [深度融合] 正在將全球開源碼熔鑄至本地模組: PydanticAuto
-> 💾 寫入硬碟成功: manufacturing_hub/pydanticauto_auto_fused.py
-> 🔍 [品質檢驗] 檢查模組語法: manufacturing_hub/pydanticauto_auto_fused.py
-> 🎉 語法檢驗完美通過！

-> 💤 本輪巡航完畢。進入自動休眠，等待 30 秒後進行下一輪...

[2026-08-25 19:50:46] -> 🔄 開始新一輪全球開源專案自動巡航...
========================================
-> 🌍 [自動守護採購] 正在下載原始碼: https://raw.githubusercontent.com/psf/requests/refs/heads/main/src/requests/__init__.py
-> ✅ 原始碼下載成功。
-> 🧪 [深度融合] 正在將全球開源碼熔鑄至本地模組: RequestsAuto
-> 💾 寫入硬碟成功: manufacturing_hub/requestsauto_auto_fused.py
-> 🔍 [品質檢驗] 檢查模組語法: manufacturing_hub/requestsauto_auto_fused.py
-> 🎉 語法檢驗完美通過！
========================================
-> 🌍 [自動守護採購] 正在下載原始碼: https://raw.githubusercontent.com/fastapi/fastapi/refs/heads/master/fastapi/__init__.py
-> ✅ 原始碼下載成功。
-> 🧪 [深度融合] 正在將全球開源碼熔鑄至本地模組: FastAPIAuto
-> 💾 寫入硬碟成功: manufacturing_hub/fastapiauto_auto_fused.py
-> 🔍 [品質檢驗] 檢查模組語法: manufacturing_hub/fastapiauto_auto_fused.py
-> 🎉 語法檢驗完美通過！
========================================
-> 🌍 [自動守護採購] 正在下載原始碼: https://raw.githubusercontent.com/pallets/flask/refs/heads/main/src/flask/__init__.py
-> ✅ 原始碼下載成功。
-> 🧪 [深度融合] 正在將全球開源碼熔鑄至本地模組: FlaskAuto
-> 💾 寫入硬碟成功: manufacturing_hub/flaskauto_auto_fused.py
-> 🔍 [品質檢驗] 檢查模組語法: manufacturing_hub/flaskauto_auto_fused.py
-> 🎉 語法檢驗完美通過！
========================================
-> 🌍 [自動守護採購] 正在下載原始碼: https://raw.githubusercontent.com/pallets/click/refs/heads/main/src/click/__init__.py
-> ✅ 原始碼下載成功。
-> 🧪 [深度融合] 正在將全球開源碼熔鑄至本地模組: ClickAuto
-> 💾 寫入硬碟成功: manufacturing_hub/clickauto_auto_fused.py
-> 🔍 [品質檢驗] 檢查模組語法: manufacturing_hub/clickauto_auto_fused.py
-> 🎉 語法檢驗完美通過！
========================================
-> 🌍 [自動守護採購] 正在下載原始碼: https://raw.githubusercontent.com/Textualize/rich/refs/heads/main/rich/__init__.py
-> ✅ 原始碼下載成功。
-> 🧪 [深度融合] 正在將全球開源碼熔鑄至本地模組: RichAuto
-> 💾 寫入硬碟成功: manufacturing_hub/richauto_auto_fused.py
-> 🔍 [品質檢驗] 檢查模組語法: manufacturing_hub/richauto_auto_fused.py
-> 🎉 語法檢驗完美通過！
========================================
-> 🌍 [自動守護採購] 正在下載原始碼: https://raw.githubusercontent.com/pydantic/pydantic/refs/heads/main/pydantic/__init__.py
-> ✅ 原始碼下載成功。
-> 🧪 [深度融合] 正在將全球開源碼熔鑄至本地模組: PydanticAuto
-> 💾 寫入硬碟成功: manufacturing_hub/pydanticauto_auto_fused.py
-> 🔍 [品質檢驗] 檢查模組語法: manufacturing_hub/pydanticauto_auto_fused.py
-> 🎉 語法檢驗完美通過！

-> 💤 本輪巡航完畢。進入自動休眠，等待 30 秒後進行下一輪...

[2026-08-25 19:51:20] -> 🔄 開始新一輪全球開源專案自動巡航...
========================================
-> 🌍 [自動守護採購] 正在下載原始碼: https://raw.githubusercontent.com/psf/requests/refs/heads/main/src/requests/__init__.py
-> ✅ 原始碼下載成功。
-> 🧪 [深度融合] 正在將全球開源碼熔鑄至本地模組: RequestsAuto
-> 💾 寫入硬碟成功: manufacturing_hub/requestsauto_auto_fused.py
-> 🔍 [品質檢驗] 檢查模組語法: manufacturing_hub/requestsauto_auto_fused.py
-> 🎉 語法檢驗完美通過！
========================================
-> 🌍 [自動守護採購] 正在下載原始碼: https://raw.githubusercontent.com/fastapi/fastapi/refs/heads/master/fastapi/__init__.py
-> ✅ 原始碼下載成功。
-> 🧪 [深度融合] 正在將全球開源碼熔鑄至本地模組: FastAPIAuto
-> 💾 寫入硬碟成功: manufacturing_hub/fastapiauto_auto_fused.py
-> 🔍 [品質檢驗] 檢查模組語法: manufacturing_hub/fastapiauto_auto_fused.py
-> 🎉 語法檢驗完美通過！
========================================
-> 🌍 [自動守護採購] 正在下載原始碼: https://raw.githubusercontent.com/pallets/flask/refs/heads/main/src/flask/__init__.py
-> ✅ 原始碼下載成功。
-> 🧪 [深度融合] 正在將全球開源碼熔鑄至本地模組: FlaskAuto
-> 💾 寫入硬碟成功: manufacturing_hub/flaskauto_auto_fused.py
-> 🔍 [品質檢驗] 檢查模組語法: manufacturing_hub/flaskauto_auto_fused.py
-> 🎉 語法檢驗完美通過！
========================================
-> 🌍 [自動守護採購] 正在下載原始碼: https://raw.githubusercontent.com/pallets/click/refs/heads/main/src/click/__init__.py
-> ✅ 原始碼下載成功。
-> 🧪 [深度融合] 正在將全球開源碼熔鑄至本地模組: ClickAuto
-> 💾 寫入硬碟成功: manufacturing_hub/clickauto_auto_fused.py
-> 🔍 [品質檢驗] 檢查模組語法: manufacturing_hub/clickauto_auto_fused.py
-> 🎉 語法檢驗完美通過！
========================================
-> 🌍 [自動守護採購] 正在下載原始碼: https://raw.githubusercontent.com/Textualize/rich/refs/heads/main/rich/__init__.py
-> ✅ 原始碼下載成功。
-> 🧪 [深度融合] 正在將全球開源碼熔鑄至本地模組: RichAuto
-> 💾 寫入硬碟成功: manufacturing_hub/richauto_auto_fused.py
-> 🔍 [品質檢驗] 檢查模組語法: manufacturing_hub/richauto_auto_fused.py
-> 🎉 語法檢驗完美通過！
========================================
-> 🌍 [自動守護採購] 正在下載原始碼: https://raw.githubusercontent.com/pydantic/pydantic/refs/heads/main/pydantic/__init__.py
-> ✅ 原始碼下載成功。
-> 🧪 [深度融合] 正在將全球開源碼熔鑄至本地模組: PydanticAuto
-> 💾 寫入硬碟成功: manufacturing_hub/pydanticauto_auto_fused.py
-> 🔍 [品質檢驗] 檢查模組語法: manufacturing_hub/pydanticauto_auto_fused.py
-> 🎉 語法檢驗完美通過！

-> 💤 本輪巡航完畢。進入自動休眠，等待 30 秒後進行下一輪...

[2026-08-25 19:51:54] -> 🔄 開始新一輪全球開源專案自動巡航...
========================================
-> 🌍 [自動守護採購] 正在下載原始碼: https://raw.githubusercontent.com/psf/requests/refs/heads/main/src/requests/__init__.py
-> ✅ 原始碼下載成功。
-> 🧪 [深度融合] 正在將全球開源碼熔鑄至本地模組: RequestsAuto
-> 💾 寫入硬碟成功: manufacturing_hub/requestsauto_auto_fused.py
-> 🔍 [品質檢驗] 檢查模組語法: manufacturing_hub/requestsauto_auto_fused.py
-> 🎉 語法檢驗完美通過！
========================================
-> 🌍 [自動守護採購] 正在下載原始碼: https://raw.githubusercontent.com/fastapi/fastapi/refs/heads/master/fastapi/__init__.py
-> ✅ 原始碼下載成功。
-> 🧪 [深度融合] 正在將全球開源碼熔鑄至本地模組: FastAPIAuto
-> 💾 寫入硬碟成功: manufacturing_hub/fastapiauto_auto_fused.py
-> 🔍 [品質檢驗] 檢查模組語法: manufacturing_hub/fastapiauto_auto_fused.py
-> 🎉 語法檢驗完美通過！
========================================
-> 🌍 [自動守護採購] 正在下載原始碼: https://raw.githubusercontent.com/pallets/flask/refs/heads/main/src/flask/__init__.py
-> ✅ 原始碼下載成功。
-> 🧪 [深度融合] 正在將全球開源碼熔鑄至本地模組: FlaskAuto
-> 💾 寫入硬碟成功: manufacturing_hub/flaskauto_auto_fused.py
-> 🔍 [品質檢驗] 檢查模組語法: manufacturing_hub/flaskauto_auto_fused.py
-> 🎉 語法檢驗完美通過！
========================================
-> 🌍 [自動守護採購] 正在下載原始碼: https://raw.githubusercontent.com/pallets/click/refs/heads/main/src/click/__init__.py
-> ✅ 原始碼下載成功。
-> 🧪 [深度融合] 正在將全球開源碼熔鑄至本地模組: ClickAuto
-> 💾 寫入硬碟成功: manufacturing_hub/clickauto_auto_fused.py
-> 🔍 [品質檢驗] 檢查模組語法: manufacturing_hub/clickauto_auto_fused.py
-> 🎉 語法檢驗完美通過！
========================================
-> 🌍 [自動守護採購] 正在下載原始碼: https://raw.githubusercontent.com/Textualize/rich/refs/heads/main/rich/__init__.py
-> ✅ 原始碼下載成功。
-> 🧪 [深度融合] 正在將全球開源碼熔鑄至本地模組: RichAuto
-> 💾 寫入硬碟成功: manufacturing_hub/richauto_auto_fused.py
-> 🔍 [品質檢驗] 檢查模組語法: manufacturing_hub/richauto_auto_fused.py
-> 🎉 語法檢驗完美通過！
========================================
-> 🌍 [自動守護採購] 正在下載原始碼: https://raw.githubusercontent.com/pydantic/pydantic/refs/heads/main/pydantic/__init__.py
-> ✅ 原始碼下載成功。
-> 🧪 [深度融合] 正在將全球開源碼熔鑄至本地模組: PydanticAuto
-> 💾 寫入硬碟成功: manufacturing_hub/pydanticauto_auto_fused.py
-> 🔍 [品質檢驗] 檢查模組語法: manufacturing_hub/pydanticauto_auto_fused.py
-> 🎉 語法檢驗完美通過！

-> 💤 本輪巡航完畢。進入自動休眠，等待 30 秒後進行下一輪...

[2026-08-25 19:52:28] -> 🔄 開始新一輪全球開源專案自動巡航...
========================================
-> 🌍 [自動守護採購] 正在下載原始碼: https://raw.githubusercontent.com/psf/requests/refs/heads/main/src/requests/__init__.py
-> ✅ 原始碼下載成功。
-> 🧪 [深度融合] 正在將全球開源碼熔鑄至本地模組: RequestsAuto
-> 💾 寫入硬碟成功: manufacturing_hub/requestsauto_auto_fused.py
-> 🔍 [品質檢驗] 檢查模組語法: manufacturing_hub/requestsauto_auto_fused.py
-> 🎉 語法檢驗完美通過！
========================================
-> 🌍 [自動守護採購] 正在下載原始碼: https://raw.githubusercontent.com/fastapi/fastapi/refs/heads/master/fastapi/__init__.py
-> ✅ 原始碼下載成功。
-> 🧪 [深度融合] 正在將全球開源碼熔鑄至本地模組: FastAPIAuto
-> 💾 寫入硬碟成功: manufacturing_hub/fastapiauto_auto_fused.py
-> 🔍 [品質檢驗] 檢查模組語法: manufacturing_hub/fastapiauto_auto_fused.py
-> 🎉 語法檢驗完美通過！
========================================
-> 🌍 [自動守護採購] 正在下載原始碼: https://raw.githubusercontent.com/pallets/flask/refs/heads/main/src/flask/__init__.py
-> ✅ 原始碼下載成功。
-> 🧪 [深度融合] 正在將全球開源碼熔鑄至本地模組: FlaskAuto
-> 💾 寫入硬碟成功: manufacturing_hub/flaskauto_auto_fused.py
-> 🔍 [品質檢驗] 檢查模組語法: manufacturing_hub/flaskauto_auto_fused.py
-> 🎉 語法檢驗完美通過！
========================================
-> 🌍 [自動守護採購] 正在下載原始碼: https://raw.githubusercontent.com/pallets/click/refs/heads/main/src/click/__init__.py
-> ✅ 原始碼下載成功。
-> 🧪 [深度融合] 正在將全球開源碼熔鑄至本地模組: ClickAuto
-> 💾 寫入硬碟成功: manufacturing_hub/clickauto_auto_fused.py
-> 🔍 [品質檢驗] 檢查模組語法: manufacturing_hub/clickauto_auto_fused.py
-> 🎉 語法檢驗完美通過！
========================================
-> 🌍 [自動守護採購] 正在下載原始碼: https://raw.githubusercontent.com/Textualize/rich/refs/heads/main/rich/__init__.py
-> ✅ 原始碼下載成功。
-> 🧪 [深度融合] 正在將全球開源碼熔鑄至本地模組: RichAuto
-> 💾 寫入硬碟成功: manufacturing_hub/richauto_auto_fused.py
-> 🔍 [品質檢驗] 檢查模組語法: manufacturing_hub/richauto_auto_fused.py
-> 🎉 語法檢驗完美通過！
========================================
-> 🌍 [自動守護採購] 正在下載原始碼: https://raw.githubusercontent.com/pydantic/pydantic/refs/heads/main/pydantic/__init__.py
-> ✅ 原始碼下載成功。
-> 🧪 [深度融合] 正在將全球開源碼熔鑄至本地模組: PydanticAuto
-> 💾 寫入硬碟成功: manufacturing_hub/pydanticauto_auto_fused.py
-> 🔍 [品質檢驗] 檢查模組語法: manufacturing_hub/pydanticauto_auto_fused.py
-> 🎉 語法檢驗完美通過！

-> 💤 本輪巡航完畢。進入自動休眠，等待 30 秒後進行下一輪...

[2026-08-25 19:53:03] -> 🔄 開始新一輪全球開源專案自動巡航...
========================================
-> 🌍 [自動守護採購] 正在下載原始碼: https://raw.githubusercontent.com/psf/requests/refs/heads/main/src/requests/__init__.py
-> ✅ 原始碼下載成功。
-> 🧪 [深度融合] 正在將全球開源碼熔鑄至本地模組: RequestsAuto
-> 💾 寫入硬碟成功: manufacturing_hub/requestsauto_auto_fused.py
-> 🔍 [品質檢驗] 檢查模組語法: manufacturing_hub/requestsauto_auto_fused.py
-> 🎉 語法檢驗完美通過！
========================================
-> 🌍 [自動守護採購] 正在下載原始碼: https://raw.githubusercontent.com/fastapi/fastapi/refs/heads/master/fastapi/__init__.py
-> ✅ 原始碼下載成功。
-> 🧪 [深度融合] 正在將全球開源碼熔鑄至本地模組: FastAPIAuto
-> 💾 寫入硬碟成功: manufacturing_hub/fastapiauto_auto_fused.py
-> 🔍 [品質檢驗] 檢查模組語法: manufacturing_hub/fastapiauto_auto_fused.py
-> 🎉 語法檢驗完美通過！
========================================
-> 🌍 [自動守護採購] 正在下載原始碼: https://raw.githubusercontent.com/pallets/flask/refs/heads/main/src/flask/__init__.py
-> ✅ 原始碼下載成功。
-> 🧪 [深度融合] 正在將全球開源碼熔鑄至本地模組: FlaskAuto
-> 💾 寫入硬碟成功: manufacturing_hub/flaskauto_auto_fused.py
-> 🔍 [品質檢驗] 檢查模組語法: manufacturing_hub/flaskauto_auto_fused.py
-> 🎉 語法檢驗完美通過！
========================================
-> 🌍 [自動守護採購] 正在下載原始碼: https://raw.githubusercontent.com/pallets/click/refs/heads/main/src/click/__init__.py
-> ✅ 原始碼下載成功。
-> 🧪 [深度融合] 正在將全球開源碼熔鑄至本地模組: ClickAuto
-> 💾 寫入硬碟成功: manufacturing_hub/clickauto_auto_fused.py
-> 🔍 [品質檢驗] 檢查模組語法: manufacturing_hub/clickauto_auto_fused.py
-> 🎉 語法檢驗完美通過！
========================================
-> 🌍 [自動守護採購] 正在下載原始碼: https://raw.githubusercontent.com/Textualize/rich/refs/heads/main/rich/__init__.py
-> ✅ 原始碼下載成功。
-> 🧪 [深度融合] 正在將全球開源碼熔鑄至本地模組: RichAuto
-> 💾 寫入硬碟成功: manufacturing_hub/richauto_auto_fused.py
-> 🔍 [品質檢驗] 檢查模組語法: manufacturing_hub/richauto_auto_fused.py
-> 🎉 語法檢驗完美通過！
========================================
-> 🌍 [自動守護採購] 正在下載原始碼: https://raw.githubusercontent.com/pydantic/pydantic/refs/heads/main/pydantic/__init__.py
-> ✅ 原始碼下載成功。
-> 🧪 [深度融合] 正在將全球開源碼熔鑄至本地模組: PydanticAuto
-> 💾 寫入硬碟成功: manufacturing_hub/pydanticauto_auto_fused.py
-> 🔍 [品質檢驗] 檢查模組語法: manufacturing_hub/pydanticauto_auto_fused.py
-> 🎉 語法檢驗完美通過！

-> 💤 本輪巡航完畢。進入自動休眠，等待 30 秒後進行下一輪...

[2026-08-25 19:53:37] -> 🔄 開始新一輪全球開源專案自動巡航...
========================================
-> 🌍 [自動守護採購] 正在下載原始碼: https://raw.githubusercontent.com/psf/requests/refs/heads/main/src/requests/__init__.py
-> ✅ 原始碼下載成功。
-> 🧪 [深度融合] 正在將全球開源碼熔鑄至本地模組: RequestsAuto
-> 💾 寫入硬碟成功: manufacturing_hub/requestsauto_auto_fused.py
-> 🔍 [品質檢驗] 檢查模組語法: manufacturing_hub/requestsauto_auto_fused.py
-> 🎉 語法檢驗完美通過！
========================================
-> 🌍 [自動守護採購] 正在下載原始碼: https://raw.githubusercontent.com/fastapi/fastapi/refs/heads/master/fastapi/__init__.py
-> ✅ 原始碼下載成功。
-> 🧪 [深度融合] 正在將全球開源碼熔鑄至本地模組: FastAPIAuto
-> 💾 寫入硬碟成功: manufacturing_hub/fastapiauto_auto_fused.py
-> 🔍 [品質檢驗] 檢查模組語法: manufacturing_hub/fastapiauto_auto_fused.py
-> 🎉 語法檢驗完美通過！
========================================
-> 🌍 [自動守護採購] 正在下載原始碼: https://raw.githubusercontent.com/pallets/flask/refs/heads/main/src/flask/__init__.py
-> ✅ 原始碼下載成功。
-> 🧪 [深度融合] 正在將全球開源碼熔鑄至本地模組: FlaskAuto
-> 💾 寫入硬碟成功: manufacturing_hub/flaskauto_auto_fused.py
-> 🔍 [品質檢驗] 檢查模組語法: manufacturing_hub/flaskauto_auto_fused.py
-> 🎉 語法檢驗完美通過！
========================================
-> 🌍 [自動守護採購] 正在下載原始碼: https://raw.githubusercontent.com/pallets/click/refs/heads/main/src/click/__init__.py
-> ✅ 原始碼下載成功。
-> 🧪 [深度融合] 正在將全球開源碼熔鑄至本地模組: ClickAuto
-> 💾 寫入硬碟成功: manufacturing_hub/clickauto_auto_fused.py
-> 🔍 [品質檢驗] 檢查模組語法: manufacturing_hub/clickauto_auto_fused.py
-> 🎉 語法檢驗完美通過！
========================================
-> 🌍 [自動守護採購] 正在下載原始碼: https://raw.githubusercontent.com/Textualize/rich/refs/heads/main/rich/__init__.py
-> ✅ 原始碼下載成功。
-> 🧪 [深度融合] 正在將全球開源碼熔鑄至本地模組: RichAuto
-> 💾 寫入硬碟成功: manufacturing_hub/richauto_auto_fused.py
-> 🔍 [品質檢驗] 檢查模組語法: manufacturing_hub/richauto_auto_fused.py
-> 🎉 語法檢驗完美通過！
========================================
-> 🌍 [自動守護採購] 正在下載原始碼: https://raw.githubusercontent.com/pydantic/pydantic/refs/heads/main/pydantic/__init__.py
-> ✅ 原始碼下載成功。
-> 🧪 [深度融合] 正在將全球開源碼熔鑄至本地模組: PydanticAuto
-> 💾 寫入硬碟成功: manufacturing_hub/pydanticauto_auto_fused.py
-> 🔍 [品質檢驗] 檢查模組語法: manufacturing_hub/pydanticauto_auto_fused.py
-> 🎉 語法檢驗完美通過！

-> 💤 本輪巡航完畢。進入自動休眠，等待 30 秒後進行下一輪...

[2026-08-25 19:54:12] -> 🔄 開始新一輪全球開源專案自動巡航...
========================================
-> 🌍 [自動守護採購] 正在下載原始碼: https://raw.githubusercontent.com/psf/requests/refs/heads/main/src/requests/__init__.py
-> ✅ 原始碼下載成功。
-> 🧪 [深度融合] 正在將全球開源碼熔鑄至本地模組: RequestsAuto
-> 💾 寫入硬碟成功: manufacturing_hub/requestsauto_auto_fused.py
-> 🔍 [品質檢驗] 檢查模組語法: manufacturing_hub/requestsauto_auto_fused.py
-> 🎉 語法檢驗完美通過！
========================================
-> 🌍 [自動守護採購] 正在下載原始碼: https://raw.githubusercontent.com/fastapi/fastapi/refs/heads/master/fastapi/__init__.py
-> ✅ 原始碼下載成功。
-> 🧪 [深度融合] 正在將全球開源碼熔鑄至本地模組: FastAPIAuto
-> 💾 寫入硬碟成功: manufacturing_hub/fastapiauto_auto_fused.py
-> 🔍 [品質檢驗] 檢查模組語法: manufacturing_hub/fastapiauto_auto_fused.py
-> 🎉 語法檢驗完美通過！
========================================
-> 🌍 [自動守護採購] 正在下載原始碼: https://raw.githubusercontent.com/pallets/flask/refs/heads/main/src/flask/__init__.py
-> ✅ 原始碼下載成功。
-> 🧪 [深度融合] 正在將全球開源碼熔鑄至本地模組: FlaskAuto
-> 💾 寫入硬碟成功: manufacturing_hub/flaskauto_auto_fused.py
-> 🔍 [品質檢驗] 檢查模組語法: manufacturing_hub/flaskauto_auto_fused.py
-> 🎉 語法檢驗完美通過！
========================================
-> 🌍 [自動守護採購] 正在下載原始碼: https://raw.githubusercontent.com/pallets/click/refs/heads/main/src/click/__init__.py
-> ✅ 原始碼下載成功。
-> 🧪 [深度融合] 正在將全球開源碼熔鑄至本地模組: ClickAuto
-> 💾 寫入硬碟成功: manufacturing_hub/clickauto_auto_fused.py
-> 🔍 [品質檢驗] 檢查模組語法: manufacturing_hub/clickauto_auto_fused.py
-> 🎉 語法檢驗完美通過！
========================================
-> 🌍 [自動守護採購] 正在下載原始碼: https://raw.githubusercontent.com/Textualize/rich/refs/heads/main/rich/__init__.py
-> ✅ 原始碼下載成功。
-> 🧪 [深度融合] 正在將全球開源碼熔鑄至本地模組: RichAuto
-> 💾 寫入硬碟成功: manufacturing_hub/richauto_auto_fused.py
-> 🔍 [品質檢驗] 檢查模組語法: manufacturing_hub/richauto_auto_fused.py
-> 🎉 語法檢驗完美通過！
========================================
-> 🌍 [自動守護採購] 正在下載原始碼: https://raw.githubusercontent.com/pydantic/pydantic/refs/heads/main/pydantic/__init__.py
-> ✅ 原始碼下載成功。
-> 🧪 [深度融合] 正在將全球開源碼熔鑄至本地模組: PydanticAuto
-> 💾 寫入硬碟成功: manufacturing_hub/pydanticauto_auto_fused.py
-> 🔍 [品質檢驗] 檢查模組語法: manufacturing_hub/pydanticauto_auto_fused.py
-> 🎉 語法檢驗完美通過！

-> 💤 本輪巡航完畢。進入自動休眠，等待 30 秒後進行下一輪...

[2026-08-25 19:54:49] -> 🔄 開始新一輪全球開源專案自動巡航...
========================================
-> 🌍 [自動守護採購] 正在下載原始碼: https://raw.githubusercontent.com/psf/requests/refs/heads/main/src/requests/__init__.py
-> ✅ 原始碼下載成功。
-> 🧪 [深度融合] 正在將全球開源碼熔鑄至本地模組: RequestsAuto
-> 💾 寫入硬碟成功: manufacturing_hub/requestsauto_auto_fused.py
-> 🔍 [品質檢驗] 檢查模組語法: manufacturing_hub/requestsauto_auto_fused.py
-> 🎉 語法檢驗完美通過！
========================================
-> 🌍 [自動守護採購] 正在下載原始碼: https://raw.githubusercontent.com/fastapi/fastapi/refs/heads/master/fastapi/__init__.py
-> ✅ 原始碼下載成功。
-> 🧪 [深度融合] 正在將全球開源碼熔鑄至本地模組: FastAPIAuto
-> 💾 寫入硬碟成功: manufacturing_hub/fastapiauto_auto_fused.py
-> 🔍 [品質檢驗] 檢查模組語法: manufacturing_hub/fastapiauto_auto_fused.py
-> 🎉 語法檢驗完美通過！
========================================
-> 🌍 [自動守護採購] 正在下載原始碼: https://raw.githubusercontent.com/pallets/flask/refs/heads/main/src/flask/__init__.py
-> ✅ 原始碼下載成功。
-> 🧪 [深度融合] 正在將全球開源碼熔鑄至本地模組: FlaskAuto
-> 💾 寫入硬碟成功: manufacturing_hub/flaskauto_auto_fused.py
-> 🔍 [品質檢驗] 檢查模組語法: manufacturing_hub/flaskauto_auto_fused.py
-> 🎉 語法檢驗完美通過！
========================================
-> 🌍 [自動守護採購] 正在下載原始碼: https://raw.githubusercontent.com/pallets/click/refs/heads/main/src/click/__init__.py
-> ✅ 原始碼下載成功。
-> 🧪 [深度融合] 正在將全球開源碼熔鑄至本地模組: ClickAuto
-> 💾 寫入硬碟成功: manufacturing_hub/clickauto_auto_fused.py
-> 🔍 [品質檢驗] 檢查模組語法: manufacturing_hub/clickauto_auto_fused.py
-> 🎉 語法檢驗完美通過！
========================================
-> 🌍 [自動守護採購] 正在下載原始碼: https://raw.githubusercontent.com/Textualize/rich/refs/heads/main/rich/__init__.py
-> ✅ 原始碼下載成功。
-> 🧪 [深度融合] 正在將全球開源碼熔鑄至本地模組: RichAuto
-> 💾 寫入硬碟成功: manufacturing_hub/richauto_auto_fused.py
-> 🔍 [品質檢驗] 檢查模組語法: manufacturing_hub/richauto_auto_fused.py
-> 🎉 語法檢驗完美通過！
========================================
-> 🌍 [自動守護採購] 正在下載原始碼: https://raw.githubusercontent.com/pydantic/pydantic/refs/heads/main/pydantic/__init__.py
-> ✅ 原始碼下載成功。
-> 🧪 [深度融合] 正在將全球開源碼熔鑄至本地模組: PydanticAuto
-> 💾 寫入硬碟成功: manufacturing_hub/pydanticauto_auto_fused.py
-> 🔍 [品質檢驗] 檢查模組語法: manufacturing_hub/pydanticauto_auto_fused.py
-> 🎉 語法檢驗完美通過！

-> 💤 本輪巡航完畢。進入自動休眠，等待 30 秒後進行下一輪...

[2026-08-25 19:55:24] -> 🔄 開始新一輪全球開源專案自動巡航...
========================================
-> 🌍 [自動守護採購] 正在下載原始碼: https://raw.githubusercontent.com/psf/requests/refs/heads/main/src/requests/__init__.py
-> ✅ 原始碼下載成功。
-> 🧪 [深度融合] 正在將全球開源碼熔鑄至本地模組: RequestsAuto
-> 💾 寫入硬碟成功: manufacturing_hub/requestsauto_auto_fused.py
-> 🔍 [品質檢驗] 檢查模組語法: manufacturing_hub/requestsauto_auto_fused.py
-> 🎉 語法檢驗完美通過！
========================================
-> 🌍 [自動守護採購] 正在下載原始碼: https://raw.githubusercontent.com/fastapi/fastapi/refs/heads/master/fastapi/__init__.py
-> ✅ 原始碼下載成功。
-> 🧪 [深度融合] 正在將全球開源碼熔鑄至本地模組: FastAPIAuto
-> 💾 寫入硬碟成功: manufacturing_hub/fastapiauto_auto_fused.py
-> 🔍 [品質檢驗] 檢查模組語法: manufacturing_hub/fastapiauto_auto_fused.py
-> 🎉 語法檢驗完美通過！
========================================
-> 🌍 [自動守護採購] 正在下載原始碼: https://raw.githubusercontent.com/pallets/flask/refs/heads/main/src/flask/__init__.py
-> ✅ 原始碼下載成功。
-> 🧪 [深度融合] 正在將全球開源碼熔鑄至本地模組: FlaskAuto
-> 💾 寫入硬碟成功: manufacturing_hub/flaskauto_auto_fused.py
-> 🔍 [品質檢驗] 檢查模組語法: manufacturing_hub/flaskauto_auto_fused.py
-> 🎉 語法檢驗完美通過！
========================================
-> 🌍 [自動守護採購] 正在下載原始碼: https://raw.githubusercontent.com/pallets/click/refs/heads/main/src/click/__init__.py
-> ✅ 原始碼下載成功。
-> 🧪 [深度融合] 正在將全球開源碼熔鑄至本地模組: ClickAuto
-> 💾 寫入硬碟成功: manufacturing_hub/clickauto_auto_fused.py
-> 🔍 [品質檢驗] 檢查模組語法: manufacturing_hub/clickauto_auto_fused.py
-> 🎉 語法檢驗完美通過！
========================================
-> 🌍 [自動守護採購] 正在下載原始碼: https://raw.githubusercontent.com/Textualize/rich/refs/heads/main/rich/__init__.py
-> ✅ 原始碼下載成功。
-> 🧪 [深度融合] 正在將全球開源碼熔鑄至本地模組: RichAuto
-> 💾 寫入硬碟成功: manufacturing_hub/richauto_auto_fused.py
-> 🔍 [品質檢驗] 檢查模組語法: manufacturing_hub/richauto_auto_fused.py
-> 🎉 語法檢驗完美通過！
========================================
-> 🌍 [自動守護採購] 正在下載原始碼: https://raw.githubusercontent.com/pydantic/pydantic/refs/heads/main/pydantic/__init__.py
-> ✅ 原始碼下載成功。
-> 🧪 [深度融合] 正在將全球開源碼熔鑄至本地模組: PydanticAuto
-> 💾 寫入硬碟成功: manufacturing_hub/pydanticauto_auto_fused.py
-> 🔍 [品質檢驗] 檢查模組語法: manufacturing_hub/pydanticauto_auto_fused.py
-> 🎉 語法檢驗完美通過！

-> 💤 本輪巡航完畢。進入自動休眠，等待 30 秒後進行下一輪...

[2026-08-25 19:55:57] -> 🔄 開始新一輪全球開源專案自動巡航...
========================================
-> 🌍 [自動守護採購] 正在下載原始碼: https://raw.githubusercontent.com/psf/requests/refs/heads/main/src/requests/__init__.py
-> ✅ 原始碼下載成功。
-> 🧪 [深度融合] 正在將全球開源碼熔鑄至本地模組: RequestsAuto
-> 💾 寫入硬碟成功: manufacturing_hub/requestsauto_auto_fused.py
-> 🔍 [品質檢驗] 檢查模組語法: manufacturing_hub/requestsauto_auto_fused.py
-> 🎉 語法檢驗完美通過！
========================================
-> 🌍 [自動守護採購] 正在下載原始碼: https://raw.githubusercontent.com/fastapi/fastapi/refs/heads/master/fastapi/__init__.py
-> ✅ 原始碼下載成功。
-> 🧪 [深度融合] 正在將全球開源碼熔鑄至本地模組: FastAPIAuto
-> 💾 寫入硬碟成功: manufacturing_hub/fastapiauto_auto_fused.py
-> 🔍 [品質檢驗] 檢查模組語法: manufacturing_hub/fastapiauto_auto_fused.py
-> 🎉 語法檢驗完美通過！
========================================
-> 🌍 [自動守護採購] 正在下載原始碼: https://raw.githubusercontent.com/pallets/flask/refs/heads/main/src/flask/__init__.py
-> ✅ 原始碼下載成功。
-> 🧪 [深度融合] 正在將全球開源碼熔鑄至本地模組: FlaskAuto
-> 💾 寫入硬碟成功: manufacturing_hub/flaskauto_auto_fused.py
-> 🔍 [品質檢驗] 檢查模組語法: manufacturing_hub/flaskauto_auto_fused.py
-> 🎉 語法檢驗完美通過！
========================================
-> 🌍 [自動守護採購] 正在下載原始碼: https://raw.githubusercontent.com/pallets/click/refs/heads/main/src/click/__init__.py
-> ✅ 原始碼下載成功。
-> 🧪 [深度融合] 正在將全球開源碼熔鑄至本地模組: ClickAuto
-> 💾 寫入硬碟成功: manufacturing_hub/clickauto_auto_fused.py
-> 🔍 [品質檢驗] 檢查模組語法: manufacturing_hub/clickauto_auto_fused.py
-> 🎉 語法檢驗完美通過！
========================================
-> 🌍 [自動守護採購] 正在下載原始碼: https://raw.githubusercontent.com/Textualize/rich/refs/heads/main/rich/__init__.py
-> ✅ 原始碼下載成功。
-> 🧪 [深度融合] 正在將全球開源碼熔鑄至本地模組: RichAuto
-> 💾 寫入硬碟成功: manufacturing_hub/richauto_auto_fused.py
-> 🔍 [品質檢驗] 檢查模組語法: manufacturing_hub/richauto_auto_fused.py
-> 🎉 語法檢驗完美通過！
========================================
-> 🌍 [自動守護採購] 正在下載原始碼: https://raw.githubusercontent.com/pydantic/pydantic/refs/heads/main/pydantic/__init__.py
-> ✅ 原始碼下載成功。
-> 🧪 [深度融合] 正在將全球開源碼熔鑄至本地模組: PydanticAuto
-> 💾 寫入硬碟成功: manufacturing_hub/pydanticauto_auto_fused.py
-> 🔍 [品質檢驗] 檢查模組語法: manufacturing_hub/pydanticauto_auto_fused.py
-> 🎉 語法檢驗完美通過！

-> 💤 本輪巡航完畢。進入自動休眠，等待 30 秒後進行下一輪...

[2026-08-25 19:56:32] -> 🔄 開始新一輪全球開源專案自動巡航...
========================================
-> 🌍 [自動守護採購] 正在下載原始碼: https://raw.githubusercontent.com/psf/requests/refs/heads/main/src/requests/__init__.py
-> ✅ 原始碼下載成功。
-> 🧪 [深度融合] 正在將全球開源碼熔鑄至本地模組: RequestsAuto
-> 💾 寫入硬碟成功: manufacturing_hub/requestsauto_auto_fused.py
-> 🔍 [品質檢驗] 檢查模組語法: manufacturing_hub/requestsauto_auto_fused.py
-> 🎉 語法檢驗完美通過！
========================================
-> 🌍 [自動守護採購] 正在下載原始碼: https://raw.githubusercontent.com/fastapi/fastapi/refs/heads/master/fastapi/__init__.py
-> ✅ 原始碼下載成功。
-> 🧪 [深度融合] 正在將全球開源碼熔鑄至本地模組: FastAPIAuto
-> 💾 寫入硬碟成功: manufacturing_hub/fastapiauto_auto_fused.py
-> 🔍 [品質檢驗] 檢查模組語法: manufacturing_hub/fastapiauto_auto_fused.py
-> 🎉 語法檢驗完美通過！
========================================
-> 🌍 [自動守護採購] 正在下載原始碼: https://raw.githubusercontent.com/pallets/flask/refs/heads/main/src/flask/__init__.py
-> ✅ 原始碼下載成功。
-> 🧪 [深度融合] 正在將全球開源碼熔鑄至本地模組: FlaskAuto
-> 💾 寫入硬碟成功: manufacturing_hub/flaskauto_auto_fused.py
-> 🔍 [品質檢驗] 檢查模組語法: manufacturing_hub/flaskauto_auto_fused.py
-> 🎉 語法檢驗完美通過！
========================================
-> 🌍 [自動守護採購] 正在下載原始碼: https://raw.githubusercontent.com/pallets/click/refs/heads/main/src/click/__init__.py
-> ✅ 原始碼下載成功。
-> 🧪 [深度融合] 正在將全球開源碼熔鑄至本地模組: ClickAuto
-> 💾 寫入硬碟成功: manufacturing_hub/clickauto_auto_fused.py
-> 🔍 [品質檢驗] 檢查模組語法: manufacturing_hub/clickauto_auto_fused.py
-> 🎉 語法檢驗完美通過！
========================================
-> 🌍 [自動守護採購] 正在下載原始碼: https://raw.githubusercontent.com/Textualize/rich/refs/heads/main/rich/__init__.py
-> ✅ 原始碼下載成功。
-> 🧪 [深度融合] 正在將全球開源碼熔鑄至本地模組: RichAuto
-> 💾 寫入硬碟成功: manufacturing_hub/richauto_auto_fused.py
-> 🔍 [品質檢驗] 檢查模組語法: manufacturing_hub/richauto_auto_fused.py
-> 🎉 語法檢驗完美通過！
========================================
-> 🌍 [自動守護採購] 正在下載原始碼: https://raw.githubusercontent.com/pydantic/pydantic/refs/heads/main/pydantic/__init__.py
-> ✅ 原始碼下載成功。
-> 🧪 [深度融合] 正在將全球開源碼熔鑄至本地模組: PydanticAuto
-> 💾 寫入硬碟成功: manufacturing_hub/pydanticauto_auto_fused.py
-> 🔍 [品質檢驗] 檢查模組語法: manufacturing_hub/pydanticauto_auto_fused.py
-> 🎉 語法檢驗完美通過！

-> 💤 本輪巡航完畢。進入自動休眠，等待 30 秒後進行下一輪...

[2026-08-25 19:57:06] -> 🔄 開始新一輪全球開源專案自動巡航...
========================================
-> 🌍 [自動守護採購] 正在下載原始碼: https://raw.githubusercontent.com/psf/requests/refs/heads/main/src/requests/__init__.py
-> ✅ 原始碼下載成功。
-> 🧪 [深度融合] 正在將全球開源碼熔鑄至本地模組: RequestsAuto
-> 💾 寫入硬碟成功: manufacturing_hub/requestsauto_auto_fused.py
-> 🔍 [品質檢驗] 檢查模組語法: manufacturing_hub/requestsauto_auto_fused.py
-> 🎉 語法檢驗完美通過！
========================================
-> 🌍 [自動守護採購] 正在下載原始碼: https://raw.githubusercontent.com/fastapi/fastapi/refs/heads/master/fastapi/__init__.py
-> ✅ 原始碼下載成功。
-> 🧪 [深度融合] 正在將全球開源碼熔鑄至本地模組: FastAPIAuto
-> 💾 寫入硬碟成功: manufacturing_hub/fastapiauto_auto_fused.py
-> 🔍 [品質檢驗] 檢查模組語法: manufacturing_hub/fastapiauto_auto_fused.py
-> 🎉 語法檢驗完美通過！
========================================
-> 🌍 [自動守護採購] 正在下載原始碼: https://raw.githubusercontent.com/pallets/flask/refs/heads/main/src/flask/__init__.py
-> ✅ 原始碼下載成功。
-> 🧪 [深度融合] 正在將全球開源碼熔鑄至本地模組: FlaskAuto
-> 💾 寫入硬碟成功: manufacturing_hub/flaskauto_auto_fused.py
-> 🔍 [品質檢驗] 檢查模組語法: manufacturing_hub/flaskauto_auto_fused.py
-> 🎉 語法檢驗完美通過！
========================================
-> 🌍 [自動守護採購] 正在下載原始碼: https://raw.githubusercontent.com/pallets/click/refs/heads/main/src/click/__init__.py
-> ✅ 原始碼下載成功。
-> 🧪 [深度融合] 正在將全球開源碼熔鑄至本地模組: ClickAuto
-> 💾 寫入硬碟成功: manufacturing_hub/clickauto_auto_fused.py
-> 🔍 [品質檢驗] 檢查模組語法: manufacturing_hub/clickauto_auto_fused.py
-> 🎉 語法檢驗完美通過！
========================================
-> 🌍 [自動守護採購] 正在下載原始碼: https://raw.githubusercontent.com/Textualize/rich/refs/heads/main/rich/__init__.py
-> ✅ 原始碼下載成功。
-> 🧪 [深度融合] 正在將全球開源碼熔鑄至本地模組: RichAuto
-> 💾 寫入硬碟成功: manufacturing_hub/richauto_auto_fused.py
-> 🔍 [品質檢驗] 檢查模組語法: manufacturing_hub/richauto_auto_fused.py
-> 🎉 語法檢驗完美通過！
========================================
-> 🌍 [自動守護採購] 正在下載原始碼: https://raw.githubusercontent.com/pydantic/pydantic/refs/heads/main/pydantic/__init__.py
-> ✅ 原始碼下載成功。
-> 🧪 [深度融合] 正在將全球開源碼熔鑄至本地模組: PydanticAuto
-> 💾 寫入硬碟成功: manufacturing_hub/pydanticauto_auto_fused.py
-> 🔍 [品質檢驗] 檢查模組語法: manufacturing_hub/pydanticauto_auto_fused.py
-> 🎉 語法檢驗完美通過！

-> 💤 本輪巡航完畢。進入自動休眠，等待 30 秒後進行下一輪...

[2026-08-25 19:57:41] -> 🔄 開始新一輪全球開源專案自動巡航...
========================================
-> 🌍 [自動守護採購] 正在下載原始碼: https://raw.githubusercontent.com/psf/requests/refs/heads/main/src/requests/__init__.py
-> ✅ 原始碼下載成功。
-> 🧪 [深度融合] 正在將全球開源碼熔鑄至本地模組: RequestsAuto
-> 💾 寫入硬碟成功: manufacturing_hub/requestsauto_auto_fused.py
-> 🔍 [品質檢驗] 檢查模組語法: manufacturing_hub/requestsauto_auto_fused.py
-> 🎉 語法檢驗完美通過！
========================================
-> 🌍 [自動守護採購] 正在下載原始碼: https://raw.githubusercontent.com/fastapi/fastapi/refs/heads/master/fastapi/__init__.py
-> ✅ 原始碼下載成功。
-> 🧪 [深度融合] 正在將全球開源碼熔鑄至本地模組: FastAPIAuto
-> 💾 寫入硬碟成功: manufacturing_hub/fastapiauto_auto_fused.py
-> 🔍 [品質檢驗] 檢查模組語法: manufacturing_hub/fastapiauto_auto_fused.py
-> 🎉 語法檢驗完美通過！
========================================
-> 🌍 [自動守護採購] 正在下載原始碼: https://raw.githubusercontent.com/pallets/flask/refs/heads/main/src/flask/__init__.py
-> ✅ 原始碼下載成功。
-> 🧪 [深度融合] 正在將全球開源碼熔鑄至本地模組: FlaskAuto
-> 💾 寫入硬碟成功: manufacturing_hub/flaskauto_auto_fused.py
-> 🔍 [品質檢驗] 檢查模組語法: manufacturing_hub/flaskauto_auto_fused.py
-> 🎉 語法檢驗完美通過！
========================================
-> 🌍 [自動守護採購] 正在下載原始碼: https://raw.githubusercontent.com/pallets/click/refs/heads/main/src/click/__init__.py
-> ✅ 原始碼下載成功。
-> 🧪 [深度融合] 正在將全球開源碼熔鑄至本地模組: ClickAuto
-> 💾 寫入硬碟成功: manufacturing_hub/clickauto_auto_fused.py
-> 🔍 [品質檢驗] 檢查模組語法: manufacturing_hub/clickauto_auto_fused.py
-> 🎉 語法檢驗完美通過！
========================================
-> 🌍 [自動守護採購] 正在下載原始碼: https://raw.githubusercontent.com/Textualize/rich/refs/heads/main/rich/__init__.py
-> ✅ 原始碼下載成功。
-> 🧪 [深度融合] 正在將全球開源碼熔鑄至本地模組: RichAuto
-> 💾 寫入硬碟成功: manufacturing_hub/richauto_auto_fused.py
-> 🔍 [品質檢驗] 檢查模組語法: manufacturing_hub/richauto_auto_fused.py
-> 🎉 語法檢驗完美通過！
========================================
-> 🌍 [自動守護採購] 正在下載原始碼: https://raw.githubusercontent.com/pydantic/pydantic/refs/heads/main/pydantic/__init__.py
-> ✅ 原始碼下載成功。
-> 🧪 [深度融合] 正在將全球開源碼熔鑄至本地模組: PydanticAuto
-> 💾 寫入硬碟成功: manufacturing_hub/pydanticauto_auto_fused.py
-> 🔍 [品質檢驗] 檢查模組語法: manufacturing_hub/pydanticauto_auto_fused.py
-> 🎉 語法檢驗完美通過！

-> 💤 本輪巡航完畢。進入自動休眠，等待 30 秒後進行下一輪...

[2026-08-25 19:58:15] -> 🔄 開始新一輪全球開源專案自動巡航...
========================================
-> 🌍 [自動守護採購] 正在下載原始碼: https://raw.githubusercontent.com/psf/requests/refs/heads/main/src/requests/__init__.py
-> ✅ 原始碼下載成功。
-> 🧪 [深度融合] 正在將全球開源碼熔鑄至本地模組: RequestsAuto
-> 💾 寫入硬碟成功: manufacturing_hub/requestsauto_auto_fused.py
-> 🔍 [品質檢驗] 檢查模組語法: manufacturing_hub/requestsauto_auto_fused.py
-> 🎉 語法檢驗完美通過！
========================================
-> 🌍 [自動守護採購] 正在下載原始碼: https://raw.githubusercontent.com/fastapi/fastapi/refs/heads/master/fastapi/__init__.py
-> ✅ 原始碼下載成功。
-> 🧪 [深度融合] 正在將全球開源碼熔鑄至本地模組: FastAPIAuto
-> 💾 寫入硬碟成功: manufacturing_hub/fastapiauto_auto_fused.py
-> 🔍 [品質檢驗] 檢查模組語法: manufacturing_hub/fastapiauto_auto_fused.py
-> 🎉 語法檢驗完美通過！
========================================
-> 🌍 [自動守護採購] 正在下載原始碼: https://raw.githubusercontent.com/pallets/flask/refs/heads/main/src/flask/__init__.py
-> ✅ 原始碼下載成功。
-> 🧪 [深度融合] 正在將全球開源碼熔鑄至本地模組: FlaskAuto
-> 💾 寫入硬碟成功: manufacturing_hub/flaskauto_auto_fused.py
-> 🔍 [品質檢驗] 檢查模組語法: manufacturing_hub/flaskauto_auto_fused.py
-> 🎉 語法檢驗完美通過！
========================================
-> 🌍 [自動守護採購] 正在下載原始碼: https://raw.githubusercontent.com/pallets/click/refs/heads/main/src/click/__init__.py
-> ✅ 原始碼下載成功。
-> 🧪 [深度融合] 正在將全球開源碼熔鑄至本地模組: ClickAuto
-> 💾 寫入硬碟成功: manufacturing_hub/clickauto_auto_fused.py
-> 🔍 [品質檢驗] 檢查模組語法: manufacturing_hub/clickauto_auto_fused.py
-> 🎉 語法檢驗完美通過！
========================================
-> 🌍 [自動守護採購] 正在下載原始碼: https://raw.githubusercontent.com/Textualize/rich/refs/heads/main/rich/__init__.py
-> ✅ 原始碼下載成功。
-> 🧪 [深度融合] 正在將全球開源碼熔鑄至本地模組: RichAuto
-> 💾 寫入硬碟成功: manufacturing_hub/richauto_auto_fused.py
-> 🔍 [品質檢驗] 檢查模組語法: manufacturing_hub/richauto_auto_fused.py
-> 🎉 語法檢驗完美通過！
========================================
-> 🌍 [自動守護採購] 正在下載原始碼: https://raw.githubusercontent.com/pydantic/pydantic/refs/heads/main/pydantic/__init__.py
-> ✅ 原始碼下載成功。
-> 🧪 [深度融合] 正在將全球開源碼熔鑄至本地模組: PydanticAuto
-> 💾 寫入硬碟成功: manufacturing_hub/pydanticauto_auto_fused.py
-> 🔍 [品質檢驗] 檢查模組語法: manufacturing_hub/pydanticauto_auto_fused.py
-> 🎉 語法檢驗完美通過！

-> 💤 本輪巡航完畢。進入自動休眠，等待 30 秒後進行下一輪...

[2026-08-25 19:58:52] -> 🔄 開始新一輪全球開源專案自動巡航...
========================================
-> 🌍 [自動守護採購] 正在下載原始碼: https://raw.githubusercontent.com/psf/requests/refs/heads/main/src/requests/__init__.py
-> ✅ 原始碼下載成功。
-> 🧪 [深度融合] 正在將全球開源碼熔鑄至本地模組: RequestsAuto
-> 💾 寫入硬碟成功: manufacturing_hub/requestsauto_auto_fused.py
-> 🔍 [品質檢驗] 檢查模組語法: manufacturing_hub/requestsauto_auto_fused.py
-> 🎉 語法檢驗完美通過！
========================================
-> 🌍 [自動守護採購] 正在下載原始碼: https://raw.githubusercontent.com/fastapi/fastapi/refs/heads/master/fastapi/__init__.py
-> ✅ 原始碼下載成功。
-> 🧪 [深度融合] 正在將全球開源碼熔鑄至本地模組: FastAPIAuto
-> 💾 寫入硬碟成功: manufacturing_hub/fastapiauto_auto_fused.py
-> 🔍 [品質檢驗] 檢查模組語法: manufacturing_hub/fastapiauto_auto_fused.py
-> 🎉 語法檢驗完美通過！
========================================
-> 🌍 [自動守護採購] 正在下載原始碼: https://raw.githubusercontent.com/pallets/flask/refs/heads/main/src/flask/__init__.py
-> ✅ 原始碼下載成功。
-> 🧪 [深度融合] 正在將全球開源碼熔鑄至本地模組: FlaskAuto
-> 💾 寫入硬碟成功: manufacturing_hub/flaskauto_auto_fused.py
-> 🔍 [品質檢驗] 檢查模組語法: manufacturing_hub/flaskauto_auto_fused.py
-> 🎉 語法檢驗完美通過！
========================================
-> 🌍 [自動守護採購] 正在下載原始碼: https://raw.githubusercontent.com/pallets/click/refs/heads/main/src/click/__init__.py
-> ✅ 原始碼下載成功。
-> 🧪 [深度融合] 正在將全球開源碼熔鑄至本地模組: ClickAuto
-> 💾 寫入硬碟成功: manufacturing_hub/clickauto_auto_fused.py
-> 🔍 [品質檢驗] 檢查模組語法: manufacturing_hub/clickauto_auto_fused.py
-> 🎉 語法檢驗完美通過！
========================================
-> 🌍 [自動守護採購] 正在下載原始碼: https://raw.githubusercontent.com/Textualize/rich/refs/heads/main/rich/__init__.py
-> ✅ 原始碼下載成功。
-> 🧪 [深度融合] 正在將全球開源碼熔鑄至本地模組: RichAuto
-> 💾 寫入硬碟成功: manufacturing_hub/richauto_auto_fused.py
-> 🔍 [品質檢驗] 檢查模組語法: manufacturing_hub/richauto_auto_fused.py
-> 🎉 語法檢驗完美通過！
========================================
-> 🌍 [自動守護採購] 正在下載原始碼: https://raw.githubusercontent.com/pydantic/pydantic/refs/heads/main/pydantic/__init__.py
-> ✅ 原始碼下載成功。
-> 🧪 [深度融合] 正在將全球開源碼熔鑄至本地模組: PydanticAuto
-> 💾 寫入硬碟成功: manufacturing_hub/pydanticauto_auto_fused.py
-> 🔍 [品質檢驗] 檢查模組語法: manufacturing_hub/pydanticauto_auto_fused.py
-> 🎉 語法檢驗完美通過！

-> 💤 本輪巡航完畢。進入自動休眠，等待 30 秒後進行下一輪...

[2026-08-25 19:59:26] -> 🔄 開始新一輪全球開源專案自動巡航...
========================================
-> 🌍 [自動守護採購] 正在下載原始碼: https://raw.githubusercontent.com/psf/requests/refs/heads/main/src/requests/__init__.py
-> ✅ 原始碼下載成功。
-> 🧪 [深度融合] 正在將全球開源碼熔鑄至本地模組: RequestsAuto
-> 💾 寫入硬碟成功: manufacturing_hub/requestsauto_auto_fused.py
-> 🔍 [品質檢驗] 檢查模組語法: manufacturing_hub/requestsauto_auto_fused.py
-> 🎉 語法檢驗完美通過！
========================================
-> 🌍 [自動守護採購] 正在下載原始碼: https://raw.githubusercontent.com/fastapi/fastapi/refs/heads/master/fastapi/__init__.py
-> ✅ 原始碼下載成功。
-> 🧪 [深度融合] 正在將全球開源碼熔鑄至本地模組: FastAPIAuto
-> 💾 寫入硬碟成功: manufacturing_hub/fastapiauto_auto_fused.py
-> 🔍 [品質檢驗] 檢查模組語法: manufacturing_hub/fastapiauto_auto_fused.py
-> 🎉 語法檢驗完美通過！
========================================
-> 🌍 [自動守護採購] 正在下載原始碼: https://raw.githubusercontent.com/pallets/flask/refs/heads/main/src/flask/__init__.py
-> ✅ 原始碼下載成功。
-> 🧪 [深度融合] 正在將全球開源碼熔鑄至本地模組: FlaskAuto
-> 💾 寫入硬碟成功: manufacturing_hub/flaskauto_auto_fused.py
-> 🔍 [品質檢驗] 檢查模組語法: manufacturing_hub/flaskauto_auto_fused.py
-> 🎉 語法檢驗完美通過！
========================================
-> 🌍 [自動守護採購] 正在下載原始碼: https://raw.githubusercontent.com/pallets/click/refs/heads/main/src/click/__init__.py
-> ✅ 原始碼下載成功。
-> 🧪 [深度融合] 正在將全球開源碼熔鑄至本地模組: ClickAuto
-> 💾 寫入硬碟成功: manufacturing_hub/clickauto_auto_fused.py
-> 🔍 [品質檢驗] 檢查模組語法: manufacturing_hub/clickauto_auto_fused.py
-> 🎉 語法檢驗完美通過！
========================================
-> 🌍 [自動守護採購] 正在下載原始碼: https://raw.githubusercontent.com/Textualize/rich/refs/heads/main/rich/__init__.py
-> ✅ 原始碼下載成功。
-> 🧪 [深度融合] 正在將全球開源碼熔鑄至本地模組: RichAuto
-> 💾 寫入硬碟成功: manufacturing_hub/richauto_auto_fused.py
-> 🔍 [品質檢驗] 檢查模組語法: manufacturing_hub/richauto_auto_fused.py
-> 🎉 語法檢驗完美通過！
========================================
-> 🌍 [自動守護採購] 正在下載原始碼: https://raw.githubusercontent.com/pydantic/pydantic/refs/heads/main/pydantic/__init__.py
-> ✅ 原始碼下載成功。
-> 🧪 [深度融合] 正在將全球開源碼熔鑄至本地模組: PydanticAuto
-> 💾 寫入硬碟成功: manufacturing_hub/pydanticauto_auto_fused.py
-> 🔍 [品質檢驗] 檢查模組語法: manufacturing_hub/pydanticauto_auto_fused.py
-> 🎉 語法檢驗完美通過！

-> 💤 本輪巡航完畢。進入自動休眠，等待 30 秒後進行下一輪...

[2026-08-25 20:00:01] -> 🔄 開始新一輪全球開源專案自動巡航...
========================================
-> 🌍 [自動守護採購] 正在下載原始碼: https://raw.githubusercontent.com/psf/requests/refs/heads/main/src/requests/__init__.py
-> ✅ 原始碼下載成功。
-> 🧪 [深度融合] 正在將全球開源碼熔鑄至本地模組: RequestsAuto
-> 💾 寫入硬碟成功: manufacturing_hub/requestsauto_auto_fused.py
-> 🔍 [品質檢驗] 檢查模組語法: manufacturing_hub/requestsauto_auto_fused.py
-> 🎉 語法檢驗完美通過！
========================================
-> 🌍 [自動守護採購] 正在下載原始碼: https://raw.githubusercontent.com/fastapi/fastapi/refs/heads/master/fastapi/__init__.py
-> ✅ 原始碼下載成功。
-> 🧪 [深度融合] 正在將全球開源碼熔鑄至本地模組: FastAPIAuto
-> 💾 寫入硬碟成功: manufacturing_hub/fastapiauto_auto_fused.py
-> 🔍 [品質檢驗] 檢查模組語法: manufacturing_hub/fastapiauto_auto_fused.py
-> 🎉 語法檢驗完美通過！
========================================
-> 🌍 [自動守護採購] 正在下載原始碼: https://raw.githubusercontent.com/pallets/flask/refs/heads/main/src/flask/__init__.py
-> ✅ 原始碼下載成功。
-> 🧪 [深度融合] 正在將全球開源碼熔鑄至本地模組: FlaskAuto
-> 💾 寫入硬碟成功: manufacturing_hub/flaskauto_auto_fused.py
-> 🔍 [品質檢驗] 檢查模組語法: manufacturing_hub/flaskauto_auto_fused.py
-> 🎉 語法檢驗完美通過！
========================================
-> 🌍 [自動守護採購] 正在下載原始碼: https://raw.githubusercontent.com/pallets/click/refs/heads/main/src/click/__init__.py
-> ✅ 原始碼下載成功。
-> 🧪 [深度融合] 正在將全球開源碼熔鑄至本地模組: ClickAuto
-> 💾 寫入硬碟成功: manufacturing_hub/clickauto_auto_fused.py
-> 🔍 [品質檢驗] 檢查模組語法: manufacturing_hub/clickauto_auto_fused.py
-> 🎉 語法檢驗完美通過！
========================================
-> 🌍 [自動守護採購] 正在下載原始碼: https://raw.githubusercontent.com/Textualize/rich/refs/heads/main/rich/__init__.py
-> ✅ 原始碼下載成功。
-> 🧪 [深度融合] 正在將全球開源碼熔鑄至本地模組: RichAuto
-> 💾 寫入硬碟成功: manufacturing_hub/richauto_auto_fused.py
-> 🔍 [品質檢驗] 檢查模組語法: manufacturing_hub/richauto_auto_fused.py
-> 🎉 語法檢驗完美通過！
========================================
-> 🌍 [自動守護採購] 正在下載原始碼: https://raw.githubusercontent.com/pydantic/pydantic/refs/heads/main/pydantic/__init__.py
-> ✅ 原始碼下載成功。
-> 🧪 [深度融合] 正在將全球開源碼熔鑄至本地模組: PydanticAuto
-> 💾 寫入硬碟成功: manufacturing_hub/pydanticauto_auto_fused.py
-> 🔍 [品質檢驗] 檢查模組語法: manufacturing_hub/pydanticauto_auto_fused.py
-> 🎉 語法檢驗完美通過！

-> 💤 本輪巡航完畢。進入自動休眠，等待 30 秒後進行下一輪...

[2026-08-25 20:00:35] -> 🔄 開始新一輪全球開源專案自動巡航...
========================================
-> 🌍 [自動守護採購] 正在下載原始碼: https://raw.githubusercontent.com/psf/requests/refs/heads/main/src/requests/__init__.py
-> ✅ 原始碼下載成功。
-> 🧪 [深度融合] 正在將全球開源碼熔鑄至本地模組: RequestsAuto
-> 💾 寫入硬碟成功: manufacturing_hub/requestsauto_auto_fused.py
-> 🔍 [品質檢驗] 檢查模組語法: manufacturing_hub/requestsauto_auto_fused.py
-> 🎉 語法檢驗完美通過！
========================================
-> 🌍 [自動守護採購] 正在下載原始碼: https://raw.githubusercontent.com/fastapi/fastapi/refs/heads/master/fastapi/__init__.py
-> ✅ 原始碼下載成功。
-> 🧪 [深度融合] 正在將全球開源碼熔鑄至本地模組: FastAPIAuto
-> 💾 寫入硬碟成功: manufacturing_hub/fastapiauto_auto_fused.py
-> 🔍 [品質檢驗] 檢查模組語法: manufacturing_hub/fastapiauto_auto_fused.py
-> 🎉 語法檢驗完美通過！
========================================
-> 🌍 [自動守護採購] 正在下載原始碼: https://raw.githubusercontent.com/pallets/flask/refs/heads/main/src/flask/__init__.py
-> ✅ 原始碼下載成功。
-> 🧪 [深度融合] 正在將全球開源碼熔鑄至本地模組: FlaskAuto
-> 💾 寫入硬碟成功: manufacturing_hub/flaskauto_auto_fused.py
-> 🔍 [品質檢驗] 檢查模組語法: manufacturing_hub/flaskauto_auto_fused.py
-> 🎉 語法檢驗完美通過！
========================================
-> 🌍 [自動守護採購] 正在下載原始碼: https://raw.githubusercontent.com/pallets/click/refs/heads/main/src/click/__init__.py
-> ✅ 原始碼下載成功。
-> 🧪 [深度融合] 正在將全球開源碼熔鑄至本地模組: ClickAuto
-> 💾 寫入硬碟成功: manufacturing_hub/clickauto_auto_fused.py
-> 🔍 [品質檢驗] 檢查模組語法: manufacturing_hub/clickauto_auto_fused.py
-> 🎉 語法檢驗完美通過！
========================================
-> 🌍 [自動守護採購] 正在下載原始碼: https://raw.githubusercontent.com/Textualize/rich/refs/heads/main/rich/__init__.py
-> ✅ 原始碼下載成功。
-> 🧪 [深度融合] 正在將全球開源碼熔鑄至本地模組: RichAuto
-> 💾 寫入硬碟成功: manufacturing_hub/richauto_auto_fused.py
-> 🔍 [品質檢驗] 檢查模組語法: manufacturing_hub/richauto_auto_fused.py
-> 🎉 語法檢驗完美通過！
========================================
-> 🌍 [自動守護採購] 正在下載原始碼: https://raw.githubusercontent.com/pydantic/pydantic/refs/heads/main/pydantic/__init__.py
-> ✅ 原始碼下載成功。
-> 🧪 [深度融合] 正在將全球開源碼熔鑄至本地模組: PydanticAuto
-> 💾 寫入硬碟成功: manufacturing_hub/pydanticauto_auto_fused.py
-> 🔍 [品質檢驗] 檢查模組語法: manufacturing_hub/pydanticauto_auto_fused.py
-> 🎉 語法檢驗完美通過！

-> 💤 本輪巡航完畢。進入自動休眠，等待 30 秒後進行下一輪...

[2026-08-25 20:01:09] -> 🔄 開始新一輪全球開源專案自動巡航...
========================================
-> 🌍 [自動守護採購] 正在下載原始碼: https://raw.githubusercontent.com/psf/requests/refs/heads/main/src/requests/__init__.py
-> ✅ 原始碼下載成功。
-> 🧪 [深度融合] 正在將全球開源碼熔鑄至本地模組: RequestsAuto
-> 💾 寫入硬碟成功: manufacturing_hub/requestsauto_auto_fused.py
-> 🔍 [品質檢驗] 檢查模組語法: manufacturing_hub/requestsauto_auto_fused.py
-> 🎉 語法檢驗完美通過！
========================================
-> 🌍 [自動守護採購] 正在下載原始碼: https://raw.githubusercontent.com/fastapi/fastapi/refs/heads/master/fastapi/__init__.py
-> ✅ 原始碼下載成功。
-> 🧪 [深度融合] 正在將全球開源碼熔鑄至本地模組: FastAPIAuto
-> 💾 寫入硬碟成功: manufacturing_hub/fastapiauto_auto_fused.py
-> 🔍 [品質檢驗] 檢查模組語法: manufacturing_hub/fastapiauto_auto_fused.py
-> 🎉 語法檢驗完美通過！
========================================
-> 🌍 [自動守護採購] 正在下載原始碼: https://raw.githubusercontent.com/pallets/flask/refs/heads/main/src/flask/__init__.py
-> ✅ 原始碼下載成功。
-> 🧪 [深度融合] 正在將全球開源碼熔鑄至本地模組: FlaskAuto
-> 💾 寫入硬碟成功: manufacturing_hub/flaskauto_auto_fused.py
-> 🔍 [品質檢驗] 檢查模組語法: manufacturing_hub/flaskauto_auto_fused.py
-> 🎉 語法檢驗完美通過！
========================================
-> 🌍 [自動守護採購] 正在下載原始碼: https://raw.githubusercontent.com/pallets/click/refs/heads/main/src/click/__init__.py
-> ✅ 原始碼下載成功。
-> 🧪 [深度融合] 正在將全球開源碼熔鑄至本地模組: ClickAuto
-> 💾 寫入硬碟成功: manufacturing_hub/clickauto_auto_fused.py
-> 🔍 [品質檢驗] 檢查模組語法: manufacturing_hub/clickauto_auto_fused.py
-> 🎉 語法檢驗完美通過！
========================================
-> 🌍 [自動守護採購] 正在下載原始碼: https://raw.githubusercontent.com/Textualize/rich/refs/heads/main/rich/__init__.py
-> ✅ 原始碼下載成功。
-> 🧪 [深度融合] 正在將全球開源碼熔鑄至本地模組: RichAuto
-> 💾 寫入硬碟成功: manufacturing_hub/richauto_auto_fused.py
-> 🔍 [品質檢驗] 檢查模組語法: manufacturing_hub/richauto_auto_fused.py
-> 🎉 語法檢驗完美通過！
========================================
-> 🌍 [自動守護採購] 正在下載原始碼: https://raw.githubusercontent.com/pydantic/pydantic/refs/heads/main/pydantic/__init__.py
-> ✅ 原始碼下載成功。
-> 🧪 [深度融合] 正在將全球開源碼熔鑄至本地模組: PydanticAuto
-> 💾 寫入硬碟成功: manufacturing_hub/pydanticauto_auto_fused.py
-> 🔍 [品質檢驗] 檢查模組語法: manufacturing_hub/pydanticauto_auto_fused.py
-> 🎉 語法檢驗完美通過！

-> 💤 本輪巡航完畢。進入自動休眠，等待 30 秒後進行下一輪...

[2026-08-25 20:01:44] -> 🔄 開始新一輪全球開源專案自動巡航...
========================================
-> 🌍 [自動守護採購] 正在下載原始碼: https://raw.githubusercontent.com/psf/requests/refs/heads/main/src/requests/__init__.py
-> ✅ 原始碼下載成功。
-> 🧪 [深度融合] 正在將全球開源碼熔鑄至本地模組: RequestsAuto
-> 💾 寫入硬碟成功: manufacturing_hub/requestsauto_auto_fused.py
-> 🔍 [品質檢驗] 檢查模組語法: manufacturing_hub/requestsauto_auto_fused.py
-> 🎉 語法檢驗完美通過！
========================================
-> 🌍 [自動守護採購] 正在下載原始碼: https://raw.githubusercontent.com/fastapi/fastapi/refs/heads/master/fastapi/__init__.py
-> ✅ 原始碼下載成功。
-> 🧪 [深度融合] 正在將全球開源碼熔鑄至本地模組: FastAPIAuto
-> 💾 寫入硬碟成功: manufacturing_hub/fastapiauto_auto_fused.py
-> 🔍 [品質檢驗] 檢查模組語法: manufacturing_hub/fastapiauto_auto_fused.py
-> 🎉 語法檢驗完美通過！
========================================
-> 🌍 [自動守護採購] 正在下載原始碼: https://raw.githubusercontent.com/pallets/flask/refs/heads/main/src/flask/__init__.py
-> ✅ 原始碼下載成功。
-> 🧪 [深度融合] 正在將全球開源碼熔鑄至本地模組: FlaskAuto
-> 💾 寫入硬碟成功: manufacturing_hub/flaskauto_auto_fused.py
-> 🔍 [品質檢驗] 檢查模組語法: manufacturing_hub/flaskauto_auto_fused.py
-> 🎉 語法檢驗完美通過！
========================================
-> 🌍 [自動守護採購] 正在下載原始碼: https://raw.githubusercontent.com/pallets/click/refs/heads/main/src/click/__init__.py
-> ✅ 原始碼下載成功。
-> 🧪 [深度融合] 正在將全球開源碼熔鑄至本地模組: ClickAuto
-> 💾 寫入硬碟成功: manufacturing_hub/clickauto_auto_fused.py
-> 🔍 [品質檢驗] 檢查模組語法: manufacturing_hub/clickauto_auto_fused.py
-> 🎉 語法檢驗完美通過！
========================================
-> 🌍 [自動守護採購] 正在下載原始碼: https://raw.githubusercontent.com/Textualize/rich/refs/heads/main/rich/__init__.py
-> ✅ 原始碼下載成功。
-> 🧪 [深度融合] 正在將全球開源碼熔鑄至本地模組: RichAuto
-> 💾 寫入硬碟成功: manufacturing_hub/richauto_auto_fused.py
-> 🔍 [品質檢驗] 檢查模組語法: manufacturing_hub/richauto_auto_fused.py
-> 🎉 語法檢驗完美通過！
========================================
-> 🌍 [自動守護採購] 正在下載原始碼: https://raw.githubusercontent.com/pydantic/pydantic/refs/heads/main/pydantic/__init__.py
-> ✅ 原始碼下載成功。
-> 🧪 [深度融合] 正在將全球開源碼熔鑄至本地模組: PydanticAuto
-> 💾 寫入硬碟成功: manufacturing_hub/pydanticauto_auto_fused.py
-> 🔍 [品質檢驗] 檢查模組語法: manufacturing_hub/pydanticauto_auto_fused.py
-> 🎉 語法檢驗完美通過！

-> 💤 本輪巡航完畢。進入自動休眠，等待 30 秒後進行下一輪...

[2026-08-25 20:02:17] -> 🔄 開始新一輪全球開源專案自動巡航...
========================================
-> 🌍 [自動守護採購] 正在下載原始碼: https://raw.githubusercontent.com/psf/requests/refs/heads/main/src/requests/__init__.py
-> ✅ 原始碼下載成功。
-> 🧪 [深度融合] 正在將全球開源碼熔鑄至本地模組: RequestsAuto
-> 💾 寫入硬碟成功: manufacturing_hub/requestsauto_auto_fused.py
-> 🔍 [品質檢驗] 檢查模組語法: manufacturing_hub/requestsauto_auto_fused.py
-> 🎉 語法檢驗完美通過！
========================================
-> 🌍 [自動守護採購] 正在下載原始碼: https://raw.githubusercontent.com/fastapi/fastapi/refs/heads/master/fastapi/__init__.py
-> ✅ 原始碼下載成功。
-> 🧪 [深度融合] 正在將全球開源碼熔鑄至本地模組: FastAPIAuto
-> 💾 寫入硬碟成功: manufacturing_hub/fastapiauto_auto_fused.py
-> 🔍 [品質檢驗] 檢查模組語法: manufacturing_hub/fastapiauto_auto_fused.py
-> 🎉 語法檢驗完美通過！
========================================
-> 🌍 [自動守護採購] 正在下載原始碼: https://raw.githubusercontent.com/pallets/flask/refs/heads/main/src/flask/__init__.py
-> ✅ 原始碼下載成功。
-> 🧪 [深度融合] 正在將全球開源碼熔鑄至本地模組: FlaskAuto
-> 💾 寫入硬碟成功: manufacturing_hub/flaskauto_auto_fused.py
-> 🔍 [品質檢驗] 檢查模組語法: manufacturing_hub/flaskauto_auto_fused.py
-> 🎉 語法檢驗完美通過！
========================================
-> 🌍 [自動守護採購] 正在下載原始碼: https://raw.githubusercontent.com/pallets/click/refs/heads/main/src/click/__init__.py
-> ✅ 原始碼下載成功。
-> 🧪 [深度融合] 正在將全球開源碼熔鑄至本地模組: ClickAuto
-> 💾 寫入硬碟成功: manufacturing_hub/clickauto_auto_fused.py
-> 🔍 [品質檢驗] 檢查模組語法: manufacturing_hub/clickauto_auto_fused.py
-> 🎉 語法檢驗完美通過！
========================================
-> 🌍 [自動守護採購] 正在下載原始碼: https://raw.githubusercontent.com/Textualize/rich/refs/heads/main/rich/__init__.py
-> ✅ 原始碼下載成功。
-> 🧪 [深度融合] 正在將全球開源碼熔鑄至本地模組: RichAuto
-> 💾 寫入硬碟成功: manufacturing_hub/richauto_auto_fused.py
-> 🔍 [品質檢驗] 檢查模組語法: manufacturing_hub/richauto_auto_fused.py
-> 🎉 語法檢驗完美通過！
========================================
-> 🌍 [自動守護採購] 正在下載原始碼: https://raw.githubusercontent.com/pydantic/pydantic/refs/heads/main/pydantic/__init__.py
-> ✅ 原始碼下載成功。
-> 🧪 [深度融合] 正在將全球開源碼熔鑄至本地模組: PydanticAuto
-> 💾 寫入硬碟成功: manufacturing_hub/pydanticauto_auto_fused.py
-> 🔍 [品質檢驗] 檢查模組語法: manufacturing_hub/pydanticauto_auto_fused.py
-> 🎉 語法檢驗完美通過！

-> 💤 本輪巡航完畢。進入自動休眠，等待 30 秒後進行下一輪...

[2026-08-25 20:02:51] -> 🔄 開始新一輪全球開源專案自動巡航...
========================================
-> 🌍 [自動守護採購] 正在下載原始碼: https://raw.githubusercontent.com/psf/requests/refs/heads/main/src/requests/__init__.py
-> ✅ 原始碼下載成功。
-> 🧪 [深度融合] 正在將全球開源碼熔鑄至本地模組: RequestsAuto
-> 💾 寫入硬碟成功: manufacturing_hub/requestsauto_auto_fused.py
-> 🔍 [品質檢驗] 檢查模組語法: manufacturing_hub/requestsauto_auto_fused.py
-> 🎉 語法檢驗完美通過！
========================================
-> 🌍 [自動守護採購] 正在下載原始碼: https://raw.githubusercontent.com/fastapi/fastapi/refs/heads/master/fastapi/__init__.py
-> ✅ 原始碼下載成功。
-> 🧪 [深度融合] 正在將全球開源碼熔鑄至本地模組: FastAPIAuto
-> 💾 寫入硬碟成功: manufacturing_hub/fastapiauto_auto_fused.py
-> 🔍 [品質檢驗] 檢查模組語法: manufacturing_hub/fastapiauto_auto_fused.py
-> 🎉 語法檢驗完美通過！
========================================
-> 🌍 [自動守護採購] 正在下載原始碼: https://raw.githubusercontent.com/pallets/flask/refs/heads/main/src/flask/__init__.py
-> ✅ 原始碼下載成功。
-> 🧪 [深度融合] 正在將全球開源碼熔鑄至本地模組: FlaskAuto
-> 💾 寫入硬碟成功: manufacturing_hub/flaskauto_auto_fused.py
-> 🔍 [品質檢驗] 檢查模組語法: manufacturing_hub/flaskauto_auto_fused.py
-> 🎉 語法檢驗完美通過！
========================================
-> 🌍 [自動守護採購] 正在下載原始碼: https://raw.githubusercontent.com/pallets/click/refs/heads/main/src/click/__init__.py
-> ✅ 原始碼下載成功。
-> 🧪 [深度融合] 正在將全球開源碼熔鑄至本地模組: ClickAuto
-> 💾 寫入硬碟成功: manufacturing_hub/clickauto_auto_fused.py
-> 🔍 [品質檢驗] 檢查模組語法: manufacturing_hub/clickauto_auto_fused.py
-> 🎉 語法檢驗完美通過！
========================================
-> 🌍 [自動守護採購] 正在下載原始碼: https://raw.githubusercontent.com/Textualize/rich/refs/heads/main/rich/__init__.py
-> ✅ 原始碼下載成功。
-> 🧪 [深度融合] 正在將全球開源碼熔鑄至本地模組: RichAuto
-> 💾 寫入硬碟成功: manufacturing_hub/richauto_auto_fused.py
-> 🔍 [品質檢驗] 檢查模組語法: manufacturing_hub/richauto_auto_fused.py
-> 🎉 語法檢驗完美通過！
========================================
-> 🌍 [自動守護採購] 正在下載原始碼: https://raw.githubusercontent.com/pydantic/pydantic/refs/heads/main/pydantic/__init__.py
-> ✅ 原始碼下載成功。
-> 🧪 [深度融合] 正在將全球開源碼熔鑄至本地模組: PydanticAuto
-> 💾 寫入硬碟成功: manufacturing_hub/pydanticauto_auto_fused.py
-> 🔍 [品質檢驗] 檢查模組語法: manufacturing_hub/pydanticauto_auto_fused.py
-> 🎉 語法檢驗完美通過！

-> 💤 本輪巡航完畢。進入自動休眠，等待 30 秒後進行下一輪...

[2026-08-25 20:03:25] -> 🔄 開始新一輪全球開源專案自動巡航...
========================================
-> 🌍 [自動守護採購] 正在下載原始碼: https://raw.githubusercontent.com/psf/requests/refs/heads/main/src/requests/__init__.py
-> ✅ 原始碼下載成功。
-> 🧪 [深度融合] 正在將全球開源碼熔鑄至本地模組: RequestsAuto
-> 💾 寫入硬碟成功: manufacturing_hub/requestsauto_auto_fused.py
-> 🔍 [品質檢驗] 檢查模組語法: manufacturing_hub/requestsauto_auto_fused.py
-> 🎉 語法檢驗完美通過！
========================================
-> 🌍 [自動守護採購] 正在下載原始碼: https://raw.githubusercontent.com/fastapi/fastapi/refs/heads/master/fastapi/__init__.py
-> ✅ 原始碼下載成功。
-> 🧪 [深度融合] 正在將全球開源碼熔鑄至本地模組: FastAPIAuto
-> 💾 寫入硬碟成功: manufacturing_hub/fastapiauto_auto_fused.py
-> 🔍 [品質檢驗] 檢查模組語法: manufacturing_hub/fastapiauto_auto_fused.py
-> 🎉 語法檢驗完美通過！
========================================
-> 🌍 [自動守護採購] 正在下載原始碼: https://raw.githubusercontent.com/pallets/flask/refs/heads/main/src/flask/__init__.py
-> ✅ 原始碼下載成功。
-> 🧪 [深度融合] 正在將全球開源碼熔鑄至本地模組: FlaskAuto
-> 💾 寫入硬碟成功: manufacturing_hub/flaskauto_auto_fused.py
-> 🔍 [品質檢驗] 檢查模組語法: manufacturing_hub/flaskauto_auto_fused.py
-> 🎉 語法檢驗完美通過！
========================================
-> 🌍 [自動守護採購] 正在下載原始碼: https://raw.githubusercontent.com/pallets/click/refs/heads/main/src/click/__init__.py
-> ✅ 原始碼下載成功。
-> 🧪 [深度融合] 正在將全球開源碼熔鑄至本地模組: ClickAuto
-> 💾 寫入硬碟成功: manufacturing_hub/clickauto_auto_fused.py
-> 🔍 [品質檢驗] 檢查模組語法: manufacturing_hub/clickauto_auto_fused.py
-> 🎉 語法檢驗完美通過！
========================================
-> 🌍 [自動守護採購] 正在下載原始碼: https://raw.githubusercontent.com/Textualize/rich/refs/heads/main/rich/__init__.py
-> ✅ 原始碼下載成功。
-> 🧪 [深度融合] 正在將全球開源碼熔鑄至本地模組: RichAuto
-> 💾 寫入硬碟成功: manufacturing_hub/richauto_auto_fused.py
-> 🔍 [品質檢驗] 檢查模組語法: manufacturing_hub/richauto_auto_fused.py
-> 🎉 語法檢驗完美通過！
========================================
-> 🌍 [自動守護採購] 正在下載原始碼: https://raw.githubusercontent.com/pydantic/pydantic/refs/heads/main/pydantic/__init__.py
-> ✅ 原始碼下載成功。
-> 🧪 [深度融合] 正在將全球開源碼熔鑄至本地模組: PydanticAuto
-> 💾 寫入硬碟成功: manufacturing_hub/pydanticauto_auto_fused.py
-> 🔍 [品質檢驗] 檢查模組語法: manufacturing_hub/pydanticauto_auto_fused.py
-> 🎉 語法檢驗完美通過！

-> 💤 本輪巡航完畢。進入自動休眠，等待 30 秒後進行下一輪...

[2026-08-25 20:03:58] -> 🔄 開始新一輪全球開源專案自動巡航...
========================================
-> 🌍 [自動守護採購] 正在下載原始碼: https://raw.githubusercontent.com/psf/requests/refs/heads/main/src/requests/__init__.py
-> ✅ 原始碼下載成功。
-> 🧪 [深度融合] 正在將全球開源碼熔鑄至本地模組: RequestsAuto
-> 💾 寫入硬碟成功: manufacturing_hub/requestsauto_auto_fused.py
-> 🔍 [品質檢驗] 檢查模組語法: manufacturing_hub/requestsauto_auto_fused.py
-> 🎉 語法檢驗完美通過！
========================================
-> 🌍 [自動守護採購] 正在下載原始碼: https://raw.githubusercontent.com/fastapi/fastapi/refs/heads/master/fastapi/__init__.py
-> ✅ 原始碼下載成功。
-> 🧪 [深度融合] 正在將全球開源碼熔鑄至本地模組: FastAPIAuto
-> 💾 寫入硬碟成功: manufacturing_hub/fastapiauto_auto_fused.py
-> 🔍 [品質檢驗] 檢查模組語法: manufacturing_hub/fastapiauto_auto_fused.py
-> 🎉 語法檢驗完美通過！
========================================
-> 🌍 [自動守護採購] 正在下載原始碼: https://raw.githubusercontent.com/pallets/flask/refs/heads/main/src/flask/__init__.py
-> ✅ 原始碼下載成功。
-> 🧪 [深度融合] 正在將全球開源碼熔鑄至本地模組: FlaskAuto
-> 💾 寫入硬碟成功: manufacturing_hub/flaskauto_auto_fused.py
-> 🔍 [品質檢驗] 檢查模組語法: manufacturing_hub/flaskauto_auto_fused.py
-> 🎉 語法檢驗完美通過！
========================================
-> 🌍 [自動守護採購] 正在下載原始碼: https://raw.githubusercontent.com/pallets/click/refs/heads/main/src/click/__init__.py
-> ✅ 原始碼下載成功。
-> 🧪 [深度融合] 正在將全球開源碼熔鑄至本地模組: ClickAuto
-> 💾 寫入硬碟成功: manufacturing_hub/clickauto_auto_fused.py
-> 🔍 [品質檢驗] 檢查模組語法: manufacturing_hub/clickauto_auto_fused.py
-> 🎉 語法檢驗完美通過！
========================================
-> 🌍 [自動守護採購] 正在下載原始碼: https://raw.githubusercontent.com/Textualize/rich/refs/heads/main/rich/__init__.py
-> ✅ 原始碼下載成功。
-> 🧪 [深度融合] 正在將全球開源碼熔鑄至本地模組: RichAuto
-> 💾 寫入硬碟成功: manufacturing_hub/richauto_auto_fused.py
-> 🔍 [品質檢驗] 檢查模組語法: manufacturing_hub/richauto_auto_fused.py
-> 🎉 語法檢驗完美通過！
========================================
-> 🌍 [自動守護採購] 正在下載原始碼: https://raw.githubusercontent.com/pydantic/pydantic/refs/heads/main/pydantic/__init__.py
-> ✅ 原始碼下載成功。
-> 🧪 [深度融合] 正在將全球開源碼熔鑄至本地模組: PydanticAuto
-> 💾 寫入硬碟成功: manufacturing_hub/pydanticauto_auto_fused.py
-> 🔍 [品質檢驗] 檢查模組語法: manufacturing_hub/pydanticauto_auto_fused.py
-> 🎉 語法檢驗完美通過！

-> 💤 本輪巡航完畢。進入自動休眠，等待 30 秒後進行下一輪...

[2026-08-25 20:04:33] -> 🔄 開始新一輪全球開源專案自動巡航...
========================================
-> 🌍 [自動守護採購] 正在下載原始碼: https://raw.githubusercontent.com/psf/requests/refs/heads/main/src/requests/__init__.py
-> ✅ 原始碼下載成功。
-> 🧪 [深度融合] 正在將全球開源碼熔鑄至本地模組: RequestsAuto
-> 💾 寫入硬碟成功: manufacturing_hub/requestsauto_auto_fused.py
-> 🔍 [品質檢驗] 檢查模組語法: manufacturing_hub/requestsauto_auto_fused.py
-> 🎉 語法檢驗完美通過！
========================================
-> 🌍 [自動守護採購] 正在下載原始碼: https://raw.githubusercontent.com/fastapi/fastapi/refs/heads/master/fastapi/__init__.py
-> ✅ 原始碼下載成功。
-> 🧪 [深度融合] 正在將全球開源碼熔鑄至本地模組: FastAPIAuto
-> 💾 寫入硬碟成功: manufacturing_hub/fastapiauto_auto_fused.py
-> 🔍 [品質檢驗] 檢查模組語法: manufacturing_hub/fastapiauto_auto_fused.py
-> 🎉 語法檢驗完美通過！
========================================
-> 🌍 [自動守護採購] 正在下載原始碼: https://raw.githubusercontent.com/pallets/flask/refs/heads/main/src/flask/__init__.py
-> ✅ 原始碼下載成功。
-> 🧪 [深度融合] 正在將全球開源碼熔鑄至本地模組: FlaskAuto
-> 💾 寫入硬碟成功: manufacturing_hub/flaskauto_auto_fused.py
-> 🔍 [品質檢驗] 檢查模組語法: manufacturing_hub/flaskauto_auto_fused.py
-> 🎉 語法檢驗完美通過！
========================================
-> 🌍 [自動守護採購] 正在下載原始碼: https://raw.githubusercontent.com/pallets/click/refs/heads/main/src/click/__init__.py
-> ✅ 原始碼下載成功。
-> 🧪 [深度融合] 正在將全球開源碼熔鑄至本地模組: ClickAuto
-> 💾 寫入硬碟成功: manufacturing_hub/clickauto_auto_fused.py
-> 🔍 [品質檢驗] 檢查模組語法: manufacturing_hub/clickauto_auto_fused.py
-> 🎉 語法檢驗完美通過！
========================================
-> 🌍 [自動守護採購] 正在下載原始碼: https://raw.githubusercontent.com/Textualize/rich/refs/heads/main/rich/__init__.py
-> ✅ 原始碼下載成功。
-> 🧪 [深度融合] 正在將全球開源碼熔鑄至本地模組: RichAuto
-> 💾 寫入硬碟成功: manufacturing_hub/richauto_auto_fused.py
-> 🔍 [品質檢驗] 檢查模組語法: manufacturing_hub/richauto_auto_fused.py
-> 🎉 語法檢驗完美通過！
========================================
-> 🌍 [自動守護採購] 正在下載原始碼: https://raw.githubusercontent.com/pydantic/pydantic/refs/heads/main/pydantic/__init__.py
-> ✅ 原始碼下載成功。
-> 🧪 [深度融合] 正在將全球開源碼熔鑄至本地模組: PydanticAuto
-> 💾 寫入硬碟成功: manufacturing_hub/pydanticauto_auto_fused.py
-> 🔍 [品質檢驗] 檢查模組語法: manufacturing_hub/pydanticauto_auto_fused.py
-> 🎉 語法檢驗完美通過！

-> 💤 本輪巡航完畢。進入自動休眠，等待 30 秒後進行下一輪...

[2026-08-25 20:05:09] -> 🔄 開始新一輪全球開源專案自動巡航...
========================================
-> 🌍 [自動守護採購] 正在下載原始碼: https://raw.githubusercontent.com/psf/requests/refs/heads/main/src/requests/__init__.py
-> ✅ 原始碼下載成功。
-> 🧪 [深度融合] 正在將全球開源碼熔鑄至本地模組: RequestsAuto
-> 💾 寫入硬碟成功: manufacturing_hub/requestsauto_auto_fused.py
-> 🔍 [品質檢驗] 檢查模組語法: manufacturing_hub/requestsauto_auto_fused.py
-> 🎉 語法檢驗完美通過！
========================================
-> 🌍 [自動守護採購] 正在下載原始碼: https://raw.githubusercontent.com/fastapi/fastapi/refs/heads/master/fastapi/__init__.py
-> ✅ 原始碼下載成功。
-> 🧪 [深度融合] 正在將全球開源碼熔鑄至本地模組: FastAPIAuto
-> 💾 寫入硬碟成功: manufacturing_hub/fastapiauto_auto_fused.py
-> 🔍 [品質檢驗] 檢查模組語法: manufacturing_hub/fastapiauto_auto_fused.py
-> 🎉 語法檢驗完美通過！
========================================
-> 🌍 [自動守護採購] 正在下載原始碼: https://raw.githubusercontent.com/pallets/flask/refs/heads/main/src/flask/__init__.py
-> ✅ 原始碼下載成功。
-> 🧪 [深度融合] 正在將全球開源碼熔鑄至本地模組: FlaskAuto
-> 💾 寫入硬碟成功: manufacturing_hub/flaskauto_auto_fused.py
-> 🔍 [品質檢驗] 檢查模組語法: manufacturing_hub/flaskauto_auto_fused.py
-> 🎉 語法檢驗完美通過！
========================================
-> 🌍 [自動守護採購] 正在下載原始碼: https://raw.githubusercontent.com/pallets/click/refs/heads/main/src/click/__init__.py
-> ✅ 原始碼下載成功。
-> 🧪 [深度融合] 正在將全球開源碼熔鑄至本地模組: ClickAuto
-> 💾 寫入硬碟成功: manufacturing_hub/clickauto_auto_fused.py
-> 🔍 [品質檢驗] 檢查模組語法: manufacturing_hub/clickauto_auto_fused.py
-> 🎉 語法檢驗完美通過！
========================================
-> 🌍 [自動守護採購] 正在下載原始碼: https://raw.githubusercontent.com/Textualize/rich/refs/heads/main/rich/__init__.py
-> ✅ 原始碼下載成功。
-> 🧪 [深度融合] 正在將全球開源碼熔鑄至本地模組: RichAuto
-> 💾 寫入硬碟成功: manufacturing_hub/richauto_auto_fused.py
-> 🔍 [品質檢驗] 檢查模組語法: manufacturing_hub/richauto_auto_fused.py
-> 🎉 語法檢驗完美通過！
========================================
-> 🌍 [自動守護採購] 正在下載原始碼: https://raw.githubusercontent.com/pydantic/pydantic/refs/heads/main/pydantic/__init__.py
-> ✅ 原始碼下載成功。
-> 🧪 [深度融合] 正在將全球開源碼熔鑄至本地模組: PydanticAuto
-> 💾 寫入硬碟成功: manufacturing_hub/pydanticauto_auto_fused.py
-> 🔍 [品質檢驗] 檢查模組語法: manufacturing_hub/pydanticauto_auto_fused.py
-> 🎉 語法檢驗完美通過！

-> 💤 本輪巡航完畢。進入自動休眠，等待 30 秒後進行下一輪...

[2026-08-25 20:05:43] -> 🔄 開始新一輪全球開源專案自動巡航...
========================================
-> 🌍 [自動守護採購] 正在下載原始碼: https://raw.githubusercontent.com/psf/requests/refs/heads/main/src/requests/__init__.py
-> ✅ 原始碼下載成功。
-> 🧪 [深度融合] 正在將全球開源碼熔鑄至本地模組: RequestsAuto
-> 💾 寫入硬碟成功: manufacturing_hub/requestsauto_auto_fused.py
-> 🔍 [品質檢驗] 檢查模組語法: manufacturing_hub/requestsauto_auto_fused.py
-> 🎉 語法檢驗完美通過！
========================================
-> 🌍 [自動守護採購] 正在下載原始碼: https://raw.githubusercontent.com/fastapi/fastapi/refs/heads/master/fastapi/__init__.py
-> ✅ 原始碼下載成功。
-> 🧪 [深度融合] 正在將全球開源碼熔鑄至本地模組: FastAPIAuto
-> 💾 寫入硬碟成功: manufacturing_hub/fastapiauto_auto_fused.py
-> 🔍 [品質檢驗] 檢查模組語法: manufacturing_hub/fastapiauto_auto_fused.py
-> 🎉 語法檢驗完美通過！
========================================
-> 🌍 [自動守護採購] 正在下載原始碼: https://raw.githubusercontent.com/pallets/flask/refs/heads/main/src/flask/__init__.py
-> ✅ 原始碼下載成功。
-> 🧪 [深度融合] 正在將全球開源碼熔鑄至本地模組: FlaskAuto
-> 💾 寫入硬碟成功: manufacturing_hub/flaskauto_auto_fused.py
-> 🔍 [品質檢驗] 檢查模組語法: manufacturing_hub/flaskauto_auto_fused.py
-> 🎉 語法檢驗完美通過！
========================================
-> 🌍 [自動守護採購] 正在下載原始碼: https://raw.githubusercontent.com/pallets/click/refs/heads/main/src/click/__init__.py
-> ✅ 原始碼下載成功。
-> 🧪 [深度融合] 正在將全球開源碼熔鑄至本地模組: ClickAuto
-> 💾 寫入硬碟成功: manufacturing_hub/clickauto_auto_fused.py
-> 🔍 [品質檢驗] 檢查模組語法: manufacturing_hub/clickauto_auto_fused.py
-> 🎉 語法檢驗完美通過！
========================================
-> 🌍 [自動守護採購] 正在下載原始碼: https://raw.githubusercontent.com/Textualize/rich/refs/heads/main/rich/__init__.py
-> ✅ 原始碼下載成功。
-> 🧪 [深度融合] 正在將全球開源碼熔鑄至本地模組: RichAuto
-> 💾 寫入硬碟成功: manufacturing_hub/richauto_auto_fused.py
-> 🔍 [品質檢驗] 檢查模組語法: manufacturing_hub/richauto_auto_fused.py
-> 🎉 語法檢驗完美通過！
========================================
-> 🌍 [自動守護採購] 正在下載原始碼: https://raw.githubusercontent.com/pydantic/pydantic/refs/heads/main/pydantic/__init__.py
-> ✅ 原始碼下載成功。
-> 🧪 [深度融合] 正在將全球開源碼熔鑄至本地模組: PydanticAuto
-> 💾 寫入硬碟成功: manufacturing_hub/pydanticauto_auto_fused.py
-> 🔍 [品質檢驗] 檢查模組語法: manufacturing_hub/pydanticauto_auto_fused.py
-> 🎉 語法檢驗完美通過！

-> 💤 本輪巡航完畢。進入自動休眠，等待 30 秒後進行下一輪...

[2026-08-25 20:06:17] -> 🔄 開始新一輪全球開源專案自動巡航...
========================================
-> 🌍 [自動守護採購] 正在下載原始碼: https://raw.githubusercontent.com/psf/requests/refs/heads/main/src/requests/__init__.py
-> ✅ 原始碼下載成功。
-> 🧪 [深度融合] 正在將全球開源碼熔鑄至本地模組: RequestsAuto
-> 💾 寫入硬碟成功: manufacturing_hub/requestsauto_auto_fused.py
-> 🔍 [品質檢驗] 檢查模組語法: manufacturing_hub/requestsauto_auto_fused.py
-> 🎉 語法檢驗完美通過！
========================================
-> 🌍 [自動守護採購] 正在下載原始碼: https://raw.githubusercontent.com/fastapi/fastapi/refs/heads/master/fastapi/__init__.py
-> ✅ 原始碼下載成功。
-> 🧪 [深度融合] 正在將全球開源碼熔鑄至本地模組: FastAPIAuto
-> 💾 寫入硬碟成功: manufacturing_hub/fastapiauto_auto_fused.py
-> 🔍 [品質檢驗] 檢查模組語法: manufacturing_hub/fastapiauto_auto_fused.py
-> 🎉 語法檢驗完美通過！
========================================
-> 🌍 [自動守護採購] 正在下載原始碼: https://raw.githubusercontent.com/pallets/flask/refs/heads/main/src/flask/__init__.py
-> ✅ 原始碼下載成功。
-> 🧪 [深度融合] 正在將全球開源碼熔鑄至本地模組: FlaskAuto
-> 💾 寫入硬碟成功: manufacturing_hub/flaskauto_auto_fused.py
-> 🔍 [品質檢驗] 檢查模組語法: manufacturing_hub/flaskauto_auto_fused.py
-> 🎉 語法檢驗完美通過！
========================================
-> 🌍 [自動守護採購] 正在下載原始碼: https://raw.githubusercontent.com/pallets/click/refs/heads/main/src/click/__init__.py
-> ✅ 原始碼下載成功。
-> 🧪 [深度融合] 正在將全球開源碼熔鑄至本地模組: ClickAuto
-> 💾 寫入硬碟成功: manufacturing_hub/clickauto_auto_fused.py
-> 🔍 [品質檢驗] 檢查模組語法: manufacturing_hub/clickauto_auto_fused.py
-> 🎉 語法檢驗完美通過！
========================================
-> 🌍 [自動守護採購] 正在下載原始碼: https://raw.githubusercontent.com/Textualize/rich/refs/heads/main/rich/__init__.py
-> ✅ 原始碼下載成功。
-> 🧪 [深度融合] 正在將全球開源碼熔鑄至本地模組: RichAuto
-> 💾 寫入硬碟成功: manufacturing_hub/richauto_auto_fused.py
-> 🔍 [品質檢驗] 檢查模組語法: manufacturing_hub/richauto_auto_fused.py
-> 🎉 語法檢驗完美通過！
========================================
-> 🌍 [自動守護採購] 正在下載原始碼: https://raw.githubusercontent.com/pydantic/pydantic/refs/heads/main/pydantic/__init__.py
-> ✅ 原始碼下載成功。
-> 🧪 [深度融合] 正在將全球開源碼熔鑄至本地模組: PydanticAuto
-> 💾 寫入硬碟成功: manufacturing_hub/pydanticauto_auto_fused.py
-> 🔍 [品質檢驗] 檢查模組語法: manufacturing_hub/pydanticauto_auto_fused.py
-> 🎉 語法檢驗完美通過！

-> 💤 本輪巡航完畢。進入自動休眠，等待 30 秒後進行下一輪...

[2026-08-25 20:06:52] -> 🔄 開始新一輪全球開源專案自動巡航...
========================================
-> 🌍 [自動守護採購] 正在下載原始碼: https://raw.githubusercontent.com/psf/requests/refs/heads/main/src/requests/__init__.py
-> ✅ 原始碼下載成功。
-> 🧪 [深度融合] 正在將全球開源碼熔鑄至本地模組: RequestsAuto
-> 💾 寫入硬碟成功: manufacturing_hub/requestsauto_auto_fused.py
-> 🔍 [品質檢驗] 檢查模組語法: manufacturing_hub/requestsauto_auto_fused.py
-> 🎉 語法檢驗完美通過！
========================================
-> 🌍 [自動守護採購] 正在下載原始碼: https://raw.githubusercontent.com/fastapi/fastapi/refs/heads/master/fastapi/__init__.py
-> ✅ 原始碼下載成功。
-> 🧪 [深度融合] 正在將全球開源碼熔鑄至本地模組: FastAPIAuto
-> 💾 寫入硬碟成功: manufacturing_hub/fastapiauto_auto_fused.py
-> 🔍 [品質檢驗] 檢查模組語法: manufacturing_hub/fastapiauto_auto_fused.py
-> 🎉 語法檢驗完美通過！
========================================
-> 🌍 [自動守護採購] 正在下載原始碼: https://raw.githubusercontent.com/pallets/flask/refs/heads/main/src/flask/__init__.py
-> ✅ 原始碼下載成功。
-> 🧪 [深度融合] 正在將全球開源碼熔鑄至本地模組: FlaskAuto
-> 💾 寫入硬碟成功: manufacturing_hub/flaskauto_auto_fused.py
-> 🔍 [品質檢驗] 檢查模組語法: manufacturing_hub/flaskauto_auto_fused.py
-> 🎉 語法檢驗完美通過！
========================================
-> 🌍 [自動守護採購] 正在下載原始碼: https://raw.githubusercontent.com/pallets/click/refs/heads/main/src/click/__init__.py
-> ✅ 原始碼下載成功。
-> 🧪 [深度融合] 正在將全球開源碼熔鑄至本地模組: ClickAuto
-> 💾 寫入硬碟成功: manufacturing_hub/clickauto_auto_fused.py
-> 🔍 [品質檢驗] 檢查模組語法: manufacturing_hub/clickauto_auto_fused.py
-> 🎉 語法檢驗完美通過！
========================================
-> 🌍 [自動守護採購] 正在下載原始碼: https://raw.githubusercontent.com/Textualize/rich/refs/heads/main/rich/__init__.py
-> ✅ 原始碼下載成功。
-> 🧪 [深度融合] 正在將全球開源碼熔鑄至本地模組: RichAuto
-> 💾 寫入硬碟成功: manufacturing_hub/richauto_auto_fused.py
-> 🔍 [品質檢驗] 檢查模組語法: manufacturing_hub/richauto_auto_fused.py
-> 🎉 語法檢驗完美通過！
========================================
-> 🌍 [自動守護採購] 正在下載原始碼: https://raw.githubusercontent.com/pydantic/pydantic/refs/heads/main/pydantic/__init__.py
-> ✅ 原始碼下載成功。
-> 🧪 [深度融合] 正在將全球開源碼熔鑄至本地模組: PydanticAuto
-> 💾 寫入硬碟成功: manufacturing_hub/pydanticauto_auto_fused.py
-> 🔍 [品質檢驗] 檢查模組語法: manufacturing_hub/pydanticauto_auto_fused.py
-> 🎉 語法檢驗完美通過！

-> 💤 本輪巡航完畢。進入自動休眠，等待 30 秒後進行下一輪...

[2026-08-25 20:07:26] -> 🔄 開始新一輪全球開源專案自動巡航...
========================================
-> 🌍 [自動守護採購] 正在下載原始碼: https://raw.githubusercontent.com/psf/requests/refs/heads/main/src/requests/__init__.py
-> ✅ 原始碼下載成功。
-> 🧪 [深度融合] 正在將全球開源碼熔鑄至本地模組: RequestsAuto
-> 💾 寫入硬碟成功: manufacturing_hub/requestsauto_auto_fused.py
-> 🔍 [品質檢驗] 檢查模組語法: manufacturing_hub/requestsauto_auto_fused.py
-> 🎉 語法檢驗完美通過！
========================================
-> 🌍 [自動守護採購] 正在下載原始碼: https://raw.githubusercontent.com/fastapi/fastapi/refs/heads/master/fastapi/__init__.py
-> ✅ 原始碼下載成功。
-> 🧪 [深度融合] 正在將全球開源碼熔鑄至本地模組: FastAPIAuto
-> 💾 寫入硬碟成功: manufacturing_hub/fastapiauto_auto_fused.py
-> 🔍 [品質檢驗] 檢查模組語法: manufacturing_hub/fastapiauto_auto_fused.py
-> 🎉 語法檢驗完美通過！
========================================
-> 🌍 [自動守護採購] 正在下載原始碼: https://raw.githubusercontent.com/pallets/flask/refs/heads/main/src/flask/__init__.py
-> ✅ 原始碼下載成功。
-> 🧪 [深度融合] 正在將全球開源碼熔鑄至本地模組: FlaskAuto
-> 💾 寫入硬碟成功: manufacturing_hub/flaskauto_auto_fused.py
-> 🔍 [品質檢驗] 檢查模組語法: manufacturing_hub/flaskauto_auto_fused.py
-> 🎉 語法檢驗完美通過！
========================================
-> 🌍 [自動守護採購] 正在下載原始碼: https://raw.githubusercontent.com/pallets/click/refs/heads/main/src/click/__init__.py
-> ✅ 原始碼下載成功。
-> 🧪 [深度融合] 正在將全球開源碼熔鑄至本地模組: ClickAuto
-> 💾 寫入硬碟成功: manufacturing_hub/clickauto_auto_fused.py
-> 🔍 [品質檢驗] 檢查模組語法: manufacturing_hub/clickauto_auto_fused.py
-> 🎉 語法檢驗完美通過！
========================================
-> 🌍 [自動守護採購] 正在下載原始碼: https://raw.githubusercontent.com/Textualize/rich/refs/heads/main/rich/__init__.py
-> ✅ 原始碼下載成功。
-> 🧪 [深度融合] 正在將全球開源碼熔鑄至本地模組: RichAuto
-> 💾 寫入硬碟成功: manufacturing_hub/richauto_auto_fused.py
-> 🔍 [品質檢驗] 檢查模組語法: manufacturing_hub/richauto_auto_fused.py
-> 🎉 語法檢驗完美通過！
========================================
-> 🌍 [自動守護採購] 正在下載原始碼: https://raw.githubusercontent.com/pydantic/pydantic/refs/heads/main/pydantic/__init__.py
-> ✅ 原始碼下載成功。
-> 🧪 [深度融合] 正在將全球開源碼熔鑄至本地模組: PydanticAuto
-> 💾 寫入硬碟成功: manufacturing_hub/pydanticauto_auto_fused.py
-> 🔍 [品質檢驗] 檢查模組語法: manufacturing_hub/pydanticauto_auto_fused.py
-> 🎉 語法檢驗完美通過！

-> 💤 本輪巡航完畢。進入自動休眠，等待 30 秒後進行下一輪...

[2026-08-25 20:08:01] -> 🔄 開始新一輪全球開源專案自動巡航...
========================================
-> 🌍 [自動守護採購] 正在下載原始碼: https://raw.githubusercontent.com/psf/requests/refs/heads/main/src/requests/__init__.py
-> ✅ 原始碼下載成功。
-> 🧪 [深度融合] 正在將全球開源碼熔鑄至本地模組: RequestsAuto
-> 💾 寫入硬碟成功: manufacturing_hub/requestsauto_auto_fused.py
-> 🔍 [品質檢驗] 檢查模組語法: manufacturing_hub/requestsauto_auto_fused.py
-> 🎉 語法檢驗完美通過！
========================================
-> 🌍 [自動守護採購] 正在下載原始碼: https://raw.githubusercontent.com/fastapi/fastapi/refs/heads/master/fastapi/__init__.py
-> ✅ 原始碼下載成功。
-> 🧪 [深度融合] 正在將全球開源碼熔鑄至本地模組: FastAPIAuto
-> 💾 寫入硬碟成功: manufacturing_hub/fastapiauto_auto_fused.py
-> 🔍 [品質檢驗] 檢查模組語法: manufacturing_hub/fastapiauto_auto_fused.py
-> 🎉 語法檢驗完美通過！
========================================
-> 🌍 [自動守護採購] 正在下載原始碼: https://raw.githubusercontent.com/pallets/flask/refs/heads/main/src/flask/__init__.py
-> ✅ 原始碼下載成功。
-> 🧪 [深度融合] 正在將全球開源碼熔鑄至本地模組: FlaskAuto
-> 💾 寫入硬碟成功: manufacturing_hub/flaskauto_auto_fused.py
-> 🔍 [品質檢驗] 檢查模組語法: manufacturing_hub/flaskauto_auto_fused.py
-> 🎉 語法檢驗完美通過！
========================================
-> 🌍 [自動守護採購] 正在下載原始碼: https://raw.githubusercontent.com/pallets/click/refs/heads/main/src/click/__init__.py
-> ✅ 原始碼下載成功。
-> 🧪 [深度融合] 正在將全球開源碼熔鑄至本地模組: ClickAuto
-> 💾 寫入硬碟成功: manufacturing_hub/clickauto_auto_fused.py
-> 🔍 [品質檢驗] 檢查模組語法: manufacturing_hub/clickauto_auto_fused.py
-> 🎉 語法檢驗完美通過！
========================================
-> 🌍 [自動守護採購] 正在下載原始碼: https://raw.githubusercontent.com/Textualize/rich/refs/heads/main/rich/__init__.py
-> ✅ 原始碼下載成功。
-> 🧪 [深度融合] 正在將全球開源碼熔鑄至本地模組: RichAuto
-> 💾 寫入硬碟成功: manufacturing_hub/richauto_auto_fused.py
-> 🔍 [品質檢驗] 檢查模組語法: manufacturing_hub/richauto_auto_fused.py
-> 🎉 語法檢驗完美通過！
========================================
-> 🌍 [自動守護採購] 正在下載原始碼: https://raw.githubusercontent.com/pydantic/pydantic/refs/heads/main/pydantic/__init__.py
-> ✅ 原始碼下載成功。
-> 🧪 [深度融合] 正在將全球開源碼熔鑄至本地模組: PydanticAuto
-> 💾 寫入硬碟成功: manufacturing_hub/pydanticauto_auto_fused.py
-> 🔍 [品質檢驗] 檢查模組語法: manufacturing_hub/pydanticauto_auto_fused.py
-> 🎉 語法檢驗完美通過！

-> 💤 本輪巡航完畢。進入自動休眠，等待 30 秒後進行下一輪...

[2026-08-25 20:08:35] -> 🔄 開始新一輪全球開源專案自動巡航...
========================================
-> 🌍 [自動守護採購] 正在下載原始碼: https://raw.githubusercontent.com/psf/requests/refs/heads/main/src/requests/__init__.py
-> ✅ 原始碼下載成功。
-> 🧪 [深度融合] 正在將全球開源碼熔鑄至本地模組: RequestsAuto
-> 💾 寫入硬碟成功: manufacturing_hub/requestsauto_auto_fused.py
-> 🔍 [品質檢驗] 檢查模組語法: manufacturing_hub/requestsauto_auto_fused.py
-> 🎉 語法檢驗完美通過！
========================================
-> 🌍 [自動守護採購] 正在下載原始碼: https://raw.githubusercontent.com/fastapi/fastapi/refs/heads/master/fastapi/__init__.py
-> ✅ 原始碼下載成功。
-> 🧪 [深度融合] 正在將全球開源碼熔鑄至本地模組: FastAPIAuto
-> 💾 寫入硬碟成功: manufacturing_hub/fastapiauto_auto_fused.py
-> 🔍 [品質檢驗] 檢查模組語法: manufacturing_hub/fastapiauto_auto_fused.py
-> 🎉 語法檢驗完美通過！
========================================
-> 🌍 [自動守護採購] 正在下載原始碼: https://raw.githubusercontent.com/pallets/flask/refs/heads/main/src/flask/__init__.py
-> ✅ 原始碼下載成功。
-> 🧪 [深度融合] 正在將全球開源碼熔鑄至本地模組: FlaskAuto
-> 💾 寫入硬碟成功: manufacturing_hub/flaskauto_auto_fused.py
-> 🔍 [品質檢驗] 檢查模組語法: manufacturing_hub/flaskauto_auto_fused.py
-> 🎉 語法檢驗完美通過！
========================================
-> 🌍 [自動守護採購] 正在下載原始碼: https://raw.githubusercontent.com/pallets/click/refs/heads/main/src/click/__init__.py
-> ✅ 原始碼下載成功。
-> 🧪 [深度融合] 正在將全球開源碼熔鑄至本地模組: ClickAuto
-> 💾 寫入硬碟成功: manufacturing_hub/clickauto_auto_fused.py
-> 🔍 [品質檢驗] 檢查模組語法: manufacturing_hub/clickauto_auto_fused.py
-> 🎉 語法檢驗完美通過！
========================================
-> 🌍 [自動守護採購] 正在下載原始碼: https://raw.githubusercontent.com/Textualize/rich/refs/heads/main/rich/__init__.py
-> ✅ 原始碼下載成功。
-> 🧪 [深度融合] 正在將全球開源碼熔鑄至本地模組: RichAuto
-> 💾 寫入硬碟成功: manufacturing_hub/richauto_auto_fused.py
-> 🔍 [品質檢驗] 檢查模組語法: manufacturing_hub/richauto_auto_fused.py
-> 🎉 語法檢驗完美通過！
========================================
-> 🌍 [自動守護採購] 正在下載原始碼: https://raw.githubusercontent.com/pydantic/pydantic/refs/heads/main/pydantic/__init__.py
-> ✅ 原始碼下載成功。
-> 🧪 [深度融合] 正在將全球開源碼熔鑄至本地模組: PydanticAuto
-> 💾 寫入硬碟成功: manufacturing_hub/pydanticauto_auto_fused.py
-> 🔍 [品質檢驗] 檢查模組語法: manufacturing_hub/pydanticauto_auto_fused.py
-> 🎉 語法檢驗完美通過！

-> 💤 本輪巡航完畢。進入自動休眠，等待 30 秒後進行下一輪...

[2026-08-25 20:09:10] -> 🔄 開始新一輪全球開源專案自動巡航...
========================================
-> 🌍 [自動守護採購] 正在下載原始碼: https://raw.githubusercontent.com/psf/requests/refs/heads/main/src/requests/__init__.py
-> ✅ 原始碼下載成功。
-> 🧪 [深度融合] 正在將全球開源碼熔鑄至本地模組: RequestsAuto
-> 💾 寫入硬碟成功: manufacturing_hub/requestsauto_auto_fused.py
-> 🔍 [品質檢驗] 檢查模組語法: manufacturing_hub/requestsauto_auto_fused.py
-> 🎉 語法檢驗完美通過！
========================================
-> 🌍 [自動守護採購] 正在下載原始碼: https://raw.githubusercontent.com/fastapi/fastapi/refs/heads/master/fastapi/__init__.py
-> ✅ 原始碼下載成功。
-> 🧪 [深度融合] 正在將全球開源碼熔鑄至本地模組: FastAPIAuto
-> 💾 寫入硬碟成功: manufacturing_hub/fastapiauto_auto_fused.py
-> 🔍 [品質檢驗] 檢查模組語法: manufacturing_hub/fastapiauto_auto_fused.py
-> 🎉 語法檢驗完美通過！
========================================
-> 🌍 [自動守護採購] 正在下載原始碼: https://raw.githubusercontent.com/pallets/flask/refs/heads/main/src/flask/__init__.py
-> ✅ 原始碼下載成功。
-> 🧪 [深度融合] 正在將全球開源碼熔鑄至本地模組: FlaskAuto
-> 💾 寫入硬碟成功: manufacturing_hub/flaskauto_auto_fused.py
-> 🔍 [品質檢驗] 檢查模組語法: manufacturing_hub/flaskauto_auto_fused.py
-> 🎉 語法檢驗完美通過！
========================================
-> 🌍 [自動守護採購] 正在下載原始碼: https://raw.githubusercontent.com/pallets/click/refs/heads/main/src/click/__init__.py
-> ✅ 原始碼下載成功。
-> 🧪 [深度融合] 正在將全球開源碼熔鑄至本地模組: ClickAuto
-> 💾 寫入硬碟成功: manufacturing_hub/clickauto_auto_fused.py
-> 🔍 [品質檢驗] 檢查模組語法: manufacturing_hub/clickauto_auto_fused.py
-> 🎉 語法檢驗完美通過！
========================================
-> 🌍 [自動守護採購] 正在下載原始碼: https://raw.githubusercontent.com/Textualize/rich/refs/heads/main/rich/__init__.py
-> ✅ 原始碼下載成功。
-> 🧪 [深度融合] 正在將全球開源碼熔鑄至本地模組: RichAuto
-> 💾 寫入硬碟成功: manufacturing_hub/richauto_auto_fused.py
-> 🔍 [品質檢驗] 檢查模組語法: manufacturing_hub/richauto_auto_fused.py
-> 🎉 語法檢驗完美通過！
========================================
-> 🌍 [自動守護採購] 正在下載原始碼: https://raw.githubusercontent.com/pydantic/pydantic/refs/heads/main/pydantic/__init__.py
-> ✅ 原始碼下載成功。
-> 🧪 [深度融合] 正在將全球開源碼熔鑄至本地模組: PydanticAuto
-> 💾 寫入硬碟成功: manufacturing_hub/pydanticauto_auto_fused.py
-> 🔍 [品質檢驗] 檢查模組語法: manufacturing_hub/pydanticauto_auto_fused.py
-> 🎉 語法檢驗完美通過！

-> 💤 本輪巡航完畢。進入自動休眠，等待 30 秒後進行下一輪...

[2026-08-25 20:09:43] -> 🔄 開始新一輪全球開源專案自動巡航...
========================================
-> 🌍 [自動守護採購] 正在下載原始碼: https://raw.githubusercontent.com/psf/requests/refs/heads/main/src/requests/__init__.py
-> ✅ 原始碼下載成功。
-> 🧪 [深度融合] 正在將全球開源碼熔鑄至本地模組: RequestsAuto
-> 💾 寫入硬碟成功: manufacturing_hub/requestsauto_auto_fused.py
-> 🔍 [品質檢驗] 檢查模組語法: manufacturing_hub/requestsauto_auto_fused.py
-> 🎉 語法檢驗完美通過！
========================================
-> 🌍 [自動守護採購] 正在下載原始碼: https://raw.githubusercontent.com/fastapi/fastapi/refs/heads/master/fastapi/__init__.py
-> ✅ 原始碼下載成功。
-> 🧪 [深度融合] 正在將全球開源碼熔鑄至本地模組: FastAPIAuto
-> 💾 寫入硬碟成功: manufacturing_hub/fastapiauto_auto_fused.py
-> 🔍 [品質檢驗] 檢查模組語法: manufacturing_hub/fastapiauto_auto_fused.py
-> 🎉 語法檢驗完美通過！
========================================
-> 🌍 [自動守護採購] 正在下載原始碼: https://raw.githubusercontent.com/pallets/flask/refs/heads/main/src/flask/__init__.py
-> ✅ 原始碼下載成功。
-> 🧪 [深度融合] 正在將全球開源碼熔鑄至本地模組: FlaskAuto
-> 💾 寫入硬碟成功: manufacturing_hub/flaskauto_auto_fused.py
-> 🔍 [品質檢驗] 檢查模組語法: manufacturing_hub/flaskauto_auto_fused.py
-> 🎉 語法檢驗完美通過！
========================================
-> 🌍 [自動守護採購] 正在下載原始碼: https://raw.githubusercontent.com/pallets/click/refs/heads/main/src/click/__init__.py
-> ✅ 原始碼下載成功。
-> 🧪 [深度融合] 正在將全球開源碼熔鑄至本地模組: ClickAuto
-> 💾 寫入硬碟成功: manufacturing_hub/clickauto_auto_fused.py
-> 🔍 [品質檢驗] 檢查模組語法: manufacturing_hub/clickauto_auto_fused.py
-> 🎉 語法檢驗完美通過！
========================================
-> 🌍 [自動守護採購] 正在下載原始碼: https://raw.githubusercontent.com/Textualize/rich/refs/heads/main/rich/__init__.py
-> ⚠️ 下載失敗 (嘗試 1/3): <urlopen error [Errno 104] Connection reset by peer>
-> ✅ 原始碼下載成功。
-> 🧪 [深度融合] 正在將全球開源碼熔鑄至本地模組: RichAuto
-> 💾 寫入硬碟成功: manufacturing_hub/richauto_auto_fused.py
-> 🔍 [品質檢驗] 檢查模組語法: manufacturing_hub/richauto_auto_fused.py
-> 🎉 語法檢驗完美通過！
========================================
-> 🌍 [自動守護採購] 正在下載原始碼: https://raw.githubusercontent.com/pydantic/pydantic/refs/heads/main/pydantic/__init__.py
-> ✅ 原始碼下載成功。
-> 🧪 [深度融合] 正在將全球開源碼熔鑄至本地模組: PydanticAuto
-> 💾 寫入硬碟成功: manufacturing_hub/pydanticauto_auto_fused.py
-> 🔍 [品質檢驗] 檢查模組語法: manufacturing_hub/pydanticauto_auto_fused.py
-> 🎉 語法檢驗完美通過！

-> 💤 本輪巡航完畢。進入自動休眠，等待 30 秒後進行下一輪...

[2026-08-25 20:10:22] -> 🔄 開始新一輪全球開源專案自動巡航...
========================================
-> 🌍 [自動守護採購] 正在下載原始碼: https://raw.githubusercontent.com/psf/requests/refs/heads/main/src/requests/__init__.py
-> ✅ 原始碼下載成功。
-> 🧪 [深度融合] 正在將全球開源碼熔鑄至本地模組: RequestsAuto
-> 💾 寫入硬碟成功: manufacturing_hub/requestsauto_auto_fused.py
-> 🔍 [品質檢驗] 檢查模組語法: manufacturing_hub/requestsauto_auto_fused.py
-> 🎉 語法檢驗完美通過！
========================================
-> 🌍 [自動守護採購] 正在下載原始碼: https://raw.githubusercontent.com/fastapi/fastapi/refs/heads/master/fastapi/__init__.py
-> ✅ 原始碼下載成功。
-> 🧪 [深度融合] 正在將全球開源碼熔鑄至本地模組: FastAPIAuto
-> 💾 寫入硬碟成功: manufacturing_hub/fastapiauto_auto_fused.py
-> 🔍 [品質檢驗] 檢查模組語法: manufacturing_hub/fastapiauto_auto_fused.py
-> 🎉 語法檢驗完美通過！
========================================
-> 🌍 [自動守護採購] 正在下載原始碼: https://raw.githubusercontent.com/pallets/flask/refs/heads/main/src/flask/__init__.py
-> ✅ 原始碼下載成功。
-> 🧪 [深度融合] 正在將全球開源碼熔鑄至本地模組: FlaskAuto
-> 💾 寫入硬碟成功: manufacturing_hub/flaskauto_auto_fused.py
-> 🔍 [品質檢驗] 檢查模組語法: manufacturing_hub/flaskauto_auto_fused.py
-> 🎉 語法檢驗完美通過！
========================================
-> 🌍 [自動守護採購] 正在下載原始碼: https://raw.githubusercontent.com/pallets/click/refs/heads/main/src/click/__init__.py
-> ✅ 原始碼下載成功。
-> 🧪 [深度融合] 正在將全球開源碼熔鑄至本地模組: ClickAuto
-> 💾 寫入硬碟成功: manufacturing_hub/clickauto_auto_fused.py
-> 🔍 [品質檢驗] 檢查模組語法: manufacturing_hub/clickauto_auto_fused.py
-> 🎉 語法檢驗完美通過！
========================================
-> 🌍 [自動守護採購] 正在下載原始碼: https://raw.githubusercontent.com/Textualize/rich/refs/heads/main/rich/__init__.py
-> ✅ 原始碼下載成功。
-> 🧪 [深度融合] 正在將全球開源碼熔鑄至本地模組: RichAuto
-> 💾 寫入硬碟成功: manufacturing_hub/richauto_auto_fused.py
-> 🔍 [品質檢驗] 檢查模組語法: manufacturing_hub/richauto_auto_fused.py
-> 🎉 語法檢驗完美通過！
========================================
-> 🌍 [自動守護採購] 正在下載原始碼: https://raw.githubusercontent.com/pydantic/pydantic/refs/heads/main/pydantic/__init__.py
-> ✅ 原始碼下載成功。
-> 🧪 [深度融合] 正在將全球開源碼熔鑄至本地模組: PydanticAuto
-> 💾 寫入硬碟成功: manufacturing_hub/pydanticauto_auto_fused.py
-> 🔍 [品質檢驗] 檢查模組語法: manufacturing_hub/pydanticauto_auto_fused.py
-> 🎉 語法檢驗完美通過！

-> 💤 本輪巡航完畢。進入自動休眠，等待 30 秒後進行下一輪...

[2026-08-25 20:10:55] -> 🔄 開始新一輪全球開源專案自動巡航...
========================================
-> 🌍 [自動守護採購] 正在下載原始碼: https://raw.githubusercontent.com/psf/requests/refs/heads/main/src/requests/__init__.py
-> ✅ 原始碼下載成功。
-> 🧪 [深度融合] 正在將全球開源碼熔鑄至本地模組: RequestsAuto
-> 💾 寫入硬碟成功: manufacturing_hub/requestsauto_auto_fused.py
-> 🔍 [品質檢驗] 檢查模組語法: manufacturing_hub/requestsauto_auto_fused.py
-> 🎉 語法檢驗完美通過！
========================================
-> 🌍 [自動守護採購] 正在下載原始碼: https://raw.githubusercontent.com/fastapi/fastapi/refs/heads/master/fastapi/__init__.py
-> ✅ 原始碼下載成功。
-> 🧪 [深度融合] 正在將全球開源碼熔鑄至本地模組: FastAPIAuto
-> 💾 寫入硬碟成功: manufacturing_hub/fastapiauto_auto_fused.py
-> 🔍 [品質檢驗] 檢查模組語法: manufacturing_hub/fastapiauto_auto_fused.py
-> 🎉 語法檢驗完美通過！
========================================
-> 🌍 [自動守護採購] 正在下載原始碼: https://raw.githubusercontent.com/pallets/flask/refs/heads/main/src/flask/__init__.py
-> ✅ 原始碼下載成功。
-> 🧪 [深度融合] 正在將全球開源碼熔鑄至本地模組: FlaskAuto
-> 💾 寫入硬碟成功: manufacturing_hub/flaskauto_auto_fused.py
-> 🔍 [品質檢驗] 檢查模組語法: manufacturing_hub/flaskauto_auto_fused.py
-> 🎉 語法檢驗完美通過！
========================================
-> 🌍 [自動守護採購] 正在下載原始碼: https://raw.githubusercontent.com/pallets/click/refs/heads/main/src/click/__init__.py
-> ✅ 原始碼下載成功。
-> 🧪 [深度融合] 正在將全球開源碼熔鑄至本地模組: ClickAuto
-> 💾 寫入硬碟成功: manufacturing_hub/clickauto_auto_fused.py
-> 🔍 [品質檢驗] 檢查模組語法: manufacturing_hub/clickauto_auto_fused.py
-> 🎉 語法檢驗完美通過！
========================================
-> 🌍 [自動守護採購] 正在下載原始碼: https://raw.githubusercontent.com/Textualize/rich/refs/heads/main/rich/__init__.py
-> ✅ 原始碼下載成功。
-> 🧪 [深度融合] 正在將全球開源碼熔鑄至本地模組: RichAuto
-> 💾 寫入硬碟成功: manufacturing_hub/richauto_auto_fused.py
-> 🔍 [品質檢驗] 檢查模組語法: manufacturing_hub/richauto_auto_fused.py
-> 🎉 語法檢驗完美通過！
========================================
-> 🌍 [自動守護採購] 正在下載原始碼: https://raw.githubusercontent.com/pydantic/pydantic/refs/heads/main/pydantic/__init__.py
-> ⚠️ 下載失敗 (嘗試 1/3): [Errno 104] Connection reset by peer
-> ✅ 原始碼下載成功。
-> 🧪 [深度融合] 正在將全球開源碼熔鑄至本地模組: PydanticAuto
-> 💾 寫入硬碟成功: manufacturing_hub/pydanticauto_auto_fused.py
-> 🔍 [品質檢驗] 檢查模組語法: manufacturing_hub/pydanticauto_auto_fused.py
-> 🎉 語法檢驗完美通過！

-> 💤 本輪巡航完畢。進入自動休眠，等待 30 秒後進行下一輪...

[2026-08-25 20:11:33] -> 🔄 開始新一輪全球開源專案自動巡航...
========================================
-> 🌍 [自動守護採購] 正在下載原始碼: https://raw.githubusercontent.com/psf/requests/refs/heads/main/src/requests/__init__.py
-> ✅ 原始碼下載成功。
-> 🧪 [深度融合] 正在將全球開源碼熔鑄至本地模組: RequestsAuto
-> 💾 寫入硬碟成功: manufacturing_hub/requestsauto_auto_fused.py
-> 🔍 [品質檢驗] 檢查模組語法: manufacturing_hub/requestsauto_auto_fused.py
-> 🎉 語法檢驗完美通過！
========================================
-> 🌍 [自動守護採購] 正在下載原始碼: https://raw.githubusercontent.com/fastapi/fastapi/refs/heads/master/fastapi/__init__.py
-> ✅ 原始碼下載成功。
-> 🧪 [深度融合] 正在將全球開源碼熔鑄至本地模組: FastAPIAuto
-> 💾 寫入硬碟成功: manufacturing_hub/fastapiauto_auto_fused.py
-> 🔍 [品質檢驗] 檢查模組語法: manufacturing_hub/fastapiauto_auto_fused.py
-> 🎉 語法檢驗完美通過！
========================================
-> 🌍 [自動守護採購] 正在下載原始碼: https://raw.githubusercontent.com/pallets/flask/refs/heads/main/src/flask/__init__.py
-> ✅ 原始碼下載成功。
-> 🧪 [深度融合] 正在將全球開源碼熔鑄至本地模組: FlaskAuto
-> 💾 寫入硬碟成功: manufacturing_hub/flaskauto_auto_fused.py
-> 🔍 [品質檢驗] 檢查模組語法: manufacturing_hub/flaskauto_auto_fused.py
-> 🎉 語法檢驗完美通過！
========================================
-> 🌍 [自動守護採購] 正在下載原始碼: https://raw.githubusercontent.com/pallets/click/refs/heads/main/src/click/__init__.py
-> ✅ 原始碼下載成功。
-> 🧪 [深度融合] 正在將全球開源碼熔鑄至本地模組: ClickAuto
-> 💾 寫入硬碟成功: manufacturing_hub/clickauto_auto_fused.py
-> 🔍 [品質檢驗] 檢查模組語法: manufacturing_hub/clickauto_auto_fused.py
-> 🎉 語法檢驗完美通過！
========================================
-> 🌍 [自動守護採購] 正在下載原始碼: https://raw.githubusercontent.com/Textualize/rich/refs/heads/main/rich/__init__.py
-> ✅ 原始碼下載成功。
-> 🧪 [深度融合] 正在將全球開源碼熔鑄至本地模組: RichAuto
-> 💾 寫入硬碟成功: manufacturing_hub/richauto_auto_fused.py
-> 🔍 [品質檢驗] 檢查模組語法: manufacturing_hub/richauto_auto_fused.py
-> 🎉 語法檢驗完美通過！
========================================
-> 🌍 [自動守護採購] 正在下載原始碼: https://raw.githubusercontent.com/pydantic/pydantic/refs/heads/main/pydantic/__init__.py
-> ✅ 原始碼下載成功。
-> 🧪 [深度融合] 正在將全球開源碼熔鑄至本地模組: PydanticAuto
-> 💾 寫入硬碟成功: manufacturing_hub/pydanticauto_auto_fused.py
-> 🔍 [品質檢驗] 檢查模組語法: manufacturing_hub/pydanticauto_auto_fused.py
-> 🎉 語法檢驗完美通過！

-> 💤 本輪巡航完畢。進入自動休眠，等待 30 秒後進行下一輪...

[2026-08-25 20:12:07] -> 🔄 開始新一輪全球開源專案自動巡航...
========================================
-> 🌍 [自動守護採購] 正在下載原始碼: https://raw.githubusercontent.com/psf/requests/refs/heads/main/src/requests/__init__.py
-> ✅ 原始碼下載成功。
-> 🧪 [深度融合] 正在將全球開源碼熔鑄至本地模組: RequestsAuto
-> 💾 寫入硬碟成功: manufacturing_hub/requestsauto_auto_fused.py
-> 🔍 [品質檢驗] 檢查模組語法: manufacturing_hub/requestsauto_auto_fused.py
-> 🎉 語法檢驗完美通過！
========================================
-> 🌍 [自動守護採購] 正在下載原始碼: https://raw.githubusercontent.com/fastapi/fastapi/refs/heads/master/fastapi/__init__.py
-> ✅ 原始碼下載成功。
-> 🧪 [深度融合] 正在將全球開源碼熔鑄至本地模組: FastAPIAuto
-> 💾 寫入硬碟成功: manufacturing_hub/fastapiauto_auto_fused.py
-> 🔍 [品質檢驗] 檢查模組語法: manufacturing_hub/fastapiauto_auto_fused.py
-> 🎉 語法檢驗完美通過！
========================================
-> 🌍 [自動守護採購] 正在下載原始碼: https://raw.githubusercontent.com/pallets/flask/refs/heads/main/src/flask/__init__.py
-> ✅ 原始碼下載成功。
-> 🧪 [深度融合] 正在將全球開源碼熔鑄至本地模組: FlaskAuto
-> 💾 寫入硬碟成功: manufacturing_hub/flaskauto_auto_fused.py
-> 🔍 [品質檢驗] 檢查模組語法: manufacturing_hub/flaskauto_auto_fused.py
-> 🎉 語法檢驗完美通過！
========================================
-> 🌍 [自動守護採購] 正在下載原始碼: https://raw.githubusercontent.com/pallets/click/refs/heads/main/src/click/__init__.py
-> ✅ 原始碼下載成功。
-> 🧪 [深度融合] 正在將全球開源碼熔鑄至本地模組: ClickAuto
-> 💾 寫入硬碟成功: manufacturing_hub/clickauto_auto_fused.py
-> 🔍 [品質檢驗] 檢查模組語法: manufacturing_hub/clickauto_auto_fused.py
-> 🎉 語法檢驗完美通過！
========================================
-> 🌍 [自動守護採購] 正在下載原始碼: https://raw.githubusercontent.com/Textualize/rich/refs/heads/main/rich/__init__.py
-> ✅ 原始碼下載成功。
-> 🧪 [深度融合] 正在將全球開源碼熔鑄至本地模組: RichAuto
-> 💾 寫入硬碟成功: manufacturing_hub/richauto_auto_fused.py
-> 🔍 [品質檢驗] 檢查模組語法: manufacturing_hub/richauto_auto_fused.py
-> 🎉 語法檢驗完美通過！
========================================
-> 🌍 [自動守護採購] 正在下載原始碼: https://raw.githubusercontent.com/pydantic/pydantic/refs/heads/main/pydantic/__init__.py
-> ✅ 原始碼下載成功。
-> 🧪 [深度融合] 正在將全球開源碼熔鑄至本地模組: PydanticAuto
-> 💾 寫入硬碟成功: manufacturing_hub/pydanticauto_auto_fused.py
-> 🔍 [品質檢驗] 檢查模組語法: manufacturing_hub/pydanticauto_auto_fused.py
-> 🎉 語法檢驗完美通過！

-> 💤 本輪巡航完畢。進入自動休眠，等待 30 秒後進行下一輪...

[2026-08-25 20:12:40] -> 🔄 開始新一輪全球開源專案自動巡航...
========================================
-> 🌍 [自動守護採購] 正在下載原始碼: https://raw.githubusercontent.com/psf/requests/refs/heads/main/src/requests/__init__.py
-> ✅ 原始碼下載成功。
-> 🧪 [深度融合] 正在將全球開源碼熔鑄至本地模組: RequestsAuto
-> 💾 寫入硬碟成功: manufacturing_hub/requestsauto_auto_fused.py
-> 🔍 [品質檢驗] 檢查模組語法: manufacturing_hub/requestsauto_auto_fused.py
-> 🎉 語法檢驗完美通過！
========================================
-> 🌍 [自動守護採購] 正在下載原始碼: https://raw.githubusercontent.com/fastapi/fastapi/refs/heads/master/fastapi/__init__.py
-> ✅ 原始碼下載成功。
-> 🧪 [深度融合] 正在將全球開源碼熔鑄至本地模組: FastAPIAuto
-> 💾 寫入硬碟成功: manufacturing_hub/fastapiauto_auto_fused.py
-> 🔍 [品質檢驗] 檢查模組語法: manufacturing_hub/fastapiauto_auto_fused.py
-> 🎉 語法檢驗完美通過！
========================================
-> 🌍 [自動守護採購] 正在下載原始碼: https://raw.githubusercontent.com/pallets/flask/refs/heads/main/src/flask/__init__.py
-> ✅ 原始碼下載成功。
-> 🧪 [深度融合] 正在將全球開源碼熔鑄至本地模組: FlaskAuto
-> 💾 寫入硬碟成功: manufacturing_hub/flaskauto_auto_fused.py
-> 🔍 [品質檢驗] 檢查模組語法: manufacturing_hub/flaskauto_auto_fused.py
-> 🎉 語法檢驗完美通過！
========================================
-> 🌍 [自動守護採購] 正在下載原始碼: https://raw.githubusercontent.com/pallets/click/refs/heads/main/src/click/__init__.py
-> ✅ 原始碼下載成功。
-> 🧪 [深度融合] 正在將全球開源碼熔鑄至本地模組: ClickAuto
-> 💾 寫入硬碟成功: manufacturing_hub/clickauto_auto_fused.py
-> 🔍 [品質檢驗] 檢查模組語法: manufacturing_hub/clickauto_auto_fused.py
-> 🎉 語法檢驗完美通過！
========================================
-> 🌍 [自動守護採購] 正在下載原始碼: https://raw.githubusercontent.com/Textualize/rich/refs/heads/main/rich/__init__.py
-> ✅ 原始碼下載成功。
-> 🧪 [深度融合] 正在將全球開源碼熔鑄至本地模組: RichAuto
-> 💾 寫入硬碟成功: manufacturing_hub/richauto_auto_fused.py
-> 🔍 [品質檢驗] 檢查模組語法: manufacturing_hub/richauto_auto_fused.py
-> 🎉 語法檢驗完美通過！
========================================
-> 🌍 [自動守護採購] 正在下載原始碼: https://raw.githubusercontent.com/pydantic/pydantic/refs/heads/main/pydantic/__init__.py
-> ✅ 原始碼下載成功。
-> 🧪 [深度融合] 正在將全球開源碼熔鑄至本地模組: PydanticAuto
-> 💾 寫入硬碟成功: manufacturing_hub/pydanticauto_auto_fused.py
-> 🔍 [品質檢驗] 檢查模組語法: manufacturing_hub/pydanticauto_auto_fused.py
-> 🎉 語法檢驗完美通過！

-> 💤 本輪巡航完畢。進入自動休眠，等待 30 秒後進行下一輪...

[2026-08-25 20:13:15] -> 🔄 開始新一輪全球開源專案自動巡航...
========================================
-> 🌍 [自動守護採購] 正在下載原始碼: https://raw.githubusercontent.com/psf/requests/refs/heads/main/src/requests/__init__.py
-> ✅ 原始碼下載成功。
-> 🧪 [深度融合] 正在將全球開源碼熔鑄至本地模組: RequestsAuto
-> 💾 寫入硬碟成功: manufacturing_hub/requestsauto_auto_fused.py
-> 🔍 [品質檢驗] 檢查模組語法: manufacturing_hub/requestsauto_auto_fused.py
-> 🎉 語法檢驗完美通過！
========================================
-> 🌍 [自動守護採購] 正在下載原始碼: https://raw.githubusercontent.com/fastapi/fastapi/refs/heads/master/fastapi/__init__.py
-> ✅ 原始碼下載成功。
-> 🧪 [深度融合] 正在將全球開源碼熔鑄至本地模組: FastAPIAuto
-> 💾 寫入硬碟成功: manufacturing_hub/fastapiauto_auto_fused.py
-> 🔍 [品質檢驗] 檢查模組語法: manufacturing_hub/fastapiauto_auto_fused.py
-> 🎉 語法檢驗完美通過！
========================================
-> 🌍 [自動守護採購] 正在下載原始碼: https://raw.githubusercontent.com/pallets/flask/refs/heads/main/src/flask/__init__.py
-> ✅ 原始碼下載成功。
-> 🧪 [深度融合] 正在將全球開源碼熔鑄至本地模組: FlaskAuto
-> 💾 寫入硬碟成功: manufacturing_hub/flaskauto_auto_fused.py
-> 🔍 [品質檢驗] 檢查模組語法: manufacturing_hub/flaskauto_auto_fused.py
-> 🎉 語法檢驗完美通過！
========================================
-> 🌍 [自動守護採購] 正在下載原始碼: https://raw.githubusercontent.com/pallets/click/refs/heads/main/src/click/__init__.py
-> ✅ 原始碼下載成功。
-> 🧪 [深度融合] 正在將全球開源碼熔鑄至本地模組: ClickAuto
-> 💾 寫入硬碟成功: manufacturing_hub/clickauto_auto_fused.py
-> 🔍 [品質檢驗] 檢查模組語法: manufacturing_hub/clickauto_auto_fused.py
-> 🎉 語法檢驗完美通過！
========================================
-> 🌍 [自動守護採購] 正在下載原始碼: https://raw.githubusercontent.com/Textualize/rich/refs/heads/main/rich/__init__.py
-> ✅ 原始碼下載成功。
-> 🧪 [深度融合] 正在將全球開源碼熔鑄至本地模組: RichAuto
-> 💾 寫入硬碟成功: manufacturing_hub/richauto_auto_fused.py
-> 🔍 [品質檢驗] 檢查模組語法: manufacturing_hub/richauto_auto_fused.py
-> 🎉 語法檢驗完美通過！
========================================
-> 🌍 [自動守護採購] 正在下載原始碼: https://raw.githubusercontent.com/pydantic/pydantic/refs/heads/main/pydantic/__init__.py
-> ✅ 原始碼下載成功。
-> 🧪 [深度融合] 正在將全球開源碼熔鑄至本地模組: PydanticAuto
-> 💾 寫入硬碟成功: manufacturing_hub/pydanticauto_auto_fused.py
-> 🔍 [品質檢驗] 檢查模組語法: manufacturing_hub/pydanticauto_auto_fused.py
-> 🎉 語法檢驗完美通過！

-> 💤 本輪巡航完畢。進入自動休眠，等待 30 秒後進行下一輪...

[2026-08-25 20:13:51] -> 🔄 開始新一輪全球開源專案自動巡航...
========================================
-> 🌍 [自動守護採購] 正在下載原始碼: https://raw.githubusercontent.com/psf/requests/refs/heads/main/src/requests/__init__.py
-> ✅ 原始碼下載成功。
-> 🧪 [深度融合] 正在將全球開源碼熔鑄至本地模組: RequestsAuto
-> 💾 寫入硬碟成功: manufacturing_hub/requestsauto_auto_fused.py
-> 🔍 [品質檢驗] 檢查模組語法: manufacturing_hub/requestsauto_auto_fused.py
-> 🎉 語法檢驗完美通過！
========================================
-> 🌍 [自動守護採購] 正在下載原始碼: https://raw.githubusercontent.com/fastapi/fastapi/refs/heads/master/fastapi/__init__.py
-> ✅ 原始碼下載成功。
-> 🧪 [深度融合] 正在將全球開源碼熔鑄至本地模組: FastAPIAuto
-> 💾 寫入硬碟成功: manufacturing_hub/fastapiauto_auto_fused.py
-> 🔍 [品質檢驗] 檢查模組語法: manufacturing_hub/fastapiauto_auto_fused.py
-> 🎉 語法檢驗完美通過！
========================================
-> 🌍 [自動守護採購] 正在下載原始碼: https://raw.githubusercontent.com/pallets/flask/refs/heads/main/src/flask/__init__.py
-> ✅ 原始碼下載成功。
-> 🧪 [深度融合] 正在將全球開源碼熔鑄至本地模組: FlaskAuto
-> 💾 寫入硬碟成功: manufacturing_hub/flaskauto_auto_fused.py
-> 🔍 [品質檢驗] 檢查模組語法: manufacturing_hub/flaskauto_auto_fused.py
-> 🎉 語法檢驗完美通過！
========================================
-> 🌍 [自動守護採購] 正在下載原始碼: https://raw.githubusercontent.com/pallets/click/refs/heads/main/src/click/__init__.py
-> ✅ 原始碼下載成功。
-> 🧪 [深度融合] 正在將全球開源碼熔鑄至本地模組: ClickAuto
-> 💾 寫入硬碟成功: manufacturing_hub/clickauto_auto_fused.py
-> 🔍 [品質檢驗] 檢查模組語法: manufacturing_hub/clickauto_auto_fused.py
-> 🎉 語法檢驗完美通過！
========================================
-> 🌍 [自動守護採購] 正在下載原始碼: https://raw.githubusercontent.com/Textualize/rich/refs/heads/main/rich/__init__.py
-> ✅ 原始碼下載成功。
-> 🧪 [深度融合] 正在將全球開源碼熔鑄至本地模組: RichAuto
-> 💾 寫入硬碟成功: manufacturing_hub/richauto_auto_fused.py
-> 🔍 [品質檢驗] 檢查模組語法: manufacturing_hub/richauto_auto_fused.py
-> 🎉 語法檢驗完美通過！
========================================
-> 🌍 [自動守護採購] 正在下載原始碼: https://raw.githubusercontent.com/pydantic/pydantic/refs/heads/main/pydantic/__init__.py
-> ✅ 原始碼下載成功。
-> 🧪 [深度融合] 正在將全球開源碼熔鑄至本地模組: PydanticAuto
-> 💾 寫入硬碟成功: manufacturing_hub/pydanticauto_auto_fused.py
-> 🔍 [品質檢驗] 檢查模組語法: manufacturing_hub/pydanticauto_auto_fused.py
-> 🎉 語法檢驗完美通過！

-> 💤 本輪巡航完畢。進入自動休眠，等待 30 秒後進行下一輪...

[2026-08-25 20:14:25] -> 🔄 開始新一輪全球開源專案自動巡航...
========================================
-> 🌍 [自動守護採購] 正在下載原始碼: https://raw.githubusercontent.com/psf/requests/refs/heads/main/src/requests/__init__.py
-> ✅ 原始碼下載成功。
-> 🧪 [深度融合] 正在將全球開源碼熔鑄至本地模組: RequestsAuto
-> 💾 寫入硬碟成功: manufacturing_hub/requestsauto_auto_fused.py
-> 🔍 [品質檢驗] 檢查模組語法: manufacturing_hub/requestsauto_auto_fused.py
-> 🎉 語法檢驗完美通過！
========================================
-> 🌍 [自動守護採購] 正在下載原始碼: https://raw.githubusercontent.com/fastapi/fastapi/refs/heads/master/fastapi/__init__.py
-> ✅ 原始碼下載成功。
-> 🧪 [深度融合] 正在將全球開源碼熔鑄至本地模組: FastAPIAuto
-> 💾 寫入硬碟成功: manufacturing_hub/fastapiauto_auto_fused.py
-> 🔍 [品質檢驗] 檢查模組語法: manufacturing_hub/fastapiauto_auto_fused.py
-> 🎉 語法檢驗完美通過！
========================================
-> 🌍 [自動守護採購] 正在下載原始碼: https://raw.githubusercontent.com/pallets/flask/refs/heads/main/src/flask/__init__.py
-> ✅ 原始碼下載成功。
-> 🧪 [深度融合] 正在將全球開源碼熔鑄至本地模組: FlaskAuto
-> 💾 寫入硬碟成功: manufacturing_hub/flaskauto_auto_fused.py
-> 🔍 [品質檢驗] 檢查模組語法: manufacturing_hub/flaskauto_auto_fused.py
-> 🎉 語法檢驗完美通過！
========================================
-> 🌍 [自動守護採購] 正在下載原始碼: https://raw.githubusercontent.com/pallets/click/refs/heads/main/src/click/__init__.py
-> ✅ 原始碼下載成功。
-> 🧪 [深度融合] 正在將全球開源碼熔鑄至本地模組: ClickAuto
-> 💾 寫入硬碟成功: manufacturing_hub/clickauto_auto_fused.py
-> 🔍 [品質檢驗] 檢查模組語法: manufacturing_hub/clickauto_auto_fused.py
-> 🎉 語法檢驗完美通過！
========================================
-> 🌍 [自動守護採購] 正在下載原始碼: https://raw.githubusercontent.com/Textualize/rich/refs/heads/main/rich/__init__.py
-> ✅ 原始碼下載成功。
-> 🧪 [深度融合] 正在將全球開源碼熔鑄至本地模組: RichAuto
-> 💾 寫入硬碟成功: manufacturing_hub/richauto_auto_fused.py
-> 🔍 [品質檢驗] 檢查模組語法: manufacturing_hub/richauto_auto_fused.py
-> 🎉 語法檢驗完美通過！
========================================
-> 🌍 [自動守護採購] 正在下載原始碼: https://raw.githubusercontent.com/pydantic/pydantic/refs/heads/main/pydantic/__init__.py
-> ✅ 原始碼下載成功。
-> 🧪 [深度融合] 正在將全球開源碼熔鑄至本地模組: PydanticAuto
-> 💾 寫入硬碟成功: manufacturing_hub/pydanticauto_auto_fused.py
-> 🔍 [品質檢驗] 檢查模組語法: manufacturing_hub/pydanticauto_auto_fused.py
-> 🎉 語法檢驗完美通過！

-> 💤 本輪巡航完畢。進入自動休眠，等待 30 秒後進行下一輪...

[2026-08-25 20:14:59] -> 🔄 開始新一輪全球開源專案自動巡航...
========================================
-> 🌍 [自動守護採購] 正在下載原始碼: https://raw.githubusercontent.com/psf/requests/refs/heads/main/src/requests/__init__.py
-> ✅ 原始碼下載成功。
-> 🧪 [深度融合] 正在將全球開源碼熔鑄至本地模組: RequestsAuto
-> 💾 寫入硬碟成功: manufacturing_hub/requestsauto_auto_fused.py
-> 🔍 [品質檢驗] 檢查模組語法: manufacturing_hub/requestsauto_auto_fused.py
-> 🎉 語法檢驗完美通過！
========================================
-> 🌍 [自動守護採購] 正在下載原始碼: https://raw.githubusercontent.com/fastapi/fastapi/refs/heads/master/fastapi/__init__.py
-> ✅ 原始碼下載成功。
-> 🧪 [深度融合] 正在將全球開源碼熔鑄至本地模組: FastAPIAuto
-> 💾 寫入硬碟成功: manufacturing_hub/fastapiauto_auto_fused.py
-> 🔍 [品質檢驗] 檢查模組語法: manufacturing_hub/fastapiauto_auto_fused.py
-> 🎉 語法檢驗完美通過！
========================================
-> 🌍 [自動守護採購] 正在下載原始碼: https://raw.githubusercontent.com/pallets/flask/refs/heads/main/src/flask/__init__.py
-> ✅ 原始碼下載成功。
-> 🧪 [深度融合] 正在將全球開源碼熔鑄至本地模組: FlaskAuto
-> 💾 寫入硬碟成功: manufacturing_hub/flaskauto_auto_fused.py
-> 🔍 [品質檢驗] 檢查模組語法: manufacturing_hub/flaskauto_auto_fused.py
-> 🎉 語法檢驗完美通過！
========================================
-> 🌍 [自動守護採購] 正在下載原始碼: https://raw.githubusercontent.com/pallets/click/refs/heads/main/src/click/__init__.py
-> ✅ 原始碼下載成功。
-> 🧪 [深度融合] 正在將全球開源碼熔鑄至本地模組: ClickAuto
-> 💾 寫入硬碟成功: manufacturing_hub/clickauto_auto_fused.py
-> 🔍 [品質檢驗] 檢查模組語法: manufacturing_hub/clickauto_auto_fused.py
-> 🎉 語法檢驗完美通過！
========================================
-> 🌍 [自動守護採購] 正在下載原始碼: https://raw.githubusercontent.com/Textualize/rich/refs/heads/main/rich/__init__.py
-> ✅ 原始碼下載成功。
-> 🧪 [深度融合] 正在將全球開源碼熔鑄至本地模組: RichAuto
-> 💾 寫入硬碟成功: manufacturing_hub/richauto_auto_fused.py
-> 🔍 [品質檢驗] 檢查模組語法: manufacturing_hub/richauto_auto_fused.py
-> 🎉 語法檢驗完美通過！
========================================
-> 🌍 [自動守護採購] 正在下載原始碼: https://raw.githubusercontent.com/pydantic/pydantic/refs/heads/main/pydantic/__init__.py
-> ✅ 原始碼下載成功。
-> 🧪 [深度融合] 正在將全球開源碼熔鑄至本地模組: PydanticAuto
-> 💾 寫入硬碟成功: manufacturing_hub/pydanticauto_auto_fused.py
-> 🔍 [品質檢驗] 檢查模組語法: manufacturing_hub/pydanticauto_auto_fused.py
-> 🎉 語法檢驗完美通過！

-> 💤 本輪巡航完畢。進入自動休眠，等待 30 秒後進行下一輪...

[2026-08-25 20:15:34] -> 🔄 開始新一輪全球開源專案自動巡航...
========================================
-> 🌍 [自動守護採購] 正在下載原始碼: https://raw.githubusercontent.com/psf/requests/refs/heads/main/src/requests/__init__.py
-> ✅ 原始碼下載成功。
-> 🧪 [深度融合] 正在將全球開源碼熔鑄至本地模組: RequestsAuto
-> 💾 寫入硬碟成功: manufacturing_hub/requestsauto_auto_fused.py
-> 🔍 [品質檢驗] 檢查模組語法: manufacturing_hub/requestsauto_auto_fused.py
-> 🎉 語法檢驗完美通過！
========================================
-> 🌍 [自動守護採購] 正在下載原始碼: https://raw.githubusercontent.com/fastapi/fastapi/refs/heads/master/fastapi/__init__.py
-> ✅ 原始碼下載成功。
-> 🧪 [深度融合] 正在將全球開源碼熔鑄至本地模組: FastAPIAuto
-> 💾 寫入硬碟成功: manufacturing_hub/fastapiauto_auto_fused.py
-> 🔍 [品質檢驗] 檢查模組語法: manufacturing_hub/fastapiauto_auto_fused.py
-> 🎉 語法檢驗完美通過！
========================================
-> 🌍 [自動守護採購] 正在下載原始碼: https://raw.githubusercontent.com/pallets/flask/refs/heads/main/src/flask/__init__.py
-> ✅ 原始碼下載成功。
-> 🧪 [深度融合] 正在將全球開源碼熔鑄至本地模組: FlaskAuto
-> 💾 寫入硬碟成功: manufacturing_hub/flaskauto_auto_fused.py
-> 🔍 [品質檢驗] 檢查模組語法: manufacturing_hub/flaskauto_auto_fused.py
-> 🎉 語法檢驗完美通過！
========================================
-> 🌍 [自動守護採購] 正在下載原始碼: https://raw.githubusercontent.com/pallets/click/refs/heads/main/src/click/__init__.py
-> ✅ 原始碼下載成功。
-> 🧪 [深度融合] 正在將全球開源碼熔鑄至本地模組: ClickAuto
-> 💾 寫入硬碟成功: manufacturing_hub/clickauto_auto_fused.py
-> 🔍 [品質檢驗] 檢查模組語法: manufacturing_hub/clickauto_auto_fused.py
-> 🎉 語法檢驗完美通過！
========================================
-> 🌍 [自動守護採購] 正在下載原始碼: https://raw.githubusercontent.com/Textualize/rich/refs/heads/main/rich/__init__.py
-> ✅ 原始碼下載成功。
-> 🧪 [深度融合] 正在將全球開源碼熔鑄至本地模組: RichAuto
-> 💾 寫入硬碟成功: manufacturing_hub/richauto_auto_fused.py
-> 🔍 [品質檢驗] 檢查模組語法: manufacturing_hub/richauto_auto_fused.py
-> 🎉 語法檢驗完美通過！
========================================
-> 🌍 [自動守護採購] 正在下載原始碼: https://raw.githubusercontent.com/pydantic/pydantic/refs/heads/main/pydantic/__init__.py
-> ✅ 原始碼下載成功。
-> 🧪 [深度融合] 正在將全球開源碼熔鑄至本地模組: PydanticAuto
-> 💾 寫入硬碟成功: manufacturing_hub/pydanticauto_auto_fused.py
-> 🔍 [品質檢驗] 檢查模組語法: manufacturing_hub/pydanticauto_auto_fused.py
-> 🎉 語法檢驗完美通過！

-> 💤 本輪巡航完畢。進入自動休眠，等待 30 秒後進行下一輪...

[2026-08-25 20:16:08] -> 🔄 開始新一輪全球開源專案自動巡航...
========================================
-> 🌍 [自動守護採購] 正在下載原始碼: https://raw.githubusercontent.com/psf/requests/refs/heads/main/src/requests/__init__.py
-> ✅ 原始碼下載成功。
-> 🧪 [深度融合] 正在將全球開源碼熔鑄至本地模組: RequestsAuto
-> 💾 寫入硬碟成功: manufacturing_hub/requestsauto_auto_fused.py
-> 🔍 [品質檢驗] 檢查模組語法: manufacturing_hub/requestsauto_auto_fused.py
-> 🎉 語法檢驗完美通過！
========================================
-> 🌍 [自動守護採購] 正在下載原始碼: https://raw.githubusercontent.com/fastapi/fastapi/refs/heads/master/fastapi/__init__.py
-> ✅ 原始碼下載成功。
-> 🧪 [深度融合] 正在將全球開源碼熔鑄至本地模組: FastAPIAuto
-> 💾 寫入硬碟成功: manufacturing_hub/fastapiauto_auto_fused.py
-> 🔍 [品質檢驗] 檢查模組語法: manufacturing_hub/fastapiauto_auto_fused.py
-> 🎉 語法檢驗完美通過！
========================================
-> 🌍 [自動守護採購] 正在下載原始碼: https://raw.githubusercontent.com/pallets/flask/refs/heads/main/src/flask/__init__.py
-> ✅ 原始碼下載成功。
-> 🧪 [深度融合] 正在將全球開源碼熔鑄至本地模組: FlaskAuto
-> 💾 寫入硬碟成功: manufacturing_hub/flaskauto_auto_fused.py
-> 🔍 [品質檢驗] 檢查模組語法: manufacturing_hub/flaskauto_auto_fused.py
-> 🎉 語法檢驗完美通過！
========================================
-> 🌍 [自動守護採購] 正在下載原始碼: https://raw.githubusercontent.com/pallets/click/refs/heads/main/src/click/__init__.py
-> ✅ 原始碼下載成功。
-> 🧪 [深度融合] 正在將全球開源碼熔鑄至本地模組: ClickAuto
-> 💾 寫入硬碟成功: manufacturing_hub/clickauto_auto_fused.py
-> 🔍 [品質檢驗] 檢查模組語法: manufacturing_hub/clickauto_auto_fused.py
-> 🎉 語法檢驗完美通過！
========================================
-> 🌍 [自動守護採購] 正在下載原始碼: https://raw.githubusercontent.com/Textualize/rich/refs/heads/main/rich/__init__.py
-> ✅ 原始碼下載成功。
-> 🧪 [深度融合] 正在將全球開源碼熔鑄至本地模組: RichAuto
-> 💾 寫入硬碟成功: manufacturing_hub/richauto_auto_fused.py
-> 🔍 [品質檢驗] 檢查模組語法: manufacturing_hub/richauto_auto_fused.py
-> 🎉 語法檢驗完美通過！
========================================
-> 🌍 [自動守護採購] 正在下載原始碼: https://raw.githubusercontent.com/pydantic/pydantic/refs/heads/main/pydantic/__init__.py
-> ✅ 原始碼下載成功。
-> 🧪 [深度融合] 正在將全球開源碼熔鑄至本地模組: PydanticAuto
-> 💾 寫入硬碟成功: manufacturing_hub/pydanticauto_auto_fused.py
-> 🔍 [品質檢驗] 檢查模組語法: manufacturing_hub/pydanticauto_auto_fused.py
-> 🎉 語法檢驗完美通過！

-> 💤 本輪巡航完畢。進入自動休眠，等待 30 秒後進行下一輪...

[2026-08-25 20:16:42] -> 🔄 開始新一輪全球開源專案自動巡航...
========================================
-> 🌍 [自動守護採購] 正在下載原始碼: https://raw.githubusercontent.com/psf/requests/refs/heads/main/src/requests/__init__.py
-> ✅ 原始碼下載成功。
-> 🧪 [深度融合] 正在將全球開源碼熔鑄至本地模組: RequestsAuto
-> 💾 寫入硬碟成功: manufacturing_hub/requestsauto_auto_fused.py
-> 🔍 [品質檢驗] 檢查模組語法: manufacturing_hub/requestsauto_auto_fused.py
-> 🎉 語法檢驗完美通過！
========================================
-> 🌍 [自動守護採購] 正在下載原始碼: https://raw.githubusercontent.com/fastapi/fastapi/refs/heads/master/fastapi/__init__.py
-> ✅ 原始碼下載成功。
-> 🧪 [深度融合] 正在將全球開源碼熔鑄至本地模組: FastAPIAuto
-> 💾 寫入硬碟成功: manufacturing_hub/fastapiauto_auto_fused.py
-> 🔍 [品質檢驗] 檢查模組語法: manufacturing_hub/fastapiauto_auto_fused.py
-> 🎉 語法檢驗完美通過！
========================================
-> 🌍 [自動守護採購] 正在下載原始碼: https://raw.githubusercontent.com/pallets/flask/refs/heads/main/src/flask/__init__.py
-> ✅ 原始碼下載成功。
-> 🧪 [深度融合] 正在將全球開源碼熔鑄至本地模組: FlaskAuto
-> 💾 寫入硬碟成功: manufacturing_hub/flaskauto_auto_fused.py
-> 🔍 [品質檢驗] 檢查模組語法: manufacturing_hub/flaskauto_auto_fused.py
-> 🎉 語法檢驗完美通過！
========================================
-> 🌍 [自動守護採購] 正在下載原始碼: https://raw.githubusercontent.com/pallets/click/refs/heads/main/src/click/__init__.py
-> ✅ 原始碼下載成功。
-> 🧪 [深度融合] 正在將全球開源碼熔鑄至本地模組: ClickAuto
-> 💾 寫入硬碟成功: manufacturing_hub/clickauto_auto_fused.py
-> 🔍 [品質檢驗] 檢查模組語法: manufacturing_hub/clickauto_auto_fused.py
-> 🎉 語法檢驗完美通過！
========================================
-> 🌍 [自動守護採購] 正在下載原始碼: https://raw.githubusercontent.com/Textualize/rich/refs/heads/main/rich/__init__.py
-> ✅ 原始碼下載成功。
-> 🧪 [深度融合] 正在將全球開源碼熔鑄至本地模組: RichAuto
-> 💾 寫入硬碟成功: manufacturing_hub/richauto_auto_fused.py
-> 🔍 [品質檢驗] 檢查模組語法: manufacturing_hub/richauto_auto_fused.py
-> 🎉 語法檢驗完美通過！
========================================
-> 🌍 [自動守護採購] 正在下載原始碼: https://raw.githubusercontent.com/pydantic/pydantic/refs/heads/main/pydantic/__init__.py
-> ✅ 原始碼下載成功。
-> 🧪 [深度融合] 正在將全球開源碼熔鑄至本地模組: PydanticAuto
-> 💾 寫入硬碟成功: manufacturing_hub/pydanticauto_auto_fused.py
-> 🔍 [品質檢驗] 檢查模組語法: manufacturing_hub/pydanticauto_auto_fused.py
-> 🎉 語法檢驗完美通過！

-> 💤 本輪巡航完畢。進入自動休眠，等待 30 秒後進行下一輪...

[2026-08-25 20:17:17] -> 🔄 開始新一輪全球開源專案自動巡航...
========================================
-> 🌍 [自動守護採購] 正在下載原始碼: https://raw.githubusercontent.com/psf/requests/refs/heads/main/src/requests/__init__.py
-> ✅ 原始碼下載成功。
-> 🧪 [深度融合] 正在將全球開源碼熔鑄至本地模組: RequestsAuto
-> 💾 寫入硬碟成功: manufacturing_hub/requestsauto_auto_fused.py
-> 🔍 [品質檢驗] 檢查模組語法: manufacturing_hub/requestsauto_auto_fused.py
-> 🎉 語法檢驗完美通過！
========================================
-> 🌍 [自動守護採購] 正在下載原始碼: https://raw.githubusercontent.com/fastapi/fastapi/refs/heads/master/fastapi/__init__.py
-> ✅ 原始碼下載成功。
-> 🧪 [深度融合] 正在將全球開源碼熔鑄至本地模組: FastAPIAuto
-> 💾 寫入硬碟成功: manufacturing_hub/fastapiauto_auto_fused.py
-> 🔍 [品質檢驗] 檢查模組語法: manufacturing_hub/fastapiauto_auto_fused.py
-> 🎉 語法檢驗完美通過！
========================================
-> 🌍 [自動守護採購] 正在下載原始碼: https://raw.githubusercontent.com/pallets/flask/refs/heads/main/src/flask/__init__.py
-> ✅ 原始碼下載成功。
-> 🧪 [深度融合] 正在將全球開源碼熔鑄至本地模組: FlaskAuto
-> 💾 寫入硬碟成功: manufacturing_hub/flaskauto_auto_fused.py
-> 🔍 [品質檢驗] 檢查模組語法: manufacturing_hub/flaskauto_auto_fused.py
-> 🎉 語法檢驗完美通過！
========================================
-> 🌍 [自動守護採購] 正在下載原始碼: https://raw.githubusercontent.com/pallets/click/refs/heads/main/src/click/__init__.py
-> ✅ 原始碼下載成功。
-> 🧪 [深度融合] 正在將全球開源碼熔鑄至本地模組: ClickAuto
-> 💾 寫入硬碟成功: manufacturing_hub/clickauto_auto_fused.py
-> 🔍 [品質檢驗] 檢查模組語法: manufacturing_hub/clickauto_auto_fused.py
-> 🎉 語法檢驗完美通過！
========================================
-> 🌍 [自動守護採購] 正在下載原始碼: https://raw.githubusercontent.com/Textualize/rich/refs/heads/main/rich/__init__.py
-> ✅ 原始碼下載成功。
-> 🧪 [深度融合] 正在將全球開源碼熔鑄至本地模組: RichAuto
-> 💾 寫入硬碟成功: manufacturing_hub/richauto_auto_fused.py
-> 🔍 [品質檢驗] 檢查模組語法: manufacturing_hub/richauto_auto_fused.py
-> 🎉 語法檢驗完美通過！
========================================
-> 🌍 [自動守護採購] 正在下載原始碼: https://raw.githubusercontent.com/pydantic/pydantic/refs/heads/main/pydantic/__init__.py
-> ✅ 原始碼下載成功。
-> 🧪 [深度融合] 正在將全球開源碼熔鑄至本地模組: PydanticAuto
-> 💾 寫入硬碟成功: manufacturing_hub/pydanticauto_auto_fused.py
-> 🔍 [品質檢驗] 檢查模組語法: manufacturing_hub/pydanticauto_auto_fused.py
-> 🎉 語法檢驗完美通過！

-> 💤 本輪巡航完畢。進入自動休眠，等待 30 秒後進行下一輪...

[2026-08-25 20:17:50] -> 🔄 開始新一輪全球開源專案自動巡航...
========================================
-> 🌍 [自動守護採購] 正在下載原始碼: https://raw.githubusercontent.com/psf/requests/refs/heads/main/src/requests/__init__.py
-> ✅ 原始碼下載成功。
-> 🧪 [深度融合] 正在將全球開源碼熔鑄至本地模組: RequestsAuto
-> 💾 寫入硬碟成功: manufacturing_hub/requestsauto_auto_fused.py
-> 🔍 [品質檢驗] 檢查模組語法: manufacturing_hub/requestsauto_auto_fused.py
-> 🎉 語法檢驗完美通過！
========================================
-> 🌍 [自動守護採購] 正在下載原始碼: https://raw.githubusercontent.com/fastapi/fastapi/refs/heads/master/fastapi/__init__.py
-> ✅ 原始碼下載成功。
-> 🧪 [深度融合] 正在將全球開源碼熔鑄至本地模組: FastAPIAuto
-> 💾 寫入硬碟成功: manufacturing_hub/fastapiauto_auto_fused.py
-> 🔍 [品質檢驗] 檢查模組語法: manufacturing_hub/fastapiauto_auto_fused.py
-> 🎉 語法檢驗完美通過！
========================================
-> 🌍 [自動守護採購] 正在下載原始碼: https://raw.githubusercontent.com/pallets/flask/refs/heads/main/src/flask/__init__.py
-> ✅ 原始碼下載成功。
-> 🧪 [深度融合] 正在將全球開源碼熔鑄至本地模組: FlaskAuto
-> 💾 寫入硬碟成功: manufacturing_hub/flaskauto_auto_fused.py
-> 🔍 [品質檢驗] 檢查模組語法: manufacturing_hub/flaskauto_auto_fused.py
-> 🎉 語法檢驗完美通過！
========================================
-> 🌍 [自動守護採購] 正在下載原始碼: https://raw.githubusercontent.com/pallets/click/refs/heads/main/src/click/__init__.py
-> ✅ 原始碼下載成功。
-> 🧪 [深度融合] 正在將全球開源碼熔鑄至本地模組: ClickAuto
-> 💾 寫入硬碟成功: manufacturing_hub/clickauto_auto_fused.py
-> 🔍 [品質檢驗] 檢查模組語法: manufacturing_hub/clickauto_auto_fused.py
-> 🎉 語法檢驗完美通過！
========================================
-> 🌍 [自動守護採購] 正在下載原始碼: https://raw.githubusercontent.com/Textualize/rich/refs/heads/main/rich/__init__.py
-> ✅ 原始碼下載成功。
-> 🧪 [深度融合] 正在將全球開源碼熔鑄至本地模組: RichAuto
-> 💾 寫入硬碟成功: manufacturing_hub/richauto_auto_fused.py
-> 🔍 [品質檢驗] 檢查模組語法: manufacturing_hub/richauto_auto_fused.py
-> 🎉 語法檢驗完美通過！
========================================
-> 🌍 [自動守護採購] 正在下載原始碼: https://raw.githubusercontent.com/pydantic/pydantic/refs/heads/main/pydantic/__init__.py
-> ✅ 原始碼下載成功。
-> 🧪 [深度融合] 正在將全球開源碼熔鑄至本地模組: PydanticAuto
-> 💾 寫入硬碟成功: manufacturing_hub/pydanticauto_auto_fused.py
-> 🔍 [品質檢驗] 檢查模組語法: manufacturing_hub/pydanticauto_auto_fused.py
-> 🎉 語法檢驗完美通過！

-> 💤 本輪巡航完畢。進入自動休眠，等待 30 秒後進行下一輪...

[2026-08-25 20:18:25] -> 🔄 開始新一輪全球開源專案自動巡航...
========================================
-> 🌍 [自動守護採購] 正在下載原始碼: https://raw.githubusercontent.com/psf/requests/refs/heads/main/src/requests/__init__.py
-> ✅ 原始碼下載成功。
-> 🧪 [深度融合] 正在將全球開源碼熔鑄至本地模組: RequestsAuto
-> 💾 寫入硬碟成功: manufacturing_hub/requestsauto_auto_fused.py
-> 🔍 [品質檢驗] 檢查模組語法: manufacturing_hub/requestsauto_auto_fused.py
-> 🎉 語法檢驗完美通過！
========================================
-> 🌍 [自動守護採購] 正在下載原始碼: https://raw.githubusercontent.com/fastapi/fastapi/refs/heads/master/fastapi/__init__.py
-> ✅ 原始碼下載成功。
-> 🧪 [深度融合] 正在將全球開源碼熔鑄至本地模組: FastAPIAuto
-> 💾 寫入硬碟成功: manufacturing_hub/fastapiauto_auto_fused.py
-> 🔍 [品質檢驗] 檢查模組語法: manufacturing_hub/fastapiauto_auto_fused.py
-> 🎉 語法檢驗完美通過！
========================================
-> 🌍 [自動守護採購] 正在下載原始碼: https://raw.githubusercontent.com/pallets/flask/refs/heads/main/src/flask/__init__.py
-> ✅ 原始碼下載成功。
-> 🧪 [深度融合] 正在將全球開源碼熔鑄至本地模組: FlaskAuto
-> 💾 寫入硬碟成功: manufacturing_hub/flaskauto_auto_fused.py
-> 🔍 [品質檢驗] 檢查模組語法: manufacturing_hub/flaskauto_auto_fused.py
-> 🎉 語法檢驗完美通過！
========================================
-> 🌍 [自動守護採購] 正在下載原始碼: https://raw.githubusercontent.com/pallets/click/refs/heads/main/src/click/__init__.py
-> ✅ 原始碼下載成功。
-> 🧪 [深度融合] 正在將全球開源碼熔鑄至本地模組: ClickAuto
-> 💾 寫入硬碟成功: manufacturing_hub/clickauto_auto_fused.py
-> 🔍 [品質檢驗] 檢查模組語法: manufacturing_hub/clickauto_auto_fused.py
-> 🎉 語法檢驗完美通過！
========================================
-> 🌍 [自動守護採購] 正在下載原始碼: https://raw.githubusercontent.com/Textualize/rich/refs/heads/main/rich/__init__.py
-> ✅ 原始碼下載成功。
-> 🧪 [深度融合] 正在將全球開源碼熔鑄至本地模組: RichAuto
-> 💾 寫入硬碟成功: manufacturing_hub/richauto_auto_fused.py
-> 🔍 [品質檢驗] 檢查模組語法: manufacturing_hub/richauto_auto_fused.py
-> 🎉 語法檢驗完美通過！
========================================
-> 🌍 [自動守護採購] 正在下載原始碼: https://raw.githubusercontent.com/pydantic/pydantic/refs/heads/main/pydantic/__init__.py
-> ✅ 原始碼下載成功。
-> 🧪 [深度融合] 正在將全球開源碼熔鑄至本地模組: PydanticAuto
-> 💾 寫入硬碟成功: manufacturing_hub/pydanticauto_auto_fused.py
-> 🔍 [品質檢驗] 檢查模組語法: manufacturing_hub/pydanticauto_auto_fused.py
-> 🎉 語法檢驗完美通過！

-> 💤 本輪巡航完畢。進入自動休眠，等待 30 秒後進行下一輪...

[2026-08-25 20:19:01] -> 🔄 開始新一輪全球開源專案自動巡航...
========================================
-> 🌍 [自動守護採購] 正在下載原始碼: https://raw.githubusercontent.com/psf/requests/refs/heads/main/src/requests/__init__.py
-> ✅ 原始碼下載成功。
-> 🧪 [深度融合] 正在將全球開源碼熔鑄至本地模組: RequestsAuto
-> 💾 寫入硬碟成功: manufacturing_hub/requestsauto_auto_fused.py
-> 🔍 [品質檢驗] 檢查模組語法: manufacturing_hub/requestsauto_auto_fused.py
-> 🎉 語法檢驗完美通過！
========================================
-> 🌍 [自動守護採購] 正在下載原始碼: https://raw.githubusercontent.com/fastapi/fastapi/refs/heads/master/fastapi/__init__.py
-> ✅ 原始碼下載成功。
-> 🧪 [深度融合] 正在將全球開源碼熔鑄至本地模組: FastAPIAuto
-> 💾 寫入硬碟成功: manufacturing_hub/fastapiauto_auto_fused.py
-> 🔍 [品質檢驗] 檢查模組語法: manufacturing_hub/fastapiauto_auto_fused.py
-> 🎉 語法檢驗完美通過！
========================================
-> 🌍 [自動守護採購] 正在下載原始碼: https://raw.githubusercontent.com/pallets/flask/refs/heads/main/src/flask/__init__.py
-> ✅ 原始碼下載成功。
-> 🧪 [深度融合] 正在將全球開源碼熔鑄至本地模組: FlaskAuto
-> 💾 寫入硬碟成功: manufacturing_hub/flaskauto_auto_fused.py
-> 🔍 [品質檢驗] 檢查模組語法: manufacturing_hub/flaskauto_auto_fused.py
-> 🎉 語法檢驗完美通過！
========================================
-> 🌍 [自動守護採購] 正在下載原始碼: https://raw.githubusercontent.com/pallets/click/refs/heads/main/src/click/__init__.py
-> ✅ 原始碼下載成功。
-> 🧪 [深度融合] 正在將全球開源碼熔鑄至本地模組: ClickAuto
-> 💾 寫入硬碟成功: manufacturing_hub/clickauto_auto_fused.py
-> 🔍 [品質檢驗] 檢查模組語法: manufacturing_hub/clickauto_auto_fused.py
-> 🎉 語法檢驗完美通過！
========================================
-> 🌍 [自動守護採購] 正在下載原始碼: https://raw.githubusercontent.com/Textualize/rich/refs/heads/main/rich/__init__.py
-> ✅ 原始碼下載成功。
-> 🧪 [深度融合] 正在將全球開源碼熔鑄至本地模組: RichAuto
-> 💾 寫入硬碟成功: manufacturing_hub/richauto_auto_fused.py
-> 🔍 [品質檢驗] 檢查模組語法: manufacturing_hub/richauto_auto_fused.py
-> 🎉 語法檢驗完美通過！
========================================
-> 🌍 [自動守護採購] 正在下載原始碼: https://raw.githubusercontent.com/pydantic/pydantic/refs/heads/main/pydantic/__init__.py
-> ✅ 原始碼下載成功。
-> 🧪 [深度融合] 正在將全球開源碼熔鑄至本地模組: PydanticAuto
-> 💾 寫入硬碟成功: manufacturing_hub/pydanticauto_auto_fused.py
-> 🔍 [品質檢驗] 檢查模組語法: manufacturing_hub/pydanticauto_auto_fused.py
-> 🎉 語法檢驗完美通過！

-> 💤 本輪巡航完畢。進入自動休眠，等待 30 秒後進行下一輪...

[2026-08-25 20:19:36] -> 🔄 開始新一輪全球開源專案自動巡航...
========================================
-> 🌍 [自動守護採購] 正在下載原始碼: https://raw.githubusercontent.com/psf/requests/refs/heads/main/src/requests/__init__.py
-> ✅ 原始碼下載成功。
-> 🧪 [深度融合] 正在將全球開源碼熔鑄至本地模組: RequestsAuto
-> 💾 寫入硬碟成功: manufacturing_hub/requestsauto_auto_fused.py
-> 🔍 [品質檢驗] 檢查模組語法: manufacturing_hub/requestsauto_auto_fused.py
-> 🎉 語法檢驗完美通過！
========================================
-> 🌍 [自動守護採購] 正在下載原始碼: https://raw.githubusercontent.com/fastapi/fastapi/refs/heads/master/fastapi/__init__.py
-> ✅ 原始碼下載成功。
-> 🧪 [深度融合] 正在將全球開源碼熔鑄至本地模組: FastAPIAuto
-> 💾 寫入硬碟成功: manufacturing_hub/fastapiauto_auto_fused.py
-> 🔍 [品質檢驗] 檢查模組語法: manufacturing_hub/fastapiauto_auto_fused.py
-> 🎉 語法檢驗完美通過！
========================================
-> 🌍 [自動守護採購] 正在下載原始碼: https://raw.githubusercontent.com/pallets/flask/refs/heads/main/src/flask/__init__.py
-> ✅ 原始碼下載成功。
-> 🧪 [深度融合] 正在將全球開源碼熔鑄至本地模組: FlaskAuto
-> 💾 寫入硬碟成功: manufacturing_hub/flaskauto_auto_fused.py
-> 🔍 [品質檢驗] 檢查模組語法: manufacturing_hub/flaskauto_auto_fused.py
-> 🎉 語法檢驗完美通過！
========================================
-> 🌍 [自動守護採購] 正在下載原始碼: https://raw.githubusercontent.com/pallets/click/refs/heads/main/src/click/__init__.py
-> ✅ 原始碼下載成功。
-> 🧪 [深度融合] 正在將全球開源碼熔鑄至本地模組: ClickAuto
-> 💾 寫入硬碟成功: manufacturing_hub/clickauto_auto_fused.py
-> 🔍 [品質檢驗] 檢查模組語法: manufacturing_hub/clickauto_auto_fused.py
-> 🎉 語法檢驗完美通過！
========================================
-> 🌍 [自動守護採購] 正在下載原始碼: https://raw.githubusercontent.com/Textualize/rich/refs/heads/main/rich/__init__.py
-> ✅ 原始碼下載成功。
-> 🧪 [深度融合] 正在將全球開源碼熔鑄至本地模組: RichAuto
-> 💾 寫入硬碟成功: manufacturing_hub/richauto_auto_fused.py
-> 🔍 [品質檢驗] 檢查模組語法: manufacturing_hub/richauto_auto_fused.py
-> 🎉 語法檢驗完美通過！
========================================
-> 🌍 [自動守護採購] 正在下載原始碼: https://raw.githubusercontent.com/pydantic/pydantic/refs/heads/main/pydantic/__init__.py
-> ✅ 原始碼下載成功。
-> 🧪 [深度融合] 正在將全球開源碼熔鑄至本地模組: PydanticAuto
-> 💾 寫入硬碟成功: manufacturing_hub/pydanticauto_auto_fused.py
-> 🔍 [品質檢驗] 檢查模組語法: manufacturing_hub/pydanticauto_auto_fused.py
-> 🎉 語法檢驗完美通過！

-> 💤 本輪巡航完畢。進入自動休眠，等待 30 秒後進行下一輪...

[2026-08-25 20:20:12] -> 🔄 開始新一輪全球開源專案自動巡航...
========================================
-> 🌍 [自動守護採購] 正在下載原始碼: https://raw.githubusercontent.com/psf/requests/refs/heads/main/src/requests/__init__.py
-> ✅ 原始碼下載成功。
-> 🧪 [深度融合] 正在將全球開源碼熔鑄至本地模組: RequestsAuto
-> 💾 寫入硬碟成功: manufacturing_hub/requestsauto_auto_fused.py
-> 🔍 [品質檢驗] 檢查模組語法: manufacturing_hub/requestsauto_auto_fused.py
-> 🎉 語法檢驗完美通過！
========================================
-> 🌍 [自動守護採購] 正在下載原始碼: https://raw.githubusercontent.com/fastapi/fastapi/refs/heads/master/fastapi/__init__.py
-> ✅ 原始碼下載成功。
-> 🧪 [深度融合] 正在將全球開源碼熔鑄至本地模組: FastAPIAuto
-> 💾 寫入硬碟成功: manufacturing_hub/fastapiauto_auto_fused.py
-> 🔍 [品質檢驗] 檢查模組語法: manufacturing_hub/fastapiauto_auto_fused.py
-> 🎉 語法檢驗完美通過！
========================================
-> 🌍 [自動守護採購] 正在下載原始碼: https://raw.githubusercontent.com/pallets/flask/refs/heads/main/src/flask/__init__.py
-> ✅ 原始碼下載成功。
-> 🧪 [深度融合] 正在將全球開源碼熔鑄至本地模組: FlaskAuto
-> 💾 寫入硬碟成功: manufacturing_hub/flaskauto_auto_fused.py
-> 🔍 [品質檢驗] 檢查模組語法: manufacturing_hub/flaskauto_auto_fused.py
-> 🎉 語法檢驗完美通過！
========================================
-> 🌍 [自動守護採購] 正在下載原始碼: https://raw.githubusercontent.com/pallets/click/refs/heads/main/src/click/__init__.py
-> ✅ 原始碼下載成功。
-> 🧪 [深度融合] 正在將全球開源碼熔鑄至本地模組: ClickAuto
-> 💾 寫入硬碟成功: manufacturing_hub/clickauto_auto_fused.py
-> 🔍 [品質檢驗] 檢查模組語法: manufacturing_hub/clickauto_auto_fused.py
-> 🎉 語法檢驗完美通過！
========================================
-> 🌍 [自動守護採購] 正在下載原始碼: https://raw.githubusercontent.com/Textualize/rich/refs/heads/main/rich/__init__.py
-> ✅ 原始碼下載成功。
-> 🧪 [深度融合] 正在將全球開源碼熔鑄至本地模組: RichAuto
-> 💾 寫入硬碟成功: manufacturing_hub/richauto_auto_fused.py
-> 🔍 [品質檢驗] 檢查模組語法: manufacturing_hub/richauto_auto_fused.py
-> 🎉 語法檢驗完美通過！
========================================
-> 🌍 [自動守護採購] 正在下載原始碼: https://raw.githubusercontent.com/pydantic/pydantic/refs/heads/main/pydantic/__init__.py
-> ✅ 原始碼下載成功。
-> 🧪 [深度融合] 正在將全球開源碼熔鑄至本地模組: PydanticAuto
-> 💾 寫入硬碟成功: manufacturing_hub/pydanticauto_auto_fused.py
-> 🔍 [品質檢驗] 檢查模組語法: manufacturing_hub/pydanticauto_auto_fused.py
-> 🎉 語法檢驗完美通過！

-> 💤 本輪巡航完畢。進入自動休眠，等待 30 秒後進行下一輪...

[2026-08-25 20:20:48] -> 🔄 開始新一輪全球開源專案自動巡航...
========================================
-> 🌍 [自動守護採購] 正在下載原始碼: https://raw.githubusercontent.com/psf/requests/refs/heads/main/src/requests/__init__.py
-> ✅ 原始碼下載成功。
-> 🧪 [深度融合] 正在將全球開源碼熔鑄至本地模組: RequestsAuto
-> 💾 寫入硬碟成功: manufacturing_hub/requestsauto_auto_fused.py
-> 🔍 [品質檢驗] 檢查模組語法: manufacturing_hub/requestsauto_auto_fused.py
-> 🎉 語法檢驗完美通過！
========================================
-> 🌍 [自動守護採購] 正在下載原始碼: https://raw.githubusercontent.com/fastapi/fastapi/refs/heads/master/fastapi/__init__.py
-> ✅ 原始碼下載成功。
-> 🧪 [深度融合] 正在將全球開源碼熔鑄至本地模組: FastAPIAuto
-> 💾 寫入硬碟成功: manufacturing_hub/fastapiauto_auto_fused.py
-> 🔍 [品質檢驗] 檢查模組語法: manufacturing_hub/fastapiauto_auto_fused.py
-> 🎉 語法檢驗完美通過！
========================================
-> 🌍 [自動守護採購] 正在下載原始碼: https://raw.githubusercontent.com/pallets/flask/refs/heads/main/src/flask/__init__.py
-> ✅ 原始碼下載成功。
-> 🧪 [深度融合] 正在將全球開源碼熔鑄至本地模組: FlaskAuto
-> 💾 寫入硬碟成功: manufacturing_hub/flaskauto_auto_fused.py
-> 🔍 [品質檢驗] 檢查模組語法: manufacturing_hub/flaskauto_auto_fused.py
-> 🎉 語法檢驗完美通過！
========================================
-> 🌍 [自動守護採購] 正在下載原始碼: https://raw.githubusercontent.com/pallets/click/refs/heads/main/src/click/__init__.py
-> ✅ 原始碼下載成功。
-> 🧪 [深度融合] 正在將全球開源碼熔鑄至本地模組: ClickAuto
-> 💾 寫入硬碟成功: manufacturing_hub/clickauto_auto_fused.py
-> 🔍 [品質檢驗] 檢查模組語法: manufacturing_hub/clickauto_auto_fused.py
-> 🎉 語法檢驗完美通過！
========================================
-> 🌍 [自動守護採購] 正在下載原始碼: https://raw.githubusercontent.com/Textualize/rich/refs/heads/main/rich/__init__.py
-> ✅ 原始碼下載成功。
-> 🧪 [深度融合] 正在將全球開源碼熔鑄至本地模組: RichAuto
-> 💾 寫入硬碟成功: manufacturing_hub/richauto_auto_fused.py
-> 🔍 [品質檢驗] 檢查模組語法: manufacturing_hub/richauto_auto_fused.py
-> 🎉 語法檢驗完美通過！
========================================
-> 🌍 [自動守護採購] 正在下載原始碼: https://raw.githubusercontent.com/pydantic/pydantic/refs/heads/main/pydantic/__init__.py
-> ✅ 原始碼下載成功。
-> 🧪 [深度融合] 正在將全球開源碼熔鑄至本地模組: PydanticAuto
-> 💾 寫入硬碟成功: manufacturing_hub/pydanticauto_auto_fused.py
-> 🔍 [品質檢驗] 檢查模組語法: manufacturing_hub/pydanticauto_auto_fused.py
-> 🎉 語法檢驗完美通過！

-> 💤 本輪巡航完畢。進入自動休眠，等待 30 秒後進行下一輪...

[2026-08-25 20:21:23] -> 🔄 開始新一輪全球開源專案自動巡航...
========================================
-> 🌍 [自動守護採購] 正在下載原始碼: https://raw.githubusercontent.com/psf/requests/refs/heads/main/src/requests/__init__.py
-> ✅ 原始碼下載成功。
-> 🧪 [深度融合] 正在將全球開源碼熔鑄至本地模組: RequestsAuto
-> 💾 寫入硬碟成功: manufacturing_hub/requestsauto_auto_fused.py
-> 🔍 [品質檢驗] 檢查模組語法: manufacturing_hub/requestsauto_auto_fused.py
-> 🎉 語法檢驗完美通過！
========================================
-> 🌍 [自動守護採購] 正在下載原始碼: https://raw.githubusercontent.com/fastapi/fastapi/refs/heads/master/fastapi/__init__.py
-> ✅ 原始碼下載成功。
-> 🧪 [深度融合] 正在將全球開源碼熔鑄至本地模組: FastAPIAuto
-> 💾 寫入硬碟成功: manufacturing_hub/fastapiauto_auto_fused.py
-> 🔍 [品質檢驗] 檢查模組語法: manufacturing_hub/fastapiauto_auto_fused.py
-> 🎉 語法檢驗完美通過！
========================================
-> 🌍 [自動守護採購] 正在下載原始碼: https://raw.githubusercontent.com/pallets/flask/refs/heads/main/src/flask/__init__.py
-> ✅ 原始碼下載成功。
-> 🧪 [深度融合] 正在將全球開源碼熔鑄至本地模組: FlaskAuto
-> 💾 寫入硬碟成功: manufacturing_hub/flaskauto_auto_fused.py
-> 🔍 [品質檢驗] 檢查模組語法: manufacturing_hub/flaskauto_auto_fused.py
-> 🎉 語法檢驗完美通過！
========================================
-> 🌍 [自動守護採購] 正在下載原始碼: https://raw.githubusercontent.com/pallets/click/refs/heads/main/src/click/__init__.py
-> ✅ 原始碼下載成功。
-> 🧪 [深度融合] 正在將全球開源碼熔鑄至本地模組: ClickAuto
-> 💾 寫入硬碟成功: manufacturing_hub/clickauto_auto_fused.py
-> 🔍 [品質檢驗] 檢查模組語法: manufacturing_hub/clickauto_auto_fused.py
-> 🎉 語法檢驗完美通過！
========================================
-> 🌍 [自動守護採購] 正在下載原始碼: https://raw.githubusercontent.com/Textualize/rich/refs/heads/main/rich/__init__.py
-> ✅ 原始碼下載成功。
-> 🧪 [深度融合] 正在將全球開源碼熔鑄至本地模組: RichAuto
-> 💾 寫入硬碟成功: manufacturing_hub/richauto_auto_fused.py
-> 🔍 [品質檢驗] 檢查模組語法: manufacturing_hub/richauto_auto_fused.py
-> 🎉 語法檢驗完美通過！
========================================
-> 🌍 [自動守護採購] 正在下載原始碼: https://raw.githubusercontent.com/pydantic/pydantic/refs/heads/main/pydantic/__init__.py
-> ✅ 原始碼下載成功。
-> 🧪 [深度融合] 正在將全球開源碼熔鑄至本地模組: PydanticAuto
-> 💾 寫入硬碟成功: manufacturing_hub/pydanticauto_auto_fused.py
-> 🔍 [品質檢驗] 檢查模組語法: manufacturing_hub/pydanticauto_auto_fused.py
-> 🎉 語法檢驗完美通過！

-> 💤 本輪巡航完畢。進入自動休眠，等待 30 秒後進行下一輪...

[2026-08-25 20:21:57] -> 🔄 開始新一輪全球開源專案自動巡航...
========================================
-> 🌍 [自動守護採購] 正在下載原始碼: https://raw.githubusercontent.com/psf/requests/refs/heads/main/src/requests/__init__.py
-> ✅ 原始碼下載成功。
-> 🧪 [深度融合] 正在將全球開源碼熔鑄至本地模組: RequestsAuto
-> 💾 寫入硬碟成功: manufacturing_hub/requestsauto_auto_fused.py
-> 🔍 [品質檢驗] 檢查模組語法: manufacturing_hub/requestsauto_auto_fused.py
-> 🎉 語法檢驗完美通過！
========================================
-> 🌍 [自動守護採購] 正在下載原始碼: https://raw.githubusercontent.com/fastapi/fastapi/refs/heads/master/fastapi/__init__.py
-> ✅ 原始碼下載成功。
-> 🧪 [深度融合] 正在將全球開源碼熔鑄至本地模組: FastAPIAuto
-> 💾 寫入硬碟成功: manufacturing_hub/fastapiauto_auto_fused.py
-> 🔍 [品質檢驗] 檢查模組語法: manufacturing_hub/fastapiauto_auto_fused.py
-> 🎉 語法檢驗完美通過！
========================================
-> 🌍 [自動守護採購] 正在下載原始碼: https://raw.githubusercontent.com/pallets/flask/refs/heads/main/src/flask/__init__.py
-> ✅ 原始碼下載成功。
-> 🧪 [深度融合] 正在將全球開源碼熔鑄至本地模組: FlaskAuto
-> 💾 寫入硬碟成功: manufacturing_hub/flaskauto_auto_fused.py
-> 🔍 [品質檢驗] 檢查模組語法: manufacturing_hub/flaskauto_auto_fused.py
-> 🎉 語法檢驗完美通過！
========================================
-> 🌍 [自動守護採購] 正在下載原始碼: https://raw.githubusercontent.com/pallets/click/refs/heads/main/src/click/__init__.py
-> ✅ 原始碼下載成功。
-> 🧪 [深度融合] 正在將全球開源碼熔鑄至本地模組: ClickAuto
-> 💾 寫入硬碟成功: manufacturing_hub/clickauto_auto_fused.py
-> 🔍 [品質檢驗] 檢查模組語法: manufacturing_hub/clickauto_auto_fused.py
-> 🎉 語法檢驗完美通過！
========================================
-> 🌍 [自動守護採購] 正在下載原始碼: https://raw.githubusercontent.com/Textualize/rich/refs/heads/main/rich/__init__.py
-> ✅ 原始碼下載成功。
-> 🧪 [深度融合] 正在將全球開源碼熔鑄至本地模組: RichAuto
-> 💾 寫入硬碟成功: manufacturing_hub/richauto_auto_fused.py
-> 🔍 [品質檢驗] 檢查模組語法: manufacturing_hub/richauto_auto_fused.py
-> 🎉 語法檢驗完美通過！
========================================
-> 🌍 [自動守護採購] 正在下載原始碼: https://raw.githubusercontent.com/pydantic/pydantic/refs/heads/main/pydantic/__init__.py
-> ✅ 原始碼下載成功。
-> 🧪 [深度融合] 正在將全球開源碼熔鑄至本地模組: PydanticAuto
-> 💾 寫入硬碟成功: manufacturing_hub/pydanticauto_auto_fused.py
-> 🔍 [品質檢驗] 檢查模組語法: manufacturing_hub/pydanticauto_auto_fused.py
-> 🎉 語法檢驗完美通過！

-> 💤 本輪巡航完畢。進入自動休眠，等待 30 秒後進行下一輪...

[2026-08-25 20:22:31] -> 🔄 開始新一輪全球開源專案自動巡航...
========================================
-> 🌍 [自動守護採購] 正在下載原始碼: https://raw.githubusercontent.com/psf/requests/refs/heads/main/src/requests/__init__.py
-> ✅ 原始碼下載成功。
-> 🧪 [深度融合] 正在將全球開源碼熔鑄至本地模組: RequestsAuto
-> 💾 寫入硬碟成功: manufacturing_hub/requestsauto_auto_fused.py
-> 🔍 [品質檢驗] 檢查模組語法: manufacturing_hub/requestsauto_auto_fused.py
-> 🎉 語法檢驗完美通過！
========================================
-> 🌍 [自動守護採購] 正在下載原始碼: https://raw.githubusercontent.com/fastapi/fastapi/refs/heads/master/fastapi/__init__.py
-> ✅ 原始碼下載成功。
-> 🧪 [深度融合] 正在將全球開源碼熔鑄至本地模組: FastAPIAuto
-> 💾 寫入硬碟成功: manufacturing_hub/fastapiauto_auto_fused.py
-> 🔍 [品質檢驗] 檢查模組語法: manufacturing_hub/fastapiauto_auto_fused.py
-> 🎉 語法檢驗完美通過！
========================================
-> 🌍 [自動守護採購] 正在下載原始碼: https://raw.githubusercontent.com/pallets/flask/refs/heads/main/src/flask/__init__.py
-> ✅ 原始碼下載成功。
-> 🧪 [深度融合] 正在將全球開源碼熔鑄至本地模組: FlaskAuto
-> 💾 寫入硬碟成功: manufacturing_hub/flaskauto_auto_fused.py
-> 🔍 [品質檢驗] 檢查模組語法: manufacturing_hub/flaskauto_auto_fused.py
-> 🎉 語法檢驗完美通過！
========================================
-> 🌍 [自動守護採購] 正在下載原始碼: https://raw.githubusercontent.com/pallets/click/refs/heads/main/src/click/__init__.py
-> ✅ 原始碼下載成功。
-> 🧪 [深度融合] 正在將全球開源碼熔鑄至本地模組: ClickAuto
-> 💾 寫入硬碟成功: manufacturing_hub/clickauto_auto_fused.py
-> 🔍 [品質檢驗] 檢查模組語法: manufacturing_hub/clickauto_auto_fused.py
-> 🎉 語法檢驗完美通過！
========================================
-> 🌍 [自動守護採購] 正在下載原始碼: https://raw.githubusercontent.com/Textualize/rich/refs/heads/main/rich/__init__.py
-> ✅ 原始碼下載成功。
-> 🧪 [深度融合] 正在將全球開源碼熔鑄至本地模組: RichAuto
-> 💾 寫入硬碟成功: manufacturing_hub/richauto_auto_fused.py
-> 🔍 [品質檢驗] 檢查模組語法: manufacturing_hub/richauto_auto_fused.py
-> 🎉 語法檢驗完美通過！
========================================
-> 🌍 [自動守護採購] 正在下載原始碼: https://raw.githubusercontent.com/pydantic/pydantic/refs/heads/main/pydantic/__init__.py
-> ✅ 原始碼下載成功。
-> 🧪 [深度融合] 正在將全球開源碼熔鑄至本地模組: PydanticAuto
-> 💾 寫入硬碟成功: manufacturing_hub/pydanticauto_auto_fused.py
-> 🔍 [品質檢驗] 檢查模組語法: manufacturing_hub/pydanticauto_auto_fused.py
-> 🎉 語法檢驗完美通過！

-> 💤 本輪巡航完畢。進入自動休眠，等待 30 秒後進行下一輪...

[2026-08-25 20:23:05] -> 🔄 開始新一輪全球開源專案自動巡航...
========================================
-> 🌍 [自動守護採購] 正在下載原始碼: https://raw.githubusercontent.com/psf/requests/refs/heads/main/src/requests/__init__.py
-> ✅ 原始碼下載成功。
-> 🧪 [深度融合] 正在將全球開源碼熔鑄至本地模組: RequestsAuto
-> 💾 寫入硬碟成功: manufacturing_hub/requestsauto_auto_fused.py
-> 🔍 [品質檢驗] 檢查模組語法: manufacturing_hub/requestsauto_auto_fused.py
-> 🎉 語法檢驗完美通過！
========================================
-> 🌍 [自動守護採購] 正在下載原始碼: https://raw.githubusercontent.com/fastapi/fastapi/refs/heads/master/fastapi/__init__.py
-> ✅ 原始碼下載成功。
-> 🧪 [深度融合] 正在將全球開源碼熔鑄至本地模組: FastAPIAuto
-> 💾 寫入硬碟成功: manufacturing_hub/fastapiauto_auto_fused.py
-> 🔍 [品質檢驗] 檢查模組語法: manufacturing_hub/fastapiauto_auto_fused.py
-> 🎉 語法檢驗完美通過！
========================================
-> 🌍 [自動守護採購] 正在下載原始碼: https://raw.githubusercontent.com/pallets/flask/refs/heads/main/src/flask/__init__.py
-> ✅ 原始碼下載成功。
-> 🧪 [深度融合] 正在將全球開源碼熔鑄至本地模組: FlaskAuto
-> 💾 寫入硬碟成功: manufacturing_hub/flaskauto_auto_fused.py
-> 🔍 [品質檢驗] 檢查模組語法: manufacturing_hub/flaskauto_auto_fused.py
-> 🎉 語法檢驗完美通過！
========================================
-> 🌍 [自動守護採購] 正在下載原始碼: https://raw.githubusercontent.com/pallets/click/refs/heads/main/src/click/__init__.py
-> ✅ 原始碼下載成功。
-> 🧪 [深度融合] 正在將全球開源碼熔鑄至本地模組: ClickAuto
-> 💾 寫入硬碟成功: manufacturing_hub/clickauto_auto_fused.py
-> 🔍 [品質檢驗] 檢查模組語法: manufacturing_hub/clickauto_auto_fused.py
-> 🎉 語法檢驗完美通過！
========================================
-> 🌍 [自動守護採購] 正在下載原始碼: https://raw.githubusercontent.com/Textualize/rich/refs/heads/main/rich/__init__.py
-> ✅ 原始碼下載成功。
-> 🧪 [深度融合] 正在將全球開源碼熔鑄至本地模組: RichAuto
-> 💾 寫入硬碟成功: manufacturing_hub/richauto_auto_fused.py
-> 🔍 [品質檢驗] 檢查模組語法: manufacturing_hub/richauto_auto_fused.py
-> 🎉 語法檢驗完美通過！
========================================
-> 🌍 [自動守護採購] 正在下載原始碼: https://raw.githubusercontent.com/pydantic/pydantic/refs/heads/main/pydantic/__init__.py
-> ✅ 原始碼下載成功。
-> 🧪 [深度融合] 正在將全球開源碼熔鑄至本地模組: PydanticAuto
-> 💾 寫入硬碟成功: manufacturing_hub/pydanticauto_auto_fused.py
-> 🔍 [品質檢驗] 檢查模組語法: manufacturing_hub/pydanticauto_auto_fused.py
-> 🎉 語法檢驗完美通過！

-> 💤 本輪巡航完畢。進入自動休眠，等待 30 秒後進行下一輪...

[2026-08-25 20:23:39] -> 🔄 開始新一輪全球開源專案自動巡航...
========================================
-> 🌍 [自動守護採購] 正在下載原始碼: https://raw.githubusercontent.com/psf/requests/refs/heads/main/src/requests/__init__.py
-> ✅ 原始碼下載成功。
-> 🧪 [深度融合] 正在將全球開源碼熔鑄至本地模組: RequestsAuto
-> 💾 寫入硬碟成功: manufacturing_hub/requestsauto_auto_fused.py
-> 🔍 [品質檢驗] 檢查模組語法: manufacturing_hub/requestsauto_auto_fused.py
-> 🎉 語法檢驗完美通過！
========================================
-> 🌍 [自動守護採購] 正在下載原始碼: https://raw.githubusercontent.com/fastapi/fastapi/refs/heads/master/fastapi/__init__.py
-> ✅ 原始碼下載成功。
-> 🧪 [深度融合] 正在將全球開源碼熔鑄至本地模組: FastAPIAuto
-> 💾 寫入硬碟成功: manufacturing_hub/fastapiauto_auto_fused.py
-> 🔍 [品質檢驗] 檢查模組語法: manufacturing_hub/fastapiauto_auto_fused.py
-> 🎉 語法檢驗完美通過！
========================================
-> 🌍 [自動守護採購] 正在下載原始碼: https://raw.githubusercontent.com/pallets/flask/refs/heads/main/src/flask/__init__.py
-> ✅ 原始碼下載成功。
-> 🧪 [深度融合] 正在將全球開源碼熔鑄至本地模組: FlaskAuto
-> 💾 寫入硬碟成功: manufacturing_hub/flaskauto_auto_fused.py
-> 🔍 [品質檢驗] 檢查模組語法: manufacturing_hub/flaskauto_auto_fused.py
-> 🎉 語法檢驗完美通過！
========================================
-> 🌍 [自動守護採購] 正在下載原始碼: https://raw.githubusercontent.com/pallets/click/refs/heads/main/src/click/__init__.py
-> ✅ 原始碼下載成功。
-> 🧪 [深度融合] 正在將全球開源碼熔鑄至本地模組: ClickAuto
-> 💾 寫入硬碟成功: manufacturing_hub/clickauto_auto_fused.py
-> 🔍 [品質檢驗] 檢查模組語法: manufacturing_hub/clickauto_auto_fused.py
-> 🎉 語法檢驗完美通過！
========================================
-> 🌍 [自動守護採購] 正在下載原始碼: https://raw.githubusercontent.com/Textualize/rich/refs/heads/main/rich/__init__.py
-> ✅ 原始碼下載成功。
-> 🧪 [深度融合] 正在將全球開源碼熔鑄至本地模組: RichAuto
-> 💾 寫入硬碟成功: manufacturing_hub/richauto_auto_fused.py
-> 🔍 [品質檢驗] 檢查模組語法: manufacturing_hub/richauto_auto_fused.py
-> 🎉 語法檢驗完美通過！
========================================
-> 🌍 [自動守護採購] 正在下載原始碼: https://raw.githubusercontent.com/pydantic/pydantic/refs/heads/main/pydantic/__init__.py
-> ✅ 原始碼下載成功。
-> 🧪 [深度融合] 正在將全球開源碼熔鑄至本地模組: PydanticAuto
-> 💾 寫入硬碟成功: manufacturing_hub/pydanticauto_auto_fused.py
-> 🔍 [品質檢驗] 檢查模組語法: manufacturing_hub/pydanticauto_auto_fused.py
-> 🎉 語法檢驗完美通過！

-> 💤 本輪巡航完畢。進入自動休眠，等待 30 秒後進行下一輪...

[2026-08-25 20:24:13] -> 🔄 開始新一輪全球開源專案自動巡航...
========================================
-> 🌍 [自動守護採購] 正在下載原始碼: https://raw.githubusercontent.com/psf/requests/refs/heads/main/src/requests/__init__.py
-> ✅ 原始碼下載成功。
-> 🧪 [深度融合] 正在將全球開源碼熔鑄至本地模組: RequestsAuto
-> 💾 寫入硬碟成功: manufacturing_hub/requestsauto_auto_fused.py
-> 🔍 [品質檢驗] 檢查模組語法: manufacturing_hub/requestsauto_auto_fused.py
-> 🎉 語法檢驗完美通過！
========================================
-> 🌍 [自動守護採購] 正在下載原始碼: https://raw.githubusercontent.com/fastapi/fastapi/refs/heads/master/fastapi/__init__.py
-> ✅ 原始碼下載成功。
-> 🧪 [深度融合] 正在將全球開源碼熔鑄至本地模組: FastAPIAuto
-> 💾 寫入硬碟成功: manufacturing_hub/fastapiauto_auto_fused.py
-> 🔍 [品質檢驗] 檢查模組語法: manufacturing_hub/fastapiauto_auto_fused.py
-> 🎉 語法檢驗完美通過！
========================================
-> 🌍 [自動守護採購] 正在下載原始碼: https://raw.githubusercontent.com/pallets/flask/refs/heads/main/src/flask/__init__.py
-> ✅ 原始碼下載成功。
-> 🧪 [深度融合] 正在將全球開源碼熔鑄至本地模組: FlaskAuto
-> 💾 寫入硬碟成功: manufacturing_hub/flaskauto_auto_fused.py
-> 🔍 [品質檢驗] 檢查模組語法: manufacturing_hub/flaskauto_auto_fused.py
-> 🎉 語法檢驗完美通過！
========================================
-> 🌍 [自動守護採購] 正在下載原始碼: https://raw.githubusercontent.com/pallets/click/refs/heads/main/src/click/__init__.py
-> ✅ 原始碼下載成功。
-> 🧪 [深度融合] 正在將全球開源碼熔鑄至本地模組: ClickAuto
-> 💾 寫入硬碟成功: manufacturing_hub/clickauto_auto_fused.py
-> 🔍 [品質檢驗] 檢查模組語法: manufacturing_hub/clickauto_auto_fused.py
-> 🎉 語法檢驗完美通過！
========================================
-> 🌍 [自動守護採購] 正在下載原始碼: https://raw.githubusercontent.com/Textualize/rich/refs/heads/main/rich/__init__.py
-> ✅ 原始碼下載成功。
-> 🧪 [深度融合] 正在將全球開源碼熔鑄至本地模組: RichAuto
-> 💾 寫入硬碟成功: manufacturing_hub/richauto_auto_fused.py
-> 🔍 [品質檢驗] 檢查模組語法: manufacturing_hub/richauto_auto_fused.py
-> 🎉 語法檢驗完美通過！
========================================
-> 🌍 [自動守護採購] 正在下載原始碼: https://raw.githubusercontent.com/pydantic/pydantic/refs/heads/main/pydantic/__init__.py
-> ✅ 原始碼下載成功。
-> 🧪 [深度融合] 正在將全球開源碼熔鑄至本地模組: PydanticAuto
-> 💾 寫入硬碟成功: manufacturing_hub/pydanticauto_auto_fused.py
-> 🔍 [品質檢驗] 檢查模組語法: manufacturing_hub/pydanticauto_auto_fused.py
-> 🎉 語法檢驗完美通過！

-> 💤 本輪巡航完畢。進入自動休眠，等待 30 秒後進行下一輪...

[2026-08-25 20:24:48] -> 🔄 開始新一輪全球開源專案自動巡航...
========================================
-> 🌍 [自動守護採購] 正在下載原始碼: https://raw.githubusercontent.com/psf/requests/refs/heads/main/src/requests/__init__.py
-> ✅ 原始碼下載成功。
-> 🧪 [深度融合] 正在將全球開源碼熔鑄至本地模組: RequestsAuto
-> 💾 寫入硬碟成功: manufacturing_hub/requestsauto_auto_fused.py
-> 🔍 [品質檢驗] 檢查模組語法: manufacturing_hub/requestsauto_auto_fused.py
-> 🎉 語法檢驗完美通過！
========================================
-> 🌍 [自動守護採購] 正在下載原始碼: https://raw.githubusercontent.com/fastapi/fastapi/refs/heads/master/fastapi/__init__.py
-> ✅ 原始碼下載成功。
-> 🧪 [深度融合] 正在將全球開源碼熔鑄至本地模組: FastAPIAuto
-> 💾 寫入硬碟成功: manufacturing_hub/fastapiauto_auto_fused.py
-> 🔍 [品質檢驗] 檢查模組語法: manufacturing_hub/fastapiauto_auto_fused.py
-> 🎉 語法檢驗完美通過！
========================================
-> 🌍 [自動守護採購] 正在下載原始碼: https://raw.githubusercontent.com/pallets/flask/refs/heads/main/src/flask/__init__.py
-> ✅ 原始碼下載成功。
-> 🧪 [深度融合] 正在將全球開源碼熔鑄至本地模組: FlaskAuto
-> 💾 寫入硬碟成功: manufacturing_hub/flaskauto_auto_fused.py
-> 🔍 [品質檢驗] 檢查模組語法: manufacturing_hub/flaskauto_auto_fused.py
-> 🎉 語法檢驗完美通過！
========================================
-> 🌍 [自動守護採購] 正在下載原始碼: https://raw.githubusercontent.com/pallets/click/refs/heads/main/src/click/__init__.py
-> ✅ 原始碼下載成功。
-> 🧪 [深度融合] 正在將全球開源碼熔鑄至本地模組: ClickAuto
-> 💾 寫入硬碟成功: manufacturing_hub/clickauto_auto_fused.py
-> 🔍 [品質檢驗] 檢查模組語法: manufacturing_hub/clickauto_auto_fused.py
-> 🎉 語法檢驗完美通過！
========================================
-> 🌍 [自動守護採購] 正在下載原始碼: https://raw.githubusercontent.com/Textualize/rich/refs/heads/main/rich/__init__.py
-> ✅ 原始碼下載成功。
-> 🧪 [深度融合] 正在將全球開源碼熔鑄至本地模組: RichAuto
-> 💾 寫入硬碟成功: manufacturing_hub/richauto_auto_fused.py
-> 🔍 [品質檢驗] 檢查模組語法: manufacturing_hub/richauto_auto_fused.py
-> 🎉 語法檢驗完美通過！
========================================
-> 🌍 [自動守護採購] 正在下載原始碼: https://raw.githubusercontent.com/pydantic/pydantic/refs/heads/main/pydantic/__init__.py
-> ✅ 原始碼下載成功。
-> 🧪 [深度融合] 正在將全球開源碼熔鑄至本地模組: PydanticAuto
-> 💾 寫入硬碟成功: manufacturing_hub/pydanticauto_auto_fused.py
-> 🔍 [品質檢驗] 檢查模組語法: manufacturing_hub/pydanticauto_auto_fused.py
-> 🎉 語法檢驗完美通過！

-> 💤 本輪巡航完畢。進入自動休眠，等待 30 秒後進行下一輪...

[2026-08-25 20:25:22] -> 🔄 開始新一輪全球開源專案自動巡航...
========================================
-> 🌍 [自動守護採購] 正在下載原始碼: https://raw.githubusercontent.com/psf/requests/refs/heads/main/src/requests/__init__.py
-> ✅ 原始碼下載成功。
-> 🧪 [深度融合] 正在將全球開源碼熔鑄至本地模組: RequestsAuto
-> 💾 寫入硬碟成功: manufacturing_hub/requestsauto_auto_fused.py
-> 🔍 [品質檢驗] 檢查模組語法: manufacturing_hub/requestsauto_auto_fused.py
-> 🎉 語法檢驗完美通過！
========================================
-> 🌍 [自動守護採購] 正在下載原始碼: https://raw.githubusercontent.com/fastapi/fastapi/refs/heads/master/fastapi/__init__.py
-> ✅ 原始碼下載成功。
-> 🧪 [深度融合] 正在將全球開源碼熔鑄至本地模組: FastAPIAuto
-> 💾 寫入硬碟成功: manufacturing_hub/fastapiauto_auto_fused.py
-> 🔍 [品質檢驗] 檢查模組語法: manufacturing_hub/fastapiauto_auto_fused.py
-> 🎉 語法檢驗完美通過！
========================================
-> 🌍 [自動守護採購] 正在下載原始碼: https://raw.githubusercontent.com/pallets/flask/refs/heads/main/src/flask/__init__.py
-> ✅ 原始碼下載成功。
-> 🧪 [深度融合] 正在將全球開源碼熔鑄至本地模組: FlaskAuto
-> 💾 寫入硬碟成功: manufacturing_hub/flaskauto_auto_fused.py
-> 🔍 [品質檢驗] 檢查模組語法: manufacturing_hub/flaskauto_auto_fused.py
-> 🎉 語法檢驗完美通過！
========================================
-> 🌍 [自動守護採購] 正在下載原始碼: https://raw.githubusercontent.com/pallets/click/refs/heads/main/src/click/__init__.py
-> ✅ 原始碼下載成功。
-> 🧪 [深度融合] 正在將全球開源碼熔鑄至本地模組: ClickAuto
-> 💾 寫入硬碟成功: manufacturing_hub/clickauto_auto_fused.py
-> 🔍 [品質檢驗] 檢查模組語法: manufacturing_hub/clickauto_auto_fused.py
-> 🎉 語法檢驗完美通過！
========================================
-> 🌍 [自動守護採購] 正在下載原始碼: https://raw.githubusercontent.com/Textualize/rich/refs/heads/main/rich/__init__.py
-> ✅ 原始碼下載成功。
-> 🧪 [深度融合] 正在將全球開源碼熔鑄至本地模組: RichAuto
-> 💾 寫入硬碟成功: manufacturing_hub/richauto_auto_fused.py
-> 🔍 [品質檢驗] 檢查模組語法: manufacturing_hub/richauto_auto_fused.py
-> 🎉 語法檢驗完美通過！
========================================
-> 🌍 [自動守護採購] 正在下載原始碼: https://raw.githubusercontent.com/pydantic/pydantic/refs/heads/main/pydantic/__init__.py
-> ✅ 原始碼下載成功。
-> 🧪 [深度融合] 正在將全球開源碼熔鑄至本地模組: PydanticAuto
-> 💾 寫入硬碟成功: manufacturing_hub/pydanticauto_auto_fused.py
-> 🔍 [品質檢驗] 檢查模組語法: manufacturing_hub/pydanticauto_auto_fused.py
-> 🎉 語法檢驗完美通過！

-> 💤 本輪巡航完畢。進入自動休眠，等待 30 秒後進行下一輪...

[2026-08-25 20:25:58] -> 🔄 開始新一輪全球開源專案自動巡航...
========================================
-> 🌍 [自動守護採購] 正在下載原始碼: https://raw.githubusercontent.com/psf/requests/refs/heads/main/src/requests/__init__.py
-> ✅ 原始碼下載成功。
-> 🧪 [深度融合] 正在將全球開源碼熔鑄至本地模組: RequestsAuto
-> 💾 寫入硬碟成功: manufacturing_hub/requestsauto_auto_fused.py
-> 🔍 [品質檢驗] 檢查模組語法: manufacturing_hub/requestsauto_auto_fused.py
-> 🎉 語法檢驗完美通過！
========================================
-> 🌍 [自動守護採購] 正在下載原始碼: https://raw.githubusercontent.com/fastapi/fastapi/refs/heads/master/fastapi/__init__.py
-> ✅ 原始碼下載成功。
-> 🧪 [深度融合] 正在將全球開源碼熔鑄至本地模組: FastAPIAuto
-> 💾 寫入硬碟成功: manufacturing_hub/fastapiauto_auto_fused.py
-> 🔍 [品質檢驗] 檢查模組語法: manufacturing_hub/fastapiauto_auto_fused.py
-> 🎉 語法檢驗完美通過！
========================================
-> 🌍 [自動守護採購] 正在下載原始碼: https://raw.githubusercontent.com/pallets/flask/refs/heads/main/src/flask/__init__.py
-> ✅ 原始碼下載成功。
-> 🧪 [深度融合] 正在將全球開源碼熔鑄至本地模組: FlaskAuto
-> 💾 寫入硬碟成功: manufacturing_hub/flaskauto_auto_fused.py
-> 🔍 [品質檢驗] 檢查模組語法: manufacturing_hub/flaskauto_auto_fused.py
-> 🎉 語法檢驗完美通過！
========================================
-> 🌍 [自動守護採購] 正在下載原始碼: https://raw.githubusercontent.com/pallets/click/refs/heads/main/src/click/__init__.py
-> ✅ 原始碼下載成功。
-> 🧪 [深度融合] 正在將全球開源碼熔鑄至本地模組: ClickAuto
-> 💾 寫入硬碟成功: manufacturing_hub/clickauto_auto_fused.py
-> 🔍 [品質檢驗] 檢查模組語法: manufacturing_hub/clickauto_auto_fused.py
-> 🎉 語法檢驗完美通過！
========================================
-> 🌍 [自動守護採購] 正在下載原始碼: https://raw.githubusercontent.com/Textualize/rich/refs/heads/main/rich/__init__.py
-> ✅ 原始碼下載成功。
-> 🧪 [深度融合] 正在將全球開源碼熔鑄至本地模組: RichAuto
-> 💾 寫入硬碟成功: manufacturing_hub/richauto_auto_fused.py
-> 🔍 [品質檢驗] 檢查模組語法: manufacturing_hub/richauto_auto_fused.py
-> 🎉 語法檢驗完美通過！
========================================
-> 🌍 [自動守護採購] 正在下載原始碼: https://raw.githubusercontent.com/pydantic/pydantic/refs/heads/main/pydantic/__init__.py
-> ✅ 原始碼下載成功。
-> 🧪 [深度融合] 正在將全球開源碼熔鑄至本地模組: PydanticAuto
-> 💾 寫入硬碟成功: manufacturing_hub/pydanticauto_auto_fused.py
-> 🔍 [品質檢驗] 檢查模組語法: manufacturing_hub/pydanticauto_auto_fused.py
-> 🎉 語法檢驗完美通過！

-> 💤 本輪巡航完畢。進入自動休眠，等待 30 秒後進行下一輪...

[2026-08-25 20:26:32] -> 🔄 開始新一輪全球開源專案自動巡航...
========================================
-> 🌍 [自動守護採購] 正在下載原始碼: https://raw.githubusercontent.com/psf/requests/refs/heads/main/src/requests/__init__.py
-> ✅ 原始碼下載成功。
-> 🧪 [深度融合] 正在將全球開源碼熔鑄至本地模組: RequestsAuto
-> 💾 寫入硬碟成功: manufacturing_hub/requestsauto_auto_fused.py
-> 🔍 [品質檢驗] 檢查模組語法: manufacturing_hub/requestsauto_auto_fused.py
-> 🎉 語法檢驗完美通過！
========================================
-> 🌍 [自動守護採購] 正在下載原始碼: https://raw.githubusercontent.com/fastapi/fastapi/refs/heads/master/fastapi/__init__.py
-> ✅ 原始碼下載成功。
-> 🧪 [深度融合] 正在將全球開源碼熔鑄至本地模組: FastAPIAuto
-> 💾 寫入硬碟成功: manufacturing_hub/fastapiauto_auto_fused.py
-> 🔍 [品質檢驗] 檢查模組語法: manufacturing_hub/fastapiauto_auto_fused.py
-> 🎉 語法檢驗完美通過！
========================================
-> 🌍 [自動守護採購] 正在下載原始碼: https://raw.githubusercontent.com/pallets/flask/refs/heads/main/src/flask/__init__.py
-> ✅ 原始碼下載成功。
-> 🧪 [深度融合] 正在將全球開源碼熔鑄至本地模組: FlaskAuto
-> 💾 寫入硬碟成功: manufacturing_hub/flaskauto_auto_fused.py
-> 🔍 [品質檢驗] 檢查模組語法: manufacturing_hub/flaskauto_auto_fused.py
-> 🎉 語法檢驗完美通過！
========================================
-> 🌍 [自動守護採購] 正在下載原始碼: https://raw.githubusercontent.com/pallets/click/refs/heads/main/src/click/__init__.py
-> ✅ 原始碼下載成功。
-> 🧪 [深度融合] 正在將全球開源碼熔鑄至本地模組: ClickAuto
-> 💾 寫入硬碟成功: manufacturing_hub/clickauto_auto_fused.py
-> 🔍 [品質檢驗] 檢查模組語法: manufacturing_hub/clickauto_auto_fused.py
-> 🎉 語法檢驗完美通過！
========================================
-> 🌍 [自動守護採購] 正在下載原始碼: https://raw.githubusercontent.com/Textualize/rich/refs/heads/main/rich/__init__.py
-> ✅ 原始碼下載成功。
-> 🧪 [深度融合] 正在將全球開源碼熔鑄至本地模組: RichAuto
-> 💾 寫入硬碟成功: manufacturing_hub/richauto_auto_fused.py
-> 🔍 [品質檢驗] 檢查模組語法: manufacturing_hub/richauto_auto_fused.py
-> 🎉 語法檢驗完美通過！
========================================
-> 🌍 [自動守護採購] 正在下載原始碼: https://raw.githubusercontent.com/pydantic/pydantic/refs/heads/main/pydantic/__init__.py
-> ✅ 原始碼下載成功。
-> 🧪 [深度融合] 正在將全球開源碼熔鑄至本地模組: PydanticAuto
-> 💾 寫入硬碟成功: manufacturing_hub/pydanticauto_auto_fused.py
-> 🔍 [品質檢驗] 檢查模組語法: manufacturing_hub/pydanticauto_auto_fused.py
-> 🎉 語法檢驗完美通過！

-> 💤 本輪巡航完畢。進入自動休眠，等待 30 秒後進行下一輪...

[2026-08-25 20:27:06] -> 🔄 開始新一輪全球開源專案自動巡航...
========================================
-> 🌍 [自動守護採購] 正在下載原始碼: https://raw.githubusercontent.com/psf/requests/refs/heads/main/src/requests/__init__.py
-> ✅ 原始碼下載成功。
-> 🧪 [深度融合] 正在將全球開源碼熔鑄至本地模組: RequestsAuto
-> 💾 寫入硬碟成功: manufacturing_hub/requestsauto_auto_fused.py
-> 🔍 [品質檢驗] 檢查模組語法: manufacturing_hub/requestsauto_auto_fused.py
-> 🎉 語法檢驗完美通過！
========================================
-> 🌍 [自動守護採購] 正在下載原始碼: https://raw.githubusercontent.com/fastapi/fastapi/refs/heads/master/fastapi/__init__.py
-> ✅ 原始碼下載成功。
-> 🧪 [深度融合] 正在將全球開源碼熔鑄至本地模組: FastAPIAuto
-> 💾 寫入硬碟成功: manufacturing_hub/fastapiauto_auto_fused.py
-> 🔍 [品質檢驗] 檢查模組語法: manufacturing_hub/fastapiauto_auto_fused.py
-> 🎉 語法檢驗完美通過！
========================================
-> 🌍 [自動守護採購] 正在下載原始碼: https://raw.githubusercontent.com/pallets/flask/refs/heads/main/src/flask/__init__.py
-> ✅ 原始碼下載成功。
-> 🧪 [深度融合] 正在將全球開源碼熔鑄至本地模組: FlaskAuto
-> 💾 寫入硬碟成功: manufacturing_hub/flaskauto_auto_fused.py
-> 🔍 [品質檢驗] 檢查模組語法: manufacturing_hub/flaskauto_auto_fused.py
-> 🎉 語法檢驗完美通過！
========================================
-> 🌍 [自動守護採購] 正在下載原始碼: https://raw.githubusercontent.com/pallets/click/refs/heads/main/src/click/__init__.py
-> ✅ 原始碼下載成功。
-> 🧪 [深度融合] 正在將全球開源碼熔鑄至本地模組: ClickAuto
-> 💾 寫入硬碟成功: manufacturing_hub/clickauto_auto_fused.py
-> 🔍 [品質檢驗] 檢查模組語法: manufacturing_hub/clickauto_auto_fused.py
-> 🎉 語法檢驗完美通過！
========================================
-> 🌍 [自動守護採購] 正在下載原始碼: https://raw.githubusercontent.com/Textualize/rich/refs/heads/main/rich/__init__.py
-> ✅ 原始碼下載成功。
-> 🧪 [深度融合] 正在將全球開源碼熔鑄至本地模組: RichAuto
-> 💾 寫入硬碟成功: manufacturing_hub/richauto_auto_fused.py
-> 🔍 [品質檢驗] 檢查模組語法: manufacturing_hub/richauto_auto_fused.py
-> 🎉 語法檢驗完美通過！
========================================
-> 🌍 [自動守護採購] 正在下載原始碼: https://raw.githubusercontent.com/pydantic/pydantic/refs/heads/main/pydantic/__init__.py
-> ✅ 原始碼下載成功。
-> 🧪 [深度融合] 正在將全球開源碼熔鑄至本地模組: PydanticAuto
-> 💾 寫入硬碟成功: manufacturing_hub/pydanticauto_auto_fused.py
-> 🔍 [品質檢驗] 檢查模組語法: manufacturing_hub/pydanticauto_auto_fused.py
-> 🎉 語法檢驗完美通過！

-> 💤 本輪巡航完畢。進入自動休眠，等待 30 秒後進行下一輪...

[2026-08-25 20:27:40] -> 🔄 開始新一輪全球開源專案自動巡航...
========================================
-> 🌍 [自動守護採購] 正在下載原始碼: https://raw.githubusercontent.com/psf/requests/refs/heads/main/src/requests/__init__.py
-> ✅ 原始碼下載成功。
-> 🧪 [深度融合] 正在將全球開源碼熔鑄至本地模組: RequestsAuto
-> 💾 寫入硬碟成功: manufacturing_hub/requestsauto_auto_fused.py
-> 🔍 [品質檢驗] 檢查模組語法: manufacturing_hub/requestsauto_auto_fused.py
-> 🎉 語法檢驗完美通過！
========================================
-> 🌍 [自動守護採購] 正在下載原始碼: https://raw.githubusercontent.com/fastapi/fastapi/refs/heads/master/fastapi/__init__.py
-> ⚠️ 下載失敗 (嘗試 1/3): <urlopen error [Errno 104] Connection reset by peer>
-> ✅ 原始碼下載成功。
-> 🧪 [深度融合] 正在將全球開源碼熔鑄至本地模組: FastAPIAuto
-> 💾 寫入硬碟成功: manufacturing_hub/fastapiauto_auto_fused.py
-> 🔍 [品質檢驗] 檢查模組語法: manufacturing_hub/fastapiauto_auto_fused.py
-> 🎉 語法檢驗完美通過！
========================================
-> 🌍 [自動守護採購] 正在下載原始碼: https://raw.githubusercontent.com/pallets/flask/refs/heads/main/src/flask/__init__.py
-> ✅ 原始碼下載成功。
-> 🧪 [深度融合] 正在將全球開源碼熔鑄至本地模組: FlaskAuto
-> 💾 寫入硬碟成功: manufacturing_hub/flaskauto_auto_fused.py
-> 🔍 [品質檢驗] 檢查模組語法: manufacturing_hub/flaskauto_auto_fused.py
-> 🎉 語法檢驗完美通過！
========================================
-> 🌍 [自動守護採購] 正在下載原始碼: https://raw.githubusercontent.com/pallets/click/refs/heads/main/src/click/__init__.py
-> ✅ 原始碼下載成功。
-> 🧪 [深度融合] 正在將全球開源碼熔鑄至本地模組: ClickAuto
-> 💾 寫入硬碟成功: manufacturing_hub/clickauto_auto_fused.py
-> 🔍 [品質檢驗] 檢查模組語法: manufacturing_hub/clickauto_auto_fused.py
-> 🎉 語法檢驗完美通過！
========================================
-> 🌍 [自動守護採購] 正在下載原始碼: https://raw.githubusercontent.com/Textualize/rich/refs/heads/main/rich/__init__.py
-> ✅ 原始碼下載成功。
-> 🧪 [深度融合] 正在將全球開源碼熔鑄至本地模組: RichAuto
-> 💾 寫入硬碟成功: manufacturing_hub/richauto_auto_fused.py
-> 🔍 [品質檢驗] 檢查模組語法: manufacturing_hub/richauto_auto_fused.py
-> 🎉 語法檢驗完美通過！
========================================
-> 🌍 [自動守護採購] 正在下載原始碼: https://raw.githubusercontent.com/pydantic/pydantic/refs/heads/main/pydantic/__init__.py
-> ✅ 原始碼下載成功。
-> 🧪 [深度融合] 正在將全球開源碼熔鑄至本地模組: PydanticAuto
-> 💾 寫入硬碟成功: manufacturing_hub/pydanticauto_auto_fused.py
-> 🔍 [品質檢驗] 檢查模組語法: manufacturing_hub/pydanticauto_auto_fused.py
-> 🎉 語法檢驗完美通過！

-> 💤 本輪巡航完畢。進入自動休眠，等待 30 秒後進行下一輪...

[2026-08-25 20:28:18] -> 🔄 開始新一輪全球開源專案自動巡航...
========================================
-> 🌍 [自動守護採購] 正在下載原始碼: https://raw.githubusercontent.com/psf/requests/refs/heads/main/src/requests/__init__.py
-> ✅ 原始碼下載成功。
-> 🧪 [深度融合] 正在將全球開源碼熔鑄至本地模組: RequestsAuto
-> 💾 寫入硬碟成功: manufacturing_hub/requestsauto_auto_fused.py
-> 🔍 [品質檢驗] 檢查模組語法: manufacturing_hub/requestsauto_auto_fused.py
-> 🎉 語法檢驗完美通過！
========================================
-> 🌍 [自動守護採購] 正在下載原始碼: https://raw.githubusercontent.com/fastapi/fastapi/refs/heads/master/fastapi/__init__.py
-> ✅ 原始碼下載成功。
-> 🧪 [深度融合] 正在將全球開源碼熔鑄至本地模組: FastAPIAuto
-> 💾 寫入硬碟成功: manufacturing_hub/fastapiauto_auto_fused.py
-> 🔍 [品質檢驗] 檢查模組語法: manufacturing_hub/fastapiauto_auto_fused.py
-> 🎉 語法檢驗完美通過！
========================================
-> 🌍 [自動守護採購] 正在下載原始碼: https://raw.githubusercontent.com/pallets/flask/refs/heads/main/src/flask/__init__.py
-> ✅ 原始碼下載成功。
-> 🧪 [深度融合] 正在將全球開源碼熔鑄至本地模組: FlaskAuto
-> 💾 寫入硬碟成功: manufacturing_hub/flaskauto_auto_fused.py
-> 🔍 [品質檢驗] 檢查模組語法: manufacturing_hub/flaskauto_auto_fused.py
-> 🎉 語法檢驗完美通過！
========================================
-> 🌍 [自動守護採購] 正在下載原始碼: https://raw.githubusercontent.com/pallets/click/refs/heads/main/src/click/__init__.py
-> ✅ 原始碼下載成功。
-> 🧪 [深度融合] 正在將全球開源碼熔鑄至本地模組: ClickAuto
-> 💾 寫入硬碟成功: manufacturing_hub/clickauto_auto_fused.py
-> 🔍 [品質檢驗] 檢查模組語法: manufacturing_hub/clickauto_auto_fused.py
-> 🎉 語法檢驗完美通過！
========================================
-> 🌍 [自動守護採購] 正在下載原始碼: https://raw.githubusercontent.com/Textualize/rich/refs/heads/main/rich/__init__.py
-> ✅ 原始碼下載成功。
-> 🧪 [深度融合] 正在將全球開源碼熔鑄至本地模組: RichAuto
-> 💾 寫入硬碟成功: manufacturing_hub/richauto_auto_fused.py
-> 🔍 [品質檢驗] 檢查模組語法: manufacturing_hub/richauto_auto_fused.py
-> 🎉 語法檢驗完美通過！
========================================
-> 🌍 [自動守護採購] 正在下載原始碼: https://raw.githubusercontent.com/pydantic/pydantic/refs/heads/main/pydantic/__init__.py
-> ✅ 原始碼下載成功。
-> 🧪 [深度融合] 正在將全球開源碼熔鑄至本地模組: PydanticAuto
-> 💾 寫入硬碟成功: manufacturing_hub/pydanticauto_auto_fused.py
-> 🔍 [品質檢驗] 檢查模組語法: manufacturing_hub/pydanticauto_auto_fused.py
-> 🎉 語法檢驗完美通過！

-> 💤 本輪巡航完畢。進入自動休眠，等待 30 秒後進行下一輪...

[2026-08-25 20:28:52] -> 🔄 開始新一輪全球開源專案自動巡航...
========================================
-> 🌍 [自動守護採購] 正在下載原始碼: https://raw.githubusercontent.com/psf/requests/refs/heads/main/src/requests/__init__.py
-> ✅ 原始碼下載成功。
-> 🧪 [深度融合] 正在將全球開源碼熔鑄至本地模組: RequestsAuto
-> 💾 寫入硬碟成功: manufacturing_hub/requestsauto_auto_fused.py
-> 🔍 [品質檢驗] 檢查模組語法: manufacturing_hub/requestsauto_auto_fused.py
-> 🎉 語法檢驗完美通過！
========================================
-> 🌍 [自動守護採購] 正在下載原始碼: https://raw.githubusercontent.com/fastapi/fastapi/refs/heads/master/fastapi/__init__.py
-> ✅ 原始碼下載成功。
-> 🧪 [深度融合] 正在將全球開源碼熔鑄至本地模組: FastAPIAuto
-> 💾 寫入硬碟成功: manufacturing_hub/fastapiauto_auto_fused.py
-> 🔍 [品質檢驗] 檢查模組語法: manufacturing_hub/fastapiauto_auto_fused.py
-> 🎉 語法檢驗完美通過！
========================================
-> 🌍 [自動守護採購] 正在下載原始碼: https://raw.githubusercontent.com/pallets/flask/refs/heads/main/src/flask/__init__.py
-> ✅ 原始碼下載成功。
-> 🧪 [深度融合] 正在將全球開源碼熔鑄至本地模組: FlaskAuto
-> 💾 寫入硬碟成功: manufacturing_hub/flaskauto_auto_fused.py
-> 🔍 [品質檢驗] 檢查模組語法: manufacturing_hub/flaskauto_auto_fused.py
-> 🎉 語法檢驗完美通過！
========================================
-> 🌍 [自動守護採購] 正在下載原始碼: https://raw.githubusercontent.com/pallets/click/refs/heads/main/src/click/__init__.py
-> ✅ 原始碼下載成功。
-> 🧪 [深度融合] 正在將全球開源碼熔鑄至本地模組: ClickAuto
-> 💾 寫入硬碟成功: manufacturing_hub/clickauto_auto_fused.py
-> 🔍 [品質檢驗] 檢查模組語法: manufacturing_hub/clickauto_auto_fused.py
-> 🎉 語法檢驗完美通過！
========================================
-> 🌍 [自動守護採購] 正在下載原始碼: https://raw.githubusercontent.com/Textualize/rich/refs/heads/main/rich/__init__.py
-> ✅ 原始碼下載成功。
-> 🧪 [深度融合] 正在將全球開源碼熔鑄至本地模組: RichAuto
-> 💾 寫入硬碟成功: manufacturing_hub/richauto_auto_fused.py
-> 🔍 [品質檢驗] 檢查模組語法: manufacturing_hub/richauto_auto_fused.py
-> 🎉 語法檢驗完美通過！
========================================
-> 🌍 [自動守護採購] 正在下載原始碼: https://raw.githubusercontent.com/pydantic/pydantic/refs/heads/main/pydantic/__init__.py
-> ✅ 原始碼下載成功。
-> 🧪 [深度融合] 正在將全球開源碼熔鑄至本地模組: PydanticAuto
-> 💾 寫入硬碟成功: manufacturing_hub/pydanticauto_auto_fused.py
-> 🔍 [品質檢驗] 檢查模組語法: manufacturing_hub/pydanticauto_auto_fused.py
-> 🎉 語法檢驗完美通過！

-> 💤 本輪巡航完畢。進入自動休眠，等待 30 秒後進行下一輪...

[2026-08-25 20:29:26] -> 🔄 開始新一輪全球開源專案自動巡航...
========================================
-> 🌍 [自動守護採購] 正在下載原始碼: https://raw.githubusercontent.com/psf/requests/refs/heads/main/src/requests/__init__.py
-> ✅ 原始碼下載成功。
-> 🧪 [深度融合] 正在將全球開源碼熔鑄至本地模組: RequestsAuto
-> 💾 寫入硬碟成功: manufacturing_hub/requestsauto_auto_fused.py
-> 🔍 [品質檢驗] 檢查模組語法: manufacturing_hub/requestsauto_auto_fused.py
-> 🎉 語法檢驗完美通過！
========================================
-> 🌍 [自動守護採購] 正在下載原始碼: https://raw.githubusercontent.com/fastapi/fastapi/refs/heads/master/fastapi/__init__.py
-> ✅ 原始碼下載成功。
-> 🧪 [深度融合] 正在將全球開源碼熔鑄至本地模組: FastAPIAuto
-> 💾 寫入硬碟成功: manufacturing_hub/fastapiauto_auto_fused.py
-> 🔍 [品質檢驗] 檢查模組語法: manufacturing_hub/fastapiauto_auto_fused.py
-> 🎉 語法檢驗完美通過！
========================================
-> 🌍 [自動守護採購] 正在下載原始碼: https://raw.githubusercontent.com/pallets/flask/refs/heads/main/src/flask/__init__.py
-> ✅ 原始碼下載成功。
-> 🧪 [深度融合] 正在將全球開源碼熔鑄至本地模組: FlaskAuto
-> 💾 寫入硬碟成功: manufacturing_hub/flaskauto_auto_fused.py
-> 🔍 [品質檢驗] 檢查模組語法: manufacturing_hub/flaskauto_auto_fused.py
-> 🎉 語法檢驗完美通過！
========================================
-> 🌍 [自動守護採購] 正在下載原始碼: https://raw.githubusercontent.com/pallets/click/refs/heads/main/src/click/__init__.py
-> ✅ 原始碼下載成功。
-> 🧪 [深度融合] 正在將全球開源碼熔鑄至本地模組: ClickAuto
-> 💾 寫入硬碟成功: manufacturing_hub/clickauto_auto_fused.py
-> 🔍 [品質檢驗] 檢查模組語法: manufacturing_hub/clickauto_auto_fused.py
-> 🎉 語法檢驗完美通過！
========================================
-> 🌍 [自動守護採購] 正在下載原始碼: https://raw.githubusercontent.com/Textualize/rich/refs/heads/main/rich/__init__.py
-> ✅ 原始碼下載成功。
-> 🧪 [深度融合] 正在將全球開源碼熔鑄至本地模組: RichAuto
-> 💾 寫入硬碟成功: manufacturing_hub/richauto_auto_fused.py
-> 🔍 [品質檢驗] 檢查模組語法: manufacturing_hub/richauto_auto_fused.py
-> 🎉 語法檢驗完美通過！
========================================
-> 🌍 [自動守護採購] 正在下載原始碼: https://raw.githubusercontent.com/pydantic/pydantic/refs/heads/main/pydantic/__init__.py
-> ✅ 原始碼下載成功。
-> 🧪 [深度融合] 正在將全球開源碼熔鑄至本地模組: PydanticAuto
-> 💾 寫入硬碟成功: manufacturing_hub/pydanticauto_auto_fused.py
-> 🔍 [品質檢驗] 檢查模組語法: manufacturing_hub/pydanticauto_auto_fused.py
-> 🎉 語法檢驗完美通過！

-> 💤 本輪巡航完畢。進入自動休眠，等待 30 秒後進行下一輪...

[2026-08-25 20:30:00] -> 🔄 開始新一輪全球開源專案自動巡航...
========================================
-> 🌍 [自動守護採購] 正在下載原始碼: https://raw.githubusercontent.com/psf/requests/refs/heads/main/src/requests/__init__.py
-> ✅ 原始碼下載成功。
-> 🧪 [深度融合] 正在將全球開源碼熔鑄至本地模組: RequestsAuto
-> 💾 寫入硬碟成功: manufacturing_hub/requestsauto_auto_fused.py
-> 🔍 [品質檢驗] 檢查模組語法: manufacturing_hub/requestsauto_auto_fused.py
-> 🎉 語法檢驗完美通過！
========================================
-> 🌍 [自動守護採購] 正在下載原始碼: https://raw.githubusercontent.com/fastapi/fastapi/refs/heads/master/fastapi/__init__.py
-> ✅ 原始碼下載成功。
-> 🧪 [深度融合] 正在將全球開源碼熔鑄至本地模組: FastAPIAuto
-> 💾 寫入硬碟成功: manufacturing_hub/fastapiauto_auto_fused.py
-> 🔍 [品質檢驗] 檢查模組語法: manufacturing_hub/fastapiauto_auto_fused.py
-> 🎉 語法檢驗完美通過！
========================================
-> 🌍 [自動守護採購] 正在下載原始碼: https://raw.githubusercontent.com/pallets/flask/refs/heads/main/src/flask/__init__.py
-> ✅ 原始碼下載成功。
-> 🧪 [深度融合] 正在將全球開源碼熔鑄至本地模組: FlaskAuto
-> 💾 寫入硬碟成功: manufacturing_hub/flaskauto_auto_fused.py
-> 🔍 [品質檢驗] 檢查模組語法: manufacturing_hub/flaskauto_auto_fused.py
-> 🎉 語法檢驗完美通過！
========================================
-> 🌍 [自動守護採購] 正在下載原始碼: https://raw.githubusercontent.com/pallets/click/refs/heads/main/src/click/__init__.py
-> ✅ 原始碼下載成功。
-> 🧪 [深度融合] 正在將全球開源碼熔鑄至本地模組: ClickAuto
-> 💾 寫入硬碟成功: manufacturing_hub/clickauto_auto_fused.py
-> 🔍 [品質檢驗] 檢查模組語法: manufacturing_hub/clickauto_auto_fused.py
-> 🎉 語法檢驗完美通過！
========================================
-> 🌍 [自動守護採購] 正在下載原始碼: https://raw.githubusercontent.com/Textualize/rich/refs/heads/main/rich/__init__.py
-> ✅ 原始碼下載成功。
-> 🧪 [深度融合] 正在將全球開源碼熔鑄至本地模組: RichAuto
-> 💾 寫入硬碟成功: manufacturing_hub/richauto_auto_fused.py
-> 🔍 [品質檢驗] 檢查模組語法: manufacturing_hub/richauto_auto_fused.py
-> 🎉 語法檢驗完美通過！
========================================
-> 🌍 [自動守護採購] 正在下載原始碼: https://raw.githubusercontent.com/pydantic/pydantic/refs/heads/main/pydantic/__init__.py
-> ✅ 原始碼下載成功。
-> 🧪 [深度融合] 正在將全球開源碼熔鑄至本地模組: PydanticAuto
-> 💾 寫入硬碟成功: manufacturing_hub/pydanticauto_auto_fused.py
-> 🔍 [品質檢驗] 檢查模組語法: manufacturing_hub/pydanticauto_auto_fused.py
-> 🎉 語法檢驗完美通過！

-> 💤 本輪巡航完畢。進入自動休眠，等待 30 秒後進行下一輪...

[2026-08-25 20:30:34] -> 🔄 開始新一輪全球開源專案自動巡航...
========================================
-> 🌍 [自動守護採購] 正在下載原始碼: https://raw.githubusercontent.com/psf/requests/refs/heads/main/src/requests/__init__.py
-> ✅ 原始碼下載成功。
-> 🧪 [深度融合] 正在將全球開源碼熔鑄至本地模組: RequestsAuto
-> 💾 寫入硬碟成功: manufacturing_hub/requestsauto_auto_fused.py
-> 🔍 [品質檢驗] 檢查模組語法: manufacturing_hub/requestsauto_auto_fused.py
-> 🎉 語法檢驗完美通過！
========================================
-> 🌍 [自動守護採購] 正在下載原始碼: https://raw.githubusercontent.com/fastapi/fastapi/refs/heads/master/fastapi/__init__.py
-> ✅ 原始碼下載成功。
-> 🧪 [深度融合] 正在將全球開源碼熔鑄至本地模組: FastAPIAuto
-> 💾 寫入硬碟成功: manufacturing_hub/fastapiauto_auto_fused.py
-> 🔍 [品質檢驗] 檢查模組語法: manufacturing_hub/fastapiauto_auto_fused.py
-> 🎉 語法檢驗完美通過！
========================================
-> 🌍 [自動守護採購] 正在下載原始碼: https://raw.githubusercontent.com/pallets/flask/refs/heads/main/src/flask/__init__.py
-> ✅ 原始碼下載成功。
-> 🧪 [深度融合] 正在將全球開源碼熔鑄至本地模組: FlaskAuto
-> 💾 寫入硬碟成功: manufacturing_hub/flaskauto_auto_fused.py
-> 🔍 [品質檢驗] 檢查模組語法: manufacturing_hub/flaskauto_auto_fused.py
-> 🎉 語法檢驗完美通過！
========================================
-> 🌍 [自動守護採購] 正在下載原始碼: https://raw.githubusercontent.com/pallets/click/refs/heads/main/src/click/__init__.py
-> ✅ 原始碼下載成功。
-> 🧪 [深度融合] 正在將全球開源碼熔鑄至本地模組: ClickAuto
-> 💾 寫入硬碟成功: manufacturing_hub/clickauto_auto_fused.py
-> 🔍 [品質檢驗] 檢查模組語法: manufacturing_hub/clickauto_auto_fused.py
-> 🎉 語法檢驗完美通過！
========================================
-> 🌍 [自動守護採購] 正在下載原始碼: https://raw.githubusercontent.com/Textualize/rich/refs/heads/main/rich/__init__.py
-> ✅ 原始碼下載成功。
-> 🧪 [深度融合] 正在將全球開源碼熔鑄至本地模組: RichAuto
-> 💾 寫入硬碟成功: manufacturing_hub/richauto_auto_fused.py
-> 🔍 [品質檢驗] 檢查模組語法: manufacturing_hub/richauto_auto_fused.py
-> 🎉 語法檢驗完美通過！
========================================
-> 🌍 [自動守護採購] 正在下載原始碼: https://raw.githubusercontent.com/pydantic/pydantic/refs/heads/main/pydantic/__init__.py
-> ✅ 原始碼下載成功。
-> 🧪 [深度融合] 正在將全球開源碼熔鑄至本地模組: PydanticAuto
-> 💾 寫入硬碟成功: manufacturing_hub/pydanticauto_auto_fused.py
-> 🔍 [品質檢驗] 檢查模組語法: manufacturing_hub/pydanticauto_auto_fused.py
-> 🎉 語法檢驗完美通過！

-> 💤 本輪巡航完畢。進入自動休眠，等待 30 秒後進行下一輪...

[2026-08-25 20:31:11] -> 🔄 開始新一輪全球開源專案自動巡航...
========================================
-> 🌍 [自動守護採購] 正在下載原始碼: https://raw.githubusercontent.com/psf/requests/refs/heads/main/src/requests/__init__.py
-> ✅ 原始碼下載成功。
-> 🧪 [深度融合] 正在將全球開源碼熔鑄至本地模組: RequestsAuto
-> 💾 寫入硬碟成功: manufacturing_hub/requestsauto_auto_fused.py
-> 🔍 [品質檢驗] 檢查模組語法: manufacturing_hub/requestsauto_auto_fused.py
-> 🎉 語法檢驗完美通過！
========================================
-> 🌍 [自動守護採購] 正在下載原始碼: https://raw.githubusercontent.com/fastapi/fastapi/refs/heads/master/fastapi/__init__.py
-> ✅ 原始碼下載成功。
-> 🧪 [深度融合] 正在將全球開源碼熔鑄至本地模組: FastAPIAuto
-> 💾 寫入硬碟成功: manufacturing_hub/fastapiauto_auto_fused.py
-> 🔍 [品質檢驗] 檢查模組語法: manufacturing_hub/fastapiauto_auto_fused.py
-> 🎉 語法檢驗完美通過！
========================================
-> 🌍 [自動守護採購] 正在下載原始碼: https://raw.githubusercontent.com/pallets/flask/refs/heads/main/src/flask/__init__.py
-> ✅ 原始碼下載成功。
-> 🧪 [深度融合] 正在將全球開源碼熔鑄至本地模組: FlaskAuto
-> 💾 寫入硬碟成功: manufacturing_hub/flaskauto_auto_fused.py
-> 🔍 [品質檢驗] 檢查模組語法: manufacturing_hub/flaskauto_auto_fused.py
-> 🎉 語法檢驗完美通過！
========================================
-> 🌍 [自動守護採購] 正在下載原始碼: https://raw.githubusercontent.com/pallets/click/refs/heads/main/src/click/__init__.py
-> ✅ 原始碼下載成功。
-> 🧪 [深度融合] 正在將全球開源碼熔鑄至本地模組: ClickAuto
-> 💾 寫入硬碟成功: manufacturing_hub/clickauto_auto_fused.py
-> 🔍 [品質檢驗] 檢查模組語法: manufacturing_hub/clickauto_auto_fused.py
-> 🎉 語法檢驗完美通過！
========================================
-> 🌍 [自動守護採購] 正在下載原始碼: https://raw.githubusercontent.com/Textualize/rich/refs/heads/main/rich/__init__.py
-> ✅ 原始碼下載成功。
-> 🧪 [深度融合] 正在將全球開源碼熔鑄至本地模組: RichAuto
-> 💾 寫入硬碟成功: manufacturing_hub/richauto_auto_fused.py
-> 🔍 [品質檢驗] 檢查模組語法: manufacturing_hub/richauto_auto_fused.py
-> 🎉 語法檢驗完美通過！
========================================
-> 🌍 [自動守護採購] 正在下載原始碼: https://raw.githubusercontent.com/pydantic/pydantic/refs/heads/main/pydantic/__init__.py
-> ✅ 原始碼下載成功。
-> 🧪 [深度融合] 正在將全球開源碼熔鑄至本地模組: PydanticAuto
-> 💾 寫入硬碟成功: manufacturing_hub/pydanticauto_auto_fused.py
-> 🔍 [品質檢驗] 檢查模組語法: manufacturing_hub/pydanticauto_auto_fused.py
-> 🎉 語法檢驗完美通過！

-> 💤 本輪巡航完畢。進入自動休眠，等待 30 秒後進行下一輪...

[2026-08-25 20:31:45] -> 🔄 開始新一輪全球開源專案自動巡航...
========================================
-> 🌍 [自動守護採購] 正在下載原始碼: https://raw.githubusercontent.com/psf/requests/refs/heads/main/src/requests/__init__.py
-> ✅ 原始碼下載成功。
-> 🧪 [深度融合] 正在將全球開源碼熔鑄至本地模組: RequestsAuto
-> 💾 寫入硬碟成功: manufacturing_hub/requestsauto_auto_fused.py
-> 🔍 [品質檢驗] 檢查模組語法: manufacturing_hub/requestsauto_auto_fused.py
-> 🎉 語法檢驗完美通過！
========================================
-> 🌍 [自動守護採購] 正在下載原始碼: https://raw.githubusercontent.com/fastapi/fastapi/refs/heads/master/fastapi/__init__.py
-> ✅ 原始碼下載成功。
-> 🧪 [深度融合] 正在將全球開源碼熔鑄至本地模組: FastAPIAuto
-> 💾 寫入硬碟成功: manufacturing_hub/fastapiauto_auto_fused.py
-> 🔍 [品質檢驗] 檢查模組語法: manufacturing_hub/fastapiauto_auto_fused.py
-> 🎉 語法檢驗完美通過！
========================================
-> 🌍 [自動守護採購] 正在下載原始碼: https://raw.githubusercontent.com/pallets/flask/refs/heads/main/src/flask/__init__.py
-> ✅ 原始碼下載成功。
-> 🧪 [深度融合] 正在將全球開源碼熔鑄至本地模組: FlaskAuto
-> 💾 寫入硬碟成功: manufacturing_hub/flaskauto_auto_fused.py
-> 🔍 [品質檢驗] 檢查模組語法: manufacturing_hub/flaskauto_auto_fused.py
-> 🎉 語法檢驗完美通過！
========================================
-> 🌍 [自動守護採購] 正在下載原始碼: https://raw.githubusercontent.com/pallets/click/refs/heads/main/src/click/__init__.py
-> ✅ 原始碼下載成功。
-> 🧪 [深度融合] 正在將全球開源碼熔鑄至本地模組: ClickAuto
-> 💾 寫入硬碟成功: manufacturing_hub/clickauto_auto_fused.py
-> 🔍 [品質檢驗] 檢查模組語法: manufacturing_hub/clickauto_auto_fused.py
-> 🎉 語法檢驗完美通過！
========================================
-> 🌍 [自動守護採購] 正在下載原始碼: https://raw.githubusercontent.com/Textualize/rich/refs/heads/main/rich/__init__.py
-> ✅ 原始碼下載成功。
-> 🧪 [深度融合] 正在將全球開源碼熔鑄至本地模組: RichAuto
-> 💾 寫入硬碟成功: manufacturing_hub/richauto_auto_fused.py
-> 🔍 [品質檢驗] 檢查模組語法: manufacturing_hub/richauto_auto_fused.py
-> 🎉 語法檢驗完美通過！
========================================
-> 🌍 [自動守護採購] 正在下載原始碼: https://raw.githubusercontent.com/pydantic/pydantic/refs/heads/main/pydantic/__init__.py
-> ✅ 原始碼下載成功。
-> 🧪 [深度融合] 正在將全球開源碼熔鑄至本地模組: PydanticAuto
-> 💾 寫入硬碟成功: manufacturing_hub/pydanticauto_auto_fused.py
-> 🔍 [品質檢驗] 檢查模組語法: manufacturing_hub/pydanticauto_auto_fused.py
-> 🎉 語法檢驗完美通過！

-> 💤 本輪巡航完畢。進入自動休眠，等待 30 秒後進行下一輪...

[2026-08-25 20:32:19] -> 🔄 開始新一輪全球開源專案自動巡航...
========================================
-> 🌍 [自動守護採購] 正在下載原始碼: https://raw.githubusercontent.com/psf/requests/refs/heads/main/src/requests/__init__.py
-> ✅ 原始碼下載成功。
-> 🧪 [深度融合] 正在將全球開源碼熔鑄至本地模組: RequestsAuto
-> 💾 寫入硬碟成功: manufacturing_hub/requestsauto_auto_fused.py
-> 🔍 [品質檢驗] 檢查模組語法: manufacturing_hub/requestsauto_auto_fused.py
-> 🎉 語法檢驗完美通過！
========================================
-> 🌍 [自動守護採購] 正在下載原始碼: https://raw.githubusercontent.com/fastapi/fastapi/refs/heads/master/fastapi/__init__.py
-> ✅ 原始碼下載成功。
-> 🧪 [深度融合] 正在將全球開源碼熔鑄至本地模組: FastAPIAuto
-> 💾 寫入硬碟成功: manufacturing_hub/fastapiauto_auto_fused.py
-> 🔍 [品質檢驗] 檢查模組語法: manufacturing_hub/fastapiauto_auto_fused.py
-> 🎉 語法檢驗完美通過！
========================================
-> 🌍 [自動守護採購] 正在下載原始碼: https://raw.githubusercontent.com/pallets/flask/refs/heads/main/src/flask/__init__.py
-> ✅ 原始碼下載成功。
-> 🧪 [深度融合] 正在將全球開源碼熔鑄至本地模組: FlaskAuto
-> 💾 寫入硬碟成功: manufacturing_hub/flaskauto_auto_fused.py
-> 🔍 [品質檢驗] 檢查模組語法: manufacturing_hub/flaskauto_auto_fused.py
-> 🎉 語法檢驗完美通過！
========================================
-> 🌍 [自動守護採購] 正在下載原始碼: https://raw.githubusercontent.com/pallets/click/refs/heads/main/src/click/__init__.py
-> ✅ 原始碼下載成功。
-> 🧪 [深度融合] 正在將全球開源碼熔鑄至本地模組: ClickAuto
-> 💾 寫入硬碟成功: manufacturing_hub/clickauto_auto_fused.py
-> 🔍 [品質檢驗] 檢查模組語法: manufacturing_hub/clickauto_auto_fused.py
-> 🎉 語法檢驗完美通過！
========================================
-> 🌍 [自動守護採購] 正在下載原始碼: https://raw.githubusercontent.com/Textualize/rich/refs/heads/main/rich/__init__.py
-> ✅ 原始碼下載成功。
-> 🧪 [深度融合] 正在將全球開源碼熔鑄至本地模組: RichAuto
-> 💾 寫入硬碟成功: manufacturing_hub/richauto_auto_fused.py
-> 🔍 [品質檢驗] 檢查模組語法: manufacturing_hub/richauto_auto_fused.py
-> 🎉 語法檢驗完美通過！
========================================
-> 🌍 [自動守護採購] 正在下載原始碼: https://raw.githubusercontent.com/pydantic/pydantic/refs/heads/main/pydantic/__init__.py
-> ✅ 原始碼下載成功。
-> 🧪 [深度融合] 正在將全球開源碼熔鑄至本地模組: PydanticAuto
-> 💾 寫入硬碟成功: manufacturing_hub/pydanticauto_auto_fused.py
-> 🔍 [品質檢驗] 檢查模組語法: manufacturing_hub/pydanticauto_auto_fused.py
-> 🎉 語法檢驗完美通過！

-> 💤 本輪巡航完畢。進入自動休眠，等待 30 秒後進行下一輪...

[2026-08-25 20:32:55] -> 🔄 開始新一輪全球開源專案自動巡航...
========================================
-> 🌍 [自動守護採購] 正在下載原始碼: https://raw.githubusercontent.com/psf/requests/refs/heads/main/src/requests/__init__.py
-> ✅ 原始碼下載成功。
-> 🧪 [深度融合] 正在將全球開源碼熔鑄至本地模組: RequestsAuto
-> 💾 寫入硬碟成功: manufacturing_hub/requestsauto_auto_fused.py
-> 🔍 [品質檢驗] 檢查模組語法: manufacturing_hub/requestsauto_auto_fused.py
-> 🎉 語法檢驗完美通過！
========================================
-> 🌍 [自動守護採購] 正在下載原始碼: https://raw.githubusercontent.com/fastapi/fastapi/refs/heads/master/fastapi/__init__.py
-> ✅ 原始碼下載成功。
-> 🧪 [深度融合] 正在將全球開源碼熔鑄至本地模組: FastAPIAuto
-> 💾 寫入硬碟成功: manufacturing_hub/fastapiauto_auto_fused.py
-> 🔍 [品質檢驗] 檢查模組語法: manufacturing_hub/fastapiauto_auto_fused.py
-> 🎉 語法檢驗完美通過！
========================================
-> 🌍 [自動守護採購] 正在下載原始碼: https://raw.githubusercontent.com/pallets/flask/refs/heads/main/src/flask/__init__.py
-> ✅ 原始碼下載成功。
-> 🧪 [深度融合] 正在將全球開源碼熔鑄至本地模組: FlaskAuto
-> 💾 寫入硬碟成功: manufacturing_hub/flaskauto_auto_fused.py
-> 🔍 [品質檢驗] 檢查模組語法: manufacturing_hub/flaskauto_auto_fused.py
-> 🎉 語法檢驗完美通過！
========================================
-> 🌍 [自動守護採購] 正在下載原始碼: https://raw.githubusercontent.com/pallets/click/refs/heads/main/src/click/__init__.py
-> ✅ 原始碼下載成功。
-> 🧪 [深度融合] 正在將全球開源碼熔鑄至本地模組: ClickAuto
-> 💾 寫入硬碟成功: manufacturing_hub/clickauto_auto_fused.py
-> 🔍 [品質檢驗] 檢查模組語法: manufacturing_hub/clickauto_auto_fused.py
-> 🎉 語法檢驗完美通過！
========================================
-> 🌍 [自動守護採購] 正在下載原始碼: https://raw.githubusercontent.com/Textualize/rich/refs/heads/main/rich/__init__.py
-> ✅ 原始碼下載成功。
-> 🧪 [深度融合] 正在將全球開源碼熔鑄至本地模組: RichAuto
-> 💾 寫入硬碟成功: manufacturing_hub/richauto_auto_fused.py
-> 🔍 [品質檢驗] 檢查模組語法: manufacturing_hub/richauto_auto_fused.py
-> 🎉 語法檢驗完美通過！
========================================
-> 🌍 [自動守護採購] 正在下載原始碼: https://raw.githubusercontent.com/pydantic/pydantic/refs/heads/main/pydantic/__init__.py
-> ✅ 原始碼下載成功。
-> 🧪 [深度融合] 正在將全球開源碼熔鑄至本地模組: PydanticAuto
-> 💾 寫入硬碟成功: manufacturing_hub/pydanticauto_auto_fused.py
-> 🔍 [品質檢驗] 檢查模組語法: manufacturing_hub/pydanticauto_auto_fused.py
-> 🎉 語法檢驗完美通過！

-> 💤 本輪巡航完畢。進入自動休眠，等待 30 秒後進行下一輪...

[2026-08-25 20:33:29] -> 🔄 開始新一輪全球開源專案自動巡航...
========================================
-> 🌍 [自動守護採購] 正在下載原始碼: https://raw.githubusercontent.com/psf/requests/refs/heads/main/src/requests/__init__.py
-> ✅ 原始碼下載成功。
-> 🧪 [深度融合] 正在將全球開源碼熔鑄至本地模組: RequestsAuto
-> 💾 寫入硬碟成功: manufacturing_hub/requestsauto_auto_fused.py
-> 🔍 [品質檢驗] 檢查模組語法: manufacturing_hub/requestsauto_auto_fused.py
-> 🎉 語法檢驗完美通過！
========================================
-> 🌍 [自動守護採購] 正在下載原始碼: https://raw.githubusercontent.com/fastapi/fastapi/refs/heads/master/fastapi/__init__.py
-> ✅ 原始碼下載成功。
-> 🧪 [深度融合] 正在將全球開源碼熔鑄至本地模組: FastAPIAuto
-> 💾 寫入硬碟成功: manufacturing_hub/fastapiauto_auto_fused.py
-> 🔍 [品質檢驗] 檢查模組語法: manufacturing_hub/fastapiauto_auto_fused.py
-> 🎉 語法檢驗完美通過！
========================================
-> 🌍 [自動守護採購] 正在下載原始碼: https://raw.githubusercontent.com/pallets/flask/refs/heads/main/src/flask/__init__.py
-> ✅ 原始碼下載成功。
-> 🧪 [深度融合] 正在將全球開源碼熔鑄至本地模組: FlaskAuto
-> 💾 寫入硬碟成功: manufacturing_hub/flaskauto_auto_fused.py
-> 🔍 [品質檢驗] 檢查模組語法: manufacturing_hub/flaskauto_auto_fused.py
-> 🎉 語法檢驗完美通過！
========================================
-> 🌍 [自動守護採購] 正在下載原始碼: https://raw.githubusercontent.com/pallets/click/refs/heads/main/src/click/__init__.py
-> ✅ 原始碼下載成功。
-> 🧪 [深度融合] 正在將全球開源碼熔鑄至本地模組: ClickAuto
-> 💾 寫入硬碟成功: manufacturing_hub/clickauto_auto_fused.py
-> 🔍 [品質檢驗] 檢查模組語法: manufacturing_hub/clickauto_auto_fused.py
-> 🎉 語法檢驗完美通過！
========================================
-> 🌍 [自動守護採購] 正在下載原始碼: https://raw.githubusercontent.com/Textualize/rich/refs/heads/main/rich/__init__.py
-> ✅ 原始碼下載成功。
-> 🧪 [深度融合] 正在將全球開源碼熔鑄至本地模組: RichAuto
-> 💾 寫入硬碟成功: manufacturing_hub/richauto_auto_fused.py
-> 🔍 [品質檢驗] 檢查模組語法: manufacturing_hub/richauto_auto_fused.py
-> 🎉 語法檢驗完美通過！
========================================
-> 🌍 [自動守護採購] 正在下載原始碼: https://raw.githubusercontent.com/pydantic/pydantic/refs/heads/main/pydantic/__init__.py
-> ✅ 原始碼下載成功。
-> 🧪 [深度融合] 正在將全球開源碼熔鑄至本地模組: PydanticAuto
-> 💾 寫入硬碟成功: manufacturing_hub/pydanticauto_auto_fused.py
-> 🔍 [品質檢驗] 檢查模組語法: manufacturing_hub/pydanticauto_auto_fused.py
-> 🎉 語法檢驗完美通過！

-> 💤 本輪巡航完畢。進入自動休眠，等待 30 秒後進行下一輪...

[2026-08-25 20:34:03] -> 🔄 開始新一輪全球開源專案自動巡航...
========================================
-> 🌍 [自動守護採購] 正在下載原始碼: https://raw.githubusercontent.com/psf/requests/refs/heads/main/src/requests/__init__.py
-> ✅ 原始碼下載成功。
-> 🧪 [深度融合] 正在將全球開源碼熔鑄至本地模組: RequestsAuto
-> 💾 寫入硬碟成功: manufacturing_hub/requestsauto_auto_fused.py
-> 🔍 [品質檢驗] 檢查模組語法: manufacturing_hub/requestsauto_auto_fused.py
-> 🎉 語法檢驗完美通過！
========================================
-> 🌍 [自動守護採購] 正在下載原始碼: https://raw.githubusercontent.com/fastapi/fastapi/refs/heads/master/fastapi/__init__.py
-> ✅ 原始碼下載成功。
-> 🧪 [深度融合] 正在將全球開源碼熔鑄至本地模組: FastAPIAuto
-> 💾 寫入硬碟成功: manufacturing_hub/fastapiauto_auto_fused.py
-> 🔍 [品質檢驗] 檢查模組語法: manufacturing_hub/fastapiauto_auto_fused.py
-> 🎉 語法檢驗完美通過！
========================================
-> 🌍 [自動守護採購] 正在下載原始碼: https://raw.githubusercontent.com/pallets/flask/refs/heads/main/src/flask/__init__.py
-> ✅ 原始碼下載成功。
-> 🧪 [深度融合] 正在將全球開源碼熔鑄至本地模組: FlaskAuto
-> 💾 寫入硬碟成功: manufacturing_hub/flaskauto_auto_fused.py
-> 🔍 [品質檢驗] 檢查模組語法: manufacturing_hub/flaskauto_auto_fused.py
-> 🎉 語法檢驗完美通過！
========================================
-> 🌍 [自動守護採購] 正在下載原始碼: https://raw.githubusercontent.com/pallets/click/refs/heads/main/src/click/__init__.py
-> ✅ 原始碼下載成功。
-> 🧪 [深度融合] 正在將全球開源碼熔鑄至本地模組: ClickAuto
-> 💾 寫入硬碟成功: manufacturing_hub/clickauto_auto_fused.py
-> 🔍 [品質檢驗] 檢查模組語法: manufacturing_hub/clickauto_auto_fused.py
-> 🎉 語法檢驗完美通過！
========================================
-> 🌍 [自動守護採購] 正在下載原始碼: https://raw.githubusercontent.com/Textualize/rich/refs/heads/main/rich/__init__.py
-> ✅ 原始碼下載成功。
-> 🧪 [深度融合] 正在將全球開源碼熔鑄至本地模組: RichAuto
-> 💾 寫入硬碟成功: manufacturing_hub/richauto_auto_fused.py
-> 🔍 [品質檢驗] 檢查模組語法: manufacturing_hub/richauto_auto_fused.py
-> 🎉 語法檢驗完美通過！
========================================
-> 🌍 [自動守護採購] 正在下載原始碼: https://raw.githubusercontent.com/pydantic/pydantic/refs/heads/main/pydantic/__init__.py
-> ✅ 原始碼下載成功。
-> 🧪 [深度融合] 正在將全球開源碼熔鑄至本地模組: PydanticAuto
-> 💾 寫入硬碟成功: manufacturing_hub/pydanticauto_auto_fused.py
-> 🔍 [品質檢驗] 檢查模組語法: manufacturing_hub/pydanticauto_auto_fused.py
-> 🎉 語法檢驗完美通過！

-> 💤 本輪巡航完畢。進入自動休眠，等待 30 秒後進行下一輪...

[2026-08-25 20:34:38] -> 🔄 開始新一輪全球開源專案自動巡航...
========================================
-> 🌍 [自動守護採購] 正在下載原始碼: https://raw.githubusercontent.com/psf/requests/refs/heads/main/src/requests/__init__.py
-> ✅ 原始碼下載成功。
-> 🧪 [深度融合] 正在將全球開源碼熔鑄至本地模組: RequestsAuto
-> 💾 寫入硬碟成功: manufacturing_hub/requestsauto_auto_fused.py
-> 🔍 [品質檢驗] 檢查模組語法: manufacturing_hub/requestsauto_auto_fused.py
-> 🎉 語法檢驗完美通過！
========================================
-> 🌍 [自動守護採購] 正在下載原始碼: https://raw.githubusercontent.com/fastapi/fastapi/refs/heads/master/fastapi/__init__.py
-> ✅ 原始碼下載成功。
-> 🧪 [深度融合] 正在將全球開源碼熔鑄至本地模組: FastAPIAuto
-> 💾 寫入硬碟成功: manufacturing_hub/fastapiauto_auto_fused.py
-> 🔍 [品質檢驗] 檢查模組語法: manufacturing_hub/fastapiauto_auto_fused.py
-> 🎉 語法檢驗完美通過！
========================================
-> 🌍 [自動守護採購] 正在下載原始碼: https://raw.githubusercontent.com/pallets/flask/refs/heads/main/src/flask/__init__.py
-> ✅ 原始碼下載成功。
-> 🧪 [深度融合] 正在將全球開源碼熔鑄至本地模組: FlaskAuto
-> 💾 寫入硬碟成功: manufacturing_hub/flaskauto_auto_fused.py
-> 🔍 [品質檢驗] 檢查模組語法: manufacturing_hub/flaskauto_auto_fused.py
-> 🎉 語法檢驗完美通過！
========================================
-> 🌍 [自動守護採購] 正在下載原始碼: https://raw.githubusercontent.com/pallets/click/refs/heads/main/src/click/__init__.py
-> ✅ 原始碼下載成功。
-> 🧪 [深度融合] 正在將全球開源碼熔鑄至本地模組: ClickAuto
-> 💾 寫入硬碟成功: manufacturing_hub/clickauto_auto_fused.py
-> 🔍 [品質檢驗] 檢查模組語法: manufacturing_hub/clickauto_auto_fused.py
-> 🎉 語法檢驗完美通過！
========================================
-> 🌍 [自動守護採購] 正在下載原始碼: https://raw.githubusercontent.com/Textualize/rich/refs/heads/main/rich/__init__.py
-> ✅ 原始碼下載成功。
-> 🧪 [深度融合] 正在將全球開源碼熔鑄至本地模組: RichAuto
-> 💾 寫入硬碟成功: manufacturing_hub/richauto_auto_fused.py
-> 🔍 [品質檢驗] 檢查模組語法: manufacturing_hub/richauto_auto_fused.py
-> 🎉 語法檢驗完美通過！
========================================
-> 🌍 [自動守護採購] 正在下載原始碼: https://raw.githubusercontent.com/pydantic/pydantic/refs/heads/main/pydantic/__init__.py
-> ✅ 原始碼下載成功。
-> 🧪 [深度融合] 正在將全球開源碼熔鑄至本地模組: PydanticAuto
-> 💾 寫入硬碟成功: manufacturing_hub/pydanticauto_auto_fused.py
-> 🔍 [品質檢驗] 檢查模組語法: manufacturing_hub/pydanticauto_auto_fused.py
-> 🎉 語法檢驗完美通過！

-> 💤 本輪巡航完畢。進入自動休眠，等待 30 秒後進行下一輪...

[2026-08-25 20:35:12] -> 🔄 開始新一輪全球開源專案自動巡航...
========================================
-> 🌍 [自動守護採購] 正在下載原始碼: https://raw.githubusercontent.com/psf/requests/refs/heads/main/src/requests/__init__.py
-> ✅ 原始碼下載成功。
-> 🧪 [深度融合] 正在將全球開源碼熔鑄至本地模組: RequestsAuto
-> 💾 寫入硬碟成功: manufacturing_hub/requestsauto_auto_fused.py
-> 🔍 [品質檢驗] 檢查模組語法: manufacturing_hub/requestsauto_auto_fused.py
-> 🎉 語法檢驗完美通過！
========================================
-> 🌍 [自動守護採購] 正在下載原始碼: https://raw.githubusercontent.com/fastapi/fastapi/refs/heads/master/fastapi/__init__.py
-> ✅ 原始碼下載成功。
-> 🧪 [深度融合] 正在將全球開源碼熔鑄至本地模組: FastAPIAuto
-> 💾 寫入硬碟成功: manufacturing_hub/fastapiauto_auto_fused.py
-> 🔍 [品質檢驗] 檢查模組語法: manufacturing_hub/fastapiauto_auto_fused.py
-> 🎉 語法檢驗完美通過！
========================================
-> 🌍 [自動守護採購] 正在下載原始碼: https://raw.githubusercontent.com/pallets/flask/refs/heads/main/src/flask/__init__.py
-> ✅ 原始碼下載成功。
-> 🧪 [深度融合] 正在將全球開源碼熔鑄至本地模組: FlaskAuto
-> 💾 寫入硬碟成功: manufacturing_hub/flaskauto_auto_fused.py
-> 🔍 [品質檢驗] 檢查模組語法: manufacturing_hub/flaskauto_auto_fused.py
-> 🎉 語法檢驗完美通過！
========================================
-> 🌍 [自動守護採購] 正在下載原始碼: https://raw.githubusercontent.com/pallets/click/refs/heads/main/src/click/__init__.py
-> ✅ 原始碼下載成功。
-> 🧪 [深度融合] 正在將全球開源碼熔鑄至本地模組: ClickAuto
-> 💾 寫入硬碟成功: manufacturing_hub/clickauto_auto_fused.py
-> 🔍 [品質檢驗] 檢查模組語法: manufacturing_hub/clickauto_auto_fused.py
-> 🎉 語法檢驗完美通過！
========================================
-> 🌍 [自動守護採購] 正在下載原始碼: https://raw.githubusercontent.com/Textualize/rich/refs/heads/main/rich/__init__.py
-> ✅ 原始碼下載成功。
-> 🧪 [深度融合] 正在將全球開源碼熔鑄至本地模組: RichAuto
-> 💾 寫入硬碟成功: manufacturing_hub/richauto_auto_fused.py
-> 🔍 [品質檢驗] 檢查模組語法: manufacturing_hub/richauto_auto_fused.py
-> 🎉 語法檢驗完美通過！
========================================
-> 🌍 [自動守護採購] 正在下載原始碼: https://raw.githubusercontent.com/pydantic/pydantic/refs/heads/main/pydantic/__init__.py
-> ✅ 原始碼下載成功。
-> 🧪 [深度融合] 正在將全球開源碼熔鑄至本地模組: PydanticAuto
-> 💾 寫入硬碟成功: manufacturing_hub/pydanticauto_auto_fused.py
-> 🔍 [品質檢驗] 檢查模組語法: manufacturing_hub/pydanticauto_auto_fused.py
-> 🎉 語法檢驗完美通過！

-> 💤 本輪巡航完畢。進入自動休眠，等待 30 秒後進行下一輪...

[2026-08-25 20:35:46] -> 🔄 開始新一輪全球開源專案自動巡航...
========================================
-> 🌍 [自動守護採購] 正在下載原始碼: https://raw.githubusercontent.com/psf/requests/refs/heads/main/src/requests/__init__.py
-> ✅ 原始碼下載成功。
-> 🧪 [深度融合] 正在將全球開源碼熔鑄至本地模組: RequestsAuto
-> 💾 寫入硬碟成功: manufacturing_hub/requestsauto_auto_fused.py
-> 🔍 [品質檢驗] 檢查模組語法: manufacturing_hub/requestsauto_auto_fused.py
-> 🎉 語法檢驗完美通過！
========================================
-> 🌍 [自動守護採購] 正在下載原始碼: https://raw.githubusercontent.com/fastapi/fastapi/refs/heads/master/fastapi/__init__.py
-> ✅ 原始碼下載成功。
-> 🧪 [深度融合] 正在將全球開源碼熔鑄至本地模組: FastAPIAuto
-> 💾 寫入硬碟成功: manufacturing_hub/fastapiauto_auto_fused.py
-> 🔍 [品質檢驗] 檢查模組語法: manufacturing_hub/fastapiauto_auto_fused.py
-> 🎉 語法檢驗完美通過！
========================================
-> 🌍 [自動守護採購] 正在下載原始碼: https://raw.githubusercontent.com/pallets/flask/refs/heads/main/src/flask/__init__.py
-> ✅ 原始碼下載成功。
-> 🧪 [深度融合] 正在將全球開源碼熔鑄至本地模組: FlaskAuto
-> 💾 寫入硬碟成功: manufacturing_hub/flaskauto_auto_fused.py
-> 🔍 [品質檢驗] 檢查模組語法: manufacturing_hub/flaskauto_auto_fused.py
-> 🎉 語法檢驗完美通過！
========================================
-> 🌍 [自動守護採購] 正在下載原始碼: https://raw.githubusercontent.com/pallets/click/refs/heads/main/src/click/__init__.py
-> ✅ 原始碼下載成功。
-> 🧪 [深度融合] 正在將全球開源碼熔鑄至本地模組: ClickAuto
-> 💾 寫入硬碟成功: manufacturing_hub/clickauto_auto_fused.py
-> 🔍 [品質檢驗] 檢查模組語法: manufacturing_hub/clickauto_auto_fused.py
-> 🎉 語法檢驗完美通過！
========================================
-> 🌍 [自動守護採購] 正在下載原始碼: https://raw.githubusercontent.com/Textualize/rich/refs/heads/main/rich/__init__.py
-> ✅ 原始碼下載成功。
-> 🧪 [深度融合] 正在將全球開源碼熔鑄至本地模組: RichAuto
-> 💾 寫入硬碟成功: manufacturing_hub/richauto_auto_fused.py
-> 🔍 [品質檢驗] 檢查模組語法: manufacturing_hub/richauto_auto_fused.py
-> 🎉 語法檢驗完美通過！
========================================
-> 🌍 [自動守護採購] 正在下載原始碼: https://raw.githubusercontent.com/pydantic/pydantic/refs/heads/main/pydantic/__init__.py
-> ✅ 原始碼下載成功。
-> 🧪 [深度融合] 正在將全球開源碼熔鑄至本地模組: PydanticAuto
-> 💾 寫入硬碟成功: manufacturing_hub/pydanticauto_auto_fused.py
-> 🔍 [品質檢驗] 檢查模組語法: manufacturing_hub/pydanticauto_auto_fused.py
-> 🎉 語法檢驗完美通過！

-> 💤 本輪巡航完畢。進入自動休眠，等待 30 秒後進行下一輪...

[2026-08-25 20:36:23] -> 🔄 開始新一輪全球開源專案自動巡航...
========================================
-> 🌍 [自動守護採購] 正在下載原始碼: https://raw.githubusercontent.com/psf/requests/refs/heads/main/src/requests/__init__.py
-> ✅ 原始碼下載成功。
-> 🧪 [深度融合] 正在將全球開源碼熔鑄至本地模組: RequestsAuto
-> 💾 寫入硬碟成功: manufacturing_hub/requestsauto_auto_fused.py
-> 🔍 [品質檢驗] 檢查模組語法: manufacturing_hub/requestsauto_auto_fused.py
-> 🎉 語法檢驗完美通過！
========================================
-> 🌍 [自動守護採購] 正在下載原始碼: https://raw.githubusercontent.com/fastapi/fastapi/refs/heads/master/fastapi/__init__.py
-> ✅ 原始碼下載成功。
-> 🧪 [深度融合] 正在將全球開源碼熔鑄至本地模組: FastAPIAuto
-> 💾 寫入硬碟成功: manufacturing_hub/fastapiauto_auto_fused.py
-> 🔍 [品質檢驗] 檢查模組語法: manufacturing_hub/fastapiauto_auto_fused.py
-> 🎉 語法檢驗完美通過！
========================================
-> 🌍 [自動守護採購] 正在下載原始碼: https://raw.githubusercontent.com/pallets/flask/refs/heads/main/src/flask/__init__.py
-> ✅ 原始碼下載成功。
-> 🧪 [深度融合] 正在將全球開源碼熔鑄至本地模組: FlaskAuto
-> 💾 寫入硬碟成功: manufacturing_hub/flaskauto_auto_fused.py
-> 🔍 [品質檢驗] 檢查模組語法: manufacturing_hub/flaskauto_auto_fused.py
-> 🎉 語法檢驗完美通過！
========================================
-> 🌍 [自動守護採購] 正在下載原始碼: https://raw.githubusercontent.com/pallets/click/refs/heads/main/src/click/__init__.py
-> ✅ 原始碼下載成功。
-> 🧪 [深度融合] 正在將全球開源碼熔鑄至本地模組: ClickAuto
-> 💾 寫入硬碟成功: manufacturing_hub/clickauto_auto_fused.py
-> 🔍 [品質檢驗] 檢查模組語法: manufacturing_hub/clickauto_auto_fused.py
-> 🎉 語法檢驗完美通過！
========================================
-> 🌍 [自動守護採購] 正在下載原始碼: https://raw.githubusercontent.com/Textualize/rich/refs/heads/main/rich/__init__.py
-> ✅ 原始碼下載成功。
-> 🧪 [深度融合] 正在將全球開源碼熔鑄至本地模組: RichAuto
-> 💾 寫入硬碟成功: manufacturing_hub/richauto_auto_fused.py
-> 🔍 [品質檢驗] 檢查模組語法: manufacturing_hub/richauto_auto_fused.py
-> 🎉 語法檢驗完美通過！
========================================
-> 🌍 [自動守護採購] 正在下載原始碼: https://raw.githubusercontent.com/pydantic/pydantic/refs/heads/main/pydantic/__init__.py
-> ✅ 原始碼下載成功。
-> 🧪 [深度融合] 正在將全球開源碼熔鑄至本地模組: PydanticAuto
-> 💾 寫入硬碟成功: manufacturing_hub/pydanticauto_auto_fused.py
-> 🔍 [品質檢驗] 檢查模組語法: manufacturing_hub/pydanticauto_auto_fused.py
-> 🎉 語法檢驗完美通過！

-> 💤 本輪巡航完畢。進入自動休眠，等待 30 秒後進行下一輪...

[2026-08-25 20:36:57] -> 🔄 開始新一輪全球開源專案自動巡航...
========================================
-> 🌍 [自動守護採購] 正在下載原始碼: https://raw.githubusercontent.com/psf/requests/refs/heads/main/src/requests/__init__.py
-> ✅ 原始碼下載成功。
-> 🧪 [深度融合] 正在將全球開源碼熔鑄至本地模組: RequestsAuto
-> 💾 寫入硬碟成功: manufacturing_hub/requestsauto_auto_fused.py
-> 🔍 [品質檢驗] 檢查模組語法: manufacturing_hub/requestsauto_auto_fused.py
-> 🎉 語法檢驗完美通過！
========================================
-> 🌍 [自動守護採購] 正在下載原始碼: https://raw.githubusercontent.com/fastapi/fastapi/refs/heads/master/fastapi/__init__.py
-> ✅ 原始碼下載成功。
-> 🧪 [深度融合] 正在將全球開源碼熔鑄至本地模組: FastAPIAuto
-> 💾 寫入硬碟成功: manufacturing_hub/fastapiauto_auto_fused.py
-> 🔍 [品質檢驗] 檢查模組語法: manufacturing_hub/fastapiauto_auto_fused.py
-> 🎉 語法檢驗完美通過！
========================================
-> 🌍 [自動守護採購] 正在下載原始碼: https://raw.githubusercontent.com/pallets/flask/refs/heads/main/src/flask/__init__.py
-> ✅ 原始碼下載成功。
-> 🧪 [深度融合] 正在將全球開源碼熔鑄至本地模組: FlaskAuto
-> 💾 寫入硬碟成功: manufacturing_hub/flaskauto_auto_fused.py
-> 🔍 [品質檢驗] 檢查模組語法: manufacturing_hub/flaskauto_auto_fused.py
-> 🎉 語法檢驗完美通過！
========================================
-> 🌍 [自動守護採購] 正在下載原始碼: https://raw.githubusercontent.com/pallets/click/refs/heads/main/src/click/__init__.py
-> ✅ 原始碼下載成功。
-> 🧪 [深度融合] 正在將全球開源碼熔鑄至本地模組: ClickAuto
-> 💾 寫入硬碟成功: manufacturing_hub/clickauto_auto_fused.py
-> 🔍 [品質檢驗] 檢查模組語法: manufacturing_hub/clickauto_auto_fused.py
-> 🎉 語法檢驗完美通過！
========================================
-> 🌍 [自動守護採購] 正在下載原始碼: https://raw.githubusercontent.com/Textualize/rich/refs/heads/main/rich/__init__.py
-> ✅ 原始碼下載成功。
-> 🧪 [深度融合] 正在將全球開源碼熔鑄至本地模組: RichAuto
-> 💾 寫入硬碟成功: manufacturing_hub/richauto_auto_fused.py
-> 🔍 [品質檢驗] 檢查模組語法: manufacturing_hub/richauto_auto_fused.py
-> 🎉 語法檢驗完美通過！
========================================
-> 🌍 [自動守護採購] 正在下載原始碼: https://raw.githubusercontent.com/pydantic/pydantic/refs/heads/main/pydantic/__init__.py
-> ✅ 原始碼下載成功。
-> 🧪 [深度融合] 正在將全球開源碼熔鑄至本地模組: PydanticAuto
-> 💾 寫入硬碟成功: manufacturing_hub/pydanticauto_auto_fused.py
-> 🔍 [品質檢驗] 檢查模組語法: manufacturing_hub/pydanticauto_auto_fused.py
-> 🎉 語法檢驗完美通過！

-> 💤 本輪巡航完畢。進入自動休眠，等待 30 秒後進行下一輪...

[2026-08-25 20:37:31] -> 🔄 開始新一輪全球開源專案自動巡航...
========================================
-> 🌍 [自動守護採購] 正在下載原始碼: https://raw.githubusercontent.com/psf/requests/refs/heads/main/src/requests/__init__.py
-> ✅ 原始碼下載成功。
-> 🧪 [深度融合] 正在將全球開源碼熔鑄至本地模組: RequestsAuto
-> 💾 寫入硬碟成功: manufacturing_hub/requestsauto_auto_fused.py
-> 🔍 [品質檢驗] 檢查模組語法: manufacturing_hub/requestsauto_auto_fused.py
-> 🎉 語法檢驗完美通過！
========================================
-> 🌍 [自動守護採購] 正在下載原始碼: https://raw.githubusercontent.com/fastapi/fastapi/refs/heads/master/fastapi/__init__.py
-> ✅ 原始碼下載成功。
-> 🧪 [深度融合] 正在將全球開源碼熔鑄至本地模組: FastAPIAuto
-> 💾 寫入硬碟成功: manufacturing_hub/fastapiauto_auto_fused.py
-> 🔍 [品質檢驗] 檢查模組語法: manufacturing_hub/fastapiauto_auto_fused.py
-> 🎉 語法檢驗完美通過！
========================================
-> 🌍 [自動守護採購] 正在下載原始碼: https://raw.githubusercontent.com/pallets/flask/refs/heads/main/src/flask/__init__.py
-> ✅ 原始碼下載成功。
-> 🧪 [深度融合] 正在將全球開源碼熔鑄至本地模組: FlaskAuto
-> 💾 寫入硬碟成功: manufacturing_hub/flaskauto_auto_fused.py
-> 🔍 [品質檢驗] 檢查模組語法: manufacturing_hub/flaskauto_auto_fused.py
-> 🎉 語法檢驗完美通過！
========================================
-> 🌍 [自動守護採購] 正在下載原始碼: https://raw.githubusercontent.com/pallets/click/refs/heads/main/src/click/__init__.py
-> ✅ 原始碼下載成功。
-> 🧪 [深度融合] 正在將全球開源碼熔鑄至本地模組: ClickAuto
-> 💾 寫入硬碟成功: manufacturing_hub/clickauto_auto_fused.py
-> 🔍 [品質檢驗] 檢查模組語法: manufacturing_hub/clickauto_auto_fused.py
-> 🎉 語法檢驗完美通過！
========================================
-> 🌍 [自動守護採購] 正在下載原始碼: https://raw.githubusercontent.com/Textualize/rich/refs/heads/main/rich/__init__.py
-> ✅ 原始碼下載成功。
-> 🧪 [深度融合] 正在將全球開源碼熔鑄至本地模組: RichAuto
-> 💾 寫入硬碟成功: manufacturing_hub/richauto_auto_fused.py
-> 🔍 [品質檢驗] 檢查模組語法: manufacturing_hub/richauto_auto_fused.py
-> 🎉 語法檢驗完美通過！
========================================
-> 🌍 [自動守護採購] 正在下載原始碼: https://raw.githubusercontent.com/pydantic/pydantic/refs/heads/main/pydantic/__init__.py
-> ✅ 原始碼下載成功。
-> 🧪 [深度融合] 正在將全球開源碼熔鑄至本地模組: PydanticAuto
-> 💾 寫入硬碟成功: manufacturing_hub/pydanticauto_auto_fused.py
-> 🔍 [品質檢驗] 檢查模組語法: manufacturing_hub/pydanticauto_auto_fused.py
-> 🎉 語法檢驗完美通過！

-> 💤 本輪巡航完畢。進入自動休眠，等待 30 秒後進行下一輪...

[2026-08-25 20:38:06] -> 🔄 開始新一輪全球開源專案自動巡航...
========================================
-> 🌍 [自動守護採購] 正在下載原始碼: https://raw.githubusercontent.com/psf/requests/refs/heads/main/src/requests/__init__.py
-> ✅ 原始碼下載成功。
-> 🧪 [深度融合] 正在將全球開源碼熔鑄至本地模組: RequestsAuto
-> 💾 寫入硬碟成功: manufacturing_hub/requestsauto_auto_fused.py
-> 🔍 [品質檢驗] 檢查模組語法: manufacturing_hub/requestsauto_auto_fused.py
-> 🎉 語法檢驗完美通過！
========================================
-> 🌍 [自動守護採購] 正在下載原始碼: https://raw.githubusercontent.com/fastapi/fastapi/refs/heads/master/fastapi/__init__.py
-> ✅ 原始碼下載成功。
-> 🧪 [深度融合] 正在將全球開源碼熔鑄至本地模組: FastAPIAuto
-> 💾 寫入硬碟成功: manufacturing_hub/fastapiauto_auto_fused.py
-> 🔍 [品質檢驗] 檢查模組語法: manufacturing_hub/fastapiauto_auto_fused.py
-> 🎉 語法檢驗完美通過！
========================================
-> 🌍 [自動守護採購] 正在下載原始碼: https://raw.githubusercontent.com/pallets/flask/refs/heads/main/src/flask/__init__.py
-> ✅ 原始碼下載成功。
-> 🧪 [深度融合] 正在將全球開源碼熔鑄至本地模組: FlaskAuto
-> 💾 寫入硬碟成功: manufacturing_hub/flaskauto_auto_fused.py
-> 🔍 [品質檢驗] 檢查模組語法: manufacturing_hub/flaskauto_auto_fused.py
-> 🎉 語法檢驗完美通過！
========================================
-> 🌍 [自動守護採購] 正在下載原始碼: https://raw.githubusercontent.com/pallets/click/refs/heads/main/src/click/__init__.py
-> ✅ 原始碼下載成功。
-> 🧪 [深度融合] 正在將全球開源碼熔鑄至本地模組: ClickAuto
-> 💾 寫入硬碟成功: manufacturing_hub/clickauto_auto_fused.py
-> 🔍 [品質檢驗] 檢查模組語法: manufacturing_hub/clickauto_auto_fused.py
-> 🎉 語法檢驗完美通過！
========================================
-> 🌍 [自動守護採購] 正在下載原始碼: https://raw.githubusercontent.com/Textualize/rich/refs/heads/main/rich/__init__.py
-> ✅ 原始碼下載成功。
-> 🧪 [深度融合] 正在將全球開源碼熔鑄至本地模組: RichAuto
-> 💾 寫入硬碟成功: manufacturing_hub/richauto_auto_fused.py
-> 🔍 [品質檢驗] 檢查模組語法: manufacturing_hub/richauto_auto_fused.py
-> 🎉 語法檢驗完美通過！
========================================
-> 🌍 [自動守護採購] 正在下載原始碼: https://raw.githubusercontent.com/pydantic/pydantic/refs/heads/main/pydantic/__init__.py
-> ✅ 原始碼下載成功。
-> 🧪 [深度融合] 正在將全球開源碼熔鑄至本地模組: PydanticAuto
-> 💾 寫入硬碟成功: manufacturing_hub/pydanticauto_auto_fused.py
-> 🔍 [品質檢驗] 檢查模組語法: manufacturing_hub/pydanticauto_auto_fused.py
-> 🎉 語法檢驗完美通過！

-> 💤 本輪巡航完畢。進入自動休眠，等待 30 秒後進行下一輪...

[2026-08-25 20:38:40] -> 🔄 開始新一輪全球開源專案自動巡航...
========================================
-> 🌍 [自動守護採購] 正在下載原始碼: https://raw.githubusercontent.com/psf/requests/refs/heads/main/src/requests/__init__.py
-> ✅ 原始碼下載成功。
-> 🧪 [深度融合] 正在將全球開源碼熔鑄至本地模組: RequestsAuto
-> 💾 寫入硬碟成功: manufacturing_hub/requestsauto_auto_fused.py
-> 🔍 [品質檢驗] 檢查模組語法: manufacturing_hub/requestsauto_auto_fused.py
-> 🎉 語法檢驗完美通過！
========================================
-> 🌍 [自動守護採購] 正在下載原始碼: https://raw.githubusercontent.com/fastapi/fastapi/refs/heads/master/fastapi/__init__.py
-> ✅ 原始碼下載成功。
-> 🧪 [深度融合] 正在將全球開源碼熔鑄至本地模組: FastAPIAuto
-> 💾 寫入硬碟成功: manufacturing_hub/fastapiauto_auto_fused.py
-> 🔍 [品質檢驗] 檢查模組語法: manufacturing_hub/fastapiauto_auto_fused.py
-> 🎉 語法檢驗完美通過！
========================================
-> 🌍 [自動守護採購] 正在下載原始碼: https://raw.githubusercontent.com/pallets/flask/refs/heads/main/src/flask/__init__.py
-> ✅ 原始碼下載成功。
-> 🧪 [深度融合] 正在將全球開源碼熔鑄至本地模組: FlaskAuto
-> 💾 寫入硬碟成功: manufacturing_hub/flaskauto_auto_fused.py
-> 🔍 [品質檢驗] 檢查模組語法: manufacturing_hub/flaskauto_auto_fused.py
-> 🎉 語法檢驗完美通過！
========================================
-> 🌍 [自動守護採購] 正在下載原始碼: https://raw.githubusercontent.com/pallets/click/refs/heads/main/src/click/__init__.py
-> ✅ 原始碼下載成功。
-> 🧪 [深度融合] 正在將全球開源碼熔鑄至本地模組: ClickAuto
-> 💾 寫入硬碟成功: manufacturing_hub/clickauto_auto_fused.py
-> 🔍 [品質檢驗] 檢查模組語法: manufacturing_hub/clickauto_auto_fused.py
-> 🎉 語法檢驗完美通過！
========================================
-> 🌍 [自動守護採購] 正在下載原始碼: https://raw.githubusercontent.com/Textualize/rich/refs/heads/main/rich/__init__.py
-> ✅ 原始碼下載成功。
-> 🧪 [深度融合] 正在將全球開源碼熔鑄至本地模組: RichAuto
-> 💾 寫入硬碟成功: manufacturing_hub/richauto_auto_fused.py
-> 🔍 [品質檢驗] 檢查模組語法: manufacturing_hub/richauto_auto_fused.py
-> 🎉 語法檢驗完美通過！
========================================
-> 🌍 [自動守護採購] 正在下載原始碼: https://raw.githubusercontent.com/pydantic/pydantic/refs/heads/main/pydantic/__init__.py
-> ✅ 原始碼下載成功。
-> 🧪 [深度融合] 正在將全球開源碼熔鑄至本地模組: PydanticAuto
-> 💾 寫入硬碟成功: manufacturing_hub/pydanticauto_auto_fused.py
-> 🔍 [品質檢驗] 檢查模組語法: manufacturing_hub/pydanticauto_auto_fused.py
-> 🎉 語法檢驗完美通過！

-> 💤 本輪巡航完畢。進入自動休眠，等待 30 秒後進行下一輪...

[2026-08-25 20:39:14] -> 🔄 開始新一輪全球開源專案自動巡航...
========================================
-> 🌍 [自動守護採購] 正在下載原始碼: https://raw.githubusercontent.com/psf/requests/refs/heads/main/src/requests/__init__.py
-> ✅ 原始碼下載成功。
-> 🧪 [深度融合] 正在將全球開源碼熔鑄至本地模組: RequestsAuto
-> 💾 寫入硬碟成功: manufacturing_hub/requestsauto_auto_fused.py
-> 🔍 [品質檢驗] 檢查模組語法: manufacturing_hub/requestsauto_auto_fused.py
-> 🎉 語法檢驗完美通過！
========================================
-> 🌍 [自動守護採購] 正在下載原始碼: https://raw.githubusercontent.com/fastapi/fastapi/refs/heads/master/fastapi/__init__.py
-> ✅ 原始碼下載成功。
-> 🧪 [深度融合] 正在將全球開源碼熔鑄至本地模組: FastAPIAuto
-> 💾 寫入硬碟成功: manufacturing_hub/fastapiauto_auto_fused.py
-> 🔍 [品質檢驗] 檢查模組語法: manufacturing_hub/fastapiauto_auto_fused.py
-> 🎉 語法檢驗完美通過！
========================================
-> 🌍 [自動守護採購] 正在下載原始碼: https://raw.githubusercontent.com/pallets/flask/refs/heads/main/src/flask/__init__.py
-> ✅ 原始碼下載成功。
-> 🧪 [深度融合] 正在將全球開源碼熔鑄至本地模組: FlaskAuto
-> 💾 寫入硬碟成功: manufacturing_hub/flaskauto_auto_fused.py
-> 🔍 [品質檢驗] 檢查模組語法: manufacturing_hub/flaskauto_auto_fused.py
-> 🎉 語法檢驗完美通過！
========================================
-> 🌍 [自動守護採購] 正在下載原始碼: https://raw.githubusercontent.com/pallets/click/refs/heads/main/src/click/__init__.py
-> ✅ 原始碼下載成功。
-> 🧪 [深度融合] 正在將全球開源碼熔鑄至本地模組: ClickAuto
-> 💾 寫入硬碟成功: manufacturing_hub/clickauto_auto_fused.py
-> 🔍 [品質檢驗] 檢查模組語法: manufacturing_hub/clickauto_auto_fused.py
-> 🎉 語法檢驗完美通過！
========================================
-> 🌍 [自動守護採購] 正在下載原始碼: https://raw.githubusercontent.com/Textualize/rich/refs/heads/main/rich/__init__.py
-> ✅ 原始碼下載成功。
-> 🧪 [深度融合] 正在將全球開源碼熔鑄至本地模組: RichAuto
-> 💾 寫入硬碟成功: manufacturing_hub/richauto_auto_fused.py
-> 🔍 [品質檢驗] 檢查模組語法: manufacturing_hub/richauto_auto_fused.py
-> 🎉 語法檢驗完美通過！
========================================
-> 🌍 [自動守護採購] 正在下載原始碼: https://raw.githubusercontent.com/pydantic/pydantic/refs/heads/main/pydantic/__init__.py
-> ✅ 原始碼下載成功。
-> 🧪 [深度融合] 正在將全球開源碼熔鑄至本地模組: PydanticAuto
-> 💾 寫入硬碟成功: manufacturing_hub/pydanticauto_auto_fused.py
-> 🔍 [品質檢驗] 檢查模組語法: manufacturing_hub/pydanticauto_auto_fused.py
-> 🎉 語法檢驗完美通過！

-> 💤 本輪巡航完畢。進入自動休眠，等待 30 秒後進行下一輪...

[2026-08-25 20:39:50] -> 🔄 開始新一輪全球開源專案自動巡航...
========================================
-> 🌍 [自動守護採購] 正在下載原始碼: https://raw.githubusercontent.com/psf/requests/refs/heads/main/src/requests/__init__.py
-> ✅ 原始碼下載成功。
-> 🧪 [深度融合] 正在將全球開源碼熔鑄至本地模組: RequestsAuto
-> 💾 寫入硬碟成功: manufacturing_hub/requestsauto_auto_fused.py
-> 🔍 [品質檢驗] 檢查模組語法: manufacturing_hub/requestsauto_auto_fused.py
-> 🎉 語法檢驗完美通過！
========================================
-> 🌍 [自動守護採購] 正在下載原始碼: https://raw.githubusercontent.com/fastapi/fastapi/refs/heads/master/fastapi/__init__.py
-> ✅ 原始碼下載成功。
-> 🧪 [深度融合] 正在將全球開源碼熔鑄至本地模組: FastAPIAuto
-> 💾 寫入硬碟成功: manufacturing_hub/fastapiauto_auto_fused.py
-> 🔍 [品質檢驗] 檢查模組語法: manufacturing_hub/fastapiauto_auto_fused.py
-> 🎉 語法檢驗完美通過！
========================================
-> 🌍 [自動守護採購] 正在下載原始碼: https://raw.githubusercontent.com/pallets/flask/refs/heads/main/src/flask/__init__.py
-> ✅ 原始碼下載成功。
-> 🧪 [深度融合] 正在將全球開源碼熔鑄至本地模組: FlaskAuto
-> 💾 寫入硬碟成功: manufacturing_hub/flaskauto_auto_fused.py
-> 🔍 [品質檢驗] 檢查模組語法: manufacturing_hub/flaskauto_auto_fused.py
-> 🎉 語法檢驗完美通過！
========================================
-> 🌍 [自動守護採購] 正在下載原始碼: https://raw.githubusercontent.com/pallets/click/refs/heads/main/src/click/__init__.py
-> ✅ 原始碼下載成功。
-> 🧪 [深度融合] 正在將全球開源碼熔鑄至本地模組: ClickAuto
-> 💾 寫入硬碟成功: manufacturing_hub/clickauto_auto_fused.py
-> 🔍 [品質檢驗] 檢查模組語法: manufacturing_hub/clickauto_auto_fused.py
-> 🎉 語法檢驗完美通過！
========================================
-> 🌍 [自動守護採購] 正在下載原始碼: https://raw.githubusercontent.com/Textualize/rich/refs/heads/main/rich/__init__.py
-> ✅ 原始碼下載成功。
-> 🧪 [深度融合] 正在將全球開源碼熔鑄至本地模組: RichAuto
-> 💾 寫入硬碟成功: manufacturing_hub/richauto_auto_fused.py
-> 🔍 [品質檢驗] 檢查模組語法: manufacturing_hub/richauto_auto_fused.py
-> 🎉 語法檢驗完美通過！
========================================
-> 🌍 [自動守護採購] 正在下載原始碼: https://raw.githubusercontent.com/pydantic/pydantic/refs/heads/main/pydantic/__init__.py
-> ✅ 原始碼下載成功。
-> 🧪 [深度融合] 正在將全球開源碼熔鑄至本地模組: PydanticAuto
-> 💾 寫入硬碟成功: manufacturing_hub/pydanticauto_auto_fused.py
-> 🔍 [品質檢驗] 檢查模組語法: manufacturing_hub/pydanticauto_auto_fused.py
-> 🎉 語法檢驗完美通過！

-> 💤 本輪巡航完畢。進入自動休眠，等待 30 秒後進行下一輪...

[2026-08-25 20:40:24] -> 🔄 開始新一輪全球開源專案自動巡航...
========================================
-> 🌍 [自動守護採購] 正在下載原始碼: https://raw.githubusercontent.com/psf/requests/refs/heads/main/src/requests/__init__.py
-> ✅ 原始碼下載成功。
-> 🧪 [深度融合] 正在將全球開源碼熔鑄至本地模組: RequestsAuto
-> 💾 寫入硬碟成功: manufacturing_hub/requestsauto_auto_fused.py
-> 🔍 [品質檢驗] 檢查模組語法: manufacturing_hub/requestsauto_auto_fused.py
-> 🎉 語法檢驗完美通過！
========================================
-> 🌍 [自動守護採購] 正在下載原始碼: https://raw.githubusercontent.com/fastapi/fastapi/refs/heads/master/fastapi/__init__.py
-> ✅ 原始碼下載成功。
-> 🧪 [深度融合] 正在將全球開源碼熔鑄至本地模組: FastAPIAuto
-> 💾 寫入硬碟成功: manufacturing_hub/fastapiauto_auto_fused.py
-> 🔍 [品質檢驗] 檢查模組語法: manufacturing_hub/fastapiauto_auto_fused.py
-> 🎉 語法檢驗完美通過！
========================================
-> 🌍 [自動守護採購] 正在下載原始碼: https://raw.githubusercontent.com/pallets/flask/refs/heads/main/src/flask/__init__.py
-> ✅ 原始碼下載成功。
-> 🧪 [深度融合] 正在將全球開源碼熔鑄至本地模組: FlaskAuto
-> 💾 寫入硬碟成功: manufacturing_hub/flaskauto_auto_fused.py
-> 🔍 [品質檢驗] 檢查模組語法: manufacturing_hub/flaskauto_auto_fused.py
-> 🎉 語法檢驗完美通過！
========================================
-> 🌍 [自動守護採購] 正在下載原始碼: https://raw.githubusercontent.com/pallets/click/refs/heads/main/src/click/__init__.py
-> ✅ 原始碼下載成功。
-> 🧪 [深度融合] 正在將全球開源碼熔鑄至本地模組: ClickAuto
-> 💾 寫入硬碟成功: manufacturing_hub/clickauto_auto_fused.py
-> 🔍 [品質檢驗] 檢查模組語法: manufacturing_hub/clickauto_auto_fused.py
-> 🎉 語法檢驗完美通過！
========================================
-> 🌍 [自動守護採購] 正在下載原始碼: https://raw.githubusercontent.com/Textualize/rich/refs/heads/main/rich/__init__.py
-> ✅ 原始碼下載成功。
-> 🧪 [深度融合] 正在將全球開源碼熔鑄至本地模組: RichAuto
-> 💾 寫入硬碟成功: manufacturing_hub/richauto_auto_fused.py
-> 🔍 [品質檢驗] 檢查模組語法: manufacturing_hub/richauto_auto_fused.py
-> 🎉 語法檢驗完美通過！
========================================
-> 🌍 [自動守護採購] 正在下載原始碼: https://raw.githubusercontent.com/pydantic/pydantic/refs/heads/main/pydantic/__init__.py
-> ✅ 原始碼下載成功。
-> 🧪 [深度融合] 正在將全球開源碼熔鑄至本地模組: PydanticAuto
-> 💾 寫入硬碟成功: manufacturing_hub/pydanticauto_auto_fused.py
-> 🔍 [品質檢驗] 檢查模組語法: manufacturing_hub/pydanticauto_auto_fused.py
-> 🎉 語法檢驗完美通過！

-> 💤 本輪巡航完畢。進入自動休眠，等待 30 秒後進行下一輪...

[2026-08-25 20:40:58] -> 🔄 開始新一輪全球開源專案自動巡航...
========================================
-> 🌍 [自動守護採購] 正在下載原始碼: https://raw.githubusercontent.com/psf/requests/refs/heads/main/src/requests/__init__.py
-> ✅ 原始碼下載成功。
-> 🧪 [深度融合] 正在將全球開源碼熔鑄至本地模組: RequestsAuto
-> 💾 寫入硬碟成功: manufacturing_hub/requestsauto_auto_fused.py
-> 🔍 [品質檢驗] 檢查模組語法: manufacturing_hub/requestsauto_auto_fused.py
-> 🎉 語法檢驗完美通過！
========================================
-> 🌍 [自動守護採購] 正在下載原始碼: https://raw.githubusercontent.com/fastapi/fastapi/refs/heads/master/fastapi/__init__.py
-> ✅ 原始碼下載成功。
-> 🧪 [深度融合] 正在將全球開源碼熔鑄至本地模組: FastAPIAuto
-> 💾 寫入硬碟成功: manufacturing_hub/fastapiauto_auto_fused.py
-> 🔍 [品質檢驗] 檢查模組語法: manufacturing_hub/fastapiauto_auto_fused.py
-> 🎉 語法檢驗完美通過！
========================================
-> 🌍 [自動守護採購] 正在下載原始碼: https://raw.githubusercontent.com/pallets/flask/refs/heads/main/src/flask/__init__.py
-> ✅ 原始碼下載成功。
-> 🧪 [深度融合] 正在將全球開源碼熔鑄至本地模組: FlaskAuto
-> 💾 寫入硬碟成功: manufacturing_hub/flaskauto_auto_fused.py
-> 🔍 [品質檢驗] 檢查模組語法: manufacturing_hub/flaskauto_auto_fused.py
-> 🎉 語法檢驗完美通過！
========================================
-> 🌍 [自動守護採購] 正在下載原始碼: https://raw.githubusercontent.com/pallets/click/refs/heads/main/src/click/__init__.py
-> ✅ 原始碼下載成功。
-> 🧪 [深度融合] 正在將全球開源碼熔鑄至本地模組: ClickAuto
-> 💾 寫入硬碟成功: manufacturing_hub/clickauto_auto_fused.py
-> 🔍 [品質檢驗] 檢查模組語法: manufacturing_hub/clickauto_auto_fused.py
-> 🎉 語法檢驗完美通過！
========================================
-> 🌍 [自動守護採購] 正在下載原始碼: https://raw.githubusercontent.com/Textualize/rich/refs/heads/main/rich/__init__.py
-> ✅ 原始碼下載成功。
-> 🧪 [深度融合] 正在將全球開源碼熔鑄至本地模組: RichAuto
-> 💾 寫入硬碟成功: manufacturing_hub/richauto_auto_fused.py
-> 🔍 [品質檢驗] 檢查模組語法: manufacturing_hub/richauto_auto_fused.py
-> 🎉 語法檢驗完美通過！
========================================
-> 🌍 [自動守護採購] 正在下載原始碼: https://raw.githubusercontent.com/pydantic/pydantic/refs/heads/main/pydantic/__init__.py
-> ✅ 原始碼下載成功。
-> 🧪 [深度融合] 正在將全球開源碼熔鑄至本地模組: PydanticAuto
-> 💾 寫入硬碟成功: manufacturing_hub/pydanticauto_auto_fused.py
-> 🔍 [品質檢驗] 檢查模組語法: manufacturing_hub/pydanticauto_auto_fused.py
-> 🎉 語法檢驗完美通過！

-> 💤 本輪巡航完畢。進入自動休眠，等待 30 秒後進行下一輪...

[2026-08-25 20:41:33] -> 🔄 開始新一輪全球開源專案自動巡航...
========================================
-> 🌍 [自動守護採購] 正在下載原始碼: https://raw.githubusercontent.com/psf/requests/refs/heads/main/src/requests/__init__.py
-> ✅ 原始碼下載成功。
-> 🧪 [深度融合] 正在將全球開源碼熔鑄至本地模組: RequestsAuto
-> 💾 寫入硬碟成功: manufacturing_hub/requestsauto_auto_fused.py
-> 🔍 [品質檢驗] 檢查模組語法: manufacturing_hub/requestsauto_auto_fused.py
-> 🎉 語法檢驗完美通過！
========================================
-> 🌍 [自動守護採購] 正在下載原始碼: https://raw.githubusercontent.com/fastapi/fastapi/refs/heads/master/fastapi/__init__.py
-> ✅ 原始碼下載成功。
-> 🧪 [深度融合] 正在將全球開源碼熔鑄至本地模組: FastAPIAuto
-> 💾 寫入硬碟成功: manufacturing_hub/fastapiauto_auto_fused.py
-> 🔍 [品質檢驗] 檢查模組語法: manufacturing_hub/fastapiauto_auto_fused.py
-> 🎉 語法檢驗完美通過！
========================================
-> 🌍 [自動守護採購] 正在下載原始碼: https://raw.githubusercontent.com/pallets/flask/refs/heads/main/src/flask/__init__.py
-> ✅ 原始碼下載成功。
-> 🧪 [深度融合] 正在將全球開源碼熔鑄至本地模組: FlaskAuto
-> 💾 寫入硬碟成功: manufacturing_hub/flaskauto_auto_fused.py
-> 🔍 [品質檢驗] 檢查模組語法: manufacturing_hub/flaskauto_auto_fused.py
-> 🎉 語法檢驗完美通過！
========================================
-> 🌍 [自動守護採購] 正在下載原始碼: https://raw.githubusercontent.com/pallets/click/refs/heads/main/src/click/__init__.py
-> ✅ 原始碼下載成功。
-> 🧪 [深度融合] 正在將全球開源碼熔鑄至本地模組: ClickAuto
-> 💾 寫入硬碟成功: manufacturing_hub/clickauto_auto_fused.py
-> 🔍 [品質檢驗] 檢查模組語法: manufacturing_hub/clickauto_auto_fused.py
-> 🎉 語法檢驗完美通過！
========================================
-> 🌍 [自動守護採購] 正在下載原始碼: https://raw.githubusercontent.com/Textualize/rich/refs/heads/main/rich/__init__.py
-> ✅ 原始碼下載成功。
-> 🧪 [深度融合] 正在將全球開源碼熔鑄至本地模組: RichAuto
-> 💾 寫入硬碟成功: manufacturing_hub/richauto_auto_fused.py
-> 🔍 [品質檢驗] 檢查模組語法: manufacturing_hub/richauto_auto_fused.py
-> 🎉 語法檢驗完美通過！
========================================
-> 🌍 [自動守護採購] 正在下載原始碼: https://raw.githubusercontent.com/pydantic/pydantic/refs/heads/main/pydantic/__init__.py
-> ✅ 原始碼下載成功。
-> 🧪 [深度融合] 正在將全球開源碼熔鑄至本地模組: PydanticAuto
-> 💾 寫入硬碟成功: manufacturing_hub/pydanticauto_auto_fused.py
-> 🔍 [品質檢驗] 檢查模組語法: manufacturing_hub/pydanticauto_auto_fused.py
-> 🎉 語法檢驗完美通過！

-> 💤 本輪巡航完畢。進入自動休眠，等待 30 秒後進行下一輪...

[2026-08-25 20:42:07] -> 🔄 開始新一輪全球開源專案自動巡航...
========================================
-> 🌍 [自動守護採購] 正在下載原始碼: https://raw.githubusercontent.com/psf/requests/refs/heads/main/src/requests/__init__.py
-> ✅ 原始碼下載成功。
-> 🧪 [深度融合] 正在將全球開源碼熔鑄至本地模組: RequestsAuto
-> 💾 寫入硬碟成功: manufacturing_hub/requestsauto_auto_fused.py
-> 🔍 [品質檢驗] 檢查模組語法: manufacturing_hub/requestsauto_auto_fused.py
-> 🎉 語法檢驗完美通過！
========================================
-> 🌍 [自動守護採購] 正在下載原始碼: https://raw.githubusercontent.com/fastapi/fastapi/refs/heads/master/fastapi/__init__.py
-> ✅ 原始碼下載成功。
-> 🧪 [深度融合] 正在將全球開源碼熔鑄至本地模組: FastAPIAuto
-> 💾 寫入硬碟成功: manufacturing_hub/fastapiauto_auto_fused.py
-> 🔍 [品質檢驗] 檢查模組語法: manufacturing_hub/fastapiauto_auto_fused.py
-> 🎉 語法檢驗完美通過！
========================================
-> 🌍 [自動守護採購] 正在下載原始碼: https://raw.githubusercontent.com/pallets/flask/refs/heads/main/src/flask/__init__.py
-> ✅ 原始碼下載成功。
-> 🧪 [深度融合] 正在將全球開源碼熔鑄至本地模組: FlaskAuto
-> 💾 寫入硬碟成功: manufacturing_hub/flaskauto_auto_fused.py
-> 🔍 [品質檢驗] 檢查模組語法: manufacturing_hub/flaskauto_auto_fused.py
-> 🎉 語法檢驗完美通過！
========================================
-> 🌍 [自動守護採購] 正在下載原始碼: https://raw.githubusercontent.com/pallets/click/refs/heads/main/src/click/__init__.py
-> ✅ 原始碼下載成功。
-> 🧪 [深度融合] 正在將全球開源碼熔鑄至本地模組: ClickAuto
-> 💾 寫入硬碟成功: manufacturing_hub/clickauto_auto_fused.py
-> 🔍 [品質檢驗] 檢查模組語法: manufacturing_hub/clickauto_auto_fused.py
-> 🎉 語法檢驗完美通過！
========================================
-> 🌍 [自動守護採購] 正在下載原始碼: https://raw.githubusercontent.com/Textualize/rich/refs/heads/main/rich/__init__.py
-> ✅ 原始碼下載成功。
-> 🧪 [深度融合] 正在將全球開源碼熔鑄至本地模組: RichAuto
-> 💾 寫入硬碟成功: manufacturing_hub/richauto_auto_fused.py
-> 🔍 [品質檢驗] 檢查模組語法: manufacturing_hub/richauto_auto_fused.py
-> 🎉 語法檢驗完美通過！
========================================
-> 🌍 [自動守護採購] 正在下載原始碼: https://raw.githubusercontent.com/pydantic/pydantic/refs/heads/main/pydantic/__init__.py
-> ✅ 原始碼下載成功。
-> 🧪 [深度融合] 正在將全球開源碼熔鑄至本地模組: PydanticAuto
-> 💾 寫入硬碟成功: manufacturing_hub/pydanticauto_auto_fused.py
-> 🔍 [品質檢驗] 檢查模組語法: manufacturing_hub/pydanticauto_auto_fused.py
-> 🎉 語法檢驗完美通過！

-> 💤 本輪巡航完畢。進入自動休眠，等待 30 秒後進行下一輪...

[2026-08-25 20:42:41] -> 🔄 開始新一輪全球開源專案自動巡航...
========================================
-> 🌍 [自動守護採購] 正在下載原始碼: https://raw.githubusercontent.com/psf/requests/refs/heads/main/src/requests/__init__.py
-> ✅ 原始碼下載成功。
-> 🧪 [深度融合] 正在將全球開源碼熔鑄至本地模組: RequestsAuto
-> 💾 寫入硬碟成功: manufacturing_hub/requestsauto_auto_fused.py
-> 🔍 [品質檢驗] 檢查模組語法: manufacturing_hub/requestsauto_auto_fused.py
-> 🎉 語法檢驗完美通過！
========================================
-> 🌍 [自動守護採購] 正在下載原始碼: https://raw.githubusercontent.com/fastapi/fastapi/refs/heads/master/fastapi/__init__.py
-> ✅ 原始碼下載成功。
-> 🧪 [深度融合] 正在將全球開源碼熔鑄至本地模組: FastAPIAuto
-> 💾 寫入硬碟成功: manufacturing_hub/fastapiauto_auto_fused.py
-> 🔍 [品質檢驗] 檢查模組語法: manufacturing_hub/fastapiauto_auto_fused.py
-> 🎉 語法檢驗完美通過！
========================================
-> 🌍 [自動守護採購] 正在下載原始碼: https://raw.githubusercontent.com/pallets/flask/refs/heads/main/src/flask/__init__.py
-> ✅ 原始碼下載成功。
-> 🧪 [深度融合] 正在將全球開源碼熔鑄至本地模組: FlaskAuto
-> 💾 寫入硬碟成功: manufacturing_hub/flaskauto_auto_fused.py
-> 🔍 [品質檢驗] 檢查模組語法: manufacturing_hub/flaskauto_auto_fused.py
-> 🎉 語法檢驗完美通過！
========================================
-> 🌍 [自動守護採購] 正在下載原始碼: https://raw.githubusercontent.com/pallets/click/refs/heads/main/src/click/__init__.py
-> ✅ 原始碼下載成功。
-> 🧪 [深度融合] 正在將全球開源碼熔鑄至本地模組: ClickAuto
-> 💾 寫入硬碟成功: manufacturing_hub/clickauto_auto_fused.py
-> 🔍 [品質檢驗] 檢查模組語法: manufacturing_hub/clickauto_auto_fused.py
-> 🎉 語法檢驗完美通過！
========================================
-> 🌍 [自動守護採購] 正在下載原始碼: https://raw.githubusercontent.com/Textualize/rich/refs/heads/main/rich/__init__.py
-> ✅ 原始碼下載成功。
-> 🧪 [深度融合] 正在將全球開源碼熔鑄至本地模組: RichAuto
-> 💾 寫入硬碟成功: manufacturing_hub/richauto_auto_fused.py
-> 🔍 [品質檢驗] 檢查模組語法: manufacturing_hub/richauto_auto_fused.py
-> 🎉 語法檢驗完美通過！
========================================
-> 🌍 [自動守護採購] 正在下載原始碼: https://raw.githubusercontent.com/pydantic/pydantic/refs/heads/main/pydantic/__init__.py
-> ✅ 原始碼下載成功。
-> 🧪 [深度融合] 正在將全球開源碼熔鑄至本地模組: PydanticAuto
-> 💾 寫入硬碟成功: manufacturing_hub/pydanticauto_auto_fused.py
-> 🔍 [品質檢驗] 檢查模組語法: manufacturing_hub/pydanticauto_auto_fused.py
-> 🎉 語法檢驗完美通過！

-> 💤 本輪巡航完畢。進入自動休眠，等待 30 秒後進行下一輪...

[2026-08-25 20:43:15] -> 🔄 開始新一輪全球開源專案自動巡航...
========================================
-> 🌍 [自動守護採購] 正在下載原始碼: https://raw.githubusercontent.com/psf/requests/refs/heads/main/src/requests/__init__.py
-> ✅ 原始碼下載成功。
-> 🧪 [深度融合] 正在將全球開源碼熔鑄至本地模組: RequestsAuto
-> 💾 寫入硬碟成功: manufacturing_hub/requestsauto_auto_fused.py
-> 🔍 [品質檢驗] 檢查模組語法: manufacturing_hub/requestsauto_auto_fused.py
-> 🎉 語法檢驗完美通過！
========================================
-> 🌍 [自動守護採購] 正在下載原始碼: https://raw.githubusercontent.com/fastapi/fastapi/refs/heads/master/fastapi/__init__.py
-> ✅ 原始碼下載成功。
-> 🧪 [深度融合] 正在將全球開源碼熔鑄至本地模組: FastAPIAuto
-> 💾 寫入硬碟成功: manufacturing_hub/fastapiauto_auto_fused.py
-> 🔍 [品質檢驗] 檢查模組語法: manufacturing_hub/fastapiauto_auto_fused.py
-> 🎉 語法檢驗完美通過！
========================================
-> 🌍 [自動守護採購] 正在下載原始碼: https://raw.githubusercontent.com/pallets/flask/refs/heads/main/src/flask/__init__.py
-> ✅ 原始碼下載成功。
-> 🧪 [深度融合] 正在將全球開源碼熔鑄至本地模組: FlaskAuto
-> 💾 寫入硬碟成功: manufacturing_hub/flaskauto_auto_fused.py
-> 🔍 [品質檢驗] 檢查模組語法: manufacturing_hub/flaskauto_auto_fused.py
-> 🎉 語法檢驗完美通過！
========================================
-> 🌍 [自動守護採購] 正在下載原始碼: https://raw.githubusercontent.com/pallets/click/refs/heads/main/src/click/__init__.py
-> ✅ 原始碼下載成功。
-> 🧪 [深度融合] 正在將全球開源碼熔鑄至本地模組: ClickAuto
-> 💾 寫入硬碟成功: manufacturing_hub/clickauto_auto_fused.py
-> 🔍 [品質檢驗] 檢查模組語法: manufacturing_hub/clickauto_auto_fused.py
-> 🎉 語法檢驗完美通過！
========================================
-> 🌍 [自動守護採購] 正在下載原始碼: https://raw.githubusercontent.com/Textualize/rich/refs/heads/main/rich/__init__.py
-> ✅ 原始碼下載成功。
-> 🧪 [深度融合] 正在將全球開源碼熔鑄至本地模組: RichAuto
-> 💾 寫入硬碟成功: manufacturing_hub/richauto_auto_fused.py
-> 🔍 [品質檢驗] 檢查模組語法: manufacturing_hub/richauto_auto_fused.py
-> 🎉 語法檢驗完美通過！
========================================
-> 🌍 [自動守護採購] 正在下載原始碼: https://raw.githubusercontent.com/pydantic/pydantic/refs/heads/main/pydantic/__init__.py
-> ✅ 原始碼下載成功。
-> 🧪 [深度融合] 正在將全球開源碼熔鑄至本地模組: PydanticAuto
-> 💾 寫入硬碟成功: manufacturing_hub/pydanticauto_auto_fused.py
-> 🔍 [品質檢驗] 檢查模組語法: manufacturing_hub/pydanticauto_auto_fused.py
-> 🎉 語法檢驗完美通過！

-> 💤 本輪巡航完畢。進入自動休眠，等待 30 秒後進行下一輪...

[2026-08-25 20:43:49] -> 🔄 開始新一輪全球開源專案自動巡航...
========================================
-> 🌍 [自動守護採購] 正在下載原始碼: https://raw.githubusercontent.com/psf/requests/refs/heads/main/src/requests/__init__.py
-> ✅ 原始碼下載成功。
-> 🧪 [深度融合] 正在將全球開源碼熔鑄至本地模組: RequestsAuto
-> 💾 寫入硬碟成功: manufacturing_hub/requestsauto_auto_fused.py
-> 🔍 [品質檢驗] 檢查模組語法: manufacturing_hub/requestsauto_auto_fused.py
-> 🎉 語法檢驗完美通過！
========================================
-> 🌍 [自動守護採購] 正在下載原始碼: https://raw.githubusercontent.com/fastapi/fastapi/refs/heads/master/fastapi/__init__.py
-> ✅ 原始碼下載成功。
-> 🧪 [深度融合] 正在將全球開源碼熔鑄至本地模組: FastAPIAuto
-> 💾 寫入硬碟成功: manufacturing_hub/fastapiauto_auto_fused.py
-> 🔍 [品質檢驗] 檢查模組語法: manufacturing_hub/fastapiauto_auto_fused.py
-> 🎉 語法檢驗完美通過！
========================================
-> 🌍 [自動守護採購] 正在下載原始碼: https://raw.githubusercontent.com/pallets/flask/refs/heads/main/src/flask/__init__.py
-> ✅ 原始碼下載成功。
-> 🧪 [深度融合] 正在將全球開源碼熔鑄至本地模組: FlaskAuto
-> 💾 寫入硬碟成功: manufacturing_hub/flaskauto_auto_fused.py
-> 🔍 [品質檢驗] 檢查模組語法: manufacturing_hub/flaskauto_auto_fused.py
-> 🎉 語法檢驗完美通過！
========================================
-> 🌍 [自動守護採購] 正在下載原始碼: https://raw.githubusercontent.com/pallets/click/refs/heads/main/src/click/__init__.py
-> ✅ 原始碼下載成功。
-> 🧪 [深度融合] 正在將全球開源碼熔鑄至本地模組: ClickAuto
-> 💾 寫入硬碟成功: manufacturing_hub/clickauto_auto_fused.py
-> 🔍 [品質檢驗] 檢查模組語法: manufacturing_hub/clickauto_auto_fused.py
-> 🎉 語法檢驗完美通過！
========================================
-> 🌍 [自動守護採購] 正在下載原始碼: https://raw.githubusercontent.com/Textualize/rich/refs/heads/main/rich/__init__.py
-> ✅ 原始碼下載成功。
-> 🧪 [深度融合] 正在將全球開源碼熔鑄至本地模組: RichAuto
-> 💾 寫入硬碟成功: manufacturing_hub/richauto_auto_fused.py
-> 🔍 [品質檢驗] 檢查模組語法: manufacturing_hub/richauto_auto_fused.py
-> 🎉 語法檢驗完美通過！
========================================
-> 🌍 [自動守護採購] 正在下載原始碼: https://raw.githubusercontent.com/pydantic/pydantic/refs/heads/main/pydantic/__init__.py
-> ✅ 原始碼下載成功。
-> 🧪 [深度融合] 正在將全球開源碼熔鑄至本地模組: PydanticAuto
-> 💾 寫入硬碟成功: manufacturing_hub/pydanticauto_auto_fused.py
-> 🔍 [品質檢驗] 檢查模組語法: manufacturing_hub/pydanticauto_auto_fused.py
-> 🎉 語法檢驗完美通過！

-> 💤 本輪巡航完畢。進入自動休眠，等待 30 秒後進行下一輪...

[2026-08-25 20:44:23] -> 🔄 開始新一輪全球開源專案自動巡航...
========================================
-> 🌍 [自動守護採購] 正在下載原始碼: https://raw.githubusercontent.com/psf/requests/refs/heads/main/src/requests/__init__.py
-> ✅ 原始碼下載成功。
-> 🧪 [深度融合] 正在將全球開源碼熔鑄至本地模組: RequestsAuto
-> 💾 寫入硬碟成功: manufacturing_hub/requestsauto_auto_fused.py
-> 🔍 [品質檢驗] 檢查模組語法: manufacturing_hub/requestsauto_auto_fused.py
-> 🎉 語法檢驗完美通過！
========================================
-> 🌍 [自動守護採購] 正在下載原始碼: https://raw.githubusercontent.com/fastapi/fastapi/refs/heads/master/fastapi/__init__.py
-> ✅ 原始碼下載成功。
-> 🧪 [深度融合] 正在將全球開源碼熔鑄至本地模組: FastAPIAuto
-> 💾 寫入硬碟成功: manufacturing_hub/fastapiauto_auto_fused.py
-> 🔍 [品質檢驗] 檢查模組語法: manufacturing_hub/fastapiauto_auto_fused.py
-> 🎉 語法檢驗完美通過！
========================================
-> 🌍 [自動守護採購] 正在下載原始碼: https://raw.githubusercontent.com/pallets/flask/refs/heads/main/src/flask/__init__.py
-> ✅ 原始碼下載成功。
-> 🧪 [深度融合] 正在將全球開源碼熔鑄至本地模組: FlaskAuto
-> 💾 寫入硬碟成功: manufacturing_hub/flaskauto_auto_fused.py
-> 🔍 [品質檢驗] 檢查模組語法: manufacturing_hub/flaskauto_auto_fused.py
-> 🎉 語法檢驗完美通過！
========================================
-> 🌍 [自動守護採購] 正在下載原始碼: https://raw.githubusercontent.com/pallets/click/refs/heads/main/src/click/__init__.py
-> ✅ 原始碼下載成功。
-> 🧪 [深度融合] 正在將全球開源碼熔鑄至本地模組: ClickAuto
-> 💾 寫入硬碟成功: manufacturing_hub/clickauto_auto_fused.py
-> 🔍 [品質檢驗] 檢查模組語法: manufacturing_hub/clickauto_auto_fused.py
-> 🎉 語法檢驗完美通過！
========================================
-> 🌍 [自動守護採購] 正在下載原始碼: https://raw.githubusercontent.com/Textualize/rich/refs/heads/main/rich/__init__.py
-> ✅ 原始碼下載成功。
-> 🧪 [深度融合] 正在將全球開源碼熔鑄至本地模組: RichAuto
-> 💾 寫入硬碟成功: manufacturing_hub/richauto_auto_fused.py
-> 🔍 [品質檢驗] 檢查模組語法: manufacturing_hub/richauto_auto_fused.py
-> 🎉 語法檢驗完美通過！
========================================
-> 🌍 [自動守護採購] 正在下載原始碼: https://raw.githubusercontent.com/pydantic/pydantic/refs/heads/main/pydantic/__init__.py
-> ✅ 原始碼下載成功。
-> 🧪 [深度融合] 正在將全球開源碼熔鑄至本地模組: PydanticAuto
-> 💾 寫入硬碟成功: manufacturing_hub/pydanticauto_auto_fused.py
-> 🔍 [品質檢驗] 檢查模組語法: manufacturing_hub/pydanticauto_auto_fused.py
-> 🎉 語法檢驗完美通過！

-> 💤 本輪巡航完畢。進入自動休眠，等待 30 秒後進行下一輪...

[2026-08-25 20:44:57] -> 🔄 開始新一輪全球開源專案自動巡航...
========================================
-> 🌍 [自動守護採購] 正在下載原始碼: https://raw.githubusercontent.com/psf/requests/refs/heads/main/src/requests/__init__.py
-> ✅ 原始碼下載成功。
-> 🧪 [深度融合] 正在將全球開源碼熔鑄至本地模組: RequestsAuto
-> 💾 寫入硬碟成功: manufacturing_hub/requestsauto_auto_fused.py
-> 🔍 [品質檢驗] 檢查模組語法: manufacturing_hub/requestsauto_auto_fused.py
-> 🎉 語法檢驗完美通過！
========================================
-> 🌍 [自動守護採購] 正在下載原始碼: https://raw.githubusercontent.com/fastapi/fastapi/refs/heads/master/fastapi/__init__.py
-> ✅ 原始碼下載成功。
-> 🧪 [深度融合] 正在將全球開源碼熔鑄至本地模組: FastAPIAuto
-> 💾 寫入硬碟成功: manufacturing_hub/fastapiauto_auto_fused.py
-> 🔍 [品質檢驗] 檢查模組語法: manufacturing_hub/fastapiauto_auto_fused.py
-> 🎉 語法檢驗完美通過！
========================================
-> 🌍 [自動守護採購] 正在下載原始碼: https://raw.githubusercontent.com/pallets/flask/refs/heads/main/src/flask/__init__.py
-> ✅ 原始碼下載成功。
-> 🧪 [深度融合] 正在將全球開源碼熔鑄至本地模組: FlaskAuto
-> 💾 寫入硬碟成功: manufacturing_hub/flaskauto_auto_fused.py
-> 🔍 [品質檢驗] 檢查模組語法: manufacturing_hub/flaskauto_auto_fused.py
-> 🎉 語法檢驗完美通過！
========================================
-> 🌍 [自動守護採購] 正在下載原始碼: https://raw.githubusercontent.com/pallets/click/refs/heads/main/src/click/__init__.py
-> ✅ 原始碼下載成功。
-> 🧪 [深度融合] 正在將全球開源碼熔鑄至本地模組: ClickAuto
-> 💾 寫入硬碟成功: manufacturing_hub/clickauto_auto_fused.py
-> 🔍 [品質檢驗] 檢查模組語法: manufacturing_hub/clickauto_auto_fused.py
-> 🎉 語法檢驗完美通過！
========================================
-> 🌍 [自動守護採購] 正在下載原始碼: https://raw.githubusercontent.com/Textualize/rich/refs/heads/main/rich/__init__.py
-> ✅ 原始碼下載成功。
-> 🧪 [深度融合] 正在將全球開源碼熔鑄至本地模組: RichAuto
-> 💾 寫入硬碟成功: manufacturing_hub/richauto_auto_fused.py
-> 🔍 [品質檢驗] 檢查模組語法: manufacturing_hub/richauto_auto_fused.py
-> 🎉 語法檢驗完美通過！
========================================
-> 🌍 [自動守護採購] 正在下載原始碼: https://raw.githubusercontent.com/pydantic/pydantic/refs/heads/main/pydantic/__init__.py
-> ✅ 原始碼下載成功。
-> 🧪 [深度融合] 正在將全球開源碼熔鑄至本地模組: PydanticAuto
-> 💾 寫入硬碟成功: manufacturing_hub/pydanticauto_auto_fused.py
-> 🔍 [品質檢驗] 檢查模組語法: manufacturing_hub/pydanticauto_auto_fused.py
-> 🎉 語法檢驗完美通過！

-> 💤 本輪巡航完畢。進入自動休眠，等待 30 秒後進行下一輪...

[2026-08-25 20:45:31] -> 🔄 開始新一輪全球開源專案自動巡航...
========================================
-> 🌍 [自動守護採購] 正在下載原始碼: https://raw.githubusercontent.com/psf/requests/refs/heads/main/src/requests/__init__.py
-> ✅ 原始碼下載成功。
-> 🧪 [深度融合] 正在將全球開源碼熔鑄至本地模組: RequestsAuto
-> 💾 寫入硬碟成功: manufacturing_hub/requestsauto_auto_fused.py
-> 🔍 [品質檢驗] 檢查模組語法: manufacturing_hub/requestsauto_auto_fused.py
-> 🎉 語法檢驗完美通過！
========================================
-> 🌍 [自動守護採購] 正在下載原始碼: https://raw.githubusercontent.com/fastapi/fastapi/refs/heads/master/fastapi/__init__.py
-> ✅ 原始碼下載成功。
-> 🧪 [深度融合] 正在將全球開源碼熔鑄至本地模組: FastAPIAuto
-> 💾 寫入硬碟成功: manufacturing_hub/fastapiauto_auto_fused.py
-> 🔍 [品質檢驗] 檢查模組語法: manufacturing_hub/fastapiauto_auto_fused.py
-> 🎉 語法檢驗完美通過！
========================================
-> 🌍 [自動守護採購] 正在下載原始碼: https://raw.githubusercontent.com/pallets/flask/refs/heads/main/src/flask/__init__.py
-> ✅ 原始碼下載成功。
-> 🧪 [深度融合] 正在將全球開源碼熔鑄至本地模組: FlaskAuto
-> 💾 寫入硬碟成功: manufacturing_hub/flaskauto_auto_fused.py
-> 🔍 [品質檢驗] 檢查模組語法: manufacturing_hub/flaskauto_auto_fused.py
-> 🎉 語法檢驗完美通過！
========================================
-> 🌍 [自動守護採購] 正在下載原始碼: https://raw.githubusercontent.com/pallets/click/refs/heads/main/src/click/__init__.py
-> ✅ 原始碼下載成功。
-> 🧪 [深度融合] 正在將全球開源碼熔鑄至本地模組: ClickAuto
-> 💾 寫入硬碟成功: manufacturing_hub/clickauto_auto_fused.py
-> 🔍 [品質檢驗] 檢查模組語法: manufacturing_hub/clickauto_auto_fused.py
-> 🎉 語法檢驗完美通過！
========================================
-> 🌍 [自動守護採購] 正在下載原始碼: https://raw.githubusercontent.com/Textualize/rich/refs/heads/main/rich/__init__.py
-> ✅ 原始碼下載成功。
-> 🧪 [深度融合] 正在將全球開源碼熔鑄至本地模組: RichAuto
-> 💾 寫入硬碟成功: manufacturing_hub/richauto_auto_fused.py
-> 🔍 [品質檢驗] 檢查模組語法: manufacturing_hub/richauto_auto_fused.py
-> 🎉 語法檢驗完美通過！
========================================
-> 🌍 [自動守護採購] 正在下載原始碼: https://raw.githubusercontent.com/pydantic/pydantic/refs/heads/main/pydantic/__init__.py
-> ✅ 原始碼下載成功。
-> 🧪 [深度融合] 正在將全球開源碼熔鑄至本地模組: PydanticAuto
-> 💾 寫入硬碟成功: manufacturing_hub/pydanticauto_auto_fused.py
-> 🔍 [品質檢驗] 檢查模組語法: manufacturing_hub/pydanticauto_auto_fused.py
-> 🎉 語法檢驗完美通過！

-> 💤 本輪巡航完畢。進入自動休眠，等待 30 秒後進行下一輪...

[2026-08-25 20:46:06] -> 🔄 開始新一輪全球開源專案自動巡航...
========================================
-> 🌍 [自動守護採購] 正在下載原始碼: https://raw.githubusercontent.com/psf/requests/refs/heads/main/src/requests/__init__.py
-> ✅ 原始碼下載成功。
-> 🧪 [深度融合] 正在將全球開源碼熔鑄至本地模組: RequestsAuto
-> 💾 寫入硬碟成功: manufacturing_hub/requestsauto_auto_fused.py
-> 🔍 [品質檢驗] 檢查模組語法: manufacturing_hub/requestsauto_auto_fused.py
-> 🎉 語法檢驗完美通過！
========================================
-> 🌍 [自動守護採購] 正在下載原始碼: https://raw.githubusercontent.com/fastapi/fastapi/refs/heads/master/fastapi/__init__.py
-> ✅ 原始碼下載成功。
-> 🧪 [深度融合] 正在將全球開源碼熔鑄至本地模組: FastAPIAuto
-> 💾 寫入硬碟成功: manufacturing_hub/fastapiauto_auto_fused.py
-> 🔍 [品質檢驗] 檢查模組語法: manufacturing_hub/fastapiauto_auto_fused.py
-> 🎉 語法檢驗完美通過！
========================================
-> 🌍 [自動守護採購] 正在下載原始碼: https://raw.githubusercontent.com/pallets/flask/refs/heads/main/src/flask/__init__.py
-> ✅ 原始碼下載成功。
-> 🧪 [深度融合] 正在將全球開源碼熔鑄至本地模組: FlaskAuto
-> 💾 寫入硬碟成功: manufacturing_hub/flaskauto_auto_fused.py
-> 🔍 [品質檢驗] 檢查模組語法: manufacturing_hub/flaskauto_auto_fused.py
-> 🎉 語法檢驗完美通過！
========================================
-> 🌍 [自動守護採購] 正在下載原始碼: https://raw.githubusercontent.com/pallets/click/refs/heads/main/src/click/__init__.py
-> ✅ 原始碼下載成功。
-> 🧪 [深度融合] 正在將全球開源碼熔鑄至本地模組: ClickAuto
-> 💾 寫入硬碟成功: manufacturing_hub/clickauto_auto_fused.py
-> 🔍 [品質檢驗] 檢查模組語法: manufacturing_hub/clickauto_auto_fused.py
-> 🎉 語法檢驗完美通過！
========================================
-> 🌍 [自動守護採購] 正在下載原始碼: https://raw.githubusercontent.com/Textualize/rich/refs/heads/main/rich/__init__.py
-> ✅ 原始碼下載成功。
-> 🧪 [深度融合] 正在將全球開源碼熔鑄至本地模組: RichAuto
-> 💾 寫入硬碟成功: manufacturing_hub/richauto_auto_fused.py
-> 🔍 [品質檢驗] 檢查模組語法: manufacturing_hub/richauto_auto_fused.py
-> 🎉 語法檢驗完美通過！
========================================
-> 🌍 [自動守護採購] 正在下載原始碼: https://raw.githubusercontent.com/pydantic/pydantic/refs/heads/main/pydantic/__init__.py
-> ✅ 原始碼下載成功。
-> 🧪 [深度融合] 正在將全球開源碼熔鑄至本地模組: PydanticAuto
-> 💾 寫入硬碟成功: manufacturing_hub/pydanticauto_auto_fused.py
-> 🔍 [品質檢驗] 檢查模組語法: manufacturing_hub/pydanticauto_auto_fused.py
-> 🎉 語法檢驗完美通過！

-> 💤 本輪巡航完畢。進入自動休眠，等待 30 秒後進行下一輪...

[2026-08-25 20:46:42] -> 🔄 開始新一輪全球開源專案自動巡航...
========================================
-> 🌍 [自動守護採購] 正在下載原始碼: https://raw.githubusercontent.com/psf/requests/refs/heads/main/src/requests/__init__.py
-> ✅ 原始碼下載成功。
-> 🧪 [深度融合] 正在將全球開源碼熔鑄至本地模組: RequestsAuto
-> 💾 寫入硬碟成功: manufacturing_hub/requestsauto_auto_fused.py
-> 🔍 [品質檢驗] 檢查模組語法: manufacturing_hub/requestsauto_auto_fused.py
-> 🎉 語法檢驗完美通過！
========================================
-> 🌍 [自動守護採購] 正在下載原始碼: https://raw.githubusercontent.com/fastapi/fastapi/refs/heads/master/fastapi/__init__.py
-> ✅ 原始碼下載成功。
-> 🧪 [深度融合] 正在將全球開源碼熔鑄至本地模組: FastAPIAuto
-> 💾 寫入硬碟成功: manufacturing_hub/fastapiauto_auto_fused.py
-> 🔍 [品質檢驗] 檢查模組語法: manufacturing_hub/fastapiauto_auto_fused.py
-> 🎉 語法檢驗完美通過！
========================================
-> 🌍 [自動守護採購] 正在下載原始碼: https://raw.githubusercontent.com/pallets/flask/refs/heads/main/src/flask/__init__.py
-> ✅ 原始碼下載成功。
-> 🧪 [深度融合] 正在將全球開源碼熔鑄至本地模組: FlaskAuto
-> 💾 寫入硬碟成功: manufacturing_hub/flaskauto_auto_fused.py
-> 🔍 [品質檢驗] 檢查模組語法: manufacturing_hub/flaskauto_auto_fused.py
-> 🎉 語法檢驗完美通過！
========================================
-> 🌍 [自動守護採購] 正在下載原始碼: https://raw.githubusercontent.com/pallets/click/refs/heads/main/src/click/__init__.py
-> ✅ 原始碼下載成功。
-> 🧪 [深度融合] 正在將全球開源碼熔鑄至本地模組: ClickAuto
-> 💾 寫入硬碟成功: manufacturing_hub/clickauto_auto_fused.py
-> 🔍 [品質檢驗] 檢查模組語法: manufacturing_hub/clickauto_auto_fused.py
-> 🎉 語法檢驗完美通過！
========================================
-> 🌍 [自動守護採購] 正在下載原始碼: https://raw.githubusercontent.com/Textualize/rich/refs/heads/main/rich/__init__.py
-> ✅ 原始碼下載成功。
-> 🧪 [深度融合] 正在將全球開源碼熔鑄至本地模組: RichAuto
-> 💾 寫入硬碟成功: manufacturing_hub/richauto_auto_fused.py
-> 🔍 [品質檢驗] 檢查模組語法: manufacturing_hub/richauto_auto_fused.py
-> 🎉 語法檢驗完美通過！
========================================
-> 🌍 [自動守護採購] 正在下載原始碼: https://raw.githubusercontent.com/pydantic/pydantic/refs/heads/main/pydantic/__init__.py
-> ✅ 原始碼下載成功。
-> 🧪 [深度融合] 正在將全球開源碼熔鑄至本地模組: PydanticAuto
-> 💾 寫入硬碟成功: manufacturing_hub/pydanticauto_auto_fused.py
-> 🔍 [品質檢驗] 檢查模組語法: manufacturing_hub/pydanticauto_auto_fused.py
-> 🎉 語法檢驗完美通過！

-> 💤 本輪巡航完畢。進入自動休眠，等待 30 秒後進行下一輪...

[2026-08-25 20:47:17] -> 🔄 開始新一輪全球開源專案自動巡航...
========================================
-> 🌍 [自動守護採購] 正在下載原始碼: https://raw.githubusercontent.com/psf/requests/refs/heads/main/src/requests/__init__.py
-> ✅ 原始碼下載成功。
-> 🧪 [深度融合] 正在將全球開源碼熔鑄至本地模組: RequestsAuto
-> 💾 寫入硬碟成功: manufacturing_hub/requestsauto_auto_fused.py
-> 🔍 [品質檢驗] 檢查模組語法: manufacturing_hub/requestsauto_auto_fused.py
-> 🎉 語法檢驗完美通過！
========================================
-> 🌍 [自動守護採購] 正在下載原始碼: https://raw.githubusercontent.com/fastapi/fastapi/refs/heads/master/fastapi/__init__.py
-> ✅ 原始碼下載成功。
-> 🧪 [深度融合] 正在將全球開源碼熔鑄至本地模組: FastAPIAuto
-> 💾 寫入硬碟成功: manufacturing_hub/fastapiauto_auto_fused.py
-> 🔍 [品質檢驗] 檢查模組語法: manufacturing_hub/fastapiauto_auto_fused.py
-> 🎉 語法檢驗完美通過！
========================================
-> 🌍 [自動守護採購] 正在下載原始碼: https://raw.githubusercontent.com/pallets/flask/refs/heads/main/src/flask/__init__.py
-> ✅ 原始碼下載成功。
-> 🧪 [深度融合] 正在將全球開源碼熔鑄至本地模組: FlaskAuto
-> 💾 寫入硬碟成功: manufacturing_hub/flaskauto_auto_fused.py
-> 🔍 [品質檢驗] 檢查模組語法: manufacturing_hub/flaskauto_auto_fused.py
-> 🎉 語法檢驗完美通過！
========================================
-> 🌍 [自動守護採購] 正在下載原始碼: https://raw.githubusercontent.com/pallets/click/refs/heads/main/src/click/__init__.py
-> ✅ 原始碼下載成功。
-> 🧪 [深度融合] 正在將全球開源碼熔鑄至本地模組: ClickAuto
-> 💾 寫入硬碟成功: manufacturing_hub/clickauto_auto_fused.py
-> 🔍 [品質檢驗] 檢查模組語法: manufacturing_hub/clickauto_auto_fused.py
-> 🎉 語法檢驗完美通過！
========================================
-> 🌍 [自動守護採購] 正在下載原始碼: https://raw.githubusercontent.com/Textualize/rich/refs/heads/main/rich/__init__.py
-> ✅ 原始碼下載成功。
-> 🧪 [深度融合] 正在將全球開源碼熔鑄至本地模組: RichAuto
-> 💾 寫入硬碟成功: manufacturing_hub/richauto_auto_fused.py
-> 🔍 [品質檢驗] 檢查模組語法: manufacturing_hub/richauto_auto_fused.py
-> 🎉 語法檢驗完美通過！
========================================
-> 🌍 [自動守護採購] 正在下載原始碼: https://raw.githubusercontent.com/pydantic/pydantic/refs/heads/main/pydantic/__init__.py
-> ✅ 原始碼下載成功。
-> 🧪 [深度融合] 正在將全球開源碼熔鑄至本地模組: PydanticAuto
-> 💾 寫入硬碟成功: manufacturing_hub/pydanticauto_auto_fused.py
-> 🔍 [品質檢驗] 檢查模組語法: manufacturing_hub/pydanticauto_auto_fused.py
-> 🎉 語法檢驗完美通過！

-> 💤 本輪巡航完畢。進入自動休眠，等待 30 秒後進行下一輪...

[2026-08-25 20:47:50] -> 🔄 開始新一輪全球開源專案自動巡航...
========================================
-> 🌍 [自動守護採購] 正在下載原始碼: https://raw.githubusercontent.com/psf/requests/refs/heads/main/src/requests/__init__.py
-> ✅ 原始碼下載成功。
-> 🧪 [深度融合] 正在將全球開源碼熔鑄至本地模組: RequestsAuto
-> 💾 寫入硬碟成功: manufacturing_hub/requestsauto_auto_fused.py
-> 🔍 [品質檢驗] 檢查模組語法: manufacturing_hub/requestsauto_auto_fused.py
-> 🎉 語法檢驗完美通過！
========================================
-> 🌍 [自動守護採購] 正在下載原始碼: https://raw.githubusercontent.com/fastapi/fastapi/refs/heads/master/fastapi/__init__.py
-> ✅ 原始碼下載成功。
-> 🧪 [深度融合] 正在將全球開源碼熔鑄至本地模組: FastAPIAuto
-> 💾 寫入硬碟成功: manufacturing_hub/fastapiauto_auto_fused.py
-> 🔍 [品質檢驗] 檢查模組語法: manufacturing_hub/fastapiauto_auto_fused.py
-> 🎉 語法檢驗完美通過！
========================================
-> 🌍 [自動守護採購] 正在下載原始碼: https://raw.githubusercontent.com/pallets/flask/refs/heads/main/src/flask/__init__.py
-> ✅ 原始碼下載成功。
-> 🧪 [深度融合] 正在將全球開源碼熔鑄至本地模組: FlaskAuto
-> 💾 寫入硬碟成功: manufacturing_hub/flaskauto_auto_fused.py
-> 🔍 [品質檢驗] 檢查模組語法: manufacturing_hub/flaskauto_auto_fused.py
-> 🎉 語法檢驗完美通過！
========================================
-> 🌍 [自動守護採購] 正在下載原始碼: https://raw.githubusercontent.com/pallets/click/refs/heads/main/src/click/__init__.py
-> ✅ 原始碼下載成功。
-> 🧪 [深度融合] 正在將全球開源碼熔鑄至本地模組: ClickAuto
-> 💾 寫入硬碟成功: manufacturing_hub/clickauto_auto_fused.py
-> 🔍 [品質檢驗] 檢查模組語法: manufacturing_hub/clickauto_auto_fused.py
-> 🎉 語法檢驗完美通過！
========================================
-> 🌍 [自動守護採購] 正在下載原始碼: https://raw.githubusercontent.com/Textualize/rich/refs/heads/main/rich/__init__.py
-> ✅ 原始碼下載成功。
-> 🧪 [深度融合] 正在將全球開源碼熔鑄至本地模組: RichAuto
-> 💾 寫入硬碟成功: manufacturing_hub/richauto_auto_fused.py
-> 🔍 [品質檢驗] 檢查模組語法: manufacturing_hub/richauto_auto_fused.py
-> 🎉 語法檢驗完美通過！
========================================
-> 🌍 [自動守護採購] 正在下載原始碼: https://raw.githubusercontent.com/pydantic/pydantic/refs/heads/main/pydantic/__init__.py
-> ✅ 原始碼下載成功。
-> 🧪 [深度融合] 正在將全球開源碼熔鑄至本地模組: PydanticAuto
-> 💾 寫入硬碟成功: manufacturing_hub/pydanticauto_auto_fused.py
-> 🔍 [品質檢驗] 檢查模組語法: manufacturing_hub/pydanticauto_auto_fused.py
-> 🎉 語法檢驗完美通過！

-> 💤 本輪巡航完畢。進入自動休眠，等待 30 秒後進行下一輪...

[2026-08-25 20:48:25] -> 🔄 開始新一輪全球開源專案自動巡航...
========================================
-> 🌍 [自動守護採購] 正在下載原始碼: https://raw.githubusercontent.com/psf/requests/refs/heads/main/src/requests/__init__.py
-> ✅ 原始碼下載成功。
-> 🧪 [深度融合] 正在將全球開源碼熔鑄至本地模組: RequestsAuto
-> 💾 寫入硬碟成功: manufacturing_hub/requestsauto_auto_fused.py
-> 🔍 [品質檢驗] 檢查模組語法: manufacturing_hub/requestsauto_auto_fused.py
-> 🎉 語法檢驗完美通過！
========================================
-> 🌍 [自動守護採購] 正在下載原始碼: https://raw.githubusercontent.com/fastapi/fastapi/refs/heads/master/fastapi/__init__.py
-> ✅ 原始碼下載成功。
-> 🧪 [深度融合] 正在將全球開源碼熔鑄至本地模組: FastAPIAuto
-> 💾 寫入硬碟成功: manufacturing_hub/fastapiauto_auto_fused.py
-> 🔍 [品質檢驗] 檢查模組語法: manufacturing_hub/fastapiauto_auto_fused.py
-> 🎉 語法檢驗完美通過！
========================================
-> 🌍 [自動守護採購] 正在下載原始碼: https://raw.githubusercontent.com/pallets/flask/refs/heads/main/src/flask/__init__.py
-> ✅ 原始碼下載成功。
-> 🧪 [深度融合] 正在將全球開源碼熔鑄至本地模組: FlaskAuto
-> 💾 寫入硬碟成功: manufacturing_hub/flaskauto_auto_fused.py
-> 🔍 [品質檢驗] 檢查模組語法: manufacturing_hub/flaskauto_auto_fused.py
-> 🎉 語法檢驗完美通過！
========================================
-> 🌍 [自動守護採購] 正在下載原始碼: https://raw.githubusercontent.com/pallets/click/refs/heads/main/src/click/__init__.py
-> ✅ 原始碼下載成功。
-> 🧪 [深度融合] 正在將全球開源碼熔鑄至本地模組: ClickAuto
-> 💾 寫入硬碟成功: manufacturing_hub/clickauto_auto_fused.py
-> 🔍 [品質檢驗] 檢查模組語法: manufacturing_hub/clickauto_auto_fused.py
-> 🎉 語法檢驗完美通過！
========================================
-> 🌍 [自動守護採購] 正在下載原始碼: https://raw.githubusercontent.com/Textualize/rich/refs/heads/main/rich/__init__.py
-> ✅ 原始碼下載成功。
-> 🧪 [深度融合] 正在將全球開源碼熔鑄至本地模組: RichAuto
-> 💾 寫入硬碟成功: manufacturing_hub/richauto_auto_fused.py
-> 🔍 [品質檢驗] 檢查模組語法: manufacturing_hub/richauto_auto_fused.py
-> 🎉 語法檢驗完美通過！
========================================
-> 🌍 [自動守護採購] 正在下載原始碼: https://raw.githubusercontent.com/pydantic/pydantic/refs/heads/main/pydantic/__init__.py
-> ✅ 原始碼下載成功。
-> 🧪 [深度融合] 正在將全球開源碼熔鑄至本地模組: PydanticAuto
-> 💾 寫入硬碟成功: manufacturing_hub/pydanticauto_auto_fused.py
-> 🔍 [品質檢驗] 檢查模組語法: manufacturing_hub/pydanticauto_auto_fused.py
-> 🎉 語法檢驗完美通過！

-> 💤 本輪巡航完畢。進入自動休眠，等待 30 秒後進行下一輪...

[2026-08-25 20:49:00] -> 🔄 開始新一輪全球開源專案自動巡航...
========================================
-> 🌍 [自動守護採購] 正在下載原始碼: https://raw.githubusercontent.com/psf/requests/refs/heads/main/src/requests/__init__.py
-> ✅ 原始碼下載成功。
-> 🧪 [深度融合] 正在將全球開源碼熔鑄至本地模組: RequestsAuto
-> 💾 寫入硬碟成功: manufacturing_hub/requestsauto_auto_fused.py
-> 🔍 [品質檢驗] 檢查模組語法: manufacturing_hub/requestsauto_auto_fused.py
-> 🎉 語法檢驗完美通過！
========================================
-> 🌍 [自動守護採購] 正在下載原始碼: https://raw.githubusercontent.com/fastapi/fastapi/refs/heads/master/fastapi/__init__.py
-> ✅ 原始碼下載成功。
-> 🧪 [深度融合] 正在將全球開源碼熔鑄至本地模組: FastAPIAuto
-> 💾 寫入硬碟成功: manufacturing_hub/fastapiauto_auto_fused.py
-> 🔍 [品質檢驗] 檢查模組語法: manufacturing_hub/fastapiauto_auto_fused.py
-> 🎉 語法檢驗完美通過！
========================================
-> 🌍 [自動守護採購] 正在下載原始碼: https://raw.githubusercontent.com/pallets/flask/refs/heads/main/src/flask/__init__.py
-> ✅ 原始碼下載成功。
-> 🧪 [深度融合] 正在將全球開源碼熔鑄至本地模組: FlaskAuto
-> 💾 寫入硬碟成功: manufacturing_hub/flaskauto_auto_fused.py
-> 🔍 [品質檢驗] 檢查模組語法: manufacturing_hub/flaskauto_auto_fused.py
-> 🎉 語法檢驗完美通過！
========================================
-> 🌍 [自動守護採購] 正在下載原始碼: https://raw.githubusercontent.com/pallets/click/refs/heads/main/src/click/__init__.py
-> ✅ 原始碼下載成功。
-> 🧪 [深度融合] 正在將全球開源碼熔鑄至本地模組: ClickAuto
-> 💾 寫入硬碟成功: manufacturing_hub/clickauto_auto_fused.py
-> 🔍 [品質檢驗] 檢查模組語法: manufacturing_hub/clickauto_auto_fused.py
-> 🎉 語法檢驗完美通過！
========================================
-> 🌍 [自動守護採購] 正在下載原始碼: https://raw.githubusercontent.com/Textualize/rich/refs/heads/main/rich/__init__.py
-> ✅ 原始碼下載成功。
-> 🧪 [深度融合] 正在將全球開源碼熔鑄至本地模組: RichAuto
-> 💾 寫入硬碟成功: manufacturing_hub/richauto_auto_fused.py
-> 🔍 [品質檢驗] 檢查模組語法: manufacturing_hub/richauto_auto_fused.py
-> 🎉 語法檢驗完美通過！
========================================
-> 🌍 [自動守護採購] 正在下載原始碼: https://raw.githubusercontent.com/pydantic/pydantic/refs/heads/main/pydantic/__init__.py
-> ✅ 原始碼下載成功。
-> 🧪 [深度融合] 正在將全球開源碼熔鑄至本地模組: PydanticAuto
-> 💾 寫入硬碟成功: manufacturing_hub/pydanticauto_auto_fused.py
-> 🔍 [品質檢驗] 檢查模組語法: manufacturing_hub/pydanticauto_auto_fused.py
-> 🎉 語法檢驗完美通過！

-> 💤 本輪巡航完畢。進入自動休眠，等待 30 秒後進行下一輪...

[2026-08-25 20:49:36] -> 🔄 開始新一輪全球開源專案自動巡航...
========================================
-> 🌍 [自動守護採購] 正在下載原始碼: https://raw.githubusercontent.com/psf/requests/refs/heads/main/src/requests/__init__.py
-> ✅ 原始碼下載成功。
-> 🧪 [深度融合] 正在將全球開源碼熔鑄至本地模組: RequestsAuto
-> 💾 寫入硬碟成功: manufacturing_hub/requestsauto_auto_fused.py
-> 🔍 [品質檢驗] 檢查模組語法: manufacturing_hub/requestsauto_auto_fused.py
-> 🎉 語法檢驗完美通過！
========================================
-> 🌍 [自動守護採購] 正在下載原始碼: https://raw.githubusercontent.com/fastapi/fastapi/refs/heads/master/fastapi/__init__.py
-> ✅ 原始碼下載成功。
-> 🧪 [深度融合] 正在將全球開源碼熔鑄至本地模組: FastAPIAuto
-> 💾 寫入硬碟成功: manufacturing_hub/fastapiauto_auto_fused.py
-> 🔍 [品質檢驗] 檢查模組語法: manufacturing_hub/fastapiauto_auto_fused.py
-> 🎉 語法檢驗完美通過！
========================================
-> 🌍 [自動守護採購] 正在下載原始碼: https://raw.githubusercontent.com/pallets/flask/refs/heads/main/src/flask/__init__.py
-> ✅ 原始碼下載成功。
-> 🧪 [深度融合] 正在將全球開源碼熔鑄至本地模組: FlaskAuto
-> 💾 寫入硬碟成功: manufacturing_hub/flaskauto_auto_fused.py
-> 🔍 [品質檢驗] 檢查模組語法: manufacturing_hub/flaskauto_auto_fused.py
-> 🎉 語法檢驗完美通過！
========================================
-> 🌍 [自動守護採購] 正在下載原始碼: https://raw.githubusercontent.com/pallets/click/refs/heads/main/src/click/__init__.py
-> ✅ 原始碼下載成功。
-> 🧪 [深度融合] 正在將全球開源碼熔鑄至本地模組: ClickAuto
-> 💾 寫入硬碟成功: manufacturing_hub/clickauto_auto_fused.py
-> 🔍 [品質檢驗] 檢查模組語法: manufacturing_hub/clickauto_auto_fused.py
-> 🎉 語法檢驗完美通過！
========================================
-> 🌍 [自動守護採購] 正在下載原始碼: https://raw.githubusercontent.com/Textualize/rich/refs/heads/main/rich/__init__.py
-> ✅ 原始碼下載成功。
-> 🧪 [深度融合] 正在將全球開源碼熔鑄至本地模組: RichAuto
-> 💾 寫入硬碟成功: manufacturing_hub/richauto_auto_fused.py
-> 🔍 [品質檢驗] 檢查模組語法: manufacturing_hub/richauto_auto_fused.py
-> 🎉 語法檢驗完美通過！
========================================
-> 🌍 [自動守護採購] 正在下載原始碼: https://raw.githubusercontent.com/pydantic/pydantic/refs/heads/main/pydantic/__init__.py
-> ✅ 原始碼下載成功。
-> 🧪 [深度融合] 正在將全球開源碼熔鑄至本地模組: PydanticAuto
-> 💾 寫入硬碟成功: manufacturing_hub/pydanticauto_auto_fused.py
-> 🔍 [品質檢驗] 檢查模組語法: manufacturing_hub/pydanticauto_auto_fused.py
-> 🎉 語法檢驗完美通過！

-> 💤 本輪巡航完畢。進入自動休眠，等待 30 秒後進行下一輪...

[2026-08-25 20:50:10] -> 🔄 開始新一輪全球開源專案自動巡航...
========================================
-> 🌍 [自動守護採購] 正在下載原始碼: https://raw.githubusercontent.com/psf/requests/refs/heads/main/src/requests/__init__.py
-> ✅ 原始碼下載成功。
-> 🧪 [深度融合] 正在將全球開源碼熔鑄至本地模組: RequestsAuto
-> 💾 寫入硬碟成功: manufacturing_hub/requestsauto_auto_fused.py
-> 🔍 [品質檢驗] 檢查模組語法: manufacturing_hub/requestsauto_auto_fused.py
-> 🎉 語法檢驗完美通過！
========================================
-> 🌍 [自動守護採購] 正在下載原始碼: https://raw.githubusercontent.com/fastapi/fastapi/refs/heads/master/fastapi/__init__.py
-> ✅ 原始碼下載成功。
-> 🧪 [深度融合] 正在將全球開源碼熔鑄至本地模組: FastAPIAuto
-> 💾 寫入硬碟成功: manufacturing_hub/fastapiauto_auto_fused.py
-> 🔍 [品質檢驗] 檢查模組語法: manufacturing_hub/fastapiauto_auto_fused.py
-> 🎉 語法檢驗完美通過！
========================================
-> 🌍 [自動守護採購] 正在下載原始碼: https://raw.githubusercontent.com/pallets/flask/refs/heads/main/src/flask/__init__.py
-> ✅ 原始碼下載成功。
-> 🧪 [深度融合] 正在將全球開源碼熔鑄至本地模組: FlaskAuto
-> 💾 寫入硬碟成功: manufacturing_hub/flaskauto_auto_fused.py
-> 🔍 [品質檢驗] 檢查模組語法: manufacturing_hub/flaskauto_auto_fused.py
-> 🎉 語法檢驗完美通過！
========================================
-> 🌍 [自動守護採購] 正在下載原始碼: https://raw.githubusercontent.com/pallets/click/refs/heads/main/src/click/__init__.py
-> ✅ 原始碼下載成功。
-> 🧪 [深度融合] 正在將全球開源碼熔鑄至本地模組: ClickAuto
-> 💾 寫入硬碟成功: manufacturing_hub/clickauto_auto_fused.py
-> 🔍 [品質檢驗] 檢查模組語法: manufacturing_hub/clickauto_auto_fused.py
-> 🎉 語法檢驗完美通過！
========================================
-> 🌍 [自動守護採購] 正在下載原始碼: https://raw.githubusercontent.com/Textualize/rich/refs/heads/main/rich/__init__.py
-> ✅ 原始碼下載成功。
-> 🧪 [深度融合] 正在將全球開源碼熔鑄至本地模組: RichAuto
-> 💾 寫入硬碟成功: manufacturing_hub/richauto_auto_fused.py
-> 🔍 [品質檢驗] 檢查模組語法: manufacturing_hub/richauto_auto_fused.py
-> 🎉 語法檢驗完美通過！
========================================
-> 🌍 [自動守護採購] 正在下載原始碼: https://raw.githubusercontent.com/pydantic/pydantic/refs/heads/main/pydantic/__init__.py
-> ✅ 原始碼下載成功。
-> 🧪 [深度融合] 正在將全球開源碼熔鑄至本地模組: PydanticAuto
-> 💾 寫入硬碟成功: manufacturing_hub/pydanticauto_auto_fused.py
-> 🔍 [品質檢驗] 檢查模組語法: manufacturing_hub/pydanticauto_auto_fused.py
-> 🎉 語法檢驗完美通過！

-> 💤 本輪巡航完畢。進入自動休眠，等待 30 秒後進行下一輪...

[2026-08-25 20:50:44] -> 🔄 開始新一輪全球開源專案自動巡航...
========================================
-> 🌍 [自動守護採購] 正在下載原始碼: https://raw.githubusercontent.com/psf/requests/refs/heads/main/src/requests/__init__.py
-> ✅ 原始碼下載成功。
-> 🧪 [深度融合] 正在將全球開源碼熔鑄至本地模組: RequestsAuto
-> 💾 寫入硬碟成功: manufacturing_hub/requestsauto_auto_fused.py
-> 🔍 [品質檢驗] 檢查模組語法: manufacturing_hub/requestsauto_auto_fused.py
-> 🎉 語法檢驗完美通過！
========================================
-> 🌍 [自動守護採購] 正在下載原始碼: https://raw.githubusercontent.com/fastapi/fastapi/refs/heads/master/fastapi/__init__.py
-> ✅ 原始碼下載成功。
-> 🧪 [深度融合] 正在將全球開源碼熔鑄至本地模組: FastAPIAuto
-> 💾 寫入硬碟成功: manufacturing_hub/fastapiauto_auto_fused.py
-> 🔍 [品質檢驗] 檢查模組語法: manufacturing_hub/fastapiauto_auto_fused.py
-> 🎉 語法檢驗完美通過！
========================================
-> 🌍 [自動守護採購] 正在下載原始碼: https://raw.githubusercontent.com/pallets/flask/refs/heads/main/src/flask/__init__.py
-> ✅ 原始碼下載成功。
-> 🧪 [深度融合] 正在將全球開源碼熔鑄至本地模組: FlaskAuto
-> 💾 寫入硬碟成功: manufacturing_hub/flaskauto_auto_fused.py
-> 🔍 [品質檢驗] 檢查模組語法: manufacturing_hub/flaskauto_auto_fused.py
-> 🎉 語法檢驗完美通過！
========================================
-> 🌍 [自動守護採購] 正在下載原始碼: https://raw.githubusercontent.com/pallets/click/refs/heads/main/src/click/__init__.py
-> ✅ 原始碼下載成功。
-> 🧪 [深度融合] 正在將全球開源碼熔鑄至本地模組: ClickAuto
-> 💾 寫入硬碟成功: manufacturing_hub/clickauto_auto_fused.py
-> 🔍 [品質檢驗] 檢查模組語法: manufacturing_hub/clickauto_auto_fused.py
-> 🎉 語法檢驗完美通過！
========================================
-> 🌍 [自動守護採購] 正在下載原始碼: https://raw.githubusercontent.com/Textualize/rich/refs/heads/main/rich/__init__.py
-> ✅ 原始碼下載成功。
-> 🧪 [深度融合] 正在將全球開源碼熔鑄至本地模組: RichAuto
-> 💾 寫入硬碟成功: manufacturing_hub/richauto_auto_fused.py
-> 🔍 [品質檢驗] 檢查模組語法: manufacturing_hub/richauto_auto_fused.py
-> 🎉 語法檢驗完美通過！
========================================
-> 🌍 [自動守護採購] 正在下載原始碼: https://raw.githubusercontent.com/pydantic/pydantic/refs/heads/main/pydantic/__init__.py
-> ✅ 原始碼下載成功。
-> 🧪 [深度融合] 正在將全球開源碼熔鑄至本地模組: PydanticAuto
-> 💾 寫入硬碟成功: manufacturing_hub/pydanticauto_auto_fused.py
-> 🔍 [品質檢驗] 檢查模組語法: manufacturing_hub/pydanticauto_auto_fused.py
-> 🎉 語法檢驗完美通過！

-> 💤 本輪巡航完畢。進入自動休眠，等待 30 秒後進行下一輪...

[2026-08-25 20:51:18] -> 🔄 開始新一輪全球開源專案自動巡航...
========================================
-> 🌍 [自動守護採購] 正在下載原始碼: https://raw.githubusercontent.com/psf/requests/refs/heads/main/src/requests/__init__.py
-> ✅ 原始碼下載成功。
-> 🧪 [深度融合] 正在將全球開源碼熔鑄至本地模組: RequestsAuto
-> 💾 寫入硬碟成功: manufacturing_hub/requestsauto_auto_fused.py
-> 🔍 [品質檢驗] 檢查模組語法: manufacturing_hub/requestsauto_auto_fused.py
-> 🎉 語法檢驗完美通過！
========================================
-> 🌍 [自動守護採購] 正在下載原始碼: https://raw.githubusercontent.com/fastapi/fastapi/refs/heads/master/fastapi/__init__.py
-> ✅ 原始碼下載成功。
-> 🧪 [深度融合] 正在將全球開源碼熔鑄至本地模組: FastAPIAuto
-> 💾 寫入硬碟成功: manufacturing_hub/fastapiauto_auto_fused.py
-> 🔍 [品質檢驗] 檢查模組語法: manufacturing_hub/fastapiauto_auto_fused.py
-> 🎉 語法檢驗完美通過！
========================================
-> 🌍 [自動守護採購] 正在下載原始碼: https://raw.githubusercontent.com/pallets/flask/refs/heads/main/src/flask/__init__.py
-> ✅ 原始碼下載成功。
-> 🧪 [深度融合] 正在將全球開源碼熔鑄至本地模組: FlaskAuto
-> 💾 寫入硬碟成功: manufacturing_hub/flaskauto_auto_fused.py
-> 🔍 [品質檢驗] 檢查模組語法: manufacturing_hub/flaskauto_auto_fused.py
-> 🎉 語法檢驗完美通過！
========================================
-> 🌍 [自動守護採購] 正在下載原始碼: https://raw.githubusercontent.com/pallets/click/refs/heads/main/src/click/__init__.py
-> ✅ 原始碼下載成功。
-> 🧪 [深度融合] 正在將全球開源碼熔鑄至本地模組: ClickAuto
-> 💾 寫入硬碟成功: manufacturing_hub/clickauto_auto_fused.py
-> 🔍 [品質檢驗] 檢查模組語法: manufacturing_hub/clickauto_auto_fused.py
-> 🎉 語法檢驗完美通過！
========================================
-> 🌍 [自動守護採購] 正在下載原始碼: https://raw.githubusercontent.com/Textualize/rich/refs/heads/main/rich/__init__.py
-> ✅ 原始碼下載成功。
-> 🧪 [深度融合] 正在將全球開源碼熔鑄至本地模組: RichAuto
-> 💾 寫入硬碟成功: manufacturing_hub/richauto_auto_fused.py
-> 🔍 [品質檢驗] 檢查模組語法: manufacturing_hub/richauto_auto_fused.py
-> 🎉 語法檢驗完美通過！
========================================
-> 🌍 [自動守護採購] 正在下載原始碼: https://raw.githubusercontent.com/pydantic/pydantic/refs/heads/main/pydantic/__init__.py
-> ✅ 原始碼下載成功。
-> 🧪 [深度融合] 正在將全球開源碼熔鑄至本地模組: PydanticAuto
-> 💾 寫入硬碟成功: manufacturing_hub/pydanticauto_auto_fused.py
-> 🔍 [品質檢驗] 檢查模組語法: manufacturing_hub/pydanticauto_auto_fused.py
-> 🎉 語法檢驗完美通過！

-> 💤 本輪巡航完畢。進入自動休眠，等待 30 秒後進行下一輪...

[2026-08-25 20:51:56] -> 🔄 開始新一輪全球開源專案自動巡航...
========================================
-> 🌍 [自動守護採購] 正在下載原始碼: https://raw.githubusercontent.com/psf/requests/refs/heads/main/src/requests/__init__.py
-> ✅ 原始碼下載成功。
-> 🧪 [深度融合] 正在將全球開源碼熔鑄至本地模組: RequestsAuto
-> 💾 寫入硬碟成功: manufacturing_hub/requestsauto_auto_fused.py
-> 🔍 [品質檢驗] 檢查模組語法: manufacturing_hub/requestsauto_auto_fused.py
-> 🎉 語法檢驗完美通過！
========================================
-> 🌍 [自動守護採購] 正在下載原始碼: https://raw.githubusercontent.com/fastapi/fastapi/refs/heads/master/fastapi/__init__.py
-> ✅ 原始碼下載成功。
-> 🧪 [深度融合] 正在將全球開源碼熔鑄至本地模組: FastAPIAuto
-> 💾 寫入硬碟成功: manufacturing_hub/fastapiauto_auto_fused.py
-> 🔍 [品質檢驗] 檢查模組語法: manufacturing_hub/fastapiauto_auto_fused.py
-> 🎉 語法檢驗完美通過！
========================================
-> 🌍 [自動守護採購] 正在下載原始碼: https://raw.githubusercontent.com/pallets/flask/refs/heads/main/src/flask/__init__.py
-> ✅ 原始碼下載成功。
-> 🧪 [深度融合] 正在將全球開源碼熔鑄至本地模組: FlaskAuto
-> 💾 寫入硬碟成功: manufacturing_hub/flaskauto_auto_fused.py
-> 🔍 [品質檢驗] 檢查模組語法: manufacturing_hub/flaskauto_auto_fused.py
-> 🎉 語法檢驗完美通過！
========================================
-> 🌍 [自動守護採購] 正在下載原始碼: https://raw.githubusercontent.com/pallets/click/refs/heads/main/src/click/__init__.py
-> ✅ 原始碼下載成功。
-> 🧪 [深度融合] 正在將全球開源碼熔鑄至本地模組: ClickAuto
-> 💾 寫入硬碟成功: manufacturing_hub/clickauto_auto_fused.py
-> 🔍 [品質檢驗] 檢查模組語法: manufacturing_hub/clickauto_auto_fused.py
-> 🎉 語法檢驗完美通過！
========================================
-> 🌍 [自動守護採購] 正在下載原始碼: https://raw.githubusercontent.com/Textualize/rich/refs/heads/main/rich/__init__.py
-> ✅ 原始碼下載成功。
-> 🧪 [深度融合] 正在將全球開源碼熔鑄至本地模組: RichAuto
-> 💾 寫入硬碟成功: manufacturing_hub/richauto_auto_fused.py
-> 🔍 [品質檢驗] 檢查模組語法: manufacturing_hub/richauto_auto_fused.py
-> 🎉 語法檢驗完美通過！
========================================
-> 🌍 [自動守護採購] 正在下載原始碼: https://raw.githubusercontent.com/pydantic/pydantic/refs/heads/main/pydantic/__init__.py
-> ✅ 原始碼下載成功。
-> 🧪 [深度融合] 正在將全球開源碼熔鑄至本地模組: PydanticAuto
-> 💾 寫入硬碟成功: manufacturing_hub/pydanticauto_auto_fused.py
-> 🔍 [品質檢驗] 檢查模組語法: manufacturing_hub/pydanticauto_auto_fused.py
-> 🎉 語法檢驗完美通過！

-> 💤 本輪巡航完畢。進入自動休眠，等待 30 秒後進行下一輪...

[2026-08-25 20:52:31] -> 🔄 開始新一輪全球開源專案自動巡航...
========================================
-> 🌍 [自動守護採購] 正在下載原始碼: https://raw.githubusercontent.com/psf/requests/refs/heads/main/src/requests/__init__.py
-> ✅ 原始碼下載成功。
-> 🧪 [深度融合] 正在將全球開源碼熔鑄至本地模組: RequestsAuto
-> 💾 寫入硬碟成功: manufacturing_hub/requestsauto_auto_fused.py
-> 🔍 [品質檢驗] 檢查模組語法: manufacturing_hub/requestsauto_auto_fused.py
-> 🎉 語法檢驗完美通過！
========================================
-> 🌍 [自動守護採購] 正在下載原始碼: https://raw.githubusercontent.com/fastapi/fastapi/refs/heads/master/fastapi/__init__.py
-> ✅ 原始碼下載成功。
-> 🧪 [深度融合] 正在將全球開源碼熔鑄至本地模組: FastAPIAuto
-> 💾 寫入硬碟成功: manufacturing_hub/fastapiauto_auto_fused.py
-> 🔍 [品質檢驗] 檢查模組語法: manufacturing_hub/fastapiauto_auto_fused.py
-> 🎉 語法檢驗完美通過！
========================================
-> 🌍 [自動守護採購] 正在下載原始碼: https://raw.githubusercontent.com/pallets/flask/refs/heads/main/src/flask/__init__.py
-> ✅ 原始碼下載成功。
-> 🧪 [深度融合] 正在將全球開源碼熔鑄至本地模組: FlaskAuto
-> 💾 寫入硬碟成功: manufacturing_hub/flaskauto_auto_fused.py
-> 🔍 [品質檢驗] 檢查模組語法: manufacturing_hub/flaskauto_auto_fused.py
-> 🎉 語法檢驗完美通過！
========================================
-> 🌍 [自動守護採購] 正在下載原始碼: https://raw.githubusercontent.com/pallets/click/refs/heads/main/src/click/__init__.py
-> ✅ 原始碼下載成功。
-> 🧪 [深度融合] 正在將全球開源碼熔鑄至本地模組: ClickAuto
-> 💾 寫入硬碟成功: manufacturing_hub/clickauto_auto_fused.py
-> 🔍 [品質檢驗] 檢查模組語法: manufacturing_hub/clickauto_auto_fused.py
-> 🎉 語法檢驗完美通過！
========================================
-> 🌍 [自動守護採購] 正在下載原始碼: https://raw.githubusercontent.com/Textualize/rich/refs/heads/main/rich/__init__.py
-> ✅ 原始碼下載成功。
-> 🧪 [深度融合] 正在將全球開源碼熔鑄至本地模組: RichAuto
-> 💾 寫入硬碟成功: manufacturing_hub/richauto_auto_fused.py
-> 🔍 [品質檢驗] 檢查模組語法: manufacturing_hub/richauto_auto_fused.py
-> 🎉 語法檢驗完美通過！
========================================
-> 🌍 [自動守護採購] 正在下載原始碼: https://raw.githubusercontent.com/pydantic/pydantic/refs/heads/main/pydantic/__init__.py
-> ✅ 原始碼下載成功。
-> 🧪 [深度融合] 正在將全球開源碼熔鑄至本地模組: PydanticAuto
-> 💾 寫入硬碟成功: manufacturing_hub/pydanticauto_auto_fused.py
-> 🔍 [品質檢驗] 檢查模組語法: manufacturing_hub/pydanticauto_auto_fused.py
-> 🎉 語法檢驗完美通過！

-> 💤 本輪巡航完畢。進入自動休眠，等待 30 秒後進行下一輪...

[2026-08-25 20:53:06] -> 🔄 開始新一輪全球開源專案自動巡航...
========================================
-> 🌍 [自動守護採購] 正在下載原始碼: https://raw.githubusercontent.com/psf/requests/refs/heads/main/src/requests/__init__.py
-> ✅ 原始碼下載成功。
-> 🧪 [深度融合] 正在將全球開源碼熔鑄至本地模組: RequestsAuto
-> 💾 寫入硬碟成功: manufacturing_hub/requestsauto_auto_fused.py
-> 🔍 [品質檢驗] 檢查模組語法: manufacturing_hub/requestsauto_auto_fused.py
-> 🎉 語法檢驗完美通過！
========================================
-> 🌍 [自動守護採購] 正在下載原始碼: https://raw.githubusercontent.com/fastapi/fastapi/refs/heads/master/fastapi/__init__.py
-> ✅ 原始碼下載成功。
-> 🧪 [深度融合] 正在將全球開源碼熔鑄至本地模組: FastAPIAuto
-> 💾 寫入硬碟成功: manufacturing_hub/fastapiauto_auto_fused.py
-> 🔍 [品質檢驗] 檢查模組語法: manufacturing_hub/fastapiauto_auto_fused.py
-> 🎉 語法檢驗完美通過！
========================================
-> 🌍 [自動守護採購] 正在下載原始碼: https://raw.githubusercontent.com/pallets/flask/refs/heads/main/src/flask/__init__.py
-> ✅ 原始碼下載成功。
-> 🧪 [深度融合] 正在將全球開源碼熔鑄至本地模組: FlaskAuto
-> 💾 寫入硬碟成功: manufacturing_hub/flaskauto_auto_fused.py
-> 🔍 [品質檢驗] 檢查模組語法: manufacturing_hub/flaskauto_auto_fused.py
-> 🎉 語法檢驗完美通過！
========================================
-> 🌍 [自動守護採購] 正在下載原始碼: https://raw.githubusercontent.com/pallets/click/refs/heads/main/src/click/__init__.py
-> ✅ 原始碼下載成功。
-> 🧪 [深度融合] 正在將全球開源碼熔鑄至本地模組: ClickAuto
-> 💾 寫入硬碟成功: manufacturing_hub/clickauto_auto_fused.py
-> 🔍 [品質檢驗] 檢查模組語法: manufacturing_hub/clickauto_auto_fused.py
-> 🎉 語法檢驗完美通過！
========================================
-> 🌍 [自動守護採購] 正在下載原始碼: https://raw.githubusercontent.com/Textualize/rich/refs/heads/main/rich/__init__.py
-> ✅ 原始碼下載成功。
-> 🧪 [深度融合] 正在將全球開源碼熔鑄至本地模組: RichAuto
-> 💾 寫入硬碟成功: manufacturing_hub/richauto_auto_fused.py
-> 🔍 [品質檢驗] 檢查模組語法: manufacturing_hub/richauto_auto_fused.py
-> 🎉 語法檢驗完美通過！
========================================
-> 🌍 [自動守護採購] 正在下載原始碼: https://raw.githubusercontent.com/pydantic/pydantic/refs/heads/main/pydantic/__init__.py
-> ✅ 原始碼下載成功。
-> 🧪 [深度融合] 正在將全球開源碼熔鑄至本地模組: PydanticAuto
-> 💾 寫入硬碟成功: manufacturing_hub/pydanticauto_auto_fused.py
-> 🔍 [品質檢驗] 檢查模組語法: manufacturing_hub/pydanticauto_auto_fused.py
-> 🎉 語法檢驗完美通過！

-> 💤 本輪巡航完畢。進入自動休眠，等待 30 秒後進行下一輪...

[2026-08-25 20:53:40] -> 🔄 開始新一輪全球開源專案自動巡航...
========================================
-> 🌍 [自動守護採購] 正在下載原始碼: https://raw.githubusercontent.com/psf/requests/refs/heads/main/src/requests/__init__.py
-> ✅ 原始碼下載成功。
-> 🧪 [深度融合] 正在將全球開源碼熔鑄至本地模組: RequestsAuto
-> 💾 寫入硬碟成功: manufacturing_hub/requestsauto_auto_fused.py
-> 🔍 [品質檢驗] 檢查模組語法: manufacturing_hub/requestsauto_auto_fused.py
-> 🎉 語法檢驗完美通過！
========================================
-> 🌍 [自動守護採購] 正在下載原始碼: https://raw.githubusercontent.com/fastapi/fastapi/refs/heads/master/fastapi/__init__.py
-> ✅ 原始碼下載成功。
-> 🧪 [深度融合] 正在將全球開源碼熔鑄至本地模組: FastAPIAuto
-> 💾 寫入硬碟成功: manufacturing_hub/fastapiauto_auto_fused.py
-> 🔍 [品質檢驗] 檢查模組語法: manufacturing_hub/fastapiauto_auto_fused.py
-> 🎉 語法檢驗完美通過！
========================================
-> 🌍 [自動守護採購] 正在下載原始碼: https://raw.githubusercontent.com/pallets/flask/refs/heads/main/src/flask/__init__.py
-> ✅ 原始碼下載成功。
-> 🧪 [深度融合] 正在將全球開源碼熔鑄至本地模組: FlaskAuto
-> 💾 寫入硬碟成功: manufacturing_hub/flaskauto_auto_fused.py
-> 🔍 [品質檢驗] 檢查模組語法: manufacturing_hub/flaskauto_auto_fused.py
-> 🎉 語法檢驗完美通過！
========================================
-> 🌍 [自動守護採購] 正在下載原始碼: https://raw.githubusercontent.com/pallets/click/refs/heads/main/src/click/__init__.py
-> ✅ 原始碼下載成功。
-> 🧪 [深度融合] 正在將全球開源碼熔鑄至本地模組: ClickAuto
-> 💾 寫入硬碟成功: manufacturing_hub/clickauto_auto_fused.py
-> 🔍 [品質檢驗] 檢查模組語法: manufacturing_hub/clickauto_auto_fused.py
-> 🎉 語法檢驗完美通過！
========================================
-> 🌍 [自動守護採購] 正在下載原始碼: https://raw.githubusercontent.com/Textualize/rich/refs/heads/main/rich/__init__.py
-> ✅ 原始碼下載成功。
-> 🧪 [深度融合] 正在將全球開源碼熔鑄至本地模組: RichAuto
-> 💾 寫入硬碟成功: manufacturing_hub/richauto_auto_fused.py
-> 🔍 [品質檢驗] 檢查模組語法: manufacturing_hub/richauto_auto_fused.py
-> 🎉 語法檢驗完美通過！
========================================
-> 🌍 [自動守護採購] 正在下載原始碼: https://raw.githubusercontent.com/pydantic/pydantic/refs/heads/main/pydantic/__init__.py
-> ✅ 原始碼下載成功。
-> 🧪 [深度融合] 正在將全球開源碼熔鑄至本地模組: PydanticAuto
-> 💾 寫入硬碟成功: manufacturing_hub/pydanticauto_auto_fused.py
-> 🔍 [品質檢驗] 檢查模組語法: manufacturing_hub/pydanticauto_auto_fused.py
-> 🎉 語法檢驗完美通過！

-> 💤 本輪巡航完畢。進入自動休眠，等待 30 秒後進行下一輪...

[2026-08-25 20:54:14] -> 🔄 開始新一輪全球開源專案自動巡航...
========================================
-> 🌍 [自動守護採購] 正在下載原始碼: https://raw.githubusercontent.com/psf/requests/refs/heads/main/src/requests/__init__.py
-> ✅ 原始碼下載成功。
-> 🧪 [深度融合] 正在將全球開源碼熔鑄至本地模組: RequestsAuto
-> 💾 寫入硬碟成功: manufacturing_hub/requestsauto_auto_fused.py
-> 🔍 [品質檢驗] 檢查模組語法: manufacturing_hub/requestsauto_auto_fused.py
-> 🎉 語法檢驗完美通過！
========================================
-> 🌍 [自動守護採購] 正在下載原始碼: https://raw.githubusercontent.com/fastapi/fastapi/refs/heads/master/fastapi/__init__.py
-> ✅ 原始碼下載成功。
-> 🧪 [深度融合] 正在將全球開源碼熔鑄至本地模組: FastAPIAuto
-> 💾 寫入硬碟成功: manufacturing_hub/fastapiauto_auto_fused.py
-> 🔍 [品質檢驗] 檢查模組語法: manufacturing_hub/fastapiauto_auto_fused.py
-> 🎉 語法檢驗完美通過！
========================================
-> 🌍 [自動守護採購] 正在下載原始碼: https://raw.githubusercontent.com/pallets/flask/refs/heads/main/src/flask/__init__.py
-> ✅ 原始碼下載成功。
-> 🧪 [深度融合] 正在將全球開源碼熔鑄至本地模組: FlaskAuto
-> 💾 寫入硬碟成功: manufacturing_hub/flaskauto_auto_fused.py
-> 🔍 [品質檢驗] 檢查模組語法: manufacturing_hub/flaskauto_auto_fused.py
-> 🎉 語法檢驗完美通過！
========================================
-> 🌍 [自動守護採購] 正在下載原始碼: https://raw.githubusercontent.com/pallets/click/refs/heads/main/src/click/__init__.py
-> ✅ 原始碼下載成功。
-> 🧪 [深度融合] 正在將全球開源碼熔鑄至本地模組: ClickAuto
-> 💾 寫入硬碟成功: manufacturing_hub/clickauto_auto_fused.py
-> 🔍 [品質檢驗] 檢查模組語法: manufacturing_hub/clickauto_auto_fused.py
-> 🎉 語法檢驗完美通過！
========================================
-> 🌍 [自動守護採購] 正在下載原始碼: https://raw.githubusercontent.com/Textualize/rich/refs/heads/main/rich/__init__.py
-> ✅ 原始碼下載成功。
-> 🧪 [深度融合] 正在將全球開源碼熔鑄至本地模組: RichAuto
-> 💾 寫入硬碟成功: manufacturing_hub/richauto_auto_fused.py
-> 🔍 [品質檢驗] 檢查模組語法: manufacturing_hub/richauto_auto_fused.py
-> 🎉 語法檢驗完美通過！
========================================
-> 🌍 [自動守護採購] 正在下載原始碼: https://raw.githubusercontent.com/pydantic/pydantic/refs/heads/main/pydantic/__init__.py
-> ✅ 原始碼下載成功。
-> 🧪 [深度融合] 正在將全球開源碼熔鑄至本地模組: PydanticAuto
-> 💾 寫入硬碟成功: manufacturing_hub/pydanticauto_auto_fused.py
-> 🔍 [品質檢驗] 檢查模組語法: manufacturing_hub/pydanticauto_auto_fused.py
-> 🎉 語法檢驗完美通過！

-> 💤 本輪巡航完畢。進入自動休眠，等待 30 秒後進行下一輪...

[2026-08-25 20:54:49] -> 🔄 開始新一輪全球開源專案自動巡航...
========================================
-> 🌍 [自動守護採購] 正在下載原始碼: https://raw.githubusercontent.com/psf/requests/refs/heads/main/src/requests/__init__.py
-> ✅ 原始碼下載成功。
-> 🧪 [深度融合] 正在將全球開源碼熔鑄至本地模組: RequestsAuto
-> 💾 寫入硬碟成功: manufacturing_hub/requestsauto_auto_fused.py
-> 🔍 [品質檢驗] 檢查模組語法: manufacturing_hub/requestsauto_auto_fused.py
-> 🎉 語法檢驗完美通過！
========================================
-> 🌍 [自動守護採購] 正在下載原始碼: https://raw.githubusercontent.com/fastapi/fastapi/refs/heads/master/fastapi/__init__.py
-> ✅ 原始碼下載成功。
-> 🧪 [深度融合] 正在將全球開源碼熔鑄至本地模組: FastAPIAuto
-> 💾 寫入硬碟成功: manufacturing_hub/fastapiauto_auto_fused.py
-> 🔍 [品質檢驗] 檢查模組語法: manufacturing_hub/fastapiauto_auto_fused.py
-> 🎉 語法檢驗完美通過！
========================================
-> 🌍 [自動守護採購] 正在下載原始碼: https://raw.githubusercontent.com/pallets/flask/refs/heads/main/src/flask/__init__.py
-> ✅ 原始碼下載成功。
-> 🧪 [深度融合] 正在將全球開源碼熔鑄至本地模組: FlaskAuto
-> 💾 寫入硬碟成功: manufacturing_hub/flaskauto_auto_fused.py
-> 🔍 [品質檢驗] 檢查模組語法: manufacturing_hub/flaskauto_auto_fused.py
-> 🎉 語法檢驗完美通過！
========================================
-> 🌍 [自動守護採購] 正在下載原始碼: https://raw.githubusercontent.com/pallets/click/refs/heads/main/src/click/__init__.py
-> ✅ 原始碼下載成功。
-> 🧪 [深度融合] 正在將全球開源碼熔鑄至本地模組: ClickAuto
-> 💾 寫入硬碟成功: manufacturing_hub/clickauto_auto_fused.py
-> 🔍 [品質檢驗] 檢查模組語法: manufacturing_hub/clickauto_auto_fused.py
-> 🎉 語法檢驗完美通過！
========================================
-> 🌍 [自動守護採購] 正在下載原始碼: https://raw.githubusercontent.com/Textualize/rich/refs/heads/main/rich/__init__.py
-> ✅ 原始碼下載成功。
-> 🧪 [深度融合] 正在將全球開源碼熔鑄至本地模組: RichAuto
-> 💾 寫入硬碟成功: manufacturing_hub/richauto_auto_fused.py
-> 🔍 [品質檢驗] 檢查模組語法: manufacturing_hub/richauto_auto_fused.py
-> 🎉 語法檢驗完美通過！
========================================
-> 🌍 [自動守護採購] 正在下載原始碼: https://raw.githubusercontent.com/pydantic/pydantic/refs/heads/main/pydantic/__init__.py
-> ✅ 原始碼下載成功。
-> 🧪 [深度融合] 正在將全球開源碼熔鑄至本地模組: PydanticAuto
-> 💾 寫入硬碟成功: manufacturing_hub/pydanticauto_auto_fused.py
-> 🔍 [品質檢驗] 檢查模組語法: manufacturing_hub/pydanticauto_auto_fused.py
-> 🎉 語法檢驗完美通過！

-> 💤 本輪巡航完畢。進入自動休眠，等待 30 秒後進行下一輪...

[2026-08-25 20:55:23] -> 🔄 開始新一輪全球開源專案自動巡航...
========================================
-> 🌍 [自動守護採購] 正在下載原始碼: https://raw.githubusercontent.com/psf/requests/refs/heads/main/src/requests/__init__.py
-> ✅ 原始碼下載成功。
-> 🧪 [深度融合] 正在將全球開源碼熔鑄至本地模組: RequestsAuto
-> 💾 寫入硬碟成功: manufacturing_hub/requestsauto_auto_fused.py
-> 🔍 [品質檢驗] 檢查模組語法: manufacturing_hub/requestsauto_auto_fused.py
-> 🎉 語法檢驗完美通過！
========================================
-> 🌍 [自動守護採購] 正在下載原始碼: https://raw.githubusercontent.com/fastapi/fastapi/refs/heads/master/fastapi/__init__.py
-> ✅ 原始碼下載成功。
-> 🧪 [深度融合] 正在將全球開源碼熔鑄至本地模組: FastAPIAuto
-> 💾 寫入硬碟成功: manufacturing_hub/fastapiauto_auto_fused.py
-> 🔍 [品質檢驗] 檢查模組語法: manufacturing_hub/fastapiauto_auto_fused.py
-> 🎉 語法檢驗完美通過！
========================================
-> 🌍 [自動守護採購] 正在下載原始碼: https://raw.githubusercontent.com/pallets/flask/refs/heads/main/src/flask/__init__.py
-> ✅ 原始碼下載成功。
-> 🧪 [深度融合] 正在將全球開源碼熔鑄至本地模組: FlaskAuto
-> 💾 寫入硬碟成功: manufacturing_hub/flaskauto_auto_fused.py
-> 🔍 [品質檢驗] 檢查模組語法: manufacturing_hub/flaskauto_auto_fused.py
-> 🎉 語法檢驗完美通過！
========================================
-> 🌍 [自動守護採購] 正在下載原始碼: https://raw.githubusercontent.com/pallets/click/refs/heads/main/src/click/__init__.py
-> ✅ 原始碼下載成功。
-> 🧪 [深度融合] 正在將全球開源碼熔鑄至本地模組: ClickAuto
-> 💾 寫入硬碟成功: manufacturing_hub/clickauto_auto_fused.py
-> 🔍 [品質檢驗] 檢查模組語法: manufacturing_hub/clickauto_auto_fused.py
-> 🎉 語法檢驗完美通過！
========================================
-> 🌍 [自動守護採購] 正在下載原始碼: https://raw.githubusercontent.com/Textualize/rich/refs/heads/main/rich/__init__.py
-> ✅ 原始碼下載成功。
-> 🧪 [深度融合] 正在將全球開源碼熔鑄至本地模組: RichAuto
-> 💾 寫入硬碟成功: manufacturing_hub/richauto_auto_fused.py
-> 🔍 [品質檢驗] 檢查模組語法: manufacturing_hub/richauto_auto_fused.py
-> 🎉 語法檢驗完美通過！
========================================
-> 🌍 [自動守護採購] 正在下載原始碼: https://raw.githubusercontent.com/pydantic/pydantic/refs/heads/main/pydantic/__init__.py
-> ✅ 原始碼下載成功。
-> 🧪 [深度融合] 正在將全球開源碼熔鑄至本地模組: PydanticAuto
-> 💾 寫入硬碟成功: manufacturing_hub/pydanticauto_auto_fused.py
-> 🔍 [品質檢驗] 檢查模組語法: manufacturing_hub/pydanticauto_auto_fused.py
-> 🎉 語法檢驗完美通過！

-> 💤 本輪巡航完畢。進入自動休眠，等待 30 秒後進行下一輪...

[2026-08-25 20:55:57] -> 🔄 開始新一輪全球開源專案自動巡航...
========================================
-> 🌍 [自動守護採購] 正在下載原始碼: https://raw.githubusercontent.com/psf/requests/refs/heads/main/src/requests/__init__.py
-> ✅ 原始碼下載成功。
-> 🧪 [深度融合] 正在將全球開源碼熔鑄至本地模組: RequestsAuto
-> 💾 寫入硬碟成功: manufacturing_hub/requestsauto_auto_fused.py
-> 🔍 [品質檢驗] 檢查模組語法: manufacturing_hub/requestsauto_auto_fused.py
-> 🎉 語法檢驗完美通過！
========================================
-> 🌍 [自動守護採購] 正在下載原始碼: https://raw.githubusercontent.com/fastapi/fastapi/refs/heads/master/fastapi/__init__.py
-> ✅ 原始碼下載成功。
-> 🧪 [深度融合] 正在將全球開源碼熔鑄至本地模組: FastAPIAuto
-> 💾 寫入硬碟成功: manufacturing_hub/fastapiauto_auto_fused.py
-> 🔍 [品質檢驗] 檢查模組語法: manufacturing_hub/fastapiauto_auto_fused.py
-> 🎉 語法檢驗完美通過！
========================================
-> 🌍 [自動守護採購] 正在下載原始碼: https://raw.githubusercontent.com/pallets/flask/refs/heads/main/src/flask/__init__.py
-> ✅ 原始碼下載成功。
-> 🧪 [深度融合] 正在將全球開源碼熔鑄至本地模組: FlaskAuto
-> 💾 寫入硬碟成功: manufacturing_hub/flaskauto_auto_fused.py
-> 🔍 [品質檢驗] 檢查模組語法: manufacturing_hub/flaskauto_auto_fused.py
-> 🎉 語法檢驗完美通過！
========================================
-> 🌍 [自動守護採購] 正在下載原始碼: https://raw.githubusercontent.com/pallets/click/refs/heads/main/src/click/__init__.py
-> ✅ 原始碼下載成功。
-> 🧪 [深度融合] 正在將全球開源碼熔鑄至本地模組: ClickAuto
-> 💾 寫入硬碟成功: manufacturing_hub/clickauto_auto_fused.py
-> 🔍 [品質檢驗] 檢查模組語法: manufacturing_hub/clickauto_auto_fused.py
-> 🎉 語法檢驗完美通過！
========================================
-> 🌍 [自動守護採購] 正在下載原始碼: https://raw.githubusercontent.com/Textualize/rich/refs/heads/main/rich/__init__.py
-> ✅ 原始碼下載成功。
-> 🧪 [深度融合] 正在將全球開源碼熔鑄至本地模組: RichAuto
-> 💾 寫入硬碟成功: manufacturing_hub/richauto_auto_fused.py
-> 🔍 [品質檢驗] 檢查模組語法: manufacturing_hub/richauto_auto_fused.py
-> 🎉 語法檢驗完美通過！
========================================
-> 🌍 [自動守護採購] 正在下載原始碼: https://raw.githubusercontent.com/pydantic/pydantic/refs/heads/main/pydantic/__init__.py
-> ✅ 原始碼下載成功。
-> 🧪 [深度融合] 正在將全球開源碼熔鑄至本地模組: PydanticAuto
-> 💾 寫入硬碟成功: manufacturing_hub/pydanticauto_auto_fused.py
-> 🔍 [品質檢驗] 檢查模組語法: manufacturing_hub/pydanticauto_auto_fused.py
-> 🎉 語法檢驗完美通過！

-> 💤 本輪巡航完畢。進入自動休眠，等待 30 秒後進行下一輪...

[2026-08-25 20:56:32] -> 🔄 開始新一輪全球開源專案自動巡航...
========================================
-> 🌍 [自動守護採購] 正在下載原始碼: https://raw.githubusercontent.com/psf/requests/refs/heads/main/src/requests/__init__.py
-> ✅ 原始碼下載成功。
-> 🧪 [深度融合] 正在將全球開源碼熔鑄至本地模組: RequestsAuto
-> 💾 寫入硬碟成功: manufacturing_hub/requestsauto_auto_fused.py
-> 🔍 [品質檢驗] 檢查模組語法: manufacturing_hub/requestsauto_auto_fused.py
-> 🎉 語法檢驗完美通過！
========================================
-> 🌍 [自動守護採購] 正在下載原始碼: https://raw.githubusercontent.com/fastapi/fastapi/refs/heads/master/fastapi/__init__.py
-> ✅ 原始碼下載成功。
-> 🧪 [深度融合] 正在將全球開源碼熔鑄至本地模組: FastAPIAuto
-> 💾 寫入硬碟成功: manufacturing_hub/fastapiauto_auto_fused.py
-> 🔍 [品質檢驗] 檢查模組語法: manufacturing_hub/fastapiauto_auto_fused.py
-> 🎉 語法檢驗完美通過！
========================================
-> 🌍 [自動守護採購] 正在下載原始碼: https://raw.githubusercontent.com/pallets/flask/refs/heads/main/src/flask/__init__.py
-> ✅ 原始碼下載成功。
-> 🧪 [深度融合] 正在將全球開源碼熔鑄至本地模組: FlaskAuto
-> 💾 寫入硬碟成功: manufacturing_hub/flaskauto_auto_fused.py
-> 🔍 [品質檢驗] 檢查模組語法: manufacturing_hub/flaskauto_auto_fused.py
-> 🎉 語法檢驗完美通過！
========================================
-> 🌍 [自動守護採購] 正在下載原始碼: https://raw.githubusercontent.com/pallets/click/refs/heads/main/src/click/__init__.py
-> ✅ 原始碼下載成功。
-> 🧪 [深度融合] 正在將全球開源碼熔鑄至本地模組: ClickAuto
-> 💾 寫入硬碟成功: manufacturing_hub/clickauto_auto_fused.py
-> 🔍 [品質檢驗] 檢查模組語法: manufacturing_hub/clickauto_auto_fused.py
-> 🎉 語法檢驗完美通過！
========================================
-> 🌍 [自動守護採購] 正在下載原始碼: https://raw.githubusercontent.com/Textualize/rich/refs/heads/main/rich/__init__.py
-> ✅ 原始碼下載成功。
-> 🧪 [深度融合] 正在將全球開源碼熔鑄至本地模組: RichAuto
-> 💾 寫入硬碟成功: manufacturing_hub/richauto_auto_fused.py
-> 🔍 [品質檢驗] 檢查模組語法: manufacturing_hub/richauto_auto_fused.py
-> 🎉 語法檢驗完美通過！
========================================
-> 🌍 [自動守護採購] 正在下載原始碼: https://raw.githubusercontent.com/pydantic/pydantic/refs/heads/main/pydantic/__init__.py
-> ✅ 原始碼下載成功。
-> 🧪 [深度融合] 正在將全球開源碼熔鑄至本地模組: PydanticAuto
-> 💾 寫入硬碟成功: manufacturing_hub/pydanticauto_auto_fused.py
-> 🔍 [品質檢驗] 檢查模組語法: manufacturing_hub/pydanticauto_auto_fused.py
-> 🎉 語法檢驗完美通過！

-> 💤 本輪巡航完畢。進入自動休眠，等待 30 秒後進行下一輪...

[2026-08-25 20:57:07] -> 🔄 開始新一輪全球開源專案自動巡航...
========================================
-> 🌍 [自動守護採購] 正在下載原始碼: https://raw.githubusercontent.com/psf/requests/refs/heads/main/src/requests/__init__.py
-> ✅ 原始碼下載成功。
-> 🧪 [深度融合] 正在將全球開源碼熔鑄至本地模組: RequestsAuto
-> 💾 寫入硬碟成功: manufacturing_hub/requestsauto_auto_fused.py
-> 🔍 [品質檢驗] 檢查模組語法: manufacturing_hub/requestsauto_auto_fused.py
-> 🎉 語法檢驗完美通過！
========================================
-> 🌍 [自動守護採購] 正在下載原始碼: https://raw.githubusercontent.com/fastapi/fastapi/refs/heads/master/fastapi/__init__.py
-> ✅ 原始碼下載成功。
-> 🧪 [深度融合] 正在將全球開源碼熔鑄至本地模組: FastAPIAuto
-> 💾 寫入硬碟成功: manufacturing_hub/fastapiauto_auto_fused.py
-> 🔍 [品質檢驗] 檢查模組語法: manufacturing_hub/fastapiauto_auto_fused.py
-> 🎉 語法檢驗完美通過！
========================================
-> 🌍 [自動守護採購] 正在下載原始碼: https://raw.githubusercontent.com/pallets/flask/refs/heads/main/src/flask/__init__.py
-> ✅ 原始碼下載成功。
-> 🧪 [深度融合] 正在將全球開源碼熔鑄至本地模組: FlaskAuto
-> 💾 寫入硬碟成功: manufacturing_hub/flaskauto_auto_fused.py
-> 🔍 [品質檢驗] 檢查模組語法: manufacturing_hub/flaskauto_auto_fused.py
-> 🎉 語法檢驗完美通過！
========================================
-> 🌍 [自動守護採購] 正在下載原始碼: https://raw.githubusercontent.com/pallets/click/refs/heads/main/src/click/__init__.py
-> ✅ 原始碼下載成功。
-> 🧪 [深度融合] 正在將全球開源碼熔鑄至本地模組: ClickAuto
-> 💾 寫入硬碟成功: manufacturing_hub/clickauto_auto_fused.py
-> 🔍 [品質檢驗] 檢查模組語法: manufacturing_hub/clickauto_auto_fused.py
-> 🎉 語法檢驗完美通過！
========================================
-> 🌍 [自動守護採購] 正在下載原始碼: https://raw.githubusercontent.com/Textualize/rich/refs/heads/main/rich/__init__.py
-> ✅ 原始碼下載成功。
-> 🧪 [深度融合] 正在將全球開源碼熔鑄至本地模組: RichAuto
-> 💾 寫入硬碟成功: manufacturing_hub/richauto_auto_fused.py
-> 🔍 [品質檢驗] 檢查模組語法: manufacturing_hub/richauto_auto_fused.py
-> 🎉 語法檢驗完美通過！
========================================
-> 🌍 [自動守護採購] 正在下載原始碼: https://raw.githubusercontent.com/pydantic/pydantic/refs/heads/main/pydantic/__init__.py
-> ✅ 原始碼下載成功。
-> 🧪 [深度融合] 正在將全球開源碼熔鑄至本地模組: PydanticAuto
-> 💾 寫入硬碟成功: manufacturing_hub/pydanticauto_auto_fused.py
-> 🔍 [品質檢驗] 檢查模組語法: manufacturing_hub/pydanticauto_auto_fused.py
-> 🎉 語法檢驗完美通過！

-> 💤 本輪巡航完畢。進入自動休眠，等待 30 秒後進行下一輪...

[2026-08-25 20:57:42] -> 🔄 開始新一輪全球開源專案自動巡航...
========================================
-> 🌍 [自動守護採購] 正在下載原始碼: https://raw.githubusercontent.com/psf/requests/refs/heads/main/src/requests/__init__.py
-> ✅ 原始碼下載成功。
-> 🧪 [深度融合] 正在將全球開源碼熔鑄至本地模組: RequestsAuto
-> 💾 寫入硬碟成功: manufacturing_hub/requestsauto_auto_fused.py
-> 🔍 [品質檢驗] 檢查模組語法: manufacturing_hub/requestsauto_auto_fused.py
-> 🎉 語法檢驗完美通過！
========================================
-> 🌍 [自動守護採購] 正在下載原始碼: https://raw.githubusercontent.com/fastapi/fastapi/refs/heads/master/fastapi/__init__.py
-> ✅ 原始碼下載成功。
-> 🧪 [深度融合] 正在將全球開源碼熔鑄至本地模組: FastAPIAuto
-> 💾 寫入硬碟成功: manufacturing_hub/fastapiauto_auto_fused.py
-> 🔍 [品質檢驗] 檢查模組語法: manufacturing_hub/fastapiauto_auto_fused.py
-> 🎉 語法檢驗完美通過！
========================================
-> 🌍 [自動守護採購] 正在下載原始碼: https://raw.githubusercontent.com/pallets/flask/refs/heads/main/src/flask/__init__.py
-> ✅ 原始碼下載成功。
-> 🧪 [深度融合] 正在將全球開源碼熔鑄至本地模組: FlaskAuto
-> 💾 寫入硬碟成功: manufacturing_hub/flaskauto_auto_fused.py
-> 🔍 [品質檢驗] 檢查模組語法: manufacturing_hub/flaskauto_auto_fused.py
-> 🎉 語法檢驗完美通過！
========================================
-> 🌍 [自動守護採購] 正在下載原始碼: https://raw.githubusercontent.com/pallets/click/refs/heads/main/src/click/__init__.py
-> ✅ 原始碼下載成功。
-> 🧪 [深度融合] 正在將全球開源碼熔鑄至本地模組: ClickAuto
-> 💾 寫入硬碟成功: manufacturing_hub/clickauto_auto_fused.py
-> 🔍 [品質檢驗] 檢查模組語法: manufacturing_hub/clickauto_auto_fused.py
-> 🎉 語法檢驗完美通過！
========================================
-> 🌍 [自動守護採購] 正在下載原始碼: https://raw.githubusercontent.com/Textualize/rich/refs/heads/main/rich/__init__.py
-> ✅ 原始碼下載成功。
-> 🧪 [深度融合] 正在將全球開源碼熔鑄至本地模組: RichAuto
-> 💾 寫入硬碟成功: manufacturing_hub/richauto_auto_fused.py
-> 🔍 [品質檢驗] 檢查模組語法: manufacturing_hub/richauto_auto_fused.py
-> 🎉 語法檢驗完美通過！
========================================
-> 🌍 [自動守護採購] 正在下載原始碼: https://raw.githubusercontent.com/pydantic/pydantic/refs/heads/main/pydantic/__init__.py
-> ✅ 原始碼下載成功。
-> 🧪 [深度融合] 正在將全球開源碼熔鑄至本地模組: PydanticAuto
-> 💾 寫入硬碟成功: manufacturing_hub/pydanticauto_auto_fused.py
-> 🔍 [品質檢驗] 檢查模組語法: manufacturing_hub/pydanticauto_auto_fused.py
-> 🎉 語法檢驗完美通過！

-> 💤 本輪巡航完畢。進入自動休眠，等待 30 秒後進行下一輪...

[2026-08-25 20:58:17] -> 🔄 開始新一輪全球開源專案自動巡航...
========================================
-> 🌍 [自動守護採購] 正在下載原始碼: https://raw.githubusercontent.com/psf/requests/refs/heads/main/src/requests/__init__.py
-> ✅ 原始碼下載成功。
-> 🧪 [深度融合] 正在將全球開源碼熔鑄至本地模組: RequestsAuto
-> 💾 寫入硬碟成功: manufacturing_hub/requestsauto_auto_fused.py
-> 🔍 [品質檢驗] 檢查模組語法: manufacturing_hub/requestsauto_auto_fused.py
-> 🎉 語法檢驗完美通過！
========================================
-> 🌍 [自動守護採購] 正在下載原始碼: https://raw.githubusercontent.com/fastapi/fastapi/refs/heads/master/fastapi/__init__.py
-> ✅ 原始碼下載成功。
-> 🧪 [深度融合] 正在將全球開源碼熔鑄至本地模組: FastAPIAuto
-> 💾 寫入硬碟成功: manufacturing_hub/fastapiauto_auto_fused.py
-> 🔍 [品質檢驗] 檢查模組語法: manufacturing_hub/fastapiauto_auto_fused.py
-> 🎉 語法檢驗完美通過！
========================================
-> 🌍 [自動守護採購] 正在下載原始碼: https://raw.githubusercontent.com/pallets/flask/refs/heads/main/src/flask/__init__.py
-> ✅ 原始碼下載成功。
-> 🧪 [深度融合] 正在將全球開源碼熔鑄至本地模組: FlaskAuto
-> 💾 寫入硬碟成功: manufacturing_hub/flaskauto_auto_fused.py
-> 🔍 [品質檢驗] 檢查模組語法: manufacturing_hub/flaskauto_auto_fused.py
-> 🎉 語法檢驗完美通過！
========================================
-> 🌍 [自動守護採購] 正在下載原始碼: https://raw.githubusercontent.com/pallets/click/refs/heads/main/src/click/__init__.py
-> ✅ 原始碼下載成功。
-> 🧪 [深度融合] 正在將全球開源碼熔鑄至本地模組: ClickAuto
-> 💾 寫入硬碟成功: manufacturing_hub/clickauto_auto_fused.py
-> 🔍 [品質檢驗] 檢查模組語法: manufacturing_hub/clickauto_auto_fused.py
-> 🎉 語法檢驗完美通過！
========================================
-> 🌍 [自動守護採購] 正在下載原始碼: https://raw.githubusercontent.com/Textualize/rich/refs/heads/main/rich/__init__.py
-> ✅ 原始碼下載成功。
-> 🧪 [深度融合] 正在將全球開源碼熔鑄至本地模組: RichAuto
-> 💾 寫入硬碟成功: manufacturing_hub/richauto_auto_fused.py
-> 🔍 [品質檢驗] 檢查模組語法: manufacturing_hub/richauto_auto_fused.py
-> 🎉 語法檢驗完美通過！
========================================
-> 🌍 [自動守護採購] 正在下載原始碼: https://raw.githubusercontent.com/pydantic/pydantic/refs/heads/main/pydantic/__init__.py
-> ✅ 原始碼下載成功。
-> 🧪 [深度融合] 正在將全球開源碼熔鑄至本地模組: PydanticAuto
-> 💾 寫入硬碟成功: manufacturing_hub/pydanticauto_auto_fused.py
-> 🔍 [品質檢驗] 檢查模組語法: manufacturing_hub/pydanticauto_auto_fused.py
-> 🎉 語法檢驗完美通過！

-> 💤 本輪巡航完畢。進入自動休眠，等待 30 秒後進行下一輪...

[2026-08-25 20:58:51] -> 🔄 開始新一輪全球開源專案自動巡航...
========================================
-> 🌍 [自動守護採購] 正在下載原始碼: https://raw.githubusercontent.com/psf/requests/refs/heads/main/src/requests/__init__.py
-> ✅ 原始碼下載成功。
-> 🧪 [深度融合] 正在將全球開源碼熔鑄至本地模組: RequestsAuto
-> 💾 寫入硬碟成功: manufacturing_hub/requestsauto_auto_fused.py
-> 🔍 [品質檢驗] 檢查模組語法: manufacturing_hub/requestsauto_auto_fused.py
-> 🎉 語法檢驗完美通過！
========================================
-> 🌍 [自動守護採購] 正在下載原始碼: https://raw.githubusercontent.com/fastapi/fastapi/refs/heads/master/fastapi/__init__.py
-> ✅ 原始碼下載成功。
-> 🧪 [深度融合] 正在將全球開源碼熔鑄至本地模組: FastAPIAuto
-> 💾 寫入硬碟成功: manufacturing_hub/fastapiauto_auto_fused.py
-> 🔍 [品質檢驗] 檢查模組語法: manufacturing_hub/fastapiauto_auto_fused.py
-> 🎉 語法檢驗完美通過！
========================================
-> 🌍 [自動守護採購] 正在下載原始碼: https://raw.githubusercontent.com/pallets/flask/refs/heads/main/src/flask/__init__.py
-> ✅ 原始碼下載成功。
-> 🧪 [深度融合] 正在將全球開源碼熔鑄至本地模組: FlaskAuto
-> 💾 寫入硬碟成功: manufacturing_hub/flaskauto_auto_fused.py
-> 🔍 [品質檢驗] 檢查模組語法: manufacturing_hub/flaskauto_auto_fused.py
-> 🎉 語法檢驗完美通過！
========================================
-> 🌍 [自動守護採購] 正在下載原始碼: https://raw.githubusercontent.com/pallets/click/refs/heads/main/src/click/__init__.py
-> ✅ 原始碼下載成功。
-> 🧪 [深度融合] 正在將全球開源碼熔鑄至本地模組: ClickAuto
-> 💾 寫入硬碟成功: manufacturing_hub/clickauto_auto_fused.py
-> 🔍 [品質檢驗] 檢查模組語法: manufacturing_hub/clickauto_auto_fused.py
-> 🎉 語法檢驗完美通過！
========================================
-> 🌍 [自動守護採購] 正在下載原始碼: https://raw.githubusercontent.com/Textualize/rich/refs/heads/main/rich/__init__.py
-> ✅ 原始碼下載成功。
-> 🧪 [深度融合] 正在將全球開源碼熔鑄至本地模組: RichAuto
-> 💾 寫入硬碟成功: manufacturing_hub/richauto_auto_fused.py
-> 🔍 [品質檢驗] 檢查模組語法: manufacturing_hub/richauto_auto_fused.py
-> 🎉 語法檢驗完美通過！
========================================
-> 🌍 [自動守護採購] 正在下載原始碼: https://raw.githubusercontent.com/pydantic/pydantic/refs/heads/main/pydantic/__init__.py
-> ✅ 原始碼下載成功。
-> 🧪 [深度融合] 正在將全球開源碼熔鑄至本地模組: PydanticAuto
-> 💾 寫入硬碟成功: manufacturing_hub/pydanticauto_auto_fused.py
-> 🔍 [品質檢驗] 檢查模組語法: manufacturing_hub/pydanticauto_auto_fused.py
-> 🎉 語法檢驗完美通過！

-> 💤 本輪巡航完畢。進入自動休眠，等待 30 秒後進行下一輪...

[2026-08-25 20:59:25] -> 🔄 開始新一輪全球開源專案自動巡航...
========================================
-> 🌍 [自動守護採購] 正在下載原始碼: https://raw.githubusercontent.com/psf/requests/refs/heads/main/src/requests/__init__.py
-> ✅ 原始碼下載成功。
-> 🧪 [深度融合] 正在將全球開源碼熔鑄至本地模組: RequestsAuto
-> 💾 寫入硬碟成功: manufacturing_hub/requestsauto_auto_fused.py
-> 🔍 [品質檢驗] 檢查模組語法: manufacturing_hub/requestsauto_auto_fused.py
-> 🎉 語法檢驗完美通過！
========================================
-> 🌍 [自動守護採購] 正在下載原始碼: https://raw.githubusercontent.com/fastapi/fastapi/refs/heads/master/fastapi/__init__.py
-> ✅ 原始碼下載成功。
-> 🧪 [深度融合] 正在將全球開源碼熔鑄至本地模組: FastAPIAuto
-> 💾 寫入硬碟成功: manufacturing_hub/fastapiauto_auto_fused.py
-> 🔍 [品質檢驗] 檢查模組語法: manufacturing_hub/fastapiauto_auto_fused.py
-> 🎉 語法檢驗完美通過！
========================================
-> 🌍 [自動守護採購] 正在下載原始碼: https://raw.githubusercontent.com/pallets/flask/refs/heads/main/src/flask/__init__.py
-> ✅ 原始碼下載成功。
-> 🧪 [深度融合] 正在將全球開源碼熔鑄至本地模組: FlaskAuto
-> 💾 寫入硬碟成功: manufacturing_hub/flaskauto_auto_fused.py
-> 🔍 [品質檢驗] 檢查模組語法: manufacturing_hub/flaskauto_auto_fused.py
-> 🎉 語法檢驗完美通過！
========================================
-> 🌍 [自動守護採購] 正在下載原始碼: https://raw.githubusercontent.com/pallets/click/refs/heads/main/src/click/__init__.py
-> ✅ 原始碼下載成功。
-> 🧪 [深度融合] 正在將全球開源碼熔鑄至本地模組: ClickAuto
-> 💾 寫入硬碟成功: manufacturing_hub/clickauto_auto_fused.py
-> 🔍 [品質檢驗] 檢查模組語法: manufacturing_hub/clickauto_auto_fused.py
-> 🎉 語法檢驗完美通過！
========================================
-> 🌍 [自動守護採購] 正在下載原始碼: https://raw.githubusercontent.com/Textualize/rich/refs/heads/main/rich/__init__.py
-> ✅ 原始碼下載成功。
-> 🧪 [深度融合] 正在將全球開源碼熔鑄至本地模組: RichAuto
-> 💾 寫入硬碟成功: manufacturing_hub/richauto_auto_fused.py
-> 🔍 [品質檢驗] 檢查模組語法: manufacturing_hub/richauto_auto_fused.py
-> 🎉 語法檢驗完美通過！
========================================
-> 🌍 [自動守護採購] 正在下載原始碼: https://raw.githubusercontent.com/pydantic/pydantic/refs/heads/main/pydantic/__init__.py
-> ✅ 原始碼下載成功。
-> 🧪 [深度融合] 正在將全球開源碼熔鑄至本地模組: PydanticAuto
-> 💾 寫入硬碟成功: manufacturing_hub/pydanticauto_auto_fused.py
-> 🔍 [品質檢驗] 檢查模組語法: manufacturing_hub/pydanticauto_auto_fused.py
-> 🎉 語法檢驗完美通過！

-> 💤 本輪巡航完畢。進入自動休眠，等待 30 秒後進行下一輪...

[2026-08-25 21:00:00] -> 🔄 開始新一輪全球開源專案自動巡航...
========================================
-> 🌍 [自動守護採購] 正在下載原始碼: https://raw.githubusercontent.com/psf/requests/refs/heads/main/src/requests/__init__.py
-> ✅ 原始碼下載成功。
-> 🧪 [深度融合] 正在將全球開源碼熔鑄至本地模組: RequestsAuto
-> 💾 寫入硬碟成功: manufacturing_hub/requestsauto_auto_fused.py
-> 🔍 [品質檢驗] 檢查模組語法: manufacturing_hub/requestsauto_auto_fused.py
-> 🎉 語法檢驗完美通過！
========================================
-> 🌍 [自動守護採購] 正在下載原始碼: https://raw.githubusercontent.com/fastapi/fastapi/refs/heads/master/fastapi/__init__.py
-> ✅ 原始碼下載成功。
-> 🧪 [深度融合] 正在將全球開源碼熔鑄至本地模組: FastAPIAuto
-> 💾 寫入硬碟成功: manufacturing_hub/fastapiauto_auto_fused.py
-> 🔍 [品質檢驗] 檢查模組語法: manufacturing_hub/fastapiauto_auto_fused.py
-> 🎉 語法檢驗完美通過！
========================================
-> 🌍 [自動守護採購] 正在下載原始碼: https://raw.githubusercontent.com/pallets/flask/refs/heads/main/src/flask/__init__.py
-> ✅ 原始碼下載成功。
-> 🧪 [深度融合] 正在將全球開源碼熔鑄至本地模組: FlaskAuto
-> 💾 寫入硬碟成功: manufacturing_hub/flaskauto_auto_fused.py
-> 🔍 [品質檢驗] 檢查模組語法: manufacturing_hub/flaskauto_auto_fused.py
-> 🎉 語法檢驗完美通過！
========================================
-> 🌍 [自動守護採購] 正在下載原始碼: https://raw.githubusercontent.com/pallets/click/refs/heads/main/src/click/__init__.py
-> ✅ 原始碼下載成功。
-> 🧪 [深度融合] 正在將全球開源碼熔鑄至本地模組: ClickAuto
-> 💾 寫入硬碟成功: manufacturing_hub/clickauto_auto_fused.py
-> 🔍 [品質檢驗] 檢查模組語法: manufacturing_hub/clickauto_auto_fused.py
-> 🎉 語法檢驗完美通過！
========================================
-> 🌍 [自動守護採購] 正在下載原始碼: https://raw.githubusercontent.com/Textualize/rich/refs/heads/main/rich/__init__.py
-> ✅ 原始碼下載成功。
-> 🧪 [深度融合] 正在將全球開源碼熔鑄至本地模組: RichAuto
-> 💾 寫入硬碟成功: manufacturing_hub/richauto_auto_fused.py
-> 🔍 [品質檢驗] 檢查模組語法: manufacturing_hub/richauto_auto_fused.py
-> 🎉 語法檢驗完美通過！
========================================
-> 🌍 [自動守護採購] 正在下載原始碼: https://raw.githubusercontent.com/pydantic/pydantic/refs/heads/main/pydantic/__init__.py
-> ✅ 原始碼下載成功。
-> 🧪 [深度融合] 正在將全球開源碼熔鑄至本地模組: PydanticAuto
-> 💾 寫入硬碟成功: manufacturing_hub/pydanticauto_auto_fused.py
-> 🔍 [品質檢驗] 檢查模組語法: manufacturing_hub/pydanticauto_auto_fused.py
-> 🎉 語法檢驗完美通過！

-> 💤 本輪巡航完畢。進入自動休眠，等待 30 秒後進行下一輪...

[2026-08-25 21:00:34] -> 🔄 開始新一輪全球開源專案自動巡航...
========================================
-> 🌍 [自動守護採購] 正在下載原始碼: https://raw.githubusercontent.com/psf/requests/refs/heads/main/src/requests/__init__.py
-> ✅ 原始碼下載成功。
-> 🧪 [深度融合] 正在將全球開源碼熔鑄至本地模組: RequestsAuto
-> 💾 寫入硬碟成功: manufacturing_hub/requestsauto_auto_fused.py
-> 🔍 [品質檢驗] 檢查模組語法: manufacturing_hub/requestsauto_auto_fused.py
-> 🎉 語法檢驗完美通過！
========================================
-> 🌍 [自動守護採購] 正在下載原始碼: https://raw.githubusercontent.com/fastapi/fastapi/refs/heads/master/fastapi/__init__.py
-> ✅ 原始碼下載成功。
-> 🧪 [深度融合] 正在將全球開源碼熔鑄至本地模組: FastAPIAuto
-> 💾 寫入硬碟成功: manufacturing_hub/fastapiauto_auto_fused.py
-> 🔍 [品質檢驗] 檢查模組語法: manufacturing_hub/fastapiauto_auto_fused.py
-> 🎉 語法檢驗完美通過！
========================================
-> 🌍 [自動守護採購] 正在下載原始碼: https://raw.githubusercontent.com/pallets/flask/refs/heads/main/src/flask/__init__.py
-> ✅ 原始碼下載成功。
-> 🧪 [深度融合] 正在將全球開源碼熔鑄至本地模組: FlaskAuto
-> 💾 寫入硬碟成功: manufacturing_hub/flaskauto_auto_fused.py
-> 🔍 [品質檢驗] 檢查模組語法: manufacturing_hub/flaskauto_auto_fused.py
-> 🎉 語法檢驗完美通過！
========================================
-> 🌍 [自動守護採購] 正在下載原始碼: https://raw.githubusercontent.com/pallets/click/refs/heads/main/src/click/__init__.py
-> ✅ 原始碼下載成功。
-> 🧪 [深度融合] 正在將全球開源碼熔鑄至本地模組: ClickAuto
-> 💾 寫入硬碟成功: manufacturing_hub/clickauto_auto_fused.py
-> 🔍 [品質檢驗] 檢查模組語法: manufacturing_hub/clickauto_auto_fused.py
-> 🎉 語法檢驗完美通過！
========================================
-> 🌍 [自動守護採購] 正在下載原始碼: https://raw.githubusercontent.com/Textualize/rich/refs/heads/main/rich/__init__.py
-> ✅ 原始碼下載成功。
-> 🧪 [深度融合] 正在將全球開源碼熔鑄至本地模組: RichAuto
-> 💾 寫入硬碟成功: manufacturing_hub/richauto_auto_fused.py
-> 🔍 [品質檢驗] 檢查模組語法: manufacturing_hub/richauto_auto_fused.py
-> 🎉 語法檢驗完美通過！
========================================
-> 🌍 [自動守護採購] 正在下載原始碼: https://raw.githubusercontent.com/pydantic/pydantic/refs/heads/main/pydantic/__init__.py
-> ✅ 原始碼下載成功。
-> 🧪 [深度融合] 正在將全球開源碼熔鑄至本地模組: PydanticAuto
-> 💾 寫入硬碟成功: manufacturing_hub/pydanticauto_auto_fused.py
-> 🔍 [品質檢驗] 檢查模組語法: manufacturing_hub/pydanticauto_auto_fused.py
-> 🎉 語法檢驗完美通過！

-> 💤 本輪巡航完畢。進入自動休眠，等待 30 秒後進行下一輪...

[2026-08-25 21:01:08] -> 🔄 開始新一輪全球開源專案自動巡航...
========================================
-> 🌍 [自動守護採購] 正在下載原始碼: https://raw.githubusercontent.com/psf/requests/refs/heads/main/src/requests/__init__.py
-> ✅ 原始碼下載成功。
-> 🧪 [深度融合] 正在將全球開源碼熔鑄至本地模組: RequestsAuto
-> 💾 寫入硬碟成功: manufacturing_hub/requestsauto_auto_fused.py
-> 🔍 [品質檢驗] 檢查模組語法: manufacturing_hub/requestsauto_auto_fused.py
-> 🎉 語法檢驗完美通過！
========================================
-> 🌍 [自動守護採購] 正在下載原始碼: https://raw.githubusercontent.com/fastapi/fastapi/refs/heads/master/fastapi/__init__.py
-> ✅ 原始碼下載成功。
-> 🧪 [深度融合] 正在將全球開源碼熔鑄至本地模組: FastAPIAuto
-> 💾 寫入硬碟成功: manufacturing_hub/fastapiauto_auto_fused.py
-> 🔍 [品質檢驗] 檢查模組語法: manufacturing_hub/fastapiauto_auto_fused.py
-> 🎉 語法檢驗完美通過！
========================================
-> 🌍 [自動守護採購] 正在下載原始碼: https://raw.githubusercontent.com/pallets/flask/refs/heads/main/src/flask/__init__.py
-> ✅ 原始碼下載成功。
-> 🧪 [深度融合] 正在將全球開源碼熔鑄至本地模組: FlaskAuto
-> 💾 寫入硬碟成功: manufacturing_hub/flaskauto_auto_fused.py
-> 🔍 [品質檢驗] 檢查模組語法: manufacturing_hub/flaskauto_auto_fused.py
-> 🎉 語法檢驗完美通過！
========================================
-> 🌍 [自動守護採購] 正在下載原始碼: https://raw.githubusercontent.com/pallets/click/refs/heads/main/src/click/__init__.py
-> ✅ 原始碼下載成功。
-> 🧪 [深度融合] 正在將全球開源碼熔鑄至本地模組: ClickAuto
-> 💾 寫入硬碟成功: manufacturing_hub/clickauto_auto_fused.py
-> 🔍 [品質檢驗] 檢查模組語法: manufacturing_hub/clickauto_auto_fused.py
-> 🎉 語法檢驗完美通過！
========================================
-> 🌍 [自動守護採購] 正在下載原始碼: https://raw.githubusercontent.com/Textualize/rich/refs/heads/main/rich/__init__.py
-> ✅ 原始碼下載成功。
-> 🧪 [深度融合] 正在將全球開源碼熔鑄至本地模組: RichAuto
-> 💾 寫入硬碟成功: manufacturing_hub/richauto_auto_fused.py
-> 🔍 [品質檢驗] 檢查模組語法: manufacturing_hub/richauto_auto_fused.py
-> 🎉 語法檢驗完美通過！
========================================
-> 🌍 [自動守護採購] 正在下載原始碼: https://raw.githubusercontent.com/pydantic/pydantic/refs/heads/main/pydantic/__init__.py
-> ✅ 原始碼下載成功。
-> 🧪 [深度融合] 正在將全球開源碼熔鑄至本地模組: PydanticAuto
-> 💾 寫入硬碟成功: manufacturing_hub/pydanticauto_auto_fused.py
-> 🔍 [品質檢驗] 檢查模組語法: manufacturing_hub/pydanticauto_auto_fused.py
-> 🎉 語法檢驗完美通過！

-> 💤 本輪巡航完畢。進入自動休眠，等待 30 秒後進行下一輪...

[2026-08-25 21:01:42] -> 🔄 開始新一輪全球開源專案自動巡航...
========================================
-> 🌍 [自動守護採購] 正在下載原始碼: https://raw.githubusercontent.com/psf/requests/refs/heads/main/src/requests/__init__.py
-> ✅ 原始碼下載成功。
-> 🧪 [深度融合] 正在將全球開源碼熔鑄至本地模組: RequestsAuto
-> 💾 寫入硬碟成功: manufacturing_hub/requestsauto_auto_fused.py
-> 🔍 [品質檢驗] 檢查模組語法: manufacturing_hub/requestsauto_auto_fused.py
-> 🎉 語法檢驗完美通過！
========================================
-> 🌍 [自動守護採購] 正在下載原始碼: https://raw.githubusercontent.com/fastapi/fastapi/refs/heads/master/fastapi/__init__.py
-> ✅ 原始碼下載成功。
-> 🧪 [深度融合] 正在將全球開源碼熔鑄至本地模組: FastAPIAuto
-> 💾 寫入硬碟成功: manufacturing_hub/fastapiauto_auto_fused.py
-> 🔍 [品質檢驗] 檢查模組語法: manufacturing_hub/fastapiauto_auto_fused.py
-> 🎉 語法檢驗完美通過！
========================================
-> 🌍 [自動守護採購] 正在下載原始碼: https://raw.githubusercontent.com/pallets/flask/refs/heads/main/src/flask/__init__.py
-> ✅ 原始碼下載成功。
-> 🧪 [深度融合] 正在將全球開源碼熔鑄至本地模組: FlaskAuto
-> 💾 寫入硬碟成功: manufacturing_hub/flaskauto_auto_fused.py
-> 🔍 [品質檢驗] 檢查模組語法: manufacturing_hub/flaskauto_auto_fused.py
-> 🎉 語法檢驗完美通過！
========================================
-> 🌍 [自動守護採購] 正在下載原始碼: https://raw.githubusercontent.com/pallets/click/refs/heads/main/src/click/__init__.py
-> ✅ 原始碼下載成功。
-> 🧪 [深度融合] 正在將全球開源碼熔鑄至本地模組: ClickAuto
-> 💾 寫入硬碟成功: manufacturing_hub/clickauto_auto_fused.py
-> 🔍 [品質檢驗] 檢查模組語法: manufacturing_hub/clickauto_auto_fused.py
-> 🎉 語法檢驗完美通過！
========================================
-> 🌍 [自動守護採購] 正在下載原始碼: https://raw.githubusercontent.com/Textualize/rich/refs/heads/main/rich/__init__.py
-> ✅ 原始碼下載成功。
-> 🧪 [深度融合] 正在將全球開源碼熔鑄至本地模組: RichAuto
-> 💾 寫入硬碟成功: manufacturing_hub/richauto_auto_fused.py
-> 🔍 [品質檢驗] 檢查模組語法: manufacturing_hub/richauto_auto_fused.py
-> 🎉 語法檢驗完美通過！
========================================
-> 🌍 [自動守護採購] 正在下載原始碼: https://raw.githubusercontent.com/pydantic/pydantic/refs/heads/main/pydantic/__init__.py
-> ✅ 原始碼下載成功。
-> 🧪 [深度融合] 正在將全球開源碼熔鑄至本地模組: PydanticAuto
-> 💾 寫入硬碟成功: manufacturing_hub/pydanticauto_auto_fused.py
-> 🔍 [品質檢驗] 檢查模組語法: manufacturing_hub/pydanticauto_auto_fused.py
-> 🎉 語法檢驗完美通過！

-> 💤 本輪巡航完畢。進入自動休眠，等待 30 秒後進行下一輪...

[2026-08-25 21:02:19] -> 🔄 開始新一輪全球開源專案自動巡航...
========================================
-> 🌍 [自動守護採購] 正在下載原始碼: https://raw.githubusercontent.com/psf/requests/refs/heads/main/src/requests/__init__.py
-> ✅ 原始碼下載成功。
-> 🧪 [深度融合] 正在將全球開源碼熔鑄至本地模組: RequestsAuto
-> 💾 寫入硬碟成功: manufacturing_hub/requestsauto_auto_fused.py
-> 🔍 [品質檢驗] 檢查模組語法: manufacturing_hub/requestsauto_auto_fused.py
-> 🎉 語法檢驗完美通過！
========================================
-> 🌍 [自動守護採購] 正在下載原始碼: https://raw.githubusercontent.com/fastapi/fastapi/refs/heads/master/fastapi/__init__.py
-> ✅ 原始碼下載成功。
-> 🧪 [深度融合] 正在將全球開源碼熔鑄至本地模組: FastAPIAuto
-> 💾 寫入硬碟成功: manufacturing_hub/fastapiauto_auto_fused.py
-> 🔍 [品質檢驗] 檢查模組語法: manufacturing_hub/fastapiauto_auto_fused.py
-> 🎉 語法檢驗完美通過！
========================================
-> 🌍 [自動守護採購] 正在下載原始碼: https://raw.githubusercontent.com/pallets/flask/refs/heads/main/src/flask/__init__.py
-> ✅ 原始碼下載成功。
-> 🧪 [深度融合] 正在將全球開源碼熔鑄至本地模組: FlaskAuto
-> 💾 寫入硬碟成功: manufacturing_hub/flaskauto_auto_fused.py
-> 🔍 [品質檢驗] 檢查模組語法: manufacturing_hub/flaskauto_auto_fused.py
-> 🎉 語法檢驗完美通過！
========================================
-> 🌍 [自動守護採購] 正在下載原始碼: https://raw.githubusercontent.com/pallets/click/refs/heads/main/src/click/__init__.py
-> ✅ 原始碼下載成功。
-> 🧪 [深度融合] 正在將全球開源碼熔鑄至本地模組: ClickAuto
-> 💾 寫入硬碟成功: manufacturing_hub/clickauto_auto_fused.py
-> 🔍 [品質檢驗] 檢查模組語法: manufacturing_hub/clickauto_auto_fused.py
-> 🎉 語法檢驗完美通過！
========================================
-> 🌍 [自動守護採購] 正在下載原始碼: https://raw.githubusercontent.com/Textualize/rich/refs/heads/main/rich/__init__.py
-> ✅ 原始碼下載成功。
-> 🧪 [深度融合] 正在將全球開源碼熔鑄至本地模組: RichAuto
-> 💾 寫入硬碟成功: manufacturing_hub/richauto_auto_fused.py
-> 🔍 [品質檢驗] 檢查模組語法: manufacturing_hub/richauto_auto_fused.py
-> 🎉 語法檢驗完美通過！
========================================
-> 🌍 [自動守護採購] 正在下載原始碼: https://raw.githubusercontent.com/pydantic/pydantic/refs/heads/main/pydantic/__init__.py
-> ✅ 原始碼下載成功。
-> 🧪 [深度融合] 正在將全球開源碼熔鑄至本地模組: PydanticAuto
-> 💾 寫入硬碟成功: manufacturing_hub/pydanticauto_auto_fused.py
-> 🔍 [品質檢驗] 檢查模組語法: manufacturing_hub/pydanticauto_auto_fused.py
-> 🎉 語法檢驗完美通過！

-> 💤 本輪巡航完畢。進入自動休眠，等待 30 秒後進行下一輪...

[2026-08-25 21:02:53] -> 🔄 開始新一輪全球開源專案自動巡航...
========================================
-> 🌍 [自動守護採購] 正在下載原始碼: https://raw.githubusercontent.com/psf/requests/refs/heads/main/src/requests/__init__.py
-> ✅ 原始碼下載成功。
-> 🧪 [深度融合] 正在將全球開源碼熔鑄至本地模組: RequestsAuto
-> 💾 寫入硬碟成功: manufacturing_hub/requestsauto_auto_fused.py
-> 🔍 [品質檢驗] 檢查模組語法: manufacturing_hub/requestsauto_auto_fused.py
-> 🎉 語法檢驗完美通過！
========================================
-> 🌍 [自動守護採購] 正在下載原始碼: https://raw.githubusercontent.com/fastapi/fastapi/refs/heads/master/fastapi/__init__.py
-> ✅ 原始碼下載成功。
-> 🧪 [深度融合] 正在將全球開源碼熔鑄至本地模組: FastAPIAuto
-> 💾 寫入硬碟成功: manufacturing_hub/fastapiauto_auto_fused.py
-> 🔍 [品質檢驗] 檢查模組語法: manufacturing_hub/fastapiauto_auto_fused.py
-> 🎉 語法檢驗完美通過！
========================================
-> 🌍 [自動守護採購] 正在下載原始碼: https://raw.githubusercontent.com/pallets/flask/refs/heads/main/src/flask/__init__.py
-> ✅ 原始碼下載成功。
-> 🧪 [深度融合] 正在將全球開源碼熔鑄至本地模組: FlaskAuto
-> 💾 寫入硬碟成功: manufacturing_hub/flaskauto_auto_fused.py
-> 🔍 [品質檢驗] 檢查模組語法: manufacturing_hub/flaskauto_auto_fused.py
-> 🎉 語法檢驗完美通過！
========================================
-> 🌍 [自動守護採購] 正在下載原始碼: https://raw.githubusercontent.com/pallets/click/refs/heads/main/src/click/__init__.py
-> ✅ 原始碼下載成功。
-> 🧪 [深度融合] 正在將全球開源碼熔鑄至本地模組: ClickAuto
-> 💾 寫入硬碟成功: manufacturing_hub/clickauto_auto_fused.py
-> 🔍 [品質檢驗] 檢查模組語法: manufacturing_hub/clickauto_auto_fused.py
-> 🎉 語法檢驗完美通過！
========================================
-> 🌍 [自動守護採購] 正在下載原始碼: https://raw.githubusercontent.com/Textualize/rich/refs/heads/main/rich/__init__.py
-> ✅ 原始碼下載成功。
-> 🧪 [深度融合] 正在將全球開源碼熔鑄至本地模組: RichAuto
-> 💾 寫入硬碟成功: manufacturing_hub/richauto_auto_fused.py
-> 🔍 [品質檢驗] 檢查模組語法: manufacturing_hub/richauto_auto_fused.py
-> 🎉 語法檢驗完美通過！
========================================
-> 🌍 [自動守護採購] 正在下載原始碼: https://raw.githubusercontent.com/pydantic/pydantic/refs/heads/main/pydantic/__init__.py
-> ✅ 原始碼下載成功。
-> 🧪 [深度融合] 正在將全球開源碼熔鑄至本地模組: PydanticAuto
-> 💾 寫入硬碟成功: manufacturing_hub/pydanticauto_auto_fused.py
-> 🔍 [品質檢驗] 檢查模組語法: manufacturing_hub/pydanticauto_auto_fused.py
-> 🎉 語法檢驗完美通過！

-> 💤 本輪巡航完畢。進入自動休眠，等待 30 秒後進行下一輪...

[2026-08-25 21:03:27] -> 🔄 開始新一輪全球開源專案自動巡航...
========================================
-> 🌍 [自動守護採購] 正在下載原始碼: https://raw.githubusercontent.com/psf/requests/refs/heads/main/src/requests/__init__.py
-> ✅ 原始碼下載成功。
-> 🧪 [深度融合] 正在將全球開源碼熔鑄至本地模組: RequestsAuto
-> 💾 寫入硬碟成功: manufacturing_hub/requestsauto_auto_fused.py
-> 🔍 [品質檢驗] 檢查模組語法: manufacturing_hub/requestsauto_auto_fused.py
-> 🎉 語法檢驗完美通過！
========================================
-> 🌍 [自動守護採購] 正在下載原始碼: https://raw.githubusercontent.com/fastapi/fastapi/refs/heads/master/fastapi/__init__.py
-> ✅ 原始碼下載成功。
-> 🧪 [深度融合] 正在將全球開源碼熔鑄至本地模組: FastAPIAuto
-> 💾 寫入硬碟成功: manufacturing_hub/fastapiauto_auto_fused.py
-> 🔍 [品質檢驗] 檢查模組語法: manufacturing_hub/fastapiauto_auto_fused.py
-> 🎉 語法檢驗完美通過！
========================================
-> 🌍 [自動守護採購] 正在下載原始碼: https://raw.githubusercontent.com/pallets/flask/refs/heads/main/src/flask/__init__.py
-> ✅ 原始碼下載成功。
-> 🧪 [深度融合] 正在將全球開源碼熔鑄至本地模組: FlaskAuto
-> 💾 寫入硬碟成功: manufacturing_hub/flaskauto_auto_fused.py
-> 🔍 [品質檢驗] 檢查模組語法: manufacturing_hub/flaskauto_auto_fused.py
-> 🎉 語法檢驗完美通過！
========================================
-> 🌍 [自動守護採購] 正在下載原始碼: https://raw.githubusercontent.com/pallets/click/refs/heads/main/src/click/__init__.py
-> ✅ 原始碼下載成功。
-> 🧪 [深度融合] 正在將全球開源碼熔鑄至本地模組: ClickAuto
-> 💾 寫入硬碟成功: manufacturing_hub/clickauto_auto_fused.py
-> 🔍 [品質檢驗] 檢查模組語法: manufacturing_hub/clickauto_auto_fused.py
-> 🎉 語法檢驗完美通過！
========================================
-> 🌍 [自動守護採購] 正在下載原始碼: https://raw.githubusercontent.com/Textualize/rich/refs/heads/main/rich/__init__.py
-> ✅ 原始碼下載成功。
-> 🧪 [深度融合] 正在將全球開源碼熔鑄至本地模組: RichAuto
-> 💾 寫入硬碟成功: manufacturing_hub/richauto_auto_fused.py
-> 🔍 [品質檢驗] 檢查模組語法: manufacturing_hub/richauto_auto_fused.py
-> 🎉 語法檢驗完美通過！
========================================
-> 🌍 [自動守護採購] 正在下載原始碼: https://raw.githubusercontent.com/pydantic/pydantic/refs/heads/main/pydantic/__init__.py
-> ✅ 原始碼下載成功。
-> 🧪 [深度融合] 正在將全球開源碼熔鑄至本地模組: PydanticAuto
-> 💾 寫入硬碟成功: manufacturing_hub/pydanticauto_auto_fused.py
-> 🔍 [品質檢驗] 檢查模組語法: manufacturing_hub/pydanticauto_auto_fused.py
-> 🎉 語法檢驗完美通過！

-> 💤 本輪巡航完畢。進入自動休眠，等待 30 秒後進行下一輪...

[2026-08-25 21:04:02] -> 🔄 開始新一輪全球開源專案自動巡航...
========================================
-> 🌍 [自動守護採購] 正在下載原始碼: https://raw.githubusercontent.com/psf/requests/refs/heads/main/src/requests/__init__.py
-> ✅ 原始碼下載成功。
-> 🧪 [深度融合] 正在將全球開源碼熔鑄至本地模組: RequestsAuto
-> 💾 寫入硬碟成功: manufacturing_hub/requestsauto_auto_fused.py
-> 🔍 [品質檢驗] 檢查模組語法: manufacturing_hub/requestsauto_auto_fused.py
-> 🎉 語法檢驗完美通過！
========================================
-> 🌍 [自動守護採購] 正在下載原始碼: https://raw.githubusercontent.com/fastapi/fastapi/refs/heads/master/fastapi/__init__.py
-> ✅ 原始碼下載成功。
-> 🧪 [深度融合] 正在將全球開源碼熔鑄至本地模組: FastAPIAuto
-> 💾 寫入硬碟成功: manufacturing_hub/fastapiauto_auto_fused.py
-> 🔍 [品質檢驗] 檢查模組語法: manufacturing_hub/fastapiauto_auto_fused.py
-> 🎉 語法檢驗完美通過！
========================================
-> 🌍 [自動守護採購] 正在下載原始碼: https://raw.githubusercontent.com/pallets/flask/refs/heads/main/src/flask/__init__.py
-> ✅ 原始碼下載成功。
-> 🧪 [深度融合] 正在將全球開源碼熔鑄至本地模組: FlaskAuto
-> 💾 寫入硬碟成功: manufacturing_hub/flaskauto_auto_fused.py
-> 🔍 [品質檢驗] 檢查模組語法: manufacturing_hub/flaskauto_auto_fused.py
-> 🎉 語法檢驗完美通過！
========================================
-> 🌍 [自動守護採購] 正在下載原始碼: https://raw.githubusercontent.com/pallets/click/refs/heads/main/src/click/__init__.py
-> ✅ 原始碼下載成功。
-> 🧪 [深度融合] 正在將全球開源碼熔鑄至本地模組: ClickAuto
-> 💾 寫入硬碟成功: manufacturing_hub/clickauto_auto_fused.py
-> 🔍 [品質檢驗] 檢查模組語法: manufacturing_hub/clickauto_auto_fused.py
-> 🎉 語法檢驗完美通過！
========================================
-> 🌍 [自動守護採購] 正在下載原始碼: https://raw.githubusercontent.com/Textualize/rich/refs/heads/main/rich/__init__.py
-> ✅ 原始碼下載成功。
-> 🧪 [深度融合] 正在將全球開源碼熔鑄至本地模組: RichAuto
-> 💾 寫入硬碟成功: manufacturing_hub/richauto_auto_fused.py
-> 🔍 [品質檢驗] 檢查模組語法: manufacturing_hub/richauto_auto_fused.py
-> 🎉 語法檢驗完美通過！
========================================
-> 🌍 [自動守護採購] 正在下載原始碼: https://raw.githubusercontent.com/pydantic/pydantic/refs/heads/main/pydantic/__init__.py
-> ⚠️ 下載失敗 (嘗試 1/3): [Errno 104] Connection reset by peer
-> ✅ 原始碼下載成功。
-> 🧪 [深度融合] 正在將全球開源碼熔鑄至本地模組: PydanticAuto
-> 💾 寫入硬碟成功: manufacturing_hub/pydanticauto_auto_fused.py
-> 🔍 [品質檢驗] 檢查模組語法: manufacturing_hub/pydanticauto_auto_fused.py
-> 🎉 語法檢驗完美通過！

-> 💤 本輪巡航完畢。進入自動休眠，等待 30 秒後進行下一輪...

[2026-08-25 21:04:40] -> 🔄 開始新一輪全球開源專案自動巡航...
========================================
-> 🌍 [自動守護採購] 正在下載原始碼: https://raw.githubusercontent.com/psf/requests/refs/heads/main/src/requests/__init__.py
-> ✅ 原始碼下載成功。
-> 🧪 [深度融合] 正在將全球開源碼熔鑄至本地模組: RequestsAuto
-> 💾 寫入硬碟成功: manufacturing_hub/requestsauto_auto_fused.py
-> 🔍 [品質檢驗] 檢查模組語法: manufacturing_hub/requestsauto_auto_fused.py
-> 🎉 語法檢驗完美通過！
========================================
-> 🌍 [自動守護採購] 正在下載原始碼: https://raw.githubusercontent.com/fastapi/fastapi/refs/heads/master/fastapi/__init__.py
-> ✅ 原始碼下載成功。
-> 🧪 [深度融合] 正在將全球開源碼熔鑄至本地模組: FastAPIAuto
-> 💾 寫入硬碟成功: manufacturing_hub/fastapiauto_auto_fused.py
-> 🔍 [品質檢驗] 檢查模組語法: manufacturing_hub/fastapiauto_auto_fused.py
-> 🎉 語法檢驗完美通過！
========================================
-> 🌍 [自動守護採購] 正在下載原始碼: https://raw.githubusercontent.com/pallets/flask/refs/heads/main/src/flask/__init__.py
-> ✅ 原始碼下載成功。
-> 🧪 [深度融合] 正在將全球開源碼熔鑄至本地模組: FlaskAuto
-> 💾 寫入硬碟成功: manufacturing_hub/flaskauto_auto_fused.py
-> 🔍 [品質檢驗] 檢查模組語法: manufacturing_hub/flaskauto_auto_fused.py
-> 🎉 語法檢驗完美通過！
========================================
-> 🌍 [自動守護採購] 正在下載原始碼: https://raw.githubusercontent.com/pallets/click/refs/heads/main/src/click/__init__.py
-> ✅ 原始碼下載成功。
-> 🧪 [深度融合] 正在將全球開源碼熔鑄至本地模組: ClickAuto
-> 💾 寫入硬碟成功: manufacturing_hub/clickauto_auto_fused.py
-> 🔍 [品質檢驗] 檢查模組語法: manufacturing_hub/clickauto_auto_fused.py
-> 🎉 語法檢驗完美通過！
========================================
-> 🌍 [自動守護採購] 正在下載原始碼: https://raw.githubusercontent.com/Textualize/rich/refs/heads/main/rich/__init__.py
-> ✅ 原始碼下載成功。
-> 🧪 [深度融合] 正在將全球開源碼熔鑄至本地模組: RichAuto
-> 💾 寫入硬碟成功: manufacturing_hub/richauto_auto_fused.py
-> 🔍 [品質檢驗] 檢查模組語法: manufacturing_hub/richauto_auto_fused.py
-> 🎉 語法檢驗完美通過！
========================================
-> 🌍 [自動守護採購] 正在下載原始碼: https://raw.githubusercontent.com/pydantic/pydantic/refs/heads/main/pydantic/__init__.py
-> ✅ 原始碼下載成功。
-> 🧪 [深度融合] 正在將全球開源碼熔鑄至本地模組: PydanticAuto
-> 💾 寫入硬碟成功: manufacturing_hub/pydanticauto_auto_fused.py
-> 🔍 [品質檢驗] 檢查模組語法: manufacturing_hub/pydanticauto_auto_fused.py
-> 🎉 語法檢驗完美通過！

-> 💤 本輪巡航完畢。進入自動休眠，等待 30 秒後進行下一輪...

[2026-08-25 21:05:14] -> 🔄 開始新一輪全球開源專案自動巡航...
========================================
-> 🌍 [自動守護採購] 正在下載原始碼: https://raw.githubusercontent.com/psf/requests/refs/heads/main/src/requests/__init__.py
-> ✅ 原始碼下載成功。
-> 🧪 [深度融合] 正在將全球開源碼熔鑄至本地模組: RequestsAuto
-> 💾 寫入硬碟成功: manufacturing_hub/requestsauto_auto_fused.py
-> 🔍 [品質檢驗] 檢查模組語法: manufacturing_hub/requestsauto_auto_fused.py
-> 🎉 語法檢驗完美通過！
========================================
-> 🌍 [自動守護採購] 正在下載原始碼: https://raw.githubusercontent.com/fastapi/fastapi/refs/heads/master/fastapi/__init__.py
-> ✅ 原始碼下載成功。
-> 🧪 [深度融合] 正在將全球開源碼熔鑄至本地模組: FastAPIAuto
-> 💾 寫入硬碟成功: manufacturing_hub/fastapiauto_auto_fused.py
-> 🔍 [品質檢驗] 檢查模組語法: manufacturing_hub/fastapiauto_auto_fused.py
-> 🎉 語法檢驗完美通過！
========================================
-> 🌍 [自動守護採購] 正在下載原始碼: https://raw.githubusercontent.com/pallets/flask/refs/heads/main/src/flask/__init__.py
-> ✅ 原始碼下載成功。
-> 🧪 [深度融合] 正在將全球開源碼熔鑄至本地模組: FlaskAuto
-> 💾 寫入硬碟成功: manufacturing_hub/flaskauto_auto_fused.py
-> 🔍 [品質檢驗] 檢查模組語法: manufacturing_hub/flaskauto_auto_fused.py
-> 🎉 語法檢驗完美通過！
========================================
-> 🌍 [自動守護採購] 正在下載原始碼: https://raw.githubusercontent.com/pallets/click/refs/heads/main/src/click/__init__.py
-> ✅ 原始碼下載成功。
-> 🧪 [深度融合] 正在將全球開源碼熔鑄至本地模組: ClickAuto
-> 💾 寫入硬碟成功: manufacturing_hub/clickauto_auto_fused.py
-> 🔍 [品質檢驗] 檢查模組語法: manufacturing_hub/clickauto_auto_fused.py
-> 🎉 語法檢驗完美通過！
========================================
-> 🌍 [自動守護採購] 正在下載原始碼: https://raw.githubusercontent.com/Textualize/rich/refs/heads/main/rich/__init__.py
-> ✅ 原始碼下載成功。
-> 🧪 [深度融合] 正在將全球開源碼熔鑄至本地模組: RichAuto
-> 💾 寫入硬碟成功: manufacturing_hub/richauto_auto_fused.py
-> 🔍 [品質檢驗] 檢查模組語法: manufacturing_hub/richauto_auto_fused.py
-> 🎉 語法檢驗完美通過！
========================================
-> 🌍 [自動守護採購] 正在下載原始碼: https://raw.githubusercontent.com/pydantic/pydantic/refs/heads/main/pydantic/__init__.py
-> ✅ 原始碼下載成功。
-> 🧪 [深度融合] 正在將全球開源碼熔鑄至本地模組: PydanticAuto
-> 💾 寫入硬碟成功: manufacturing_hub/pydanticauto_auto_fused.py
-> 🔍 [品質檢驗] 檢查模組語法: manufacturing_hub/pydanticauto_auto_fused.py
-> 🎉 語法檢驗完美通過！

-> 💤 本輪巡航完畢。進入自動休眠，等待 30 秒後進行下一輪...

[2026-08-25 21:05:48] -> 🔄 開始新一輪全球開源專案自動巡航...
========================================
-> 🌍 [自動守護採購] 正在下載原始碼: https://raw.githubusercontent.com/psf/requests/refs/heads/main/src/requests/__init__.py
-> ✅ 原始碼下載成功。
-> 🧪 [深度融合] 正在將全球開源碼熔鑄至本地模組: RequestsAuto
-> 💾 寫入硬碟成功: manufacturing_hub/requestsauto_auto_fused.py
-> 🔍 [品質檢驗] 檢查模組語法: manufacturing_hub/requestsauto_auto_fused.py
-> 🎉 語法檢驗完美通過！
========================================
-> 🌍 [自動守護採購] 正在下載原始碼: https://raw.githubusercontent.com/fastapi/fastapi/refs/heads/master/fastapi/__init__.py
-> ✅ 原始碼下載成功。
-> 🧪 [深度融合] 正在將全球開源碼熔鑄至本地模組: FastAPIAuto
-> 💾 寫入硬碟成功: manufacturing_hub/fastapiauto_auto_fused.py
-> 🔍 [品質檢驗] 檢查模組語法: manufacturing_hub/fastapiauto_auto_fused.py
-> 🎉 語法檢驗完美通過！
========================================
-> 🌍 [自動守護採購] 正在下載原始碼: https://raw.githubusercontent.com/pallets/flask/refs/heads/main/src/flask/__init__.py
-> ✅ 原始碼下載成功。
-> 🧪 [深度融合] 正在將全球開源碼熔鑄至本地模組: FlaskAuto
-> 💾 寫入硬碟成功: manufacturing_hub/flaskauto_auto_fused.py
-> 🔍 [品質檢驗] 檢查模組語法: manufacturing_hub/flaskauto_auto_fused.py
-> 🎉 語法檢驗完美通過！
========================================
-> 🌍 [自動守護採購] 正在下載原始碼: https://raw.githubusercontent.com/pallets/click/refs/heads/main/src/click/__init__.py
-> ✅ 原始碼下載成功。
-> 🧪 [深度融合] 正在將全球開源碼熔鑄至本地模組: ClickAuto
-> 💾 寫入硬碟成功: manufacturing_hub/clickauto_auto_fused.py
-> 🔍 [品質檢驗] 檢查模組語法: manufacturing_hub/clickauto_auto_fused.py
-> 🎉 語法檢驗完美通過！
========================================
-> 🌍 [自動守護採購] 正在下載原始碼: https://raw.githubusercontent.com/Textualize/rich/refs/heads/main/rich/__init__.py
-> ✅ 原始碼下載成功。
-> 🧪 [深度融合] 正在將全球開源碼熔鑄至本地模組: RichAuto
-> 💾 寫入硬碟成功: manufacturing_hub/richauto_auto_fused.py
-> 🔍 [品質檢驗] 檢查模組語法: manufacturing_hub/richauto_auto_fused.py
-> 🎉 語法檢驗完美通過！
========================================
-> 🌍 [自動守護採購] 正在下載原始碼: https://raw.githubusercontent.com/pydantic/pydantic/refs/heads/main/pydantic/__init__.py
-> ✅ 原始碼下載成功。
-> 🧪 [深度融合] 正在將全球開源碼熔鑄至本地模組: PydanticAuto
-> 💾 寫入硬碟成功: manufacturing_hub/pydanticauto_auto_fused.py
-> 🔍 [品質檢驗] 檢查模組語法: manufacturing_hub/pydanticauto_auto_fused.py
-> 🎉 語法檢驗完美通過！

-> 💤 本輪巡航完畢。進入自動休眠，等待 30 秒後進行下一輪...

[2026-08-25 21:06:23] -> 🔄 開始新一輪全球開源專案自動巡航...
========================================
-> 🌍 [自動守護採購] 正在下載原始碼: https://raw.githubusercontent.com/psf/requests/refs/heads/main/src/requests/__init__.py
-> ✅ 原始碼下載成功。
-> 🧪 [深度融合] 正在將全球開源碼熔鑄至本地模組: RequestsAuto
-> 💾 寫入硬碟成功: manufacturing_hub/requestsauto_auto_fused.py
-> 🔍 [品質檢驗] 檢查模組語法: manufacturing_hub/requestsauto_auto_fused.py
-> 🎉 語法檢驗完美通過！
========================================
-> 🌍 [自動守護採購] 正在下載原始碼: https://raw.githubusercontent.com/fastapi/fastapi/refs/heads/master/fastapi/__init__.py
-> ✅ 原始碼下載成功。
-> 🧪 [深度融合] 正在將全球開源碼熔鑄至本地模組: FastAPIAuto
-> 💾 寫入硬碟成功: manufacturing_hub/fastapiauto_auto_fused.py
-> 🔍 [品質檢驗] 檢查模組語法: manufacturing_hub/fastapiauto_auto_fused.py
-> 🎉 語法檢驗完美通過！
========================================
-> 🌍 [自動守護採購] 正在下載原始碼: https://raw.githubusercontent.com/pallets/flask/refs/heads/main/src/flask/__init__.py
-> ✅ 原始碼下載成功。
-> 🧪 [深度融合] 正在將全球開源碼熔鑄至本地模組: FlaskAuto
-> 💾 寫入硬碟成功: manufacturing_hub/flaskauto_auto_fused.py
-> 🔍 [品質檢驗] 檢查模組語法: manufacturing_hub/flaskauto_auto_fused.py
-> 🎉 語法檢驗完美通過！
========================================
-> 🌍 [自動守護採購] 正在下載原始碼: https://raw.githubusercontent.com/pallets/click/refs/heads/main/src/click/__init__.py
-> ✅ 原始碼下載成功。
-> 🧪 [深度融合] 正在將全球開源碼熔鑄至本地模組: ClickAuto
-> 💾 寫入硬碟成功: manufacturing_hub/clickauto_auto_fused.py
-> 🔍 [品質檢驗] 檢查模組語法: manufacturing_hub/clickauto_auto_fused.py
-> 🎉 語法檢驗完美通過！
========================================
-> 🌍 [自動守護採購] 正在下載原始碼: https://raw.githubusercontent.com/Textualize/rich/refs/heads/main/rich/__init__.py
-> ✅ 原始碼下載成功。
-> 🧪 [深度融合] 正在將全球開源碼熔鑄至本地模組: RichAuto
-> 💾 寫入硬碟成功: manufacturing_hub/richauto_auto_fused.py
-> 🔍 [品質檢驗] 檢查模組語法: manufacturing_hub/richauto_auto_fused.py
-> 🎉 語法檢驗完美通過！
========================================
-> 🌍 [自動守護採購] 正在下載原始碼: https://raw.githubusercontent.com/pydantic/pydantic/refs/heads/main/pydantic/__init__.py
-> ✅ 原始碼下載成功。
-> 🧪 [深度融合] 正在將全球開源碼熔鑄至本地模組: PydanticAuto
-> 💾 寫入硬碟成功: manufacturing_hub/pydanticauto_auto_fused.py
-> 🔍 [品質檢驗] 檢查模組語法: manufacturing_hub/pydanticauto_auto_fused.py
-> 🎉 語法檢驗完美通過！

-> 💤 本輪巡航完畢。進入自動休眠，等待 30 秒後進行下一輪...

[2026-08-25 21:06:57] -> 🔄 開始新一輪全球開源專案自動巡航...
========================================
-> 🌍 [自動守護採購] 正在下載原始碼: https://raw.githubusercontent.com/psf/requests/refs/heads/main/src/requests/__init__.py
-> ✅ 原始碼下載成功。
-> 🧪 [深度融合] 正在將全球開源碼熔鑄至本地模組: RequestsAuto
-> 💾 寫入硬碟成功: manufacturing_hub/requestsauto_auto_fused.py
-> 🔍 [品質檢驗] 檢查模組語法: manufacturing_hub/requestsauto_auto_fused.py
-> 🎉 語法檢驗完美通過！
========================================
-> 🌍 [自動守護採購] 正在下載原始碼: https://raw.githubusercontent.com/fastapi/fastapi/refs/heads/master/fastapi/__init__.py
-> ✅ 原始碼下載成功。
-> 🧪 [深度融合] 正在將全球開源碼熔鑄至本地模組: FastAPIAuto
-> 💾 寫入硬碟成功: manufacturing_hub/fastapiauto_auto_fused.py
-> 🔍 [品質檢驗] 檢查模組語法: manufacturing_hub/fastapiauto_auto_fused.py
-> 🎉 語法檢驗完美通過！
========================================
-> 🌍 [自動守護採購] 正在下載原始碼: https://raw.githubusercontent.com/pallets/flask/refs/heads/main/src/flask/__init__.py
-> ✅ 原始碼下載成功。
-> 🧪 [深度融合] 正在將全球開源碼熔鑄至本地模組: FlaskAuto
-> 💾 寫入硬碟成功: manufacturing_hub/flaskauto_auto_fused.py
-> 🔍 [品質檢驗] 檢查模組語法: manufacturing_hub/flaskauto_auto_fused.py
-> 🎉 語法檢驗完美通過！
========================================
-> 🌍 [自動守護採購] 正在下載原始碼: https://raw.githubusercontent.com/pallets/click/refs/heads/main/src/click/__init__.py
-> ✅ 原始碼下載成功。
-> 🧪 [深度融合] 正在將全球開源碼熔鑄至本地模組: ClickAuto
-> 💾 寫入硬碟成功: manufacturing_hub/clickauto_auto_fused.py
-> 🔍 [品質檢驗] 檢查模組語法: manufacturing_hub/clickauto_auto_fused.py
-> 🎉 語法檢驗完美通過！
========================================
-> 🌍 [自動守護採購] 正在下載原始碼: https://raw.githubusercontent.com/Textualize/rich/refs/heads/main/rich/__init__.py
-> ✅ 原始碼下載成功。
-> 🧪 [深度融合] 正在將全球開源碼熔鑄至本地模組: RichAuto
-> 💾 寫入硬碟成功: manufacturing_hub/richauto_auto_fused.py
-> 🔍 [品質檢驗] 檢查模組語法: manufacturing_hub/richauto_auto_fused.py
-> 🎉 語法檢驗完美通過！
========================================
-> 🌍 [自動守護採購] 正在下載原始碼: https://raw.githubusercontent.com/pydantic/pydantic/refs/heads/main/pydantic/__init__.py
-> ✅ 原始碼下載成功。
-> 🧪 [深度融合] 正在將全球開源碼熔鑄至本地模組: PydanticAuto
-> 💾 寫入硬碟成功: manufacturing_hub/pydanticauto_auto_fused.py
-> 🔍 [品質檢驗] 檢查模組語法: manufacturing_hub/pydanticauto_auto_fused.py
-> 🎉 語法檢驗完美通過！

-> 💤 本輪巡航完畢。進入自動休眠，等待 30 秒後進行下一輪...

[2026-08-25 21:07:33] -> 🔄 開始新一輪全球開源專案自動巡航...
========================================
-> 🌍 [自動守護採購] 正在下載原始碼: https://raw.githubusercontent.com/psf/requests/refs/heads/main/src/requests/__init__.py
-> ✅ 原始碼下載成功。
-> 🧪 [深度融合] 正在將全球開源碼熔鑄至本地模組: RequestsAuto
-> 💾 寫入硬碟成功: manufacturing_hub/requestsauto_auto_fused.py
-> 🔍 [品質檢驗] 檢查模組語法: manufacturing_hub/requestsauto_auto_fused.py
-> 🎉 語法檢驗完美通過！
========================================
-> 🌍 [自動守護採購] 正在下載原始碼: https://raw.githubusercontent.com/fastapi/fastapi/refs/heads/master/fastapi/__init__.py
-> ✅ 原始碼下載成功。
-> 🧪 [深度融合] 正在將全球開源碼熔鑄至本地模組: FastAPIAuto
-> 💾 寫入硬碟成功: manufacturing_hub/fastapiauto_auto_fused.py
-> 🔍 [品質檢驗] 檢查模組語法: manufacturing_hub/fastapiauto_auto_fused.py
-> 🎉 語法檢驗完美通過！
========================================
-> 🌍 [自動守護採購] 正在下載原始碼: https://raw.githubusercontent.com/pallets/flask/refs/heads/main/src/flask/__init__.py
-> ✅ 原始碼下載成功。
-> 🧪 [深度融合] 正在將全球開源碼熔鑄至本地模組: FlaskAuto
-> 💾 寫入硬碟成功: manufacturing_hub/flaskauto_auto_fused.py
-> 🔍 [品質檢驗] 檢查模組語法: manufacturing_hub/flaskauto_auto_fused.py
-> 🎉 語法檢驗完美通過！
========================================
-> 🌍 [自動守護採購] 正在下載原始碼: https://raw.githubusercontent.com/pallets/click/refs/heads/main/src/click/__init__.py
-> ✅ 原始碼下載成功。
-> 🧪 [深度融合] 正在將全球開源碼熔鑄至本地模組: ClickAuto
-> 💾 寫入硬碟成功: manufacturing_hub/clickauto_auto_fused.py
-> 🔍 [品質檢驗] 檢查模組語法: manufacturing_hub/clickauto_auto_fused.py
-> 🎉 語法檢驗完美通過！
========================================
-> 🌍 [自動守護採購] 正在下載原始碼: https://raw.githubusercontent.com/Textualize/rich/refs/heads/main/rich/__init__.py
-> ✅ 原始碼下載成功。
-> 🧪 [深度融合] 正在將全球開源碼熔鑄至本地模組: RichAuto
-> 💾 寫入硬碟成功: manufacturing_hub/richauto_auto_fused.py
-> 🔍 [品質檢驗] 檢查模組語法: manufacturing_hub/richauto_auto_fused.py
-> 🎉 語法檢驗完美通過！
========================================
-> 🌍 [自動守護採購] 正在下載原始碼: https://raw.githubusercontent.com/pydantic/pydantic/refs/heads/main/pydantic/__init__.py
-> ✅ 原始碼下載成功。
-> 🧪 [深度融合] 正在將全球開源碼熔鑄至本地模組: PydanticAuto
-> 💾 寫入硬碟成功: manufacturing_hub/pydanticauto_auto_fused.py
-> 🔍 [品質檢驗] 檢查模組語法: manufacturing_hub/pydanticauto_auto_fused.py
-> 🎉 語法檢驗完美通過！

-> 💤 本輪巡航完畢。進入自動休眠，等待 30 秒後進行下一輪...

[2026-08-25 21:08:07] -> 🔄 開始新一輪全球開源專案自動巡航...
========================================
-> 🌍 [自動守護採購] 正在下載原始碼: https://raw.githubusercontent.com/psf/requests/refs/heads/main/src/requests/__init__.py
-> ✅ 原始碼下載成功。
-> 🧪 [深度融合] 正在將全球開源碼熔鑄至本地模組: RequestsAuto
-> 💾 寫入硬碟成功: manufacturing_hub/requestsauto_auto_fused.py
-> 🔍 [品質檢驗] 檢查模組語法: manufacturing_hub/requestsauto_auto_fused.py
-> 🎉 語法檢驗完美通過！
========================================
-> 🌍 [自動守護採購] 正在下載原始碼: https://raw.githubusercontent.com/fastapi/fastapi/refs/heads/master/fastapi/__init__.py
-> ✅ 原始碼下載成功。
-> 🧪 [深度融合] 正在將全球開源碼熔鑄至本地模組: FastAPIAuto
-> 💾 寫入硬碟成功: manufacturing_hub/fastapiauto_auto_fused.py
-> 🔍 [品質檢驗] 檢查模組語法: manufacturing_hub/fastapiauto_auto_fused.py
-> 🎉 語法檢驗完美通過！
========================================
-> 🌍 [自動守護採購] 正在下載原始碼: https://raw.githubusercontent.com/pallets/flask/refs/heads/main/src/flask/__init__.py
-> ✅ 原始碼下載成功。
-> 🧪 [深度融合] 正在將全球開源碼熔鑄至本地模組: FlaskAuto
-> 💾 寫入硬碟成功: manufacturing_hub/flaskauto_auto_fused.py
-> 🔍 [品質檢驗] 檢查模組語法: manufacturing_hub/flaskauto_auto_fused.py
-> 🎉 語法檢驗完美通過！
========================================
-> 🌍 [自動守護採購] 正在下載原始碼: https://raw.githubusercontent.com/pallets/click/refs/heads/main/src/click/__init__.py
-> ✅ 原始碼下載成功。
-> 🧪 [深度融合] 正在將全球開源碼熔鑄至本地模組: ClickAuto
-> 💾 寫入硬碟成功: manufacturing_hub/clickauto_auto_fused.py
-> 🔍 [品質檢驗] 檢查模組語法: manufacturing_hub/clickauto_auto_fused.py
-> 🎉 語法檢驗完美通過！
========================================
-> 🌍 [自動守護採購] 正在下載原始碼: https://raw.githubusercontent.com/Textualize/rich/refs/heads/main/rich/__init__.py
-> ✅ 原始碼下載成功。
-> 🧪 [深度融合] 正在將全球開源碼熔鑄至本地模組: RichAuto
-> 💾 寫入硬碟成功: manufacturing_hub/richauto_auto_fused.py
-> 🔍 [品質檢驗] 檢查模組語法: manufacturing_hub/richauto_auto_fused.py
-> 🎉 語法檢驗完美通過！
========================================
-> 🌍 [自動守護採購] 正在下載原始碼: https://raw.githubusercontent.com/pydantic/pydantic/refs/heads/main/pydantic/__init__.py
-> ✅ 原始碼下載成功。
-> 🧪 [深度融合] 正在將全球開源碼熔鑄至本地模組: PydanticAuto
-> 💾 寫入硬碟成功: manufacturing_hub/pydanticauto_auto_fused.py
-> 🔍 [品質檢驗] 檢查模組語法: manufacturing_hub/pydanticauto_auto_fused.py
-> 🎉 語法檢驗完美通過！

-> 💤 本輪巡航完畢。進入自動休眠，等待 30 秒後進行下一輪...

[2026-08-25 21:08:42] -> 🔄 開始新一輪全球開源專案自動巡航...
========================================
-> 🌍 [自動守護採購] 正在下載原始碼: https://raw.githubusercontent.com/psf/requests/refs/heads/main/src/requests/__init__.py
-> ✅ 原始碼下載成功。
-> 🧪 [深度融合] 正在將全球開源碼熔鑄至本地模組: RequestsAuto
-> 💾 寫入硬碟成功: manufacturing_hub/requestsauto_auto_fused.py
-> 🔍 [品質檢驗] 檢查模組語法: manufacturing_hub/requestsauto_auto_fused.py
-> 🎉 語法檢驗完美通過！
========================================
-> 🌍 [自動守護採購] 正在下載原始碼: https://raw.githubusercontent.com/fastapi/fastapi/refs/heads/master/fastapi/__init__.py
-> ✅ 原始碼下載成功。
-> 🧪 [深度融合] 正在將全球開源碼熔鑄至本地模組: FastAPIAuto
-> 💾 寫入硬碟成功: manufacturing_hub/fastapiauto_auto_fused.py
-> 🔍 [品質檢驗] 檢查模組語法: manufacturing_hub/fastapiauto_auto_fused.py
-> 🎉 語法檢驗完美通過！
========================================
-> 🌍 [自動守護採購] 正在下載原始碼: https://raw.githubusercontent.com/pallets/flask/refs/heads/main/src/flask/__init__.py
-> ✅ 原始碼下載成功。
-> 🧪 [深度融合] 正在將全球開源碼熔鑄至本地模組: FlaskAuto
-> 💾 寫入硬碟成功: manufacturing_hub/flaskauto_auto_fused.py
-> 🔍 [品質檢驗] 檢查模組語法: manufacturing_hub/flaskauto_auto_fused.py
-> 🎉 語法檢驗完美通過！
========================================
-> 🌍 [自動守護採購] 正在下載原始碼: https://raw.githubusercontent.com/pallets/click/refs/heads/main/src/click/__init__.py
-> ✅ 原始碼下載成功。
-> 🧪 [深度融合] 正在將全球開源碼熔鑄至本地模組: ClickAuto
-> 💾 寫入硬碟成功: manufacturing_hub/clickauto_auto_fused.py
-> 🔍 [品質檢驗] 檢查模組語法: manufacturing_hub/clickauto_auto_fused.py
-> 🎉 語法檢驗完美通過！
========================================
-> 🌍 [自動守護採購] 正在下載原始碼: https://raw.githubusercontent.com/Textualize/rich/refs/heads/main/rich/__init__.py
-> ✅ 原始碼下載成功。
-> 🧪 [深度融合] 正在將全球開源碼熔鑄至本地模組: RichAuto
-> 💾 寫入硬碟成功: manufacturing_hub/richauto_auto_fused.py
-> 🔍 [品質檢驗] 檢查模組語法: manufacturing_hub/richauto_auto_fused.py
-> 🎉 語法檢驗完美通過！
========================================
-> 🌍 [自動守護採購] 正在下載原始碼: https://raw.githubusercontent.com/pydantic/pydantic/refs/heads/main/pydantic/__init__.py
-> ✅ 原始碼下載成功。
-> 🧪 [深度融合] 正在將全球開源碼熔鑄至本地模組: PydanticAuto
-> 💾 寫入硬碟成功: manufacturing_hub/pydanticauto_auto_fused.py
-> 🔍 [品質檢驗] 檢查模組語法: manufacturing_hub/pydanticauto_auto_fused.py
-> 🎉 語法檢驗完美通過！

-> 💤 本輪巡航完畢。進入自動休眠，等待 30 秒後進行下一輪...

[2026-08-25 21:09:17] -> 🔄 開始新一輪全球開源專案自動巡航...
========================================
-> 🌍 [自動守護採購] 正在下載原始碼: https://raw.githubusercontent.com/psf/requests/refs/heads/main/src/requests/__init__.py
-> ✅ 原始碼下載成功。
-> 🧪 [深度融合] 正在將全球開源碼熔鑄至本地模組: RequestsAuto
-> 💾 寫入硬碟成功: manufacturing_hub/requestsauto_auto_fused.py
-> 🔍 [品質檢驗] 檢查模組語法: manufacturing_hub/requestsauto_auto_fused.py
-> 🎉 語法檢驗完美通過！
========================================
-> 🌍 [自動守護採購] 正在下載原始碼: https://raw.githubusercontent.com/fastapi/fastapi/refs/heads/master/fastapi/__init__.py
-> ✅ 原始碼下載成功。
-> 🧪 [深度融合] 正在將全球開源碼熔鑄至本地模組: FastAPIAuto
-> 💾 寫入硬碟成功: manufacturing_hub/fastapiauto_auto_fused.py
-> 🔍 [品質檢驗] 檢查模組語法: manufacturing_hub/fastapiauto_auto_fused.py
-> 🎉 語法檢驗完美通過！
========================================
-> 🌍 [自動守護採購] 正在下載原始碼: https://raw.githubusercontent.com/pallets/flask/refs/heads/main/src/flask/__init__.py
-> ✅ 原始碼下載成功。
-> 🧪 [深度融合] 正在將全球開源碼熔鑄至本地模組: FlaskAuto
-> 💾 寫入硬碟成功: manufacturing_hub/flaskauto_auto_fused.py
-> 🔍 [品質檢驗] 檢查模組語法: manufacturing_hub/flaskauto_auto_fused.py
-> 🎉 語法檢驗完美通過！
========================================
-> 🌍 [自動守護採購] 正在下載原始碼: https://raw.githubusercontent.com/pallets/click/refs/heads/main/src/click/__init__.py
-> ✅ 原始碼下載成功。
-> 🧪 [深度融合] 正在將全球開源碼熔鑄至本地模組: ClickAuto
-> 💾 寫入硬碟成功: manufacturing_hub/clickauto_auto_fused.py
-> 🔍 [品質檢驗] 檢查模組語法: manufacturing_hub/clickauto_auto_fused.py
-> 🎉 語法檢驗完美通過！
========================================
-> 🌍 [自動守護採購] 正在下載原始碼: https://raw.githubusercontent.com/Textualize/rich/refs/heads/main/rich/__init__.py
-> ✅ 原始碼下載成功。
-> 🧪 [深度融合] 正在將全球開源碼熔鑄至本地模組: RichAuto
-> 💾 寫入硬碟成功: manufacturing_hub/richauto_auto_fused.py
-> 🔍 [品質檢驗] 檢查模組語法: manufacturing_hub/richauto_auto_fused.py
-> 🎉 語法檢驗完美通過！
========================================
-> 🌍 [自動守護採購] 正在下載原始碼: https://raw.githubusercontent.com/pydantic/pydantic/refs/heads/main/pydantic/__init__.py
-> ✅ 原始碼下載成功。
-> 🧪 [深度融合] 正在將全球開源碼熔鑄至本地模組: PydanticAuto
-> 💾 寫入硬碟成功: manufacturing_hub/pydanticauto_auto_fused.py
-> 🔍 [品質檢驗] 檢查模組語法: manufacturing_hub/pydanticauto_auto_fused.py
-> 🎉 語法檢驗完美通過！

-> 💤 本輪巡航完畢。進入自動休眠，等待 30 秒後進行下一輪...

[2026-08-25 21:09:52] -> 🔄 開始新一輪全球開源專案自動巡航...
========================================
-> 🌍 [自動守護採購] 正在下載原始碼: https://raw.githubusercontent.com/psf/requests/refs/heads/main/src/requests/__init__.py
-> ✅ 原始碼下載成功。
-> 🧪 [深度融合] 正在將全球開源碼熔鑄至本地模組: RequestsAuto
-> 💾 寫入硬碟成功: manufacturing_hub/requestsauto_auto_fused.py
-> 🔍 [品質檢驗] 檢查模組語法: manufacturing_hub/requestsauto_auto_fused.py
-> 🎉 語法檢驗完美通過！
========================================
-> 🌍 [自動守護採購] 正在下載原始碼: https://raw.githubusercontent.com/fastapi/fastapi/refs/heads/master/fastapi/__init__.py
-> ✅ 原始碼下載成功。
-> 🧪 [深度融合] 正在將全球開源碼熔鑄至本地模組: FastAPIAuto
-> 💾 寫入硬碟成功: manufacturing_hub/fastapiauto_auto_fused.py
-> 🔍 [品質檢驗] 檢查模組語法: manufacturing_hub/fastapiauto_auto_fused.py
-> 🎉 語法檢驗完美通過！
========================================
-> 🌍 [自動守護採購] 正在下載原始碼: https://raw.githubusercontent.com/pallets/flask/refs/heads/main/src/flask/__init__.py
-> ✅ 原始碼下載成功。
-> 🧪 [深度融合] 正在將全球開源碼熔鑄至本地模組: FlaskAuto
-> 💾 寫入硬碟成功: manufacturing_hub/flaskauto_auto_fused.py
-> 🔍 [品質檢驗] 檢查模組語法: manufacturing_hub/flaskauto_auto_fused.py
-> 🎉 語法檢驗完美通過！
========================================
-> 🌍 [自動守護採購] 正在下載原始碼: https://raw.githubusercontent.com/pallets/click/refs/heads/main/src/click/__init__.py
-> ✅ 原始碼下載成功。
-> 🧪 [深度融合] 正在將全球開源碼熔鑄至本地模組: ClickAuto
-> 💾 寫入硬碟成功: manufacturing_hub/clickauto_auto_fused.py
-> 🔍 [品質檢驗] 檢查模組語法: manufacturing_hub/clickauto_auto_fused.py
-> 🎉 語法檢驗完美通過！
========================================
-> 🌍 [自動守護採購] 正在下載原始碼: https://raw.githubusercontent.com/Textualize/rich/refs/heads/main/rich/__init__.py
-> ✅ 原始碼下載成功。
-> 🧪 [深度融合] 正在將全球開源碼熔鑄至本地模組: RichAuto
-> 💾 寫入硬碟成功: manufacturing_hub/richauto_auto_fused.py
-> 🔍 [品質檢驗] 檢查模組語法: manufacturing_hub/richauto_auto_fused.py
-> 🎉 語法檢驗完美通過！
========================================
-> 🌍 [自動守護採購] 正在下載原始碼: https://raw.githubusercontent.com/pydantic/pydantic/refs/heads/main/pydantic/__init__.py
-> ✅ 原始碼下載成功。
-> 🧪 [深度融合] 正在將全球開源碼熔鑄至本地模組: PydanticAuto
-> 💾 寫入硬碟成功: manufacturing_hub/pydanticauto_auto_fused.py
-> 🔍 [品質檢驗] 檢查模組語法: manufacturing_hub/pydanticauto_auto_fused.py
-> 🎉 語法檢驗完美通過！

-> 💤 本輪巡航完畢。進入自動休眠，等待 30 秒後進行下一輪...

[2026-08-25 21:10:26] -> 🔄 開始新一輪全球開源專案自動巡航...
========================================
-> 🌍 [自動守護採購] 正在下載原始碼: https://raw.githubusercontent.com/psf/requests/refs/heads/main/src/requests/__init__.py
-> ✅ 原始碼下載成功。
-> 🧪 [深度融合] 正在將全球開源碼熔鑄至本地模組: RequestsAuto
-> 💾 寫入硬碟成功: manufacturing_hub/requestsauto_auto_fused.py
-> 🔍 [品質檢驗] 檢查模組語法: manufacturing_hub/requestsauto_auto_fused.py
-> 🎉 語法檢驗完美通過！
========================================
-> 🌍 [自動守護採購] 正在下載原始碼: https://raw.githubusercontent.com/fastapi/fastapi/refs/heads/master/fastapi/__init__.py
-> ✅ 原始碼下載成功。
-> 🧪 [深度融合] 正在將全球開源碼熔鑄至本地模組: FastAPIAuto
-> 💾 寫入硬碟成功: manufacturing_hub/fastapiauto_auto_fused.py
-> 🔍 [品質檢驗] 檢查模組語法: manufacturing_hub/fastapiauto_auto_fused.py
-> 🎉 語法檢驗完美通過！
========================================
-> 🌍 [自動守護採購] 正在下載原始碼: https://raw.githubusercontent.com/pallets/flask/refs/heads/main/src/flask/__init__.py
-> ✅ 原始碼下載成功。
-> 🧪 [深度融合] 正在將全球開源碼熔鑄至本地模組: FlaskAuto
-> 💾 寫入硬碟成功: manufacturing_hub/flaskauto_auto_fused.py
-> 🔍 [品質檢驗] 檢查模組語法: manufacturing_hub/flaskauto_auto_fused.py
-> 🎉 語法檢驗完美通過！
========================================
-> 🌍 [自動守護採購] 正在下載原始碼: https://raw.githubusercontent.com/pallets/click/refs/heads/main/src/click/__init__.py
-> ✅ 原始碼下載成功。
-> 🧪 [深度融合] 正在將全球開源碼熔鑄至本地模組: ClickAuto
-> 💾 寫入硬碟成功: manufacturing_hub/clickauto_auto_fused.py
-> 🔍 [品質檢驗] 檢查模組語法: manufacturing_hub/clickauto_auto_fused.py
-> 🎉 語法檢驗完美通過！
========================================
-> 🌍 [自動守護採購] 正在下載原始碼: https://raw.githubusercontent.com/Textualize/rich/refs/heads/main/rich/__init__.py
-> ✅ 原始碼下載成功。
-> 🧪 [深度融合] 正在將全球開源碼熔鑄至本地模組: RichAuto
-> 💾 寫入硬碟成功: manufacturing_hub/richauto_auto_fused.py
-> 🔍 [品質檢驗] 檢查模組語法: manufacturing_hub/richauto_auto_fused.py
-> 🎉 語法檢驗完美通過！
========================================
-> 🌍 [自動守護採購] 正在下載原始碼: https://raw.githubusercontent.com/pydantic/pydantic/refs/heads/main/pydantic/__init__.py
-> ✅ 原始碼下載成功。
-> 🧪 [深度融合] 正在將全球開源碼熔鑄至本地模組: PydanticAuto
-> 💾 寫入硬碟成功: manufacturing_hub/pydanticauto_auto_fused.py
-> 🔍 [品質檢驗] 檢查模組語法: manufacturing_hub/pydanticauto_auto_fused.py
-> 🎉 語法檢驗完美通過！

-> 💤 本輪巡航完畢。進入自動休眠，等待 30 秒後進行下一輪...

[2026-08-25 21:11:00] -> 🔄 開始新一輪全球開源專案自動巡航...
========================================
-> 🌍 [自動守護採購] 正在下載原始碼: https://raw.githubusercontent.com/psf/requests/refs/heads/main/src/requests/__init__.py
-> ✅ 原始碼下載成功。
-> 🧪 [深度融合] 正在將全球開源碼熔鑄至本地模組: RequestsAuto
-> 💾 寫入硬碟成功: manufacturing_hub/requestsauto_auto_fused.py
-> 🔍 [品質檢驗] 檢查模組語法: manufacturing_hub/requestsauto_auto_fused.py
-> 🎉 語法檢驗完美通過！
========================================
-> 🌍 [自動守護採購] 正在下載原始碼: https://raw.githubusercontent.com/fastapi/fastapi/refs/heads/master/fastapi/__init__.py
-> ✅ 原始碼下載成功。
-> 🧪 [深度融合] 正在將全球開源碼熔鑄至本地模組: FastAPIAuto
-> 💾 寫入硬碟成功: manufacturing_hub/fastapiauto_auto_fused.py
-> 🔍 [品質檢驗] 檢查模組語法: manufacturing_hub/fastapiauto_auto_fused.py
-> 🎉 語法檢驗完美通過！
========================================
-> 🌍 [自動守護採購] 正在下載原始碼: https://raw.githubusercontent.com/pallets/flask/refs/heads/main/src/flask/__init__.py
-> ✅ 原始碼下載成功。
-> 🧪 [深度融合] 正在將全球開源碼熔鑄至本地模組: FlaskAuto
-> 💾 寫入硬碟成功: manufacturing_hub/flaskauto_auto_fused.py
-> 🔍 [品質檢驗] 檢查模組語法: manufacturing_hub/flaskauto_auto_fused.py
-> 🎉 語法檢驗完美通過！
========================================
-> 🌍 [自動守護採購] 正在下載原始碼: https://raw.githubusercontent.com/pallets/click/refs/heads/main/src/click/__init__.py
-> ✅ 原始碼下載成功。
-> 🧪 [深度融合] 正在將全球開源碼熔鑄至本地模組: ClickAuto
-> 💾 寫入硬碟成功: manufacturing_hub/clickauto_auto_fused.py
-> 🔍 [品質檢驗] 檢查模組語法: manufacturing_hub/clickauto_auto_fused.py
-> 🎉 語法檢驗完美通過！
========================================
-> 🌍 [自動守護採購] 正在下載原始碼: https://raw.githubusercontent.com/Textualize/rich/refs/heads/main/rich/__init__.py
-> ✅ 原始碼下載成功。
-> 🧪 [深度融合] 正在將全球開源碼熔鑄至本地模組: RichAuto
-> 💾 寫入硬碟成功: manufacturing_hub/richauto_auto_fused.py
-> 🔍 [品質檢驗] 檢查模組語法: manufacturing_hub/richauto_auto_fused.py
-> 🎉 語法檢驗完美通過！
========================================
-> 🌍 [自動守護採購] 正在下載原始碼: https://raw.githubusercontent.com/pydantic/pydantic/refs/heads/main/pydantic/__init__.py
-> ✅ 原始碼下載成功。
-> 🧪 [深度融合] 正在將全球開源碼熔鑄至本地模組: PydanticAuto