[2026-08-24 13:23:51] 📌 主程序已進入守護狀態，你可以隨時關閉終端機或查看日誌。
[2026-08-24 13:23:51] 🚀 [背景守護] 系統已成功啟動，開始進行即時循環運作...
[2026-08-24 13:23:51] ✨ [循環成功] 已完成第 1 次背景資料寫入與狀態更新。
[2026-08-24 13:23:56] ✨ [循環成功] 已完成第 2 次背景資料寫入與狀態更新。
[2026-08-24 13:24:01] ✨ [循環成功] 已完成第 3 次背景資料寫入與狀態更新。
[2026-08-24 13:24:06] ✨ [循環成功] 已完成第 4 次背景資料寫入與狀態更新。
[2026-08-24 13:24:11] ✨ [循環成功] 已完成第 5 次背景資料寫入與狀態更新。
[2026-08-24 13:24:16] ✨ [循環成功] 已完成第 6 次背景資料寫入與狀態更新。
[2026-08-24 13:24:21] ✨ [循環成功] 已完成第 7 次背景資料寫入與狀態更新。
[2026-08-24 13:24:26] ✨ [循環成功] 已完成第 8 次背景資料寫入與狀態更新。
[2026-08-24 13:24:31] ✨ [循環成功] 已完成第 9 次背景資料寫入與狀態更新。
[2026-08-24 13:24:36] ✨ [循環成功] 已完成第 10 次背景資料寫入與狀態更新。
[2026-08-24 13:24:41] ✨ [循環成功] 已完成第 11 次背景資料寫入與狀態更新。
[2026-08-24 13:24:46] ✨ [循環成功] 已完成第 12 次背景資料寫入與狀態更新。
[2026-08-24 13:24:51] ✨ [循環成功] 已完成第 13 次背景資料寫入與狀態更新。
[2026-08-24 13:24:56] ✨ [循環成功] 已完成第 14 次背景資料寫入與狀態更新。
[2026-08-24 13:25:01] ✨ [循環成功] 已完成第 15 次背景資料寫入與狀態更新。
[2026-08-24 13:25:06] ✨ [循環成功] 已完成第 16 次背景資料寫入與狀態更新。
[2026-08-24 13:25:11] ✨ [循環成功] 已完成第 17 次背景資料寫入與狀態更新。
[2026-08-24 13:25:16] ✨ [循環成功] 已完成第 18 次背景資料寫入與狀態更新。
[2026-08-24 13:25:21] ✨ [循環成功] 已完成第 19 次背景資料寫入與狀態更新。
[2026-08-24 13:25:26] ✨ [循環成功] 已完成第 20 次背景資料寫入與狀態更新。
[2026-08-24 13:25:31] ✨ [循環成功] 已完成第 21 次背景資料寫入與狀態更新。
[2026-08-24 13:25:36] ✨ [循環成功] 已完成第 22 次背景資料寫入與狀態更新。
[2026-08-24 13:25:41] ✨ [循環成功] 已完成第 23 次背景資料寫入與狀態更新。
[2026-08-24 13:25:46] ✨ [循環成功] 已完成第 24 次背景資料寫入與狀態更新。
[2026-08-24 13:25:51] ✨ [循環成功] 已完成第 25 次背景資料寫入與狀態更新。
[2026-08-24 13:25:56] ✨ [循環成功] 已完成第 26 次背景資料寫入與狀態更新。
[2026-08-24 13:26:02] ✨ [循環成功] 已完成第 27 次背景資料寫入與狀態更新。
[2026-08-24 13:26:07] ✨ [循環成功] 已完成第 28 次背景資料寫入與狀態更新。
[2026-08-24 13:26:12] ✨ [循環成功] 已完成第 29 次背景資料寫入與狀態更新。
[2026-08-24 13:26:17] ✨ [循環成功] 已完成第 30 次背景資料寫入與狀態更新。
[2026-08-24 13:26:22] ✨ [循環成功] 已完成第 31 次背景資料寫入與狀態更新。
[2026-08-24 13:26:27] ✨ [循環成功] 已完成第 32 次背景資料寫入與狀態更新。
[2026-08-24 13:26:32] ✨ [循環成功] 已完成第 33 次背景資料寫入與狀態更新。
[2026-08-24 13:26:37] ✨ [循環成功] 已完成第 34 次背景資料寫入與狀態更新。
[2026-08-24 13:26:42] ✨ [循環成功] 已完成第 35 次背景資料寫入與狀態更新。
[2026-08-24 13:26:47] ✨ [循環成功] 已完成第 36 次背景資料寫入與狀態更新。
[2026-08-24 13:26:52] ✨ [循環成功] 已完成第 37 次背景資料寫入與狀態更新。
[2026-08-24 13:26:57] ✨ [循環成功] 已完成第 38 次背景資料寫入與狀態更新。
[2026-08-24 13:27:02] ✨ [循環成功] 已完成第 39 次背景資料寫入與狀態更新。
[2026-08-24 13:27:07] ✨ [循環成功] 已完成第 40 次背景資料寫入與狀態更新。
[2026-08-24 13:27:12] ✨ [循環成功] 已完成第 41 次背景資料寫入與狀態更新。
[2026-08-24 13:27:17] ✨ [循環成功] 已完成第 42 次背景資料寫入與狀態更新。
[2026-08-24 13:27:22] ✨ [循環成功] 已完成第 43 次背景資料寫入與狀態更新。
[2026-08-24 13:27:27] ✨ [循環成功] 已完成第 44 次背景資料寫入與狀態更新。
[2026-08-24 13:27:32] ✨ [循環成功] 已完成第 45 次背景資料寫入與狀態更新。
[2026-08-24 13:27:35] 🛑 收到終止訊號，背景守護程式安全退出。
[2026-08-24 13:27:44] 📌 主程序已進入守護狀態，按下 Ctrl+C 可安全退出。
[2026-08-24 13:27:44] 🚀 [背景守護] 系統已成功啟動，開始進行即時循環運作...
[2026-08-24 13:27:44] ✨ [循環成功] 已完成第 1 次背景資料寫入與狀態更新。
[2026-08-24 13:27:49] ✨ [循環成功] 已完成第 2 次背景資料寫入與狀態更新。
[2026-08-24 13:27:54] ✨ [循環成功] 已完成第 3 次背景資料寫入與狀態更新。
[2026-08-24 13:27:59] ✨ [循環成功] 已完成第 4 次背景資料寫入與狀態更新。
[2026-08-24 13:28:04] ✨ [循環成功] 已完成第 5 次背景資料寫入與狀態更新。
[2026-08-24 13:28:09] ✨ [循環成功] 已完成第 6 次背景資料寫入與狀態更新。
[2026-08-24 13:28:14] ✨ [循環成功] 已完成第 7 次背景資料寫入與狀態更新。
[2026-08-24 13:28:19] ✨ [循環成功] 已完成第 8 次背景資料寫入與狀態更新。
[2026-08-24 13:28:24] ✨ [循環成功] 已完成第 9 次背景資料寫入與狀態更新。
[2026-08-24 13:28:29] ✨ [循環成功] 已完成第 10 次背景資料寫入與狀態更新。
[2026-08-24 13:28:34] ✨ [循環成功] 已完成第 11 次背景資料寫入與狀態更新。
[2026-08-24 13:28:40] ✨ [循環成功] 已完成第 12 次背景資料寫入與狀態更新。
[2026-08-24 13:28:45] ✨ [循環成功] 已完成第 13 次背景資料寫入與狀態更新。
[2026-08-24 13:28:50] ✨ [循環成功] 已完成第 14 次背景資料寫入與狀態更新。
[2026-08-24 13:28:55] ✨ [循環成功] 已完成第 15 次背景資料寫入與狀態更新。
[2026-08-24 13:29:00] ✨ [循環成功] 已完成第 16 次背景資料寫入與狀態更新。
[2026-08-24 13:29:05] ✨ [循環成功] 已完成第 17 次背景資料寫入與狀態更新。
[2026-08-24 13:29:10] ✨ [循環成功] 已完成第 18 次背景資料寫入與狀態更新。
[2026-08-24 13:29:15] ✨ [循環成功] 已完成第 19 次背景資料寫入與狀態更新。
[2026-08-24 13:29:20] ✨ [循環成功] 已完成第 20 次背景資料寫入與狀態更新。
[2026-08-24 13:29:25] ✨ [循環成功] 已完成第 21 次背景資料寫入與狀態更新。
[2026-08-24 13:29:30] ✨ [循環成功] 已完成第 22 次背景資料寫入與狀態更新。
[2026-08-24 13:29:35] ✨ [循環成功] 已完成第 23 次背景資料寫入與狀態更新。
[2026-08-24 13:29:40] ✨ [循環成功] 已完成第 24 次背景資料寫入與狀態更新。
[2026-08-24 13:29:45] ✨ [循環成功] 已完成第 25 次背景資料寫入與狀態更新。
[2026-08-24 13:29:50] ✨ [循環成功] 已完成第 26 次背景資料寫入與狀態更新。
[2026-08-24 13:29:55] ✨ [循環成功] 已完成第 27 次背景資料寫入與狀態更新。
[2026-08-24 13:30:00] ✨ [循環成功] 已完成第 28 次背景資料寫入與狀態更新。
[2026-08-24 13:30:05] ✨ [循環成功] 已完成第 29 次背景資料寫入與狀態更新。
[2026-08-24 13:30:10] ✨ [循環成功] 已完成第 30 次背景資料寫入與狀態更新。
[2026-08-24 13:30:15] ✨ [循環成功] 已完成第 31 次背景資料寫入與狀態更新。
[2026-08-24 13:30:20] ✨ [循環成功] 已完成第 32 次背景資料寫入與狀態更新。
[2026-08-24 13:30:25] ✨ [循環成功] 已完成第 33 次背景資料寫入與狀態更新。
[2026-08-24 13:30:30] ✨ [循環成功] 已完成第 34 次背景資料寫入與狀態更新。
[2026-08-24 13:30:35] ✨ [循環成功] 已完成第 35 次背景資料寫入與狀態更新。
[2026-08-24 13:30:40] ✨ [循環成功] 已完成第 36 次背景資料寫入與狀態更新。
[2026-08-24 13:30:45] ✨ [循環成功] 已完成第 37 次背景資料寫入與狀態更新。
[2026-08-24 13:30:50] ✨ [循環成功] 已完成第 38 次背景資料寫入與狀態更新。
[2026-08-24 13:30:55] ✨ [循環成功] 已完成第 39 次背景資料寫入與狀態更新。
[2026-08-24 13:31:00] ✨ [循環成功] 已完成第 40 次背景資料寫入與狀態更新。
[2026-08-24 13:31:05] ✨ [循環成功] 已完成第 41 次背景資料寫入與狀態更新。
[2026-08-24 13:31:10] ✨ [循環成功] 已完成第 42 次背景資料寫入與狀態更新。
[2026-08-24 13:31:15] ✨ [循環成功] 已完成第 43 次背景資料寫入與狀態更新。
[2026-08-24 13:31:20] ✨ [循環成功] 已完成第 44 次背景資料寫入與狀態更新。
[2026-08-24 13:31:26] ✨ [循環成功] 已完成第 45 次背景資料寫入與狀態更新。
[2026-08-24 13:31:31] ✨ [循環成功] 已完成第 46 次背景資料寫入與狀態更新。
[2026-08-24 13:31:36] ✨ [循環成功] 已完成第 47 次背景資料寫入與狀態更新。
[2026-08-24 13:31:41] ✨ [循環成功] 已完成第 48 次背景資料寫入與狀態更新。
[2026-08-24 13:31:46] ✨ [循環成功] 已完成第 49 次背景資料寫入與狀態更新。
[2026-08-24 13:31:51] ✨ [循環成功] 已完成第 50 次背景資料寫入與狀態更新。
[2026-08-24 13:31:56] ✨ [循環成功] 已完成第 51 次背景資料寫入與狀態更新。
[2026-08-24 13:32:01] ✨ [循環成功] 已完成第 52 次背景資料寫入與狀態更新。
[2026-08-24 13:32:06] ✨ [循環成功] 已完成第 53 次背景資料寫入與狀態更新。
[2026-08-24 13:32:11] ✨ [循環成功] 已完成第 54 次背景資料寫入與狀態更新。
[2026-08-24 13:32:16] ✨ [循環成功] 已完成第 55 次背景資料寫入與狀態更新。
[2026-08-24 13:32:21] ✨ [循環成功] 已完成第 56 次背景資料寫入與狀態更新。
[2026-08-24 13:32:26] ✨ [循環成功] 已完成第 57 次背景資料寫入與狀態更新。
[2026-08-24 13:32:31] ✨ [循環成功] 已完成第 58 次背景資料寫入與狀態更新。
[2026-08-24 13:32:36] ✨ [循環成功] 已完成第 59 次背景資料寫入與狀態更新。
[2026-08-24 13:32:41] ✨ [循環成功] 已完成第 60 次背景資料寫入與狀態更新。
[2026-08-24 13:32:46] ✨ [循環成功] 已完成第 61 次背景資料寫入與狀態更新。
[2026-08-24 13:32:51] ✨ [循環成功] 已完成第 62 次背景資料寫入與狀態更新。
[2026-08-24 13:32:56] ✨ [循環成功] 已完成第 63 次背景資料寫入與狀態更新。
[2026-08-24 13:33:01] ✨ [循環成功] 已完成第 64 次背景資料寫入與狀態更新。
[2026-08-24 13:33:06] ✨ [循環成功] 已完成第 65 次背景資料寫入與狀態更新。
[2026-08-24 13:33:11] ✨ [循環成功] 已完成第 66 次背景資料寫入與狀態更新。
[2026-08-24 13:33:16] ✨ [循環成功] 已完成第 67 次背景資料寫入與狀態更新。
[2026-08-24 13:33:21] ✨ [循環成功] 已完成第 68 次背景資料寫入與狀態更新。
[2026-08-24 13:33:26] ✨ [循環成功] 已完成第 69 次背景資料寫入與狀態更新。
[2026-08-24 13:33:31] ✨ [循環成功] 已完成第 70 次背景資料寫入與狀態更新。
[2026-08-24 13:33:36] ✨ [循環成功] 已完成第 71 次背景資料寫入與狀態更新。
[2026-08-24 13:33:41] ✨ [循環成功] 已完成第 72 次背景資料寫入與狀態更新。
[2026-08-24 13:33:46] ✨ [循環成功] 已完成第 73 次背景資料寫入與狀態更新。
[2026-08-24 13:33:51] ✨ [循環成功] 已完成第 74 次背景資料寫入與狀態更新。
[2026-08-24 13:33:56] ✨ [循環成功] 已完成第 75 次背景資料寫入與狀態更新。
[2026-08-24 13:34:02] ✨ [循環成功] 已完成第 76 次背景資料寫入與狀態更新。
[2026-08-24 13:34:07] ✨ [循環成功] 已完成第 77 次背景資料寫入與狀態更新。
[2026-08-24 13:34:12] ✨ [循環成功] 已完成第 78 次背景資料寫入與狀態更新。
[2026-08-24 13:34:17] ✨ [循環成功] 已完成第 79 次背景資料寫入與狀態更新。
[2026-08-24 13:34:22] ✨ [循環成功] 已完成第 80 次背景資料寫入與狀態更新。
[2026-08-24 13:34:27] ✨ [循環成功] 已完成第 81 次背景資料寫入與狀態更新。
[2026-08-24 13:34:32] ✨ [循環成功] 已完成第 82 次背景資料寫入與狀態更新。
[2026-08-24 13:34:37] ✨ [循環成功] 已完成第 83 次背景資料寫入與狀態更新。
[2026-08-24 13:34:42] ✨ [循環成功] 已完成第 84 次背景資料寫入與狀態更新。
[2026-08-24 13:34:47] ✨ [循環成功] 已完成第 85 次背景資料寫入與狀態更新。
[2026-08-24 13:34:52] ✨ [循環成功] 已完成第 86 次背景資料寫入與狀態更新。
[2026-08-24 13:34:57] ✨ [循環成功] 已完成第 87 次背景資料寫入與狀態更新。
[2026-08-24 13:35:02] ✨ [循環成功] 已完成第 88 次背景資料寫入與狀態更新。
[2026-08-24 13:35:07] ✨ [循環成功] 已完成第 89 次背景資料寫入與狀態更新。
[2026-08-24 13:35:12] ✨ [循環成功] 已完成第 90 次背景資料寫入與狀態更新。
[2026-08-24 13:35:17] ✨ [循環成功] 已完成第 91 次背景資料寫入與狀態更新。
[2026-08-24 13:35:22] ✨ [循環成功] 已完成第 92 次背景資料寫入與狀態更新。
[2026-08-24 13:35:27] ✨ [循環成功] 已完成第 93 次背景資料寫入與狀態更新。
[2026-08-24 13:35:32] ✨ [循環成功] 已完成第 94 次背景資料寫入與狀態更新。
[2026-08-24 13:35:37] ✨ [循環成功] 已完成第 95 次背景資料寫入與狀態更新。
[2026-08-24 13:35:42] ✨ [循環成功] 已完成第 96 次背景資料寫入與狀態更新。
[2026-08-24 13:35:47] ✨ [循環成功] 已完成第 97 次背景資料寫入與狀態更新。
[2026-08-24 13:35:52] ✨ [循環成功] 已完成第 98 次背景資料寫入與狀態更新。
[2026-08-24 13:35:57] ✨ [循環成功] 已完成第 99 次背景資料寫入與狀態更新。
[2026-08-24 13:36:02] ✨ [循環成功] 已完成第 100 次背景資料寫入與狀態更新。
[2026-08-24 13:36:07] ✨ [循環成功] 已完成第 101 次背景資料寫入與狀態更新。
[2026-08-24 13:36:12] ✨ [循環成功] 已完成第 102 次背景資料寫入與狀態更新。
[2026-08-24 13:36:17] ✨ [循環成功] 已完成第 103 次背景資料寫入與狀態更新。
[2026-08-24 13:36:22] ✨ [循環成功] 已完成第 104 次背景資料寫入與狀態更新。
[2026-08-24 13:36:27] ✨ [循環成功] 已完成第 105 次背景資料寫入與狀態更新。
[2026-08-24 13:36:32] ✨ [循環成功] 已完成第 106 次背景資料寫入與狀態更新。
[2026-08-24 13:36:38] ✨ [循環成功] 已完成第 107 次背景資料寫入與狀態更新。
[2026-08-24 13:36:43] ✨ [循環成功] 已完成第 108 次背景資料寫入與狀態更新。
[2026-08-24 13:36:48] ✨ [循環成功] 已完成第 109 次背景資料寫入與狀態更新。
[2026-08-24 13:36:53] ✨ [循環成功] 已完成第 110 次背景資料寫入與狀態更新。
[2026-08-24 13:36:58] ✨ [循環成功] 已完成第 111 次背景資料寫入與狀態更新。
[2026-08-24 13:37:03] ✨ [循環成功] 已完成第 112 次背景資料寫入與狀態更新。
[2026-08-24 13:37:08] ✨ [循環成功] 已完成第 113 次背景資料寫入與狀態更新。
[2026-08-24 13:37:13] ✨ [循環成功] 已完成第 114 次背景資料寫入與狀態更新。
[2026-08-24 13:37:18] ✨ [循環成功] 已完成第 115 次背景資料寫入與狀態更新。
[2026-08-24 13:37:23] ✨ [循環成功] 已完成第 116 次背景資料寫入與狀態更新。
[2026-08-24 13:37:28] ✨ [循環成功] 已完成第 117 次背景資料寫入與狀態更新。
[2026-08-24 13:37:33] ✨ [循環成功] 已完成第 118 次背景資料寫入與狀態更新。
[2026-08-24 13:37:38] ✨ [循環成功] 已完成第 119 次背景資料寫入與狀態更新。
[2026-08-24 13:37:43] ✨ [循環成功] 已完成第 120 次背景資料寫入與狀態更新。
[2026-08-24 13:37:48] ✨ [循環成功] 已完成第 121 次背景資料寫入與狀態更新。
[2026-08-24 13:37:53] ✨ [循環成功] 已完成第 122 次背景資料寫入與狀態更新。
[2026-08-24 13:37:58] ✨ [循環成功] 已完成第 123 次背景資料寫入與狀態更新。
[2026-08-24 13:38:03] ✨ [循環成功] 已完成第 124 次背景資料寫入與狀態更新。
[2026-08-24 13:38:08] ✨ [循環成功] 已完成第 125 次背景資料寫入與狀態更新。
[2026-08-24 13:38:13] ✨ [循環成功] 已完成第 126 次背景資料寫入與狀態更新。
[2026-08-24 13:38:18] ✨ [循環成功] 已完成第 127 次背景資料寫入與狀態更新。
[2026-08-24 13:38:23] ✨ [循環成功] 已完成第 128 次背景資料寫入與狀態更新。
[2026-08-24 13:38:28] ✨ [循環成功] 已完成第 129 次背景資料寫入與狀態更新。
[2026-08-24 13:38:33] ✨ [循環成功] 已完成第 130 次背景資料寫入與狀態更新。
[2026-08-24 13:38:38] ✨ [循環成功] 已完成第 131 次背景資料寫入與狀態更新。
[2026-08-24 13:38:43] ✨ [循環成功] 已完成第 132 次背景資料寫入與狀態更新。
[2026-08-24 13:38:48] ✨ [循環成功] 已完成第 133 次背景資料寫入與狀態更新。
[2026-08-24 13:38:53] ✨ [循環成功] 已完成第 134 次背景資料寫入與狀態更新。
[2026-08-24 13:38:58] ✨ [循環成功] 已完成第 135 次背景資料寫入與狀態更新。
[2026-08-24 13:39:03] ✨ [循環成功] 已完成第 136 次背景資料寫入與狀態更新。
[2026-08-24 13:39:08] ✨ [循環成功] 已完成第 137 次背景資料寫入與狀態更新。
[2026-08-24 13:39:14] ✨ [循環成功] 已完成第 138 次背景資料寫入與狀態更新。
[2026-08-24 13:39:19] ✨ [循環成功] 已完成第 139 次背景資料寫入與狀態更新。
[2026-08-24 13:39:24] ✨ [循環成功] 已完成第 140 次背景資料寫入與狀態更新。
[2026-08-24 13:39:29] ✨ [循環成功] 已完成第 141 次背景資料寫入與狀態更新。
[2026-08-24 13:39:34] ✨ [循環成功] 已完成第 142 次背景資料寫入與狀態更新。
[2026-08-24 13:39:39] ✨ [循環成功] 已完成第 143 次背景資料寫入與狀態更新。
[2026-08-24 13:39:44] ✨ [循環成功] 已完成第 144 次背景資料寫入與狀態更新。
[2026-08-24 13:39:49] ✨ [循環成功] 已完成第 145 次背景資料寫入與狀態更新。
[2026-08-24 13:39:54] ✨ [循環成功] 已完成第 146 次背景資料寫入與狀態更新。
[2026-08-24 13:39:59] ✨ [循環成功] 已完成第 147 次背景資料寫入與狀態更新。
[2026-08-24 13:40:04] ✨ [循環成功] 已完成第 148 次背景資料寫入與狀態更新。
[2026-08-24 13:40:09] ✨ [循環成功] 已完成第 149 次背景資料寫入與狀態更新。
[2026-08-24 13:40:14] ✨ [循環成功] 已完成第 150 次背景資料寫入與狀態更新。
[2026-08-24 13:40:19] ✨ [循環成功] 已完成第 151 次背景資料寫入與狀態更新。
[2026-08-24 13:40:24] ✨ [循環成功] 已完成第 152 次背景資料寫入與狀態更新。
[2026-08-24 13:40:29] ✨ [循環成功] 已完成第 153 次背景資料寫入與狀態更新。
[2026-08-24 13:40:34] ✨ [循環成功] 已完成第 154 次背景資料寫入與狀態更新。
[2026-08-24 13:40:39] ✨ [循環成功] 已完成第 155 次背景資料寫入與狀態更新。
[2026-08-24 13:40:44] ✨ [循環成功] 已完成第 156 次背景資料寫入與狀態更新。
[2026-08-24 13:40:49] ✨ [循環成功] 已完成第 157 次背景資料寫入與狀態更新。
[2026-08-24 13:40:54] ✨ [循環成功] 已完成第 158 次背景資料寫入與狀態更新。
[2026-08-24 13:40:59] ✨ [循環成功] 已完成第 159 次背景資料寫入與狀態更新。
[2026-08-24 13:41:04] ✨ [循環成功] 已完成第 160 次背景資料寫入與狀態更新。
[2026-08-24 13:41:09] ✨ [循環成功] 已完成第 161 次背景資料寫入與狀態更新。
[2026-08-24 13:41:14] ✨ [循環成功] 已完成第 162 次背景資料寫入與狀態更新。
[2026-08-24 13:41:19] ✨ [循環成功] 已完成第 163 次背景資料寫入與狀態更新。
[2026-08-24 13:41:24] ✨ [循環成功] 已完成第 164 次背景資料寫入與狀態更新。
[2026-08-24 13:41:29] ✨ [循環成功] 已完成第 165 次背景資料寫入與狀態更新。
[2026-08-24 13:41:34] ✨ [循環成功] 已完成第 166 次背景資料寫入與狀態更新。
[2026-08-24 13:41:39] ✨ [循環成功] 已完成第 167 次背景資料寫入與狀態更新。
[2026-08-24 13:41:44] ✨ [循環成功] 已完成第 168 次背景資料寫入與狀態更新。
[2026-08-24 13:41:49] ✨ [循環成功] 已完成第 169 次背景資料寫入與狀態更新。
[2026-08-24 13:41:54] ✨ [循環成功] 已完成第 170 次背景資料寫入與狀態更新。
[2026-08-24 13:41:59] ✨ [循環成功] 已完成第 171 次背景資料寫入與狀態更新。
[2026-08-24 13:42:04] ✨ [循環成功] 已完成第 172 次背景資料寫入與狀態更新。
[2026-08-24 13:42:10] ✨ [循環成功] 已完成第 173 次背景資料寫入與狀態更新。
[2026-08-24 13:42:15] ✨ [循環成功] 已完成第 174 次背景資料寫入與狀態更新。
[2026-08-24 13:42:20] ✨ [循環成功] 已完成第 175 次背景資料寫入與狀態更新。
[2026-08-24 13:42:25] ✨ [循環成功] 已完成第 176 次背景資料寫入與狀態更新。
[2026-08-24 13:42:30] ✨ [循環成功] 已完成第 177 次背景資料寫入與狀態更新。
[2026-08-24 13:42:35] ✨ [循環成功] 已完成第 178 次背景資料寫入與狀態更新。
[2026-08-24 13:42:40] ✨ [循環成功] 已完成第 179 次背景資料寫入與狀態更新。
[2026-08-24 13:42:45] ✨ [循環成功] 已完成第 180 次背景資料寫入與狀態更新。
[2026-08-24 13:42:50] ✨ [循環成功] 已完成第 181 次背景資料寫入與狀態更新。
[2026-08-24 13:42:55] ✨ [循環成功] 已完成第 182 次背景資料寫入與狀態更新。
[2026-08-24 13:43:00] ✨ [循環成功] 已完成第 183 次背景資料寫入與狀態更新。
[2026-08-24 13:43:05] ✨ [循環成功] 已完成第 184 次背景資料寫入與狀態更新。
[2026-08-24 13:43:10] ✨ [循環成功] 已完成第 185 次背景資料寫入與狀態更新。
[2026-08-24 13:43:15] ✨ [循環成功] 已完成第 186 次背景資料寫入與狀態更新。
[2026-08-24 13:43:20] ✨ [循環成功] 已完成第 187 次背景資料寫入與狀態更新。
[2026-08-24 13:43:25] ✨ [循環成功] 已完成第 188 次背景資料寫入與狀態更新。
[2026-08-24 13:43:30] ✨ [循環成功] 已完成第 189 次背景資料寫入與狀態更新。
[2026-08-24 13:43:35] ✨ [循環成功] 已完成第 190 次背景資料寫入與狀態更新。
[2026-08-24 13:43:40] ✨ [循環成功] 已完成第 191 次背景資料寫入與狀態更新。
[2026-08-24 13:43:45] ✨ [循環成功] 已完成第 192 次背景資料寫入與狀態更新。
[2026-08-24 13:43:50] ✨ [循環成功] 已完成第 193 次背景資料寫入與狀態更新。
[2026-08-24 13:43:55] ✨ [循環成功] 已完成第 194 次背景資料寫入與狀態更新。
[2026-08-24 13:44:00] ✨ [循環成功] 已完成第 195 次背景資料寫入與狀態更新。
[2026-08-24 13:44:05] ✨ [循環成功] 已完成第 196 次背景資料寫入與狀態更新。
[2026-08-24 13:44:10] ✨ [循環成功] 已完成第 197 次背景資料寫入與狀態更新。
[2026-08-24 13:44:15] ✨ [循環成功] 已完成第 198 次背景資料寫入與狀態更新。
[2026-08-24 13:44:20] ✨ [循環成功] 已完成第 199 次背景資料寫入與狀態更新。
[2026-08-24 13:44:25] ✨ [循環成功] 已完成第 200 次背景資料寫入與狀態更新。
[2026-08-24 13:44:30] ✨ [循環成功] 已完成第 201 次背景資料寫入與狀態更新。
[2026-08-24 13:44:35] ✨ [循環成功] 已完成第 202 次背景資料寫入與狀態更新。
[2026-08-24 13:44:40] ✨ [循環成功] 已完成第 203 次背景資料寫入與狀態更新。
[2026-08-24 13:44:45] ✨ [循環成功] 已完成第 204 次背景資料寫入與狀態更新。
[2026-08-24 13:44:50] ✨ [循環成功] 已完成第 205 次背景資料寫入與狀態更新。
[2026-08-24 13:44:56] ✨ [循環成功] 已完成第 206 次背景資料寫入與狀態更新。
[2026-08-24 13:45:01] ✨ [循環成功] 已完成第 207 次背景資料寫入與狀態更新。
[2026-08-24 13:45:06] ✨ [循環成功] 已完成第 208 次背景資料寫入與狀態更新。
[2026-08-24 13:45:11] ✨ [循環成功] 已完成第 209 次背景資料寫入與狀態更新。
[2026-08-24 13:45:16] ✨ [循環成功] 已完成第 210 次背景資料寫入與狀態更新。
[2026-08-24 13:45:21] ✨ [循環成功] 已完成第 211 次背景資料寫入與狀態更新。
[2026-08-24 13:45:26] ✨ [循環成功] 已完成第 212 次背景資料寫入與狀態更新。
[2026-08-24 13:45:31] ✨ [循環成功] 已完成第 213 次背景資料寫入與狀態更新。
[2026-08-24 13:45:36] ✨ [循環成功] 已完成第 214 次背景資料寫入與狀態更新。
[2026-08-24 13:45:41] ✨ [循環成功] 已完成第 215 次背景資料寫入與狀態更新。
[2026-08-24 13:45:46] ✨ [循環成功] 已完成第 216 次背景資料寫入與狀態更新。
[2026-08-24 13:45:51] ✨ [循環成功] 已完成第 217 次背景資料寫入與狀態更新。
[2026-08-24 13:45:56] ✨ [循環成功] 已完成第 218 次背景資料寫入與狀態更新。
[2026-08-24 13:46:01] ✨ [循環成功] 已完成第 219 次背景資料寫入與狀態更新。
[2026-08-24 13:46:06] ✨ [循環成功] 已完成第 220 次背景資料寫入與狀態更新。
[2026-08-24 13:46:11] ✨ [循環成功] 已完成第 221 次背景資料寫入與狀態更新。
[2026-08-24 13:46:16] ✨ [循環成功] 已完成第 222 次背景資料寫入與狀態更新。
[2026-08-24 13:46:21] ✨ [循環成功] 已完成第 223 次背景資料寫入與狀態更新。
[2026-08-24 13:46:26] ✨ [循環成功] 已完成第 224 次背景資料寫入與狀態更新。
[2026-08-24 13:46:31] ✨ [循環成功] 已完成第 225 次背景資料寫入與狀態更新。
[2026-08-24 13:46:36] ✨ [循環成功] 已完成第 226 次背景資料寫入與狀態更新。
[2026-08-24 13:46:41] ✨ [循環成功] 已完成第 227 次背景資料寫入與狀態更新。
[2026-08-24 13:46:46] ✨ [循環成功] 已完成第 228 次背景資料寫入與狀態更新。
[2026-08-24 13:46:51] ✨ [循環成功] 已完成第 229 次背景資料寫入與狀態更新。
[2026-08-24 13:46:56] ✨ [循環成功] 已完成第 230 次背景資料寫入與狀態更新。
[2026-08-24 13:47:01] ✨ [循環成功] 已完成第 231 次背景資料寫入與狀態更新。
[2026-08-24 13:47:06] ✨ [循環成功] 已完成第 232 次背景資料寫入與狀態更新。
[2026-08-24 13:47:11] ✨ [循環成功] 已完成第 233 次背景資料寫入與狀態更新。
[2026-08-24 13:47:16] ✨ [循環成功] 已完成第 234 次背景資料寫入與狀態更新。
[2026-08-24 13:47:21] ✨ [循環成功] 已完成第 235 次背景資料寫入與狀態更新。
[2026-08-24 13:47:26] ✨ [循環成功] 已完成第 236 次背景資料寫入與狀態更新。
[2026-08-24 13:47:31] ✨ [循環成功] 已完成第 237 次背景資料寫入與狀態更新。
[2026-08-24 13:47:36] ✨ [循環成功] 已完成第 238 次背景資料寫入與狀態更新。
[2026-08-24 13:47:42] ✨ [循環成功] 已完成第 239 次背景資料寫入與狀態更新。
[2026-08-24 13:47:47] ✨ [循環成功] 已完成第 240 次背景資料寫入與狀態更新。
[2026-08-24 13:47:52] ✨ [循環成功] 已完成第 241 次背景資料寫入與狀態更新。
[2026-08-24 13:47:57] ✨ [循環成功] 已完成第 242 次背景資料寫入與狀態更新。
[2026-08-24 13:48:02] ✨ [循環成功] 已完成第 243 次背景資料寫入與狀態更新。
[2026-08-24 13:48:07] ✨ [循環成功] 已完成第 244 次背景資料寫入與狀態更新。
[2026-08-24 13:48:12] ✨ [循環成功] 已完成第 245 次背景資料寫入與狀態更新。
[2026-08-24 13:48:17] ✨ [循環成功] 已完成第 246 次背景資料寫入與狀態更新。
[2026-08-24 13:48:22] ✨ [循環成功] 已完成第 247 次背景資料寫入與狀態更新。
[2026-08-24 13:48:27] ✨ [循環成功] 已完成第 248 次背景資料寫入與狀態更新。
[2026-08-24 13:48:32] ✨ [循環成功] 已完成第 249 次背景資料寫入與狀態更新。
[2026-08-24 13:48:37] ✨ [循環成功] 已完成第 250 次背景資料寫入與狀態更新。
[2026-08-24 13:48:42] ✨ [循環成功] 已完成第 251 次背景資料寫入與狀態更新。
[2026-08-24 13:48:47] ✨ [循環成功] 已完成第 252 次背景資料寫入與狀態更新。
[2026-08-24 13:48:52] ✨ [循環成功] 已完成第 253 次背景資料寫入與狀態更新。
[2026-08-24 13:48:57] ✨ [循環成功] 已完成第 254 次背景資料寫入與狀態更新。
[2026-08-24 13:49:02] ✨ [循環成功] 已完成第 255 次背景資料寫入與狀態更新。
[2026-08-24 13:49:07] ✨ [循環成功] 已完成第 256 次背景資料寫入與狀態更新。
[2026-08-24 13:49:12] ✨ [循環成功] 已完成第 257 次背景資料寫入與狀態更新。
[2026-08-24 13:49:17] ✨ [循環成功] 已完成第 258 次背景資料寫入與狀態更新。
[2026-08-24 13:49:22] ✨ [循環成功] 已完成第 259 次背景資料寫入與狀態更新。
[2026-08-24 13:49:27] ✨ [循環成功] 已完成第 260 次背景資料寫入與狀態更新。
[2026-08-24 13:49:32] ✨ [循環成功] 已完成第 261 次背景資料寫入與狀態更新。
[2026-08-24 13:49:37] ✨ [循環成功] 已完成第 262 次背景資料寫入與狀態更新。
[2026-08-24 13:49:42] ✨ [循環成功] 已完成第 263 次背景資料寫入與狀態更新。
[2026-08-24 13:49:47] ✨ [循環成功] 已完成第 264 次背景資料寫入與狀態更新。
[2026-08-24 13:49:52] ✨ [循環成功] 已完成第 265 次背景資料寫入與狀態更新。
[2026-08-24 13:49:57] ✨ [循環成功] 已完成第 266 次背景資料寫入與狀態更新。
[2026-08-24 13:50:02] ✨ [循環成功] 已完成第 267 次背景資料寫入與狀態更新。
[2026-08-24 13:50:07] ✨ [循環成功] 已完成第 268 次背景資料寫入與狀態更新。
[2026-08-24 13:50:12] ✨ [循環成功] 已完成第 269 次背景資料寫入與狀態更新。
[2026-08-24 13:50:17] ✨ [循環成功] 已完成第 270 次背景資料寫入與狀態更新。
[2026-08-24 13:50:23] ✨ [循環成功] 已完成第 271 次背景資料寫入與狀態更新。
[2026-08-24 13:50:28] ✨ [循環成功] 已完成第 272 次背景資料寫入與狀態更新。
[2026-08-24 13:50:33] ✨ [循環成功] 已完成第 273 次背景資料寫入與狀態更新。
[2026-08-24 13:50:38] ✨ [循環成功] 已完成第 274 次背景資料寫入與狀態更新。
[2026-08-24 13:50:44] ✨ [循環成功] 已完成第 275 次背景資料寫入與狀態更新。
[2026-08-24 13:50:49] ✨ [循環成功] 已完成第 276 次背景資料寫入與狀態更新。
[2026-08-24 13:50:54] ✨ [循環成功] 已完成第 277 次背景資料寫入與狀態更新。
[2026-08-24 13:50:59] ✨ [循環成功] 已完成第 278 次背景資料寫入與狀態更新。
[2026-08-24 13:51:04] ✨ [循環成功] 已完成第 279 次背景資料寫入與狀態更新。
[2026-08-24 13:51:09] ✨ [循環成功] 已完成第 280 次背景資料寫入與狀態更新。
[2026-08-24 13:51:14] ✨ [循環成功] 已完成第 281 次背景資料寫入與狀態更新。
[2026-08-24 13:51:19] ✨ [循環成功] 已完成第 282 次背景資料寫入與狀態更新。
[2026-08-24 13:51:24] ✨ [循環成功] 已完成第 283 次背景資料寫入與狀態更新。
[2026-08-24 13:51:29] ✨ [循環成功] 已完成第 284 次背景資料寫入與狀態更新。
[2026-08-24 13:51:34] ✨ [循環成功] 已完成第 285 次背景資料寫入與狀態更新。
[2026-08-24 13:51:39] ✨ [循環成功] 已完成第 286 次背景資料寫入與狀態更新。
[2026-08-24 13:51:44] ✨ [循環成功] 已完成第 287 次背景資料寫入與狀態更新。
[2026-08-24 13:51:49] ✨ [循環成功] 已完成第 288 次背景資料寫入與狀態更新。
[2026-08-24 13:51:54] ✨ [循環成功] 已完成第 289 次背景資料寫入與狀態更新。
[2026-08-24 13:51:59] ✨ [循環成功] 已完成第 290 次背景資料寫入與狀態更新。
[2026-08-24 13:52:04] ✨ [循環成功] 已完成第 291 次背景資料寫入與狀態更新。
[2026-08-24 13:52:09] ✨ [循環成功] 已完成第 292 次背景資料寫入與狀態更新。
[2026-08-24 13:52:14] ✨ [循環成功] 已完成第 293 次背景資料寫入與狀態更新。
[2026-08-24 13:52:19] ✨ [循環成功] 已完成第 294 次背景資料寫入與狀態更新。
[2026-08-24 13:52:24] ✨ [循環成功] 已完成第 295 次背景資料寫入與狀態更新。
[2026-08-24 13:52:29] ✨ [循環成功] 已完成第 296 次背景資料寫入與狀態更新。
[2026-08-24 13:52:34] ✨ [循環成功] 已完成第 297 次背景資料寫入與狀態更新。
[2026-08-24 13:52:39] ✨ [循環成功] 已完成第 298 次背景資料寫入與狀態更新。
[2026-08-24 13:52:44] ✨ [循環成功] 已完成第 299 次背景資料寫入與狀態更新。
[2026-08-24 13:52:49] ✨ [循環成功] 已完成第 300 次背景資料寫入與狀態更新。
[2026-08-24 13:52:54] ✨ [循環成功] 已完成第 301 次背景資料寫入與狀態更新。
[2026-08-24 13:52:59] ✨ [循環成功] 已完成第 302 次背景資料寫入與狀態更新。
[2026-08-24 13:53:04] ✨ [循環成功] 已完成第 303 次背景資料寫入與狀態更新。
[2026-08-24 13:53:09] ✨ [循環成功] 已完成第 304 次背景資料寫入與狀態更新。
[2026-08-24 13:53:15] ✨ [循環成功] 已完成第 305 次背景資料寫入與狀態更新。
[2026-08-24 13:53:20] ✨ [循環成功] 已完成第 306 次背景資料寫入與狀態更新。
[2026-08-24 13:53:25] ✨ [循環成功] 已完成第 307 次背景資料寫入與狀態更新。
[2026-08-24 13:53:30] ✨ [循環成功] 已完成第 308 次背景資料寫入與狀態更新。
[2026-08-24 13:53:35] ✨ [循環成功] 已完成第 309 次背景資料寫入與狀態更新。
[2026-08-24 13:53:40] ✨ [循環成功] 已完成第 310 次背景資料寫入與狀態更新。
[2026-08-24 13:53:45] ✨ [循環成功] 已完成第 311 次背景資料寫入與狀態更新。
[2026-08-24 13:53:50] ✨ [循環成功] 已完成第 312 次背景資料寫入與狀態更新。
[2026-08-24 13:53:55] ✨ [循環成功] 已完成第 313 次背景資料寫入與狀態更新。
[2026-08-24 13:54:00] ✨ [循環成功] 已完成第 314 次背景資料寫入與狀態更新。
[2026-08-24 13:54:05] ✨ [循環成功] 已完成第 315 次背景資料寫入與狀態更新。
[2026-08-24 13:54:10] ✨ [循環成功] 已完成第 316 次背景資料寫入與狀態更新。
[2026-08-24 13:54:15] ✨ [循環成功] 已完成第 317 次背景資料寫入與狀態更新。
[2026-08-24 13:54:20] ✨ [循環成功] 已完成第 318 次背景資料寫入與狀態更新。
[2026-08-24 13:54:25] ✨ [循環成功] 已完成第 319 次背景資料寫入與狀態更新。
[2026-08-24 13:54:30] ✨ [循環成功] 已完成第 320 次背景資料寫入與狀態更新。
[2026-08-24 13:54:35] ✨ [循環成功] 已完成第 321 次背景資料寫入與狀態更新。
[2026-08-24 13:54:40] ✨ [循環成功] 已完成第 322 次背景資料寫入與狀態更新。
[2026-08-24 13:54:45] ✨ [循環成功] 已完成第 323 次背景資料寫入與狀態更新。
[2026-08-24 13:54:50] ✨ [循環成功] 已完成第 324 次背景資料寫入與狀態更新。
[2026-08-24 13:54:55] ✨ [循環成功] 已完成第 325 次背景資料寫入與狀態更新。
[2026-08-24 13:55:00] ✨ [循環成功] 已完成第 326 次背景資料寫入與狀態更新。
[2026-08-24 13:55:05] ✨ [循環成功] 已完成第 327 次背景資料寫入與狀態更新。
[2026-08-24 13:55:10] ✨ [循環成功] 已完成第 328 次背景資料寫入與狀態更新。
[2026-08-24 13:55:15] ✨ [循環成功] 已完成第 329 次背景資料寫入與狀態更新。
[2026-08-24 13:55:20] ✨ [循環成功] 已完成第 330 次背景資料寫入與狀態更新。
[2026-08-24 13:55:25] ✨ [循環成功] 已完成第 331 次背景資料寫入與狀態更新。
[2026-08-24 13:55:30] ✨ [循環成功] 已完成第 332 次背景資料寫入與狀態更新。
[2026-08-24 13:55:35] ✨ [循環成功] 已完成第 333 次背景資料寫入與狀態更新。
[2026-08-24 13:55:40] ✨ [循環成功] 已完成第 334 次背景資料寫入與狀態更新。
[2026-08-24 13:55:46] ✨ [循環成功] 已完成第 335 次背景資料寫入與狀態更新。
[2026-08-24 13:55:51] ✨ [循環成功] 已完成第 336 次背景資料寫入與狀態更新。
[2026-08-24 13:55:56] ✨ [循環成功] 已完成第 337 次背景資料寫入與狀態更新。
[2026-08-24 13:56:01] ✨ [循環成功] 已完成第 338 次背景資料寫入與狀態更新。
[2026-08-24 13:56:06] ✨ [循環成功] 已完成第 339 次背景資料寫入與狀態更新。
[2026-08-24 13:56:11] ✨ [循環成功] 已完成第 340 次背景資料寫入與狀態更新。
[2026-08-24 13:56:16] ✨ [循環成功] 已完成第 341 次背景資料寫入與狀態更新。
[2026-08-24 13:56:21] ✨ [循環成功] 已完成第 342 次背景資料寫入與狀態更新。
[2026-08-24 13:56:26] ✨ [循環成功] 已完成第 343 次背景資料寫入與狀態更新。
[2026-08-24 13:56:31] ✨ [循環成功] 已完成第 344 次背景資料寫入與狀態更新。
[2026-08-24 13:56:36] ✨ [循環成功] 已完成第 345 次背景資料寫入與狀態更新。
[2026-08-24 13:56:41] ✨ [循環成功] 已完成第 346 次背景資料寫入與狀態更新。
[2026-08-24 13:56:46] ✨ [循環成功] 已完成第 347 次背景資料寫入與狀態更新。
[2026-08-24 13:56:51] ✨ [循環成功] 已完成第 348 次背景資料寫入與狀態更新。
[2026-08-24 13:56:56] ✨ [循環成功] 已完成第 349 次背景資料寫入與狀態更新。
[2026-08-24 13:57:01] ✨ [循環成功] 已完成第 350 次背景資料寫入與狀態更新。
[2026-08-24 13:57:06] ✨ [循環成功] 已完成第 351 次背景資料寫入與狀態更新。
[2026-08-24 13:57:11] ✨ [循環成功] 已完成第 352 次背景資料寫入與狀態更新。
[2026-08-24 13:57:16] ✨ [循環成功] 已完成第 353 次背景資料寫入與狀態更新。
[2026-08-24 13:57:21] ✨ [循環成功] 已完成第 354 次背景資料寫入與狀態更新。
[2026-08-24 13:57:26] ✨ [循環成功] 已完成第 355 次背景資料寫入與狀態更新。
[2026-08-24 13:57:31] ✨ [循環成功] 已完成第 356 次背景資料寫入與狀態更新。
[2026-08-24 13:57:36] ✨ [循環成功] 已完成第 357 次背景資料寫入與狀態更新。
[2026-08-24 13:57:41] ✨ [循環成功] 已完成第 358 次背景資料寫入與狀態更新。
[2026-08-24 13:57:46] ✨ [循環成功] 已完成第 359 次背景資料寫入與狀態更新。
[2026-08-24 13:57:51] ✨ [循環成功] 已完成第 360 次背景資料寫入與狀態更新。
[2026-08-24 13:57:56] ✨ [循環成功] 已完成第 361 次背景資料寫入與狀態更新。
[2026-08-24 13:58:01] ✨ [循環成功] 已完成第 362 次背景資料寫入與狀態更新。
[2026-08-24 13:58:06] ✨ [循環成功] 已完成第 363 次背景資料寫入與狀態更新。
[2026-08-24 13:58:12] ✨ [循環成功] 已完成第 364 次背景資料寫入與狀態更新。
[2026-08-24 13:58:17] ✨ [循環成功] 已完成第 365 次背景資料寫入與狀態更新。
[2026-08-24 13:58:22] ✨ [循環成功] 已完成第 366 次背景資料寫入與狀態更新。
[2026-08-24 13:58:27] ✨ [循環成功] 已完成第 367 次背景資料寫入與狀態更新。
[2026-08-24 13:58:32] ✨ [循環成功] 已完成第 368 次背景資料寫入與狀態更新。
[2026-08-24 13:58:37] ✨ [循環成功] 已完成第 369 次背景資料寫入與狀態更新。
[2026-08-24 13:58:42] ✨ [循環成功] 已完成第 370 次背景資料寫入與狀態更新。
[2026-08-24 13:58:47] ✨ [循環成功] 已完成第 371 次背景資料寫入與狀態更新。
[2026-08-24 13:58:52] ✨ [循環成功] 已完成第 372 次背景資料寫入與狀態更新。
[2026-08-24 13:58:57] ✨ [循環成功] 已完成第 373 次背景資料寫入與狀態更新。
[2026-08-24 13:59:02] ✨ [循環成功] 已完成第 374 次背景資料寫入與狀態更新。
[2026-08-24 13:59:07] ✨ [循環成功] 已完成第 375 次背景資料寫入與狀態更新。
[2026-08-24 13:59:12] ✨ [循環成功] 已完成第 376 次背景資料寫入與狀態更新。
[2026-08-24 13:59:17] ✨ [循環成功] 已完成第 377 次背景資料寫入與狀態更新。
[2026-08-24 13:59:22] ✨ [循環成功] 已完成第 378 次背景資料寫入與狀態更新。
[2026-08-24 13:59:27] ✨ [循環成功] 已完成第 379 次背景資料寫入與狀態更新。
[2026-08-24 13:59:32] ✨ [循環成功] 已完成第 380 次背景資料寫入與狀態更新。
[2026-08-24 13:59:37] ✨ [循環成功] 已完成第 381 次背景資料寫入與狀態更新。
[2026-08-24 13:59:42] ✨ [循環成功] 已完成第 382 次背景資料寫入與狀態更新。
[2026-08-24 13:59:47] ✨ [循環成功] 已完成第 383 次背景資料寫入與狀態更新。
[2026-08-24 13:59:52] ✨ [循環成功] 已完成第 384 次背景資料寫入與狀態更新。
[2026-08-24 13:59:57] ✨ [循環成功] 已完成第 385 次背景資料寫入與狀態更新。
[2026-08-24 14:00:02] ✨ [循環成功] 已完成第 386 次背景資料寫入與狀態更新。
[2026-08-24 14:00:07] ✨ [循環成功] 已完成第 387 次背景資料寫入與狀態更新。
[2026-08-24 14:00:12] ✨ [循環成功] 已完成第 388 次背景資料寫入與狀態更新。
[2026-08-24 14:00:17] ✨ [循環成功] 已完成第 389 次背景資料寫入與狀態更新。
[2026-08-24 14:00:22] ✨ [循環成功] 已完成第 390 次背景資料寫入與狀態更新。
[2026-08-24 14:00:27] ✨ [循環成功] 已完成第 391 次背景資料寫入與狀態更新。
[2026-08-24 14:00:32] ✨ [循環成功] 已完成第 392 次背景資料寫入與狀態更新。
[2026-08-24 14:00:37] ✨ [循環成功] 已完成第 393 次背景資料寫入與狀態更新。
[2026-08-24 14:00:42] ✨ [循環成功] 已完成第 394 次背景資料寫入與狀態更新。
[2026-08-24 14:00:48] ✨ [循環成功] 已完成第 395 次背景資料寫入與狀態更新。
[2026-08-24 14:00:53] ✨ [循環成功] 已完成第 396 次背景資料寫入與狀態更新。
[2026-08-24 14:00:58] ✨ [循環成功] 已完成第 397 次背景資料寫入與狀態更新。
[2026-08-24 14:01:03] ✨ [循環成功] 已完成第 398 次背景資料寫入與狀態更新。
[2026-08-24 14:01:08] ✨ [循環成功] 已完成第 399 次背景資料寫入與狀態更新。
[2026-08-24 14:01:13] ✨ [循環成功] 已完成第 400 次背景資料寫入與狀態更新。
[2026-08-24 14:01:18] ✨ [循環成功] 已完成第 401 次背景資料寫入與狀態更新。
[2026-08-24 14:01:23] ✨ [循環成功] 已完成第 402 次背景資料寫入與狀態更新。
[2026-08-24 14:01:28] ✨ [循環成功] 已完成第 403 次背景資料寫入與狀態更新。
[2026-08-24 14:01:33] ✨ [循環成功] 已完成第 404 次背景資料寫入與狀態更新。
[2026-08-24 14:01:38] ✨ [循環成功] 已完成第 405 次背景資料寫入與狀態更新。
[2026-08-24 14:01:43] ✨ [循環成功] 已完成第 406 次背景資料寫入與狀態更新。
[2026-08-24 14:01:48] ✨ [循環成功] 已完成第 407 次背景資料寫入與狀態更新。
[2026-08-24 14:01:53] ✨ [循環成功] 已完成第 408 次背景資料寫入與狀態更新。
[2026-08-24 14:01:58] ✨ [循環成功] 已完成第 409 次背景資料寫入與狀態更新。
[2026-08-24 14:02:03] ✨ [循環成功] 已完成第 410 次背景資料寫入與狀態更新。
[2026-08-24 14:02:08] ✨ [循環成功] 已完成第 411 次背景資料寫入與狀態更新。
[2026-08-24 14:02:13] ✨ [循環成功] 已完成第 412 次背景資料寫入與狀態更新。
[2026-08-24 14:02:18] ✨ [循環成功] 已完成第 413 次背景資料寫入與狀態更新。
[2026-08-24 14:02:23] ✨ [循環成功] 已完成第 414 次背景資料寫入與狀態更新。
[2026-08-24 14:02:28] ✨ [循環成功] 已完成第 415 次背景資料寫入與狀態更新。
[2026-08-24 14:02:33] ✨ [循環成功] 已完成第 416 次背景資料寫入與狀態更新。
[2026-08-24 14:02:38] ✨ [循環成功] 已完成第 417 次背景資料寫入與狀態更新。
[2026-08-24 14:02:43] ✨ [循環成功] 已完成第 418 次背景資料寫入與狀態更新。
[2026-08-24 14:02:48] ✨ [循環成功] 已完成第 419 次背景資料寫入與狀態更新。
[2026-08-24 14:02:53] ✨ [循環成功] 已完成第 420 次背景資料寫入與狀態更新。
[2026-08-24 14:02:58] ✨ [循環成功] 已完成第 421 次背景資料寫入與狀態更新。
[2026-08-24 14:03:03] ✨ [循環成功] 已完成第 422 次背景資料寫入與狀態更新。
[2026-08-24 14:03:08] ✨ [循環成功] 已完成第 423 次背景資料寫入與狀態更新。
[2026-08-24 14:03:13] ✨ [循環成功] 已完成第 424 次背景資料寫入與狀態更新。
[2026-08-24 14:03:18] ✨ [循環成功] 已完成第 425 次背景資料寫入與狀態更新。
[2026-08-24 14:03:23] ✨ [循環成功] 已完成第 426 次背景資料寫入與狀態更新。
[2026-08-24 14:03:29] ✨ [循環成功] 已完成第 427 次背景資料寫入與狀態更新。
[2026-08-24 14:03:34] ✨ [循環成功] 已完成第 428 次背景資料寫入與狀態更新。
[2026-08-24 14:03:39] ✨ [循環成功] 已完成第 429 次背景資料寫入與狀態更新。
[2026-08-24 14:03:44] ✨ [循環成功] 已完成第 430 次背景資料寫入與狀態更新。
[2026-08-24 14:03:49] ✨ [循環成功] 已完成第 431 次背景資料寫入與狀態更新。
[2026-08-24 14:03:54] ✨ [循環成功] 已完成第 432 次背景資料寫入與狀態更新。
[2026-08-24 14:03:59] ✨ [循環成功] 已完成第 433 次背景資料寫入與狀態更新。
[2026-08-24 14:04:04] ✨ [循環成功] 已完成第 434 次背景資料寫入與狀態更新。
[2026-08-24 14:04:09] ✨ [循環成功] 已完成第 435 次背景資料寫入與狀態更新。
[2026-08-24 14:04:14] ✨ [循環成功] 已完成第 436 次背景資料寫入與狀態更新。
[2026-08-24 14:04:19] ✨ [循環成功] 已完成第 437 次背景資料寫入與狀態更新。
[2026-08-24 14:04:24] ✨ [循環成功] 已完成第 438 次背景資料寫入與狀態更新。
[2026-08-24 14:04:29] ✨ [循環成功] 已完成第 439 次背景資料寫入與狀態更新。
[2026-08-24 14:04:34] ✨ [循環成功] 已完成第 440 次背景資料寫入與狀態更新。
[2026-08-24 14:04:39] ✨ [循環成功] 已完成第 441 次背景資料寫入與狀態更新。
[2026-08-24 14:04:44] ✨ [循環成功] 已完成第 442 次背景資料寫入與狀態更新。
[2026-08-24 14:04:49] ✨ [循環成功] 已完成第 443 次背景資料寫入與狀態更新。
[2026-08-24 14:04:54] ✨ [循環成功] 已完成第 444 次背景資料寫入與狀態更新。
[2026-08-24 14:04:59] ✨ [循環成功] 已完成第 445 次背景資料寫入與狀態更新。
[2026-08-24 14:05:04] ✨ [循環成功] 已完成第 446 次背景資料寫入與狀態更新。
[2026-08-24 14:05:09] ✨ [循環成功] 已完成第 447 次背景資料寫入與狀態更新。
[2026-08-24 14:05:14] ✨ [循環成功] 已完成第 448 次背景資料寫入與狀態更新。
[2026-08-24 14:05:19] ✨ [循環成功] 已完成第 449 次背景資料寫入與狀態更新。
[2026-08-24 14:05:24] ✨ [循環成功] 已完成第 450 次背景資料寫入與狀態更新。
[2026-08-24 14:05:29] ✨ [循環成功] 已完成第 451 次背景資料寫入與狀態更新。
[2026-08-24 14:05:34] ✨ [循環成功] 已完成第 452 次背景資料寫入與狀態更新。
[2026-08-24 14:05:39] ✨ [循環成功] 已完成第 453 次背景資料寫入與狀態更新。
[2026-08-24 14:05:44] ✨ [循環成功] 已完成第 454 次背景資料寫入與狀態更新。
[2026-08-24 14:05:49] ✨ [循環成功] 已完成第 455 次背景資料寫入與狀態更新。
[2026-08-24 14:05:55] ✨ [循環成功] 已完成第 456 次背景資料寫入與狀態更新。
[2026-08-24 14:06:00] ✨ [循環成功] 已完成第 457 次背景資料寫入與狀態更新。
[2026-08-24 14:06:05] ✨ [循環成功] 已完成第 458 次背景資料寫入與狀態更新。
[2026-08-24 14:06:10] ✨ [循環成功] 已完成第 459 次背景資料寫入與狀態更新。
[2026-08-24 14:06:15] ✨ [循環成功] 已完成第 460 次背景資料寫入與狀態更新。
[2026-08-24 14:06:20] ✨ [循環成功] 已完成第 461 次背景資料寫入與狀態更新。
[2026-08-24 14:06:25] ✨ [循環成功] 已完成第 462 次背景資料寫入與狀態更新。
[2026-08-24 14:06:30] ✨ [循環成功] 已完成第 463 次背景資料寫入與狀態更新。
[2026-08-24 14:06:35] ✨ [循環成功] 已完成第 464 次背景資料寫入與狀態更新。
[2026-08-24 14:06:40] ✨ [循環成功] 已完成第 465 次背景資料寫入與狀態更新。
[2026-08-24 14:06:45] ✨ [循環成功] 已完成第 466 次背景資料寫入與狀態更新。
[2026-08-24 14:06:50] ✨ [循環成功] 已完成第 467 次背景資料寫入與狀態更新。
[2026-08-24 14:06:55] ✨ [循環成功] 已完成第 468 次背景資料寫入與狀態更新。
[2026-08-24 14:07:00] ✨ [循環成功] 已完成第 469 次背景資料寫入與狀態更新。
[2026-08-24 14:07:05] ✨ [循環成功] 已完成第 470 次背景資料寫入與狀態更新。
[2026-08-24 14:07:10] ✨ [循環成功] 已完成第 471 次背景資料寫入與狀態更新。
[2026-08-24 14:07:15] ✨ [循環成功] 已完成第 472 次背景資料寫入與狀態更新。
[2026-08-24 14:07:20] ✨ [循環成功] 已完成第 473 次背景資料寫入與狀態更新。
[2026-08-24 14:07:25] ✨ [循環成功] 已完成第 474 次背景資料寫入與狀態更新。
[2026-08-24 14:07:30] ✨ [循環成功] 已完成第 475 次背景資料寫入與狀態更新。
[2026-08-24 14:07:35] ✨ [循環成功] 已完成第 476 次背景資料寫入與狀態更新。
[2026-08-24 14:07:40] ✨ [循環成功] 已完成第 477 次背景資料寫入與狀態更新。
[2026-08-24 14:07:45] ✨ [循環成功] 已完成第 478 次背景資料寫入與狀態更新。
[2026-08-24 14:07:51] ✨ [循環成功] 已完成第 479 次背景資料寫入與狀態更新。
[2026-08-24 14:07:56] ✨ [循環成功] 已完成第 480 次背景資料寫入與狀態更新。
[2026-08-24 14:08:01] ✨ [循環成功] 已完成第 481 次背景資料寫入與狀態更新。
[2026-08-24 14:08:06] ✨ [循環成功] 已完成第 482 次背景資料寫入與狀態更新。
[2026-08-24 14:08:11] ✨ [循環成功] 已完成第 483 次背景資料寫入與狀態更新。
[2026-08-24 14:08:16] ✨ [循環成功] 已完成第 484 次背景資料寫入與狀態更新。
[2026-08-24 14:08:21] ✨ [循環成功] 已完成第 485 次背景資料寫入與狀態更新。
[2026-08-24 14:08:26] ✨ [循環成功] 已完成第 486 次背景資料寫入與狀態更新。
[2026-08-24 14:08:31] ✨ [循環成功] 已完成第 487 次背景資料寫入與狀態更新。
[2026-08-24 14:08:36] ✨ [循環成功] 已完成第 488 次背景資料寫入與狀態更新。
[2026-08-24 14:08:41] ✨ [循環成功] 已完成第 489 次背景資料寫入與狀態更新。
[2026-08-24 14:08:46] ✨ [循環成功] 已完成第 490 次背景資料寫入與狀態更新。
[2026-08-24 14:08:51] ✨ [循環成功] 已完成第 491 次背景資料寫入與狀態更新。
[2026-08-24 14:08:56] ✨ [循環成功] 已完成第 492 次背景資料寫入與狀態更新。
[2026-08-24 14:09:01] ✨ [循環成功] 已完成第 493 次背景資料寫入與狀態更新。
[2026-08-24 14:09:06] ✨ [循環成功] 已完成第 494 次背景資料寫入與狀態更新。
[2026-08-24 14:09:11] ✨ [循環成功] 已完成第 495 次背景資料寫入與狀態更新。
[2026-08-24 14:09:16] ✨ [循環成功] 已完成第 496 次背景資料寫入與狀態更新。
[2026-08-24 14:09:21] ✨ [循環成功] 已完成第 497 次背景資料寫入與狀態更新。
[2026-08-24 14:09:26] ✨ [循環成功] 已完成第 498 次背景資料寫入與狀態更新。
[2026-08-24 14:09:31] ✨ [循環成功] 已完成第 499 次背景資料寫入與狀態更新。
[2026-08-24 14:09:36] ✨ [循環成功] 已完成第 500 次背景資料寫入與狀態更新。
[2026-08-24 14:09:41] ✨ [循環成功] 已完成第 501 次背景資料寫入與狀態更新。
[2026-08-24 14:09:46] ✨ [循環成功] 已完成第 502 次背景資料寫入與狀態更新。
[2026-08-24 14:09:51] ✨ [循環成功] 已完成第 503 次背景資料寫入與狀態更新。
[2026-08-24 14:09:56] ✨ [循環成功] 已完成第 504 次背景資料寫入與狀態更新。
[2026-08-24 14:10:02] ✨ [循環成功] 已完成第 505 次背景資料寫入與狀態更新。
[2026-08-24 14:10:07] ✨ [循環成功] 已完成第 506 次背景資料寫入與狀態更新。
[2026-08-24 14:10:12] ✨ [循環成功] 已完成第 507 次背景資料寫入與狀態更新。
[2026-08-24 14:10:17] ✨ [循環成功] 已完成第 508 次背景資料寫入與狀態更新。
[2026-08-24 14:10:22] ✨ [循環成功] 已完成第 509 次背景資料寫入與狀態更新。
[2026-08-24 14:10:27] ✨ [循環成功] 已完成第 510 次背景資料寫入與狀態更新。
[2026-08-24 14:10:32] ✨ [循環成功] 已完成第 511 次背景資料寫入與狀態更新。
[2026-08-24 14:10:37] ✨ [循環成功] 已完成第 512 次背景資料寫入與狀態更新。
[2026-08-24 14:10:42] ✨ [循環成功] 已完成第 513 次背景資料寫入與狀態更新。
[2026-08-24 14:10:47] ✨ [循環成功] 已完成第 514 次背景資料寫入與狀態更新。
[2026-08-24 14:10:52] ✨ [循環成功] 已完成第 515 次背景資料寫入與狀態更新。
[2026-08-24 14:10:57] ✨ [循環成功] 已完成第 516 次背景資料寫入與狀態更新。
[2026-08-24 14:11:02] ✨ [循環成功] 已完成第 517 次背景資料寫入與狀態更新。
[2026-08-24 14:11:07] ✨ [循環成功] 已完成第 518 次背景資料寫入與狀態更新。
[2026-08-24 14:11:12] ✨ [循環成功] 已完成第 519 次背景資料寫入與狀態更新。
[2026-08-24 14:11:17] ✨ [循環成功] 已完成第 520 次背景資料寫入與狀態更新。
[2026-08-24 14:11:22] ✨ [循環成功] 已完成第 521 次背景資料寫入與狀態更新。
[2026-08-24 14:11:27] ✨ [循環成功] 已完成第 522 次背景資料寫入與狀態更新。
[2026-08-24 14:11:32] ✨ [循環成功] 已完成第 523 次背景資料寫入與狀態更新。
[2026-08-24 14:11:37] ✨ [循環成功] 已完成第 524 次背景資料寫入與狀態更新。
[2026-08-24 14:11:42] ✨ [循環成功] 已完成第 525 次背景資料寫入與狀態更新。
[2026-08-24 14:11:47] ✨ [循環成功] 已完成第 526 次背景資料寫入與狀態更新。
[2026-08-24 14:11:52] ✨ [循環成功] 已完成第 527 次背景資料寫入與狀態更新。
[2026-08-24 14:11:57] ✨ [循環成功] 已完成第 528 次背景資料寫入與狀態更新。
[2026-08-24 14:12:02] ✨ [循環成功] 已完成第 529 次背景資料寫入與狀態更新。
[2026-08-24 14:12:08] ✨ [循環成功] 已完成第 530 次背景資料寫入與狀態更新。
[2026-08-24 14:12:13] ✨ [循環成功] 已完成第 531 次背景資料寫入與狀態更新。
[2026-08-24 14:12:18] ✨ [循環成功] 已完成第 532 次背景資料寫入與狀態更新。
[2026-08-24 14:12:23] ✨ [循環成功] 已完成第 533 次背景資料寫入與狀態更新。
[2026-08-24 14:12:28] ✨ [循環成功] 已完成第 534 次背景資料寫入與狀態更新。
[2026-08-24 14:12:33] ✨ [循環成功] 已完成第 535 次背景資料寫入與狀態更新。
[2026-08-24 14:12:38] ✨ [循環成功] 已完成第 536 次背景資料寫入與狀態更新。
[2026-08-24 14:12:43] ✨ [循環成功] 已完成第 537 次背景資料寫入與狀態更新。
[2026-08-24 14:12:48] ✨ [循環成功] 已完成第 538 次背景資料寫入與狀態更新。
[2026-08-24 14:12:53] ✨ [循環成功] 已完成第 539 次背景資料寫入與狀態更新。
[2026-08-24 14:12:58] ✨ [循環成功] 已完成第 540 次背景資料寫入與狀態更新。
[2026-08-24 14:13:03] ✨ [循環成功] 已完成第 541 次背景資料寫入與狀態更新。
[2026-08-24 14:13:08] ✨ [循環成功] 已完成第 542 次背景資料寫入與狀態更新。
[2026-08-24 14:13:13] ✨ [循環成功] 已完成第 543 次背景資料寫入與狀態更新。
[2026-08-24 14:13:18] ✨ [循環成功] 已完成第 544 次背景資料寫入與狀態更新。
[2026-08-24 14:13:23] ✨ [循環成功] 已完成第 545 次背景資料寫入與狀態更新。
[2026-08-24 14:13:28] ✨ [循環成功] 已完成第 546 次背景資料寫入與狀態更新。
[2026-08-24 14:13:33] ✨ [循環成功] 已完成第 547 次背景資料寫入與狀態更新。
[2026-08-24 14:13:38] ✨ [循環成功] 已完成第 548 次背景資料寫入與狀態更新。
[2026-08-24 14:13:43] ✨ [循環成功] 已完成第 549 次背景資料寫入與狀態更新。
[2026-08-24 14:13:48] ✨ [循環成功] 已完成第 550 次背景資料寫入與狀態更新。
[2026-08-24 14:13:53] ✨ [循環成功] 已完成第 551 次背景資料寫入與狀態更新。
[2026-08-24 14:13:58] ✨ [循環成功] 已完成第 552 次背景資料寫入與狀態更新。
[2026-08-24 14:14:03] ✨ [循環成功] 已完成第 553 次背景資料寫入與狀態更新。
[2026-08-24 14:14:08] ✨ [循環成功] 已完成第 554 次背景資料寫入與狀態更新。
[2026-08-24 14:14:13] ✨ [循環成功] 已完成第 555 次背景資料寫入與狀態更新。
[2026-08-24 14:14:18] ✨ [循環成功] 已完成第 556 次背景資料寫入與狀態更新。
[2026-08-24 14:14:24] ✨ [循環成功] 已完成第 557 次背景資料寫入與狀態更新。
[2026-08-24 14:14:29] ✨ [循環成功] 已完成第 558 次背景資料寫入與狀態更新。
[2026-08-24 14:14:34] ✨ [循環成功] 已完成第 559 次背景資料寫入與狀態更新。
[2026-08-24 14:14:39] ✨ [循環成功] 已完成第 560 次背景資料寫入與狀態更新。
[2026-08-24 14:14:44] ✨ [循環成功] 已完成第 561 次背景資料寫入與狀態更新。
[2026-08-24 14:14:49] ✨ [循環成功] 已完成第 562 次背景資料寫入與狀態更新。
[2026-08-24 14:14:54] ✨ [循環成功] 已完成第 563 次背景資料寫入與狀態更新。
[2026-08-24 14:14:59] ✨ [循環成功] 已完成第 564 次背景資料寫入與狀態更新。
[2026-08-24 14:15:04] ✨ [循環成功] 已完成第 565 次背景資料寫入與狀態更新。
[2026-08-24 14:15:09] ✨ [循環成功] 已完成第 566 次背景資料寫入與狀態更新。
[2026-08-24 14:15:14] ✨ [循環成功] 已完成第 567 次背景資料寫入與狀態更新。
[2026-08-24 14:15:19] ✨ [循環成功] 已完成第 568 次背景資料寫入與狀態更新。
[2026-08-24 14:15:24] ✨ [循環成功] 已完成第 569 次背景資料寫入與狀態更新。
[2026-08-24 14:15:29] ✨ [循環成功] 已完成第 570 次背景資料寫入與狀態更新。
[2026-08-24 14:15:34] ✨ [循環成功] 已完成第 571 次背景資料寫入與狀態更新。
[2026-08-24 14:15:39] ✨ [循環成功] 已完成第 572 次背景資料寫入與狀態更新。
[2026-08-24 14:15:44] ✨ [循環成功] 已完成第 573 次背景資料寫入與狀態更新。
[2026-08-24 14:15:49] ✨ [循環成功] 已完成第 574 次背景資料寫入與狀態更新。
[2026-08-24 14:15:54] ✨ [循環成功] 已完成第 575 次背景資料寫入與狀態更新。
[2026-08-24 14:15:59] ✨ [循環成功] 已完成第 576 次背景資料寫入與狀態更新。
[2026-08-24 14:16:04] ✨ [循環成功] 已完成第 577 次背景資料寫入與狀態更新。
[2026-08-24 14:16:09] ✨ [循環成功] 已完成第 578 次背景資料寫入與狀態更新。
[2026-08-24 14:16:14] ✨ [循環成功] 已完成第 579 次背景資料寫入與狀態更新。
[2026-08-24 14:16:19] ✨ [循環成功] 已完成第 580 次背景資料寫入與狀態更新。
[2026-08-24 14:16:24] ✨ [循環成功] 已完成第 581 次背景資料寫入與狀態更新。
[2026-08-24 14:16:29] ✨ [循環成功] 已完成第 582 次背景資料寫入與狀態更新。
[2026-08-24 14:16:34] ✨ [循環成功] 已完成第 583 次背景資料寫入與狀態更新。
[2026-08-24 14:16:39] ✨ [循環成功] 已完成第 584 次背景資料寫入與狀態更新。
[2026-08-24 14:16:44] ✨ [循環成功] 已完成第 585 次背景資料寫入與狀態更新。
[2026-08-24 14:16:49] ✨ [循環成功] 已完成第 586 次背景資料寫入與狀態更新。
[2026-08-24 14:16:54] ✨ [循環成功] 已完成第 587 次背景資料寫入與狀態更新。
[2026-08-24 14:16:59] ✨ [循環成功] 已完成第 588 次背景資料寫入與狀態更新。
[2026-08-24 14:17:05] ✨ [循環成功] 已完成第 589 次背景資料寫入與狀態更新。
[2026-08-24 14:17:10] ✨ [循環成功] 已完成第 590 次背景資料寫入與狀態更新。
[2026-08-24 14:17:15] ✨ [循環成功] 已完成第 591 次背景資料寫入與狀態更新。
[2026-08-24 14:17:20] ✨ [循環成功] 已完成第 592 次背景資料寫入與狀態更新。
[2026-08-24 14:17:25] ✨ [循環成功] 已完成第 593 次背景資料寫入與狀態更新。
[2026-08-24 14:17:30] ✨ [循環成功] 已完成第 594 次背景資料寫入與狀態更新。
[2026-08-24 14:17:35] ✨ [循環成功] 已完成第 595 次背景資料寫入與狀態更新。
[2026-08-24 14:17:40] ✨ [循環成功] 已完成第 596 次背景資料寫入與狀態更新。
[2026-08-24 14:17:45] ✨ [循環成功] 已完成第 597 次背景資料寫入與狀態更新。
[2026-08-24 14:17:50] ✨ [循環成功] 已完成第 598 次背景資料寫入與狀態更新。
[2026-08-24 14:17:55] ✨ [循環成功] 已完成第 599 次背景資料寫入與狀態更新。
[2026-08-24 14:18:00] ✨ [循環成功] 已完成第 600 次背景資料寫入與狀態更新。
[2026-08-24 14:18:05] ✨ [循環成功] 已完成第 601 次背景資料寫入與狀態更新。
[2026-08-24 14:18:10] ✨ [循環成功] 已完成第 602 次背景資料寫入與狀態更新。
[2026-08-24 14:18:15] ✨ [循環成功] 已完成第 603 次背景資料寫入與狀態更新。
[2026-08-24 14:18:20] ✨ [循環成功] 已完成第 604 次背景資料寫入與狀態更新。
[2026-08-24 14:18:25] ✨ [循環成功] 已完成第 605 次背景資料寫入與狀態更新。
[2026-08-24 14:18:30] ✨ [循環成功] 已完成第 606 次背景資料寫入與狀態更新。
[2026-08-24 14:18:35] ✨ [循環成功] 已完成第 607 次背景資料寫入與狀態更新。
[2026-08-24 14:18:40] ✨ [循環成功] 已完成第 608 次背景資料寫入與狀態更新。
[2026-08-24 14:18:45] ✨ [循環成功] 已完成第 609 次背景資料寫入與狀態更新。
[2026-08-24 14:18:50] ✨ [循環成功] 已完成第 610 次背景資料寫入與狀態更新。
[2026-08-24 14:18:55] ✨ [循環成功] 已完成第 611 次背景資料寫入與狀態更新。
[2026-08-24 14:19:00] ✨ [循環成功] 已完成第 612 次背景資料寫入與狀態更新。
[2026-08-24 14:19:05] ✨ [循環成功] 已完成第 613 次背景資料寫入與狀態更新。
[2026-08-24 14:19:10] ✨ [循環成功] 已完成第 614 次背景資料寫入與狀態更新。
[2026-08-24 14:19:15] ✨ [循環成功] 已完成第 615 次背景資料寫入與狀態更新。
[2026-08-24 14:19:20] ✨ [循環成功] 已完成第 616 次背景資料寫入與狀態更新。
[2026-08-24 14:19:25] ✨ [循環成功] 已完成第 617 次背景資料寫入與狀態更新。
[2026-08-24 14:19:30] ✨ [循環成功] 已完成第 618 次背景資料寫入與狀態更新。
[2026-08-24 14:19:35] ✨ [循環成功] 已完成第 619 次背景資料寫入與狀態更新。
[2026-08-24 14:19:40] ✨ [循環成功] 已完成第 620 次背景資料寫入與狀態更新。
[2026-08-24 14:19:46] ✨ [循環成功] 已完成第 621 次背景資料寫入與狀態更新。
[2026-08-24 14:19:51] ✨ [循環成功] 已完成第 622 次背景資料寫入與狀態更新。
[2026-08-24 14:19:56] ✨ [循環成功] 已完成第 623 次背景資料寫入與狀態更新。
[2026-08-24 14:20:01] ✨ [循環成功] 已完成第 624 次背景資料寫入與狀態更新。
[2026-08-24 14:20:06] ✨ [循環成功] 已完成第 625 次背景資料寫入與狀態更新。
[2026-08-24 14:20:11] ✨ [循環成功] 已完成第 626 次背景資料寫入與狀態更新。
[2026-08-24 14:20:16] ✨ [循環成功] 已完成第 627 次背景資料寫入與狀態更新。
[2026-08-24 14:20:21] ✨ [循環成功] 已完成第 628 次背景資料寫入與狀態更新。
[2026-08-24 14:20:26] ✨ [循環成功] 已完成第 629 次背景資料寫入與狀態更新。
[2026-08-24 14:20:31] ✨ [循環成功] 已完成第 630 次背景資料寫入與狀態更新。
[2026-08-24 14:20:36] ✨ [循環成功] 已完成第 631 次背景資料寫入與狀態更新。
[2026-08-24 14:20:41] ✨ [循環成功] 已完成第 632 次背景資料寫入與狀態更新。
[2026-08-24 14:20:46] ✨ [循環成功] 已完成第 633 次背景資料寫入與狀態更新。
[2026-08-24 14:20:51] ✨ [循環成功] 已完成第 634 次背景資料寫入與狀態更新。
[2026-08-24 14:20:56] ✨ [循環成功] 已完成第 635 次背景資料寫入與狀態更新。
[2026-08-24 14:21:01] ✨ [循環成功] 已完成第 636 次背景資料寫入與狀態更新。
[2026-08-24 14:21:06] ✨ [循環成功] 已完成第 637 次背景資料寫入與狀態更新。
[2026-08-24 14:21:11] ✨ [循環成功] 已完成第 638 次背景資料寫入與狀態更新。
[2026-08-24 14:21:16] ✨ [循環成功] 已完成第 639 次背景資料寫入與狀態更新。
[2026-08-24 14:21:21] ✨ [循環成功] 已完成第 640 次背景資料寫入與狀態更新。
[2026-08-24 14:21:26] ✨ [循環成功] 已完成第 641 次背景資料寫入與狀態更新。
[2026-08-24 14:21:31] ✨ [循環成功] 已完成第 642 次背景資料寫入與狀態更新。
[2026-08-24 14:21:36] ✨ [循環成功] 已完成第 643 次背景資料寫入與狀態更新。
[2026-08-24 14:21:41] ✨ [循環成功] 已完成第 644 次背景資料寫入與狀態更新。
[2026-08-24 14:21:46] ✨ [循環成功] 已完成第 645 次背景資料寫入與狀態更新。
[2026-08-24 14:21:51] ✨ [循環成功] 已完成第 646 次背景資料寫入與狀態更新。
[2026-08-24 14:21:56] ✨ [循環成功] 已完成第 647 次背景資料寫入與狀態更新。
[2026-08-24 14:22:01] ✨ [循環成功] 已完成第 648 次背景資料寫入與狀態更新。
[2026-08-24 14:22:07] ✨ [循環成功] 已完成第 649 次背景資料寫入與狀態更新。
[2026-08-24 14:22:12] ✨ [循環成功] 已完成第 650 次背景資料寫入與狀態更新。
[2026-08-24 14:22:17] ✨ [循環成功] 已完成第 651 次背景資料寫入與狀態更新。
[2026-08-24 14:22:22] ✨ [循環成功] 已完成第 652 次背景資料寫入與狀態更新。
[2026-08-24 14:22:27] ✨ [循環成功] 已完成第 653 次背景資料寫入與狀態更新。
[2026-08-24 14:22:32] ✨ [循環成功] 已完成第 654 次背景資料寫入與狀態更新。
[2026-08-24 14:22:37] ✨ [循環成功] 已完成第 655 次背景資料寫入與狀態更新。
[2026-08-24 14:22:42] ✨ [循環成功] 已完成第 656 次背景資料寫入與狀態更新。
[2026-08-24 14:22:47] ✨ [循環成功] 已完成第 657 次背景資料寫入與狀態更新。
[2026-08-24 14:22:52] ✨ [循環成功] 已完成第 658 次背景資料寫入與狀態更新。
[2026-08-24 14:22:57] ✨ [循環成功] 已完成第 659 次背景資料寫入與狀態更新。
[2026-08-24 14:23:02] ✨ [循環成功] 已完成第 660 次背景資料寫入與狀態更新。
[2026-08-24 14:23:07] ✨ [循環成功] 已完成第 661 次背景資料寫入與狀態更新。
[2026-08-24 14:23:12] ✨ [循環成功] 已完成第 662 次背景資料寫入與狀態更新。
[2026-08-24 14:23:17] ✨ [循環成功] 已完成第 663 次背景資料寫入與狀態更新。
[2026-08-24 14:23:22] ✨ [循環成功] 已完成第 664 次背景資料寫入與狀態更新。
[2026-08-24 14:23:27] ✨ [循環成功] 已完成第 665 次背景資料寫入與狀態更新。
[2026-08-24 14:23:32] ✨ [循環成功] 已完成第 666 次背景資料寫入與狀態更新。
[2026-08-24 14:23:37] ✨ [循環成功] 已完成第 667 次背景資料寫入與狀態更新。
[2026-08-24 14:23:42] ✨ [循環成功] 已完成第 668 次背景資料寫入與狀態更新。
[2026-08-24 14:23:47] ✨ [循環成功] 已完成第 669 次背景資料寫入與狀態更新。
[2026-08-24 14:23:52] ✨ [循環成功] 已完成第 670 次背景資料寫入與狀態更新。
[2026-08-24 14:23:57] ✨ [循環成功] 已完成第 671 次背景資料寫入與狀態更新。
[2026-08-24 14:24:02] ✨ [循環成功] 已完成第 672 次背景資料寫入與狀態更新。
[2026-08-24 14:24:07] ✨ [循環成功] 已完成第 673 次背景資料寫入與狀態更新。
[2026-08-24 14:24:12] ✨ [循環成功] 已完成第 674 次背景資料寫入與狀態更新。
[2026-08-24 14:24:17] ✨ [循環成功] 已完成第 675 次背景資料寫入與狀態更新。
[2026-08-24 14:24:23] ✨ [循環成功] 已完成第 676 次背景資料寫入與狀態更新。
[2026-08-24 14:24:28] ✨ [循環成功] 已完成第 677 次背景資料寫入與狀態更新。
[2026-08-24 14:24:33] ✨ [循環成功] 已完成第 678 次背景資料寫入與狀態更新。
[2026-08-24 14:24:38] ✨ [循環成功] 已完成第 679 次背景資料寫入與狀態更新。
[2026-08-24 14:24:43] ✨ [循環成功] 已完成第 680 次背景資料寫入與狀態更新。
[2026-08-24 14:24:48] ✨ [循環成功] 已完成第 681 次背景資料寫入與狀態更新。
[2026-08-24 14:24:53] ✨ [循環成功] 已完成第 682 次背景資料寫入與狀態更新。
[2026-08-24 14:24:58] ✨ [循環成功] 已完成第 683 次背景資料寫入與狀態更新。
[2026-08-24 14:25:03] ✨ [循環成功] 已完成第 684 次背景資料寫入與狀態更新。
[2026-08-24 14:25:08] ✨ [循環成功] 已完成第 685 次背景資料寫入與狀態更新。
[2026-08-24 14:25:13] ✨ [循環成功] 已完成第 686 次背景資料寫入與狀態更新。
[2026-08-24 14:25:18] ✨ [循環成功] 已完成第 687 次背景資料寫入與狀態更新。
[2026-08-24 14:25:23] ✨ [循環成功] 已完成第 688 次背景資料寫入與狀態更新。
[2026-08-24 14:25:28] ✨ [循環成功] 已完成第 689 次背景資料寫入與狀態更新。
[2026-08-24 14:25:33] ✨ [循環成功] 已完成第 690 次背景資料寫入與狀態更新。
[2026-08-24 14:25:38] ✨ [循環成功] 已完成第 691 次背景資料寫入與狀態更新。
[2026-08-24 14:25:43] ✨ [循環成功] 已完成第 692 次背景資料寫入與狀態更新。
[2026-08-24 14:25:48] ✨ [循環成功] 已完成第 693 次背景資料寫入與狀態更新。
[2026-08-24 14:25:53] ✨ [循環成功] 已完成第 694 次背景資料寫入與狀態更新。
[2026-08-24 14:25:58] ✨ [循環成功] 已完成第 695 次背景資料寫入與狀態更新。
[2026-08-24 14:26:03] ✨ [循環成功] 已完成第 696 次背景資料寫入與狀態更新。
[2026-08-24 14:26:08] ✨ [循環成功] 已完成第 697 次背景資料寫入與狀態更新。
[2026-08-24 14:26:13] ✨ [循環成功] 已完成第 698 次背景資料寫入與狀態更新。
[2026-08-24 14:26:18] ✨ [循環成功] 已完成第 699 次背景資料寫入與狀態更新。
[2026-08-24 14:26:23] ✨ [循環成功] 已完成第 700 次背景資料寫入與狀態更新。
[2026-08-24 14:26:28] ✨ [循環成功] 已完成第 701 次背景資料寫入與狀態更新。
[2026-08-24 14:26:33] ✨ [循環成功] 已完成第 702 次背景資料寫入與狀態更新。
[2026-08-24 14:26:38] ✨ [循環成功] 已完成第 703 次背景資料寫入與狀態更新。
[2026-08-24 14:26:43] ✨ [循環成功] 已完成第 704 次背景資料寫入與狀態更新。
[2026-08-24 14:26:48] ✨ [循環成功] 已完成第 705 次背景資料寫入與狀態更新。
[2026-08-24 14:26:54] ✨ [循環成功] 已完成第 706 次背景資料寫入與狀態更新。
[2026-08-24 14:26:59] ✨ [循環成功] 已完成第 707 次背景資料寫入與狀態更新。
[2026-08-24 14:27:04] ✨ [循環成功] 已完成第 708 次背景資料寫入與狀態更新。
[2026-08-24 14:27:09] ✨ [循環成功] 已完成第 709 次背景資料寫入與狀態更新。
[2026-08-24 14:27:14] ✨ [循環成功] 已完成第 710 次背景資料寫入與狀態更新。
[2026-08-24 14:27:19] ✨ [循環成功] 已完成第 711 次背景資料寫入與狀態更新。
[2026-08-24 14:27:24] ✨ [循環成功] 已完成第 712 次背景資料寫入與狀態更新。
[2026-08-24 14:27:29] ✨ [循環成功] 已完成第 713 次背景資料寫入與狀態更新。
[2026-08-24 14:27:34] ✨ [循環成功] 已完成第 714 次背景資料寫入與狀態更新。
[2026-08-24 14:27:39] ✨ [循環成功] 已完成第 715 次背景資料寫入與狀態更新。
[2026-08-24 14:27:44] ✨ [循環成功] 已完成第 716 次背景資料寫入與狀態更新。
[2026-08-24 14:27:49] ✨ [循環成功] 已完成第 717 次背景資料寫入與狀態更新。
[2026-08-24 14:27:54] ✨ [循環成功] 已完成第 718 次背景資料寫入與狀態更新。
[2026-08-24 14:27:59] ✨ [循環成功] 已完成第 719 次背景資料寫入與狀態更新。
[2026-08-24 14:28:04] ✨ [循環成功] 已完成第 720 次背景資料寫入與狀態更新。
[2026-08-24 14:28:09] ✨ [循環成功] 已完成第 721 次背景資料寫入與狀態更新。
[2026-08-24 14:28:14] ✨ [循環成功] 已完成第 722 次背景資料寫入與狀態更新。
[2026-08-24 14:28:19] ✨ [循環成功] 已完成第 723 次背景資料寫入與狀態更新。
[2026-08-24 14:28:24] ✨ [循環成功] 已完成第 724 次背景資料寫入與狀態更新。
[2026-08-24 14:28:29] ✨ [循環成功] 已完成第 725 次背景資料寫入與狀態更新。
[2026-08-24 14:28:34] ✨ [循環成功] 已完成第 726 次背景資料寫入與狀態更新。
[2026-08-24 14:28:39] ✨ [循環成功] 已完成第 727 次背景資料寫入與狀態更新。
[2026-08-24 14:28:44] ✨ [循環成功] 已完成第 728 次背景資料寫入與狀態更新。
[2026-08-24 14:28:49] ✨ [循環成功] 已完成第 729 次背景資料寫入與狀態更新。
[2026-08-24 14:28:54] ✨ [循環成功] 已完成第 730 次背景資料寫入與狀態更新。
[2026-08-24 14:28:59] ✨ [循環成功] 已完成第 731 次背景資料寫入與狀態更新。
[2026-08-24 14:29:05] ✨ [循環成功] 已完成第 732 次背景資料寫入與狀態更新。
[2026-08-24 14:29:10] ✨ [循環成功] 已完成第 733 次背景資料寫入與狀態更新。
[2026-08-24 14:29:15] ✨ [循環成功] 已完成第 734 次背景資料寫入與狀態更新。
[2026-08-24 14:29:20] ✨ [循環成功] 已完成第 735 次背景資料寫入與狀態更新。
[2026-08-24 14:29:25] ✨ [循環成功] 已完成第 736 次背景資料寫入與狀態更新。
[2026-08-24 14:29:30] ✨ [循環成功] 已完成第 737 次背景資料寫入與狀態更新。
[2026-08-24 14:29:35] ✨ [循環成功] 已完成第 738 次背景資料寫入與狀態更新。
[2026-08-24 14:29:40] ✨ [循環成功] 已完成第 739 次背景資料寫入與狀態更新。
[2026-08-24 14:29:45] ✨ [循環成功] 已完成第 740 次背景資料寫入與狀態更新。
[2026-08-24 14:29:50] ✨ [循環成功] 已完成第 741 次背景資料寫入與狀態更新。
[2026-08-24 14:29:55] ✨ [循環成功] 已完成第 742 次背景資料寫入與狀態更新。
[2026-08-24 14:30:00] ✨ [循環成功] 已完成第 743 次背景資料寫入與狀態更新。
[2026-08-24 14:30:05] ✨ [循環成功] 已完成第 744 次背景資料寫入與狀態更新。
[2026-08-24 14:30:10] ✨ [循環成功] 已完成第 745 次背景資料寫入與狀態更新。
[2026-08-24 14:30:15] ✨ [循環成功] 已完成第 746 次背景資料寫入與狀態更新。
[2026-08-24 14:30:20] ✨ [循環成功] 已完成第 747 次背景資料寫入與狀態更新。
[2026-08-24 14:30:25] ✨ [循環成功] 已完成第 748 次背景資料寫入與狀態更新。
[2026-08-24 14:30:30] ✨ [循環成功] 已完成第 749 次背景資料寫入與狀態更新。
[2026-08-24 14:30:35] ✨ [循環成功] 已完成第 750 次背景資料寫入與狀態更新。
[2026-08-24 14:30:40] ✨ [循環成功] 已完成第 751 次背景資料寫入與狀態更新。
[2026-08-24 14:30:45] ✨ [循環成功] 已完成第 752 次背景資料寫入與狀態更新。
[2026-08-24 14:30:50] ✨ [循環成功] 已完成第 753 次背景資料寫入與狀態更新。
[2026-08-24 14:30:55] ✨ [循環成功] 已完成第 754 次背景資料寫入與狀態更新。
[2026-08-24 14:31:00] ✨ [循環成功] 已完成第 755 次背景資料寫入與狀態更新。
[2026-08-24 14:31:05] ✨ [循環成功] 已完成第 756 次背景資料寫入與狀態更新。
[2026-08-24 14:31:11] ✨ [循環成功] 已完成第 757 次背景資料寫入與狀態更新。
[2026-08-24 14:31:16] ✨ [循環成功] 已完成第 758 次背景資料寫入與狀態更新。
[2026-08-24 14:31:21] ✨ [循環成功] 已完成第 759 次背景資料寫入與狀態更新。
[2026-08-24 14:31:26] ✨ [循環成功] 已完成第 760 次背景資料寫入與狀態更新。
[2026-08-24 14:31:31] ✨ [循環成功] 已完成第 761 次背景資料寫入與狀態更新。
[2026-08-24 14:31:36] ✨ [循環成功] 已完成第 762 次背景資料寫入與狀態更新。
[2026-08-24 14:31:41] ✨ [循環成功] 已完成第 763 次背景資料寫入與狀態更新。
[2026-08-24 14:31:46] ✨ [循環成功] 已完成第 764 次背景資料寫入與狀態更新。
[2026-08-24 14:31:51] ✨ [循環成功] 已完成第 765 次背景資料寫入與狀態更新。
[2026-08-24 14:31:56] ✨ [循環成功] 已完成第 766 次背景資料寫入與狀態更新。
[2026-08-24 14:32:01] ✨ [循環成功] 已完成第 767 次背景資料寫入與狀態更新。
[2026-08-24 14:32:06] ✨ [循環成功] 已完成第 768 次背景資料寫入與狀態更新。
[2026-08-24 14:32:11] ✨ [循環成功] 已完成第 769 次背景資料寫入與狀態更新。
[2026-08-24 14:32:16] ✨ [循環成功] 已完成第 770 次背景資料寫入與狀態更新。
[2026-08-24 14:32:21] ✨ [循環成功] 已完成第 771 次背景資料寫入與狀態更新。
[2026-08-24 14:32:26] ✨ [循環成功] 已完成第 772 次背景資料寫入與狀態更新。
[2026-08-24 14:32:31] ✨ [循環成功] 已完成第 773 次背景資料寫入與狀態更新。
[2026-08-24 14:32:36] ✨ [循環成功] 已完成第 774 次背景資料寫入與狀態更新。
[2026-08-24 14:32:41] ✨ [循環成功] 已完成第 775 次背景資料寫入與狀態更新。
[2026-08-24 14:32:46] ✨ [循環成功] 已完成第 776 次背景資料寫入與狀態更新。
[2026-08-24 14:32:51] ✨ [循環成功] 已完成第 777 次背景資料寫入與狀態更新。
[2026-08-24 14:32:56] ✨ [循環成功] 已完成第 778 次背景資料寫入與狀態更新。
[2026-08-24 14:33:01] ✨ [循環成功] 已完成第 779 次背景資料寫入與狀態更新。
[2026-08-24 14:33:06] ✨ [循環成功] 已完成第 780 次背景資料寫入與狀態更新。
[2026-08-24 14:33:11] ✨ [循環成功] 已完成第 781 次背景資料寫入與狀態更新。
[2026-08-24 14:33:17] ✨ [循環成功] 已完成第 782 次背景資料寫入與狀態更新。
[2026-08-24 14:33:22] ✨ [循環成功] 已完成第 783 次背景資料寫入與狀態更新。
[2026-08-24 14:33:27] ✨ [循環成功] 已完成第 784 次背景資料寫入與狀態更新。
[2026-08-24 14:33:32] ✨ [循環成功] 已完成第 785 次背景資料寫入與狀態更新。
[2026-08-24 14:33:37] ✨ [循環成功] 已完成第 786 次背景資料寫入與狀態更新。
[2026-08-24 14:33:42] ✨ [循環成功] 已完成第 787 次背景資料寫入與狀態更新。
[2026-08-24 14:33:47] ✨ [循環成功] 已完成第 788 次背景資料寫入與狀態更新。
[2026-08-24 14:33:52] ✨ [循環成功] 已完成第 789 次背景資料寫入與狀態更新。
[2026-08-24 14:33:57] ✨ [循環成功] 已完成第 790 次背景資料寫入與狀態更新。
[2026-08-24 14:34:02] ✨ [循環成功] 已完成第 791 次背景資料寫入與狀態更新。
[2026-08-24 14:34:07] ✨ [循環成功] 已完成第 792 次背景資料寫入與狀態更新。
[2026-08-24 14:34:12] ✨ [循環成功] 已完成第 793 次背景資料寫入與狀態更新。
[2026-08-24 14:34:17] ✨ [循環成功] 已完成第 794 次背景資料寫入與狀態更新。
[2026-08-24 14:34:22] ✨ [循環成功] 已完成第 795 次背景資料寫入與狀態更新。
[2026-08-24 14:34:27] ✨ [循環成功] 已完成第 796 次背景資料寫入與狀態更新。
[2026-08-24 14:34:32] ✨ [循環成功] 已完成第 797 次背景資料寫入與狀態更新。
[2026-08-24 14:34:37] ✨ [循環成功] 已完成第 798 次背景資料寫入與狀態更新。
[2026-08-24 14:34:42] ✨ [循環成功] 已完成第 799 次背景資料寫入與狀態更新。
[2026-08-24 14:34:47] ✨ [循環成功] 已完成第 800 次背景資料寫入與狀態更新。
[2026-08-24 14:34:52] ✨ [循環成功] 已完成第 801 次背景資料寫入與狀態更新。
[2026-08-24 14:34:57] ✨ [循環成功] 已完成第 802 次背景資料寫入與狀態更新。
[2026-08-24 14:35:02] ✨ [循環成功] 已完成第 803 次背景資料寫入與狀態更新。
[2026-08-24 14:35:07] ✨ [循環成功] 已完成第 804 次背景資料寫入與狀態更新。
[2026-08-24 14:35:12] ✨ [循環成功] 已完成第 805 次背景資料寫入與狀態更新。
[2026-08-24 14:35:17] ✨ [循環成功] 已完成第 806 次背景資料寫入與狀態更新。
[2026-08-24 14:35:22] ✨ [循環成功] 已完成第 807 次背景資料寫入與狀態更新。
[2026-08-24 14:35:27] ✨ [循環成功] 已完成第 808 次背景資料寫入與狀態更新。
[2026-08-24 14:35:32] ✨ [循環成功] 已完成第 809 次背景資料寫入與狀態更新。
[2026-08-24 14:35:37] ✨ [循環成功] 已完成第 810 次背景資料寫入與狀態更新。
[2026-08-24 14:35:42] ✨ [循環成功] 已完成第 811 次背景資料寫入與狀態更新。
[2026-08-24 14:35:47] ✨ [循環成功] 已完成第 812 次背景資料寫入與狀態更新。
[2026-08-24 14:35:52] ✨ [循環成功] 已完成第 813 次背景資料寫入與狀態更新。
[2026-08-24 14:35:58] ✨ [循環成功] 已完成第 814 次背景資料寫入與狀態更新。
[2026-08-24 14:36:03] ✨ [循環成功] 已完成第 815 次背景資料寫入與狀態更新。
[2026-08-24 14:36:08] ✨ [循環成功] 已完成第 816 次背景資料寫入與狀態更新。
[2026-08-24 14:36:13] ✨ [循環成功] 已完成第 817 次背景資料寫入與狀態更新。
[2026-08-24 14:36:18] ✨ [循環成功] 已完成第 818 次背景資料寫入與狀態更新。
[2026-08-24 14:36:23] ✨ [循環成功] 已完成第 819 次背景資料寫入與狀態更新。
[2026-08-24 14:36:28] ✨ [循環成功] 已完成第 820 次背景資料寫入與狀態更新。
[2026-08-24 14:36:33] ✨ [循環成功] 已完成第 821 次背景資料寫入與狀態更新。
[2026-08-24 14:36:38] ✨ [循環成功] 已完成第 822 次背景資料寫入與狀態更新。
[2026-08-24 14:36:43] ✨ [循環成功] 已完成第 823 次背景資料寫入與狀態更新。
[2026-08-24 14:36:48] ✨ [循環成功] 已完成第 824 次背景資料寫入與狀態更新。
[2026-08-24 14:36:53] ✨ [循環成功] 已完成第 825 次背景資料寫入與狀態更新。
[2026-08-24 14:36:58] ✨ [循環成功] 已完成第 826 次背景資料寫入與狀態更新。
[2026-08-24 14:37:03] ✨ [循環成功] 已完成第 827 次背景資料寫入與狀態更新。
[2026-08-24 14:37:08] ✨ [循環成功] 已完成第 828 次背景資料寫入與狀態更新。
[2026-08-24 14:37:13] ✨ [循環成功] 已完成第 829 次背景資料寫入與狀態更新。
[2026-08-24 14:37:18] ✨ [循環成功] 已完成第 830 次背景資料寫入與狀態更新。
[2026-08-24 14:37:23] ✨ [循環成功] 已完成第 831 次背景資料寫入與狀態更新。
[2026-08-24 14:37:28] ✨ [循環成功] 已完成第 832 次背景資料寫入與狀態更新。
[2026-08-24 14:37:33] ✨ [循環成功] 已完成第 833 次背景資料寫入與狀態更新。
[2026-08-24 14:37:38] ✨ [循環成功] 已完成第 834 次背景資料寫入與狀態更新。
[2026-08-24 14:37:43] ✨ [循環成功] 已完成第 835 次背景資料寫入與狀態更新。
[2026-08-24 14:37:48] ✨ [循環成功] 已完成第 836 次背景資料寫入與狀態更新。
[2026-08-24 14:37:53] ✨ [循環成功] 已完成第 837 次背景資料寫入與狀態更新。
[2026-08-24 14:37:58] ✨ [循環成功] 已完成第 838 次背景資料寫入與狀態更新。
[2026-08-24 14:38:03] ✨ [循環成功] 已完成第 839 次背景資料寫入與狀態更新。
[2026-08-24 14:38:08] ✨ [循環成功] 已完成第 840 次背景資料寫入與狀態更新。
[2026-08-24 14:38:14] ✨ [循環成功] 已完成第 841 次背景資料寫入與狀態更新。
[2026-08-24 14:38:19] ✨ [循環成功] 已完成第 842 次背景資料寫入與狀態更新。
[2026-08-24 14:38:24] ✨ [循環成功] 已完成第 843 次背景資料寫入與狀態更新。
[2026-08-24 14:38:29] ✨ [循環成功] 已完成第 844 次背景資料寫入與狀態更新。
[2026-08-24 14:38:34] ✨ [循環成功] 已完成第 845 次背景資料寫入與狀態更新。
[2026-08-24 14:38:39] ✨ [循環成功] 已完成第 846 次背景資料寫入與狀態更新。
[2026-08-24 14:38:44] ✨ [循環成功] 已完成第 847 次背景資料寫入與狀態更新。
[2026-08-24 14:38:49] ✨ [循環成功] 已完成第 848 次背景資料寫入與狀態更新。
[2026-08-24 14:38:54] ✨ [循環成功] 已完成第 849 次背景資料寫入與狀態更新。
[2026-08-24 14:38:59] ✨ [循環成功] 已完成第 850 次背景資料寫入與狀態更新。
[2026-08-24 14:39:04] ✨ [循環成功] 已完成第 851 次背景資料寫入與狀態更新。
[2026-08-24 14:39:09] ✨ [循環成功] 已完成第 852 次背景資料寫入與狀態更新。
[2026-08-24 14:39:14] ✨ [循環成功] 已完成第 853 次背景資料寫入與狀態更新。
[2026-08-24 14:39:19] ✨ [循環成功] 已完成第 854 次背景資料寫入與狀態更新。
[2026-08-24 14:39:24] ✨ [循環成功] 已完成第 855 次背景資料寫入與狀態更新。
[2026-08-24 14:39:29] ✨ [循環成功] 已完成第 856 次背景資料寫入與狀態更新。
[2026-08-24 14:39:34] ✨ [循環成功] 已完成第 857 次背景資料寫入與狀態更新。
[2026-08-24 14:39:39] ✨ [循環成功] 已完成第 858 次背景資料寫入與狀態更新。
[2026-08-24 14:39:44] ✨ [循環成功] 已完成第 859 次背景資料寫入與狀態更新。
[2026-08-24 14:39:49] ✨ [循環成功] 已完成第 860 次背景資料寫入與狀態更新。
[2026-08-24 14:39:54] ✨ [循環成功] 已完成第 861 次背景資料寫入與狀態更新。
[2026-08-24 14:39:59] ✨ [循環成功] 已完成第 862 次背景資料寫入與狀態更新。
[2026-08-24 14:40:04] ✨ [循環成功] 已完成第 863 次背景資料寫入與狀態更新。
[2026-08-24 14:40:09] ✨ [循環成功] 已完成第 864 次背景資料寫入與狀態更新。
[2026-08-24 14:40:14] ✨ [循環成功] 已完成第 865 次背景資料寫入與狀態更新。
[2026-08-24 14:40:20] ✨ [循環成功] 已完成第 866 次背景資料寫入與狀態更新。
[2026-08-24 14:40:25] ✨ [循環成功] 已完成第 867 次背景資料寫入與狀態更新。
[2026-08-24 14:40:30] ✨ [循環成功] 已完成第 868 次背景資料寫入與狀態更新。
[2026-08-24 14:40:35] ✨ [循環成功] 已完成第 869 次背景資料寫入與狀態更新。
[2026-08-24 14:40:40] ✨ [循環成功] 已完成第 870 次背景資料寫入與狀態更新。
[2026-08-24 14:40:45] ✨ [循環成功] 已完成第 871 次背景資料寫入與狀態更新。
[2026-08-24 14:40:50] ✨ [循環成功] 已完成第 872 次背景資料寫入與狀態更新。
[2026-08-24 14:40:55] ✨ [循環成功] 已完成第 873 次背景資料寫入與狀態更新。
[2026-08-24 14:41:00] ✨ [循環成功] 已完成第 874 次背景資料寫入與狀態更新。
[2026-08-24 14:41:05] ✨ [循環成功] 已完成第 875 次背景資料寫入與狀態更新。
[2026-08-24 14:41:10] ✨ [循環成功] 已完成第 876 次背景資料寫入與狀態更新。
[2026-08-24 14:41:15] ✨ [循環成功] 已完成第 877 次背景資料寫入與狀態更新。
[2026-08-24 14:41:20] ✨ [循環成功] 已完成第 878 次背景資料寫入與狀態更新。
[2026-08-24 14:41:25] ✨ [循環成功] 已完成第 879 次背景資料寫入與狀態更新。
[2026-08-24 14:41:30] ✨ [循環成功] 已完成第 880 次背景資料寫入與狀態更新。
[2026-08-24 14:41:35] ✨ [循環成功] 已完成第 881 次背景資料寫入與狀態更新。
[2026-08-24 14:41:40] ✨ [循環成功] 已完成第 882 次背景資料寫入與狀態更新。
[2026-08-24 14:41:46] ✨ [循環成功] 已完成第 883 次背景資料寫入與狀態更新。
[2026-08-24 14:41:51] ✨ [循環成功] 已完成第 884 次背景資料寫入與狀態更新。
[2026-08-24 14:41:56] ✨ [循環成功] 已完成第 885 次背景資料寫入與狀態更新。
[2026-08-24 14:42:01] ✨ [循環成功] 已完成第 886 次背景資料寫入與狀態更新。
[2026-08-24 14:42:06] ✨ [循環成功] 已完成第 887 次背景資料寫入與狀態更新。
[2026-08-24 14:42:11] ✨ [循環成功] 已完成第 888 次背景資料寫入與狀態更新。
[2026-08-24 14:42:16] ✨ [循環成功] 已完成第 889 次背景資料寫入與狀態更新。
[2026-08-24 14:42:21] ✨ [循環成功] 已完成第 890 次背景資料寫入與狀態更新。
[2026-08-24 14:42:26] ✨ [循環成功] 已完成第 891 次背景資料寫入與狀態更新。
[2026-08-24 14:42:31] ✨ [循環成功] 已完成第 892 次背景資料寫入與狀態更新。
[2026-08-24 14:42:36] ✨ [循環成功] 已完成第 893 次背景資料寫入與狀態更新。
[2026-08-24 14:42:41] ✨ [循環成功] 已完成第 894 次背景資料寫入與狀態更新。
[2026-08-24 14:42:46] ✨ [循環成功] 已完成第 895 次背景資料寫入與狀態更新。
[2026-08-24 14:42:51] ✨ [循環成功] 已完成第 896 次背景資料寫入與狀態更新。
[2026-08-24 14:42:56] ✨ [循環成功] 已完成第 897 次背景資料寫入與狀態更新。
[2026-08-24 14:43:01] ✨ [循環成功] 已完成第 898 次背景資料寫入與狀態更新。
[2026-08-24 14:43:06] ✨ [循環成功] 已完成第 899 次背景資料寫入與狀態更新。
[2026-08-24 14:43:11] ✨ [循環成功] 已完成第 900 次背景資料寫入與狀態更新。
[2026-08-24 14:43:16] ✨ [循環成功] 已完成第 901 次背景資料寫入與狀態更新。
[2026-08-24 14:43:21] ✨ [循環成功] 已完成第 902 次背景資料寫入與狀態更新。
[2026-08-24 14:43:26] ✨ [循環成功] 已完成第 903 次背景資料寫入與狀態更新。
[2026-08-24 14:43:31] ✨ [循環成功] 已完成第 904 次背景資料寫入與狀態更新。
[2026-08-24 14:43:36] ✨ [循環成功] 已完成第 905 次背景資料寫入與狀態更新。
[2026-08-24 14:43:41] ✨ [循環成功] 已完成第 906 次背景資料寫入與狀態更新。
[2026-08-24 14:43:46] ✨ [循環成功] 已完成第 907 次背景資料寫入與狀態更新。
[2026-08-24 14:43:51] ✨ [循環成功] 已完成第 908 次背景資料寫入與狀態更新。
[2026-08-24 14:43:56] ✨ [循環成功] 已完成第 909 次背景資料寫入與狀態更新。
[2026-08-24 14:44:01] ✨ [循環成功] 已完成第 910 次背景資料寫入與狀態更新。
[2026-08-24 14:44:07] ✨ [循環成功] 已完成第 911 次背景資料寫入與狀態更新。
[2026-08-24 14:44:12] ✨ [循環成功] 已完成第 912 次背景資料寫入與狀態更新。
[2026-08-24 14:44:17] ✨ [循環成功] 已完成第 913 次背景資料寫入與狀態更新。
[2026-08-24 14:44:22] ✨ [循環成功] 已完成第 914 次背景資料寫入與狀態更新。
[2026-08-24 14:44:27] ✨ [循環成功] 已完成第 915 次背景資料寫入與狀態更新。
[2026-08-24 14:44:32] ✨ [循環成功] 已完成第 916 次背景資料寫入與狀態更新。
[2026-08-24 14:44:37] ✨ [循環成功] 已完成第 917 次背景資料寫入與狀態更新。
[2026-08-24 14:44:42] ✨ [循環成功] 已完成第 918 次背景資料寫入與狀態更新。
[2026-08-24 14:44:47] ✨ [循環成功] 已完成第 919 次背景資料寫入與狀態更新。
[2026-08-24 14:44:52] ✨ [循環成功] 已完成第 920 次背景資料寫入與狀態更新。
[2026-08-24 14:44:57] ✨ [循環成功] 已完成第 921 次背景資料寫入與狀態更新。
[2026-08-24 14:45:02] ✨ [循環成功] 已完成第 922 次背景資料寫入與狀態更新。
[2026-08-24 14:45:07] ✨ [循環成功] 已完成第 923 次背景資料寫入與狀態更新。
[2026-08-24 14:45:12] ✨ [循環成功] 已完成第 924 次背景資料寫入與狀態更新。
[2026-08-24 14:45:17] ✨ [循環成功] 已完成第 925 次背景資料寫入與狀態更新。
[2026-08-24 14:45:22] ✨ [循環成功] 已完成第 926 次背景資料寫入與狀態更新。
[2026-08-24 14:45:27] ✨ [循環成功] 已完成第 927 次背景資料寫入與狀態更新。
[2026-08-24 14:45:32] ✨ [循環成功] 已完成第 928 次背景資料寫入與狀態更新。
[2026-08-24 14:45:37] ✨ [循環成功] 已完成第 929 次背景資料寫入與狀態更新。
[2026-08-24 14:45:42] ✨ [循環成功] 已完成第 930 次背景資料寫入與狀態更新。
[2026-08-24 14:45:47] ✨ [循環成功] 已完成第 931 次背景資料寫入與狀態更新。
[2026-08-24 14:45:52] ✨ [循環成功] 已完成第 932 次背景資料寫入與狀態更新。
[2026-08-24 14:45:57] ✨ [循環成功] 已完成第 933 次背景資料寫入與狀態更新。
[2026-08-24 14:46:02] ✨ [循環成功] 已完成第 934 次背景資料寫入與狀態更新。
[2026-08-24 14:46:07] ✨ [循環成功] 已完成第 935 次背景資料寫入與狀態更新。
[2026-08-24 14:46:12] ✨ [循環成功] 已完成第 936 次背景資料寫入與狀態更新。
[2026-08-24 14:46:18] ✨ [循環成功] 已完成第 937 次背景資料寫入與狀態更新。
[2026-08-24 14:46:23] ✨ [循環成功] 已完成第 938 次背景資料寫入與狀態更新。
[2026-08-24 14:46:28] ✨ [循環成功] 已完成第 939 次背景資料寫入與狀態更新。
[2026-08-24 14:46:33] ✨ [循環成功] 已完成第 940 次背景資料寫入與狀態更新。
[2026-08-24 14:46:38] ✨ [循環成功] 已完成第 941 次背景資料寫入與狀態更新。
[2026-08-24 14:46:43] ✨ [循環成功] 已完成第 942 次背景資料寫入與狀態更新。
[2026-08-24 14:46:48] ✨ [循環成功] 已完成第 943 次背景資料寫入與狀態更新。
[2026-08-24 14:46:53] ✨ [循環成功] 已完成第 944 次背景資料寫入與狀態更新。
[2026-08-24 14:46:58] ✨ [循環成功] 已完成第 945 次背景資料寫入與狀態更新。
[2026-08-24 14:47:03] ✨ [循環成功] 已完成第 946 次背景資料寫入與狀態更新。
[2026-08-24 14:47:08] ✨ [循環成功] 已完成第 947 次背景資料寫入與狀態更新。
[2026-08-24 14:47:13] ✨ [循環成功] 已完成第 948 次背景資料寫入與狀態更新。
[2026-08-24 14:47:18] ✨ [循環成功] 已完成第 949 次背景資料寫入與狀態更新。
[2026-08-24 14:47:23] ✨ [循環成功] 已完成第 950 次背景資料寫入與狀態更新。
[2026-08-24 14:47:28] ✨ [循環成功] 已完成第 951 次背景資料寫入與狀態更新。
[2026-08-24 14:47:33] ✨ [循環成功] 已完成第 952 次背景資料寫入與狀態更新。
[2026-08-24 14:47:38] ✨ [循環成功] 已完成第 953 次背景資料寫入與狀態更新。
[2026-08-24 14:47:43] ✨ [循環成功] 已完成第 954 次背景資料寫入與狀態更新。
[2026-08-24 14:47:48] ✨ [循環成功] 已完成第 955 次背景資料寫入與狀態更新。
[2026-08-24 14:47:53] ✨ [循環成功] 已完成第 956 次背景資料寫入與狀態更新。
[2026-08-24 14:47:58] ✨ [循環成功] 已完成第 957 次背景資料寫入與狀態更新。
[2026-08-24 14:48:03] ✨ [循環成功] 已完成第 958 次背景資料寫入與狀態更新。
[2026-08-24 14:48:08] ✨ [循環成功] 已完成第 959 次背景資料寫入與狀態更新。
[2026-08-24 14:48:13] ✨ [循環成功] 已完成第 960 次背景資料寫入與狀態更新。
[2026-08-24 14:48:18] ✨ [循環成功] 已完成第 961 次背景資料寫入與狀態更新。
[2026-08-24 14:48:24] ✨ [循環成功] 已完成第 962 次背景資料寫入與狀態更新。
[2026-08-24 14:48:29] ✨ [循環成功] 已完成第 963 次背景資料寫入與狀態更新。
[2026-08-24 14:48:34] ✨ [循環成功] 已完成第 964 次背景資料寫入與狀態更新。
[2026-08-24 14:48:39] ✨ [循環成功] 已完成第 965 次背景資料寫入與狀態更新。
[2026-08-24 14:48:44] ✨ [循環成功] 已完成第 966 次背景資料寫入與狀態更新。
[2026-08-24 14:48:49] ✨ [循環成功] 已完成第 967 次背景資料寫入與狀態更新。
[2026-08-24 14:48:54] ✨ [循環成功] 已完成第 968 次背景資料寫入與狀態更新。
[2026-08-24 14:48:59] ✨ [循環成功] 已完成第 969 次背景資料寫入與狀態更新。
[2026-08-24 14:49:04] ✨ [循環成功] 已完成第 970 次背景資料寫入與狀態更新。
[2026-08-24 14:49:09] ✨ [循環成功] 已完成第 971 次背景資料寫入與狀態更新。
[2026-08-24 14:49:14] ✨ [循環成功] 已完成第 972 次背景資料寫入與狀態更新。
[2026-08-24 14:49:19] ✨ [循環成功] 已完成第 973 次背景資料寫入與狀態更新。
[2026-08-24 14:49:24] ✨ [循環成功] 已完成第 974 次背景資料寫入與狀態更新。
[2026-08-24 14:49:29] ✨ [循環成功] 已完成第 975 次背景資料寫入與狀態更新。
[2026-08-24 14:49:34] ✨ [循環成功] 已完成第 976 次背景資料寫入與狀態更新。
[2026-08-24 14:49:39] ✨ [循環成功] 已完成第 977 次背景資料寫入與狀態更新。
[2026-08-24 14:49:44] ✨ [循環成功] 已完成第 978 次背景資料寫入與狀態更新。
[2026-08-24 14:49:49] ✨ [循環成功] 已完成第 979 次背景資料寫入與狀態更新。
[2026-08-24 14:49:54] ✨ [循環成功] 已完成第 980 次背景資料寫入與狀態更新。
[2026-08-24 14:49:59] ✨ [循環成功] 已完成第 981 次背景資料寫入與狀態更新。
[2026-08-24 14:50:04] ✨ [循環成功] 已完成第 982 次背景資料寫入與狀態更新。
[2026-08-24 14:50:09] ✨ [循環成功] 已完成第 983 次背景資料寫入與狀態更新。
[2026-08-24 14:50:14] ✨ [循環成功] 已完成第 984 次背景資料寫入與狀態更新。
[2026-08-24 14:50:19] ✨ [循環成功] 已完成第 985 次背景資料寫入與狀態更新。
[2026-08-24 14:50:24] ✨ [循環成功] 已完成第 986 次背景資料寫入與狀態更新。
[2026-08-24 14:50:29] ✨ [循環成功] 已完成第 987 次背景資料寫入與狀態更新。
[2026-08-24 14:50:34] ✨ [循環成功] 已完成第 988 次背景資料寫入與狀態更新。
[2026-08-24 14:50:39] ✨ [循環成功] 已完成第 989 次背景資料寫入與狀態更新。
[2026-08-24 14:50:44] ✨ [循環成功] 已完成第 990 次背景資料寫入與狀態更新。
[2026-08-24 14:50:49] ✨ [循環成功] 已完成第 991 次背景資料寫入與狀態更新。
[2026-08-24 14:50:55] ✨ [循環成功] 已完成第 992 次背景資料寫入與狀態更新。
[2026-08-24 14:51:00] ✨ [循環成功] 已完成第 993 次背景資料寫入與狀態更新。
[2026-08-24 14:51:05] ✨ [循環成功] 已完成第 994 次背景資料寫入與狀態更新。
[2026-08-24 14:51:10] ✨ [循環成功] 已完成第 995 次背景資料寫入與狀態更新。
[2026-08-24 14:51:15] ✨ [循環成功] 已完成第 996 次背景資料寫入與狀態更新。
[2026-08-24 14:51:20] ✨ [循環成功] 已完成第 997 次背景資料寫入與狀態更新。
[2026-08-24 14:51:25] ✨ [循環成功] 已完成第 998 次背景資料寫入與狀態更新。
[2026-08-24 14:51:30] ✨ [循環成功] 已完成第 999 次背景資料寫入與狀態更新。
[2026-08-24 14:51:35] ✨ [循環成功] 已完成第 1000 次背景資料寫入與狀態更新。
[2026-08-24 14:51:40] ✨ [循環成功] 已完成第 1001 次背景資料寫入與狀態更新。
[2026-08-24 14:51:45] ✨ [循環成功] 已完成第 1002 次背景資料寫入與狀態更新。
[2026-08-24 14:51:50] ✨ [循環成功] 已完成第 1003 次背景資料寫入與狀態更新。
[2026-08-24 14:51:55] ✨ [循環成功] 已完成第 1004 次背景資料寫入與狀態更新。
[2026-08-24 14:52:00] ✨ [循環成功] 已完成第 1005 次背景資料寫入與狀態更新。
[2026-08-24 14:52:05] ✨ [循環成功] 已完成第 1006 次背景資料寫入與狀態更新。
[2026-08-24 14:52:10] ✨ [循環成功] 已完成第 1007 次背景資料寫入與狀態更新。
[2026-08-24 14:52:15] ✨ [循環成功] 已完成第 1008 次背景資料寫入與狀態更新。
[2026-08-24 14:52:20] ✨ [循環成功] 已完成第 1009 次背景資料寫入與狀態更新。
[2026-08-24 14:52:25] ✨ [循環成功] 已完成第 1010 次背景資料寫入與狀態更新。
[2026-08-24 14:52:30] ✨ [循環成功] 已完成第 1011 次背景資料寫入與狀態更新。
[2026-08-24 14:52:35] ✨ [循環成功] 已完成第 1012 次背景資料寫入與狀態更新。
[2026-08-24 14:52:40] ✨ [循環成功] 已完成第 1013 次背景資料寫入與狀態更新。
[2026-08-24 14:52:45] ✨ [循環成功] 已完成第 1014 次背景資料寫入與狀態更新。
[2026-08-24 14:52:50] ✨ [循環成功] 已完成第 1015 次背景資料寫入與狀態更新。
[2026-08-24 14:52:55] ✨ [循環成功] 已完成第 1016 次背景資料寫入與狀態更新。
[2026-08-24 14:53:00] ✨ [循環成功] 已完成第 1017 次背景資料寫入與狀態更新。
[2026-08-24 14:53:06] ✨ [循環成功] 已完成第 1018 次背景資料寫入與狀態更新。
[2026-08-24 14:53:11] ✨ [循環成功] 已完成第 1019 次背景資料寫入與狀態更新。
[2026-08-24 14:53:16] ✨ [循環成功] 已完成第 1020 次背景資料寫入與狀態更新。
[2026-08-24 14:53:21] ✨ [循環成功] 已完成第 1021 次背景資料寫入與狀態更新。
[2026-08-24 14:53:26] ✨ [循環成功] 已完成第 1022 次背景資料寫入與狀態更新。
[2026-08-24 14:53:31] ✨ [循環成功] 已完成第 1023 次背景資料寫入與狀態更新。
[2026-08-24 14:53:36] ✨ [循環成功] 已完成第 1024 次背景資料寫入與狀態更新。
[2026-08-24 14:53:41] ✨ [循環成功] 已完成第 1025 次背景資料寫入與狀態更新。
[2026-08-24 14:53:46] ✨ [循環成功] 已完成第 1026 次背景資料寫入與狀態更新。
[2026-08-24 14:53:51] ✨ [循環成功] 已完成第 1027 次背景資料寫入與狀態更新。
[2026-08-24 14:53:56] ✨ [循環成功] 已完成第 1028 次背景資料寫入與狀態更新。
[2026-08-24 14:54:01] ✨ [循環成功] 已完成第 1029 次背景資料寫入與狀態更新。
[2026-08-24 14:54:06] ✨ [循環成功] 已完成第 1030 次背景資料寫入與狀態更新。
[2026-08-24 14:54:11] ✨ [循環成功] 已完成第 1031 次背景資料寫入與狀態更新。
[2026-08-24 14:54:16] ✨ [循環成功] 已完成第 1032 次背景資料寫入與狀態更新。
[2026-08-24 14:54:21] ✨ [循環成功] 已完成第 1033 次背景資料寫入與狀態更新。
[2026-08-24 14:54:26] ✨ [循環成功] 已完成第 1034 次背景資料寫入與狀態更新。
[2026-08-24 14:54:31] ✨ [循環成功] 已完成第 1035 次背景資料寫入與狀態更新。
[2026-08-24 14:54:36] ✨ [循環成功] 已完成第 1036 次背景資料寫入與狀態更新。
[2026-08-24 14:54:41] ✨ [循環成功] 已完成第 1037 次背景資料寫入與狀態更新。
[2026-08-24 14:54:46] ✨ [循環成功] 已完成第 1038 次背景資料寫入與狀態更新。
[2026-08-24 14:54:51] ✨ [循環成功] 已完成第 1039 次背景資料寫入與狀態更新。
[2026-08-24 14:54:56] ✨ [循環成功] 已完成第 1040 次背景資料寫入與狀態更新。
[2026-08-24 14:55:01] ✨ [循環成功] 已完成第 1041 次背景資料寫入與狀態更新。
[2026-08-24 14:55:06] ✨ [循環成功] 已完成第 1042 次背景資料寫入與狀態更新。
[2026-08-24 14:55:11] ✨ [循環成功] 已完成第 1043 次背景資料寫入與狀態更新。
[2026-08-24 14:55:16] ✨ [循環成功] 已完成第 1044 次背景資料寫入與狀態更新。
[2026-08-24 14:55:21] ✨ [循環成功] 已完成第 1045 次背景資料寫入與狀態更新。
[2026-08-24 14:55:26] ✨ [循環成功] 已完成第 1046 次背景資料寫入與狀態更新。
[2026-08-24 14:55:32] ✨ [循環成功] 已完成第 1047 次背景資料寫入與狀態更新。
[2026-08-24 14:55:37] ✨ [循環成功] 已完成第 1048 次背景資料寫入與狀態更新。
[2026-08-24 14:55:42] ✨ [循環成功] 已完成第 1049 次背景資料寫入與狀態更新。
[2026-08-24 14:55:47] ✨ [循環成功] 已完成第 1050 次背景資料寫入與狀態更新。
[2026-08-24 14:55:52] ✨ [循環成功] 已完成第 1051 次背景資料寫入與狀態更新。
[2026-08-24 14:55:57] ✨ [循環成功] 已完成第 1052 次背景資料寫入與狀態更新。
[2026-08-24 14:56:02] ✨ [循環成功] 已完成第 1053 次背景資料寫入與狀態更新。
[2026-08-24 14:56:07] ✨ [循環成功] 已完成第 1054 次背景資料寫入與狀態更新。
[2026-08-24 14:56:12] ✨ [循環成功] 已完成第 1055 次背景資料寫入與狀態更新。
[2026-08-24 14:56:17] ✨ [循環成功] 已完成第 1056 次背景資料寫入與狀態更新。
[2026-08-24 14:56:22] ✨ [循環成功] 已完成第 1057 次背景資料寫入與狀態更新。
[2026-08-24 14:56:27] ✨ [循環成功] 已完成第 1058 次背景資料寫入與狀態更新。
[2026-08-24 14:56:32] ✨ [循環成功] 已完成第 1059 次背景資料寫入與狀態更新。
[2026-08-24 14:56:37] ✨ [循環成功] 已完成第 1060 次背景資料寫入與狀態更新。
[2026-08-24 14:56:42] ✨ [循環成功] 已完成第 1061 次背景資料寫入與狀態更新。
[2026-08-24 14:56:47] ✨ [循環成功] 已完成第 1062 次背景資料寫入與狀態更新。
[2026-08-24 14:56:52] ✨ [循環成功] 已完成第 1063 次背景資料寫入與狀態更新。
[2026-08-24 14:56:57] ✨ [循環成功] 已完成第 1064 次背景資料寫入與狀態更新。
[2026-08-24 14:57:02] ✨ [循環成功] 已完成第 1065 次背景資料寫入與狀態更新。
[2026-08-24 14:57:07] ✨ [循環成功] 已完成第 1066 次背景資料寫入與狀態更新。
[2026-08-24 14:57:12] ✨ [循環成功] 已完成第 1067 次背景資料寫入與狀態更新。
[2026-08-24 14:57:17] ✨ [循環成功] 已完成第 1068 次背景資料寫入與狀態更新。
[2026-08-24 14:57:22] ✨ [循環成功] 已完成第 1069 次背景資料寫入與狀態更新。
[2026-08-24 14:57:27] ✨ [循環成功] 已完成第 1070 次背景資料寫入與狀態更新。
[2026-08-24 14:57:32] ✨ [循環成功] 已完成第 1071 次背景資料寫入與狀態更新。
[2026-08-24 14:57:37] ✨ [循環成功] 已完成第 1072 次背景資料寫入與狀態更新。
[2026-08-24 14:57:43] ✨ [循環成功] 已完成第 1073 次背景資料寫入與狀態更新。
[2026-08-24 14:57:48] ✨ [循環成功] 已完成第 1074 次背景資料寫入與狀態更新。
[2026-08-24 14:57:53] ✨ [循環成功] 已完成第 1075 次背景資料寫入與狀態更新。
[2026-08-24 14:57:58] ✨ [循環成功] 已完成第 1076 次背景資料寫入與狀態更新。
[2026-08-24 14:58:03] ✨ [循環成功] 已完成第 1077 次背景資料寫入與狀態更新。
[2026-08-24 14:58:08] ✨ [循環成功] 已完成第 1078 次背景資料寫入與狀態更新。
[2026-08-24 14:58:13] ✨ [循環成功] 已完成第 1079 次背景資料寫入與狀態更新。
[2026-08-24 14:58:18] ✨ [循環成功] 已完成第 1080 次背景資料寫入與狀態更新。
[2026-08-24 14:58:23] ✨ [循環成功] 已完成第 1081 次背景資料寫入與狀態更新。
[2026-08-24 14:58:28] ✨ [循環成功] 已完成第 1082 次背景資料寫入與狀態更新。
[2026-08-24 14:58:33] ✨ [循環成功] 已完成第 1083 次背景資料寫入與狀態更新。
[2026-08-24 14:58:38] ✨ [循環成功] 已完成第 1084 次背景資料寫入與狀態更新。
[2026-08-24 14:58:43] ✨ [循環成功] 已完成第 1085 次背景資料寫入與狀態更新。
[2026-08-24 14:58:48] ✨ [循環成功] 已完成第 1086 次背景資料寫入與狀態更新。
[2026-08-24 14:58:53] ✨ [循環成功] 已完成第 1087 次背景資料寫入與狀態更新。
[2026-08-24 14:58:58] ✨ [循環成功] 已完成第 1088 次背景資料寫入與狀態更新。
[2026-08-24 14:59:03] ✨ [循環成功] 已完成第 1089 次背景資料寫入與狀態更新。
[2026-08-24 14:59:08] ✨ [循環成功] 已完成第 1090 次背景資料寫入與狀態更新。
[2026-08-24 14:59:13] ✨ [循環成功] 已完成第 1091 次背景資料寫入與狀態更新。
[2026-08-24 14:59:18] ✨ [循環成功] 已完成第 1092 次背景資料寫入與狀態更新。
[2026-08-24 14:59:23] ✨ [循環成功] 已完成第 1093 次背景資料寫入與狀態更新。
[2026-08-24 14:59:28] ✨ [循環成功] 已完成第 1094 次背景資料寫入與狀態更新。
[2026-08-24 14:59:33] ✨ [循環成功] 已完成第 1095 次背景資料寫入與狀態更新。
[2026-08-24 14:59:38] ✨ [循環成功] 已完成第 1096 次背景資料寫入與狀態更新。
[2026-08-24 14:59:43] ✨ [循環成功] 已完成第 1097 次背景資料寫入與狀態更新。
[2026-08-24 14:59:48] ✨ [循環成功] 已完成第 1098 次背景資料寫入與狀態更新。
[2026-08-24 14:59:54] ✨ [循環成功] 已完成第 1099 次背景資料寫入與狀態更新。
[2026-08-24 14:59:59] ✨ [循環成功] 已完成第 1100 次背景資料寫入與狀態更新。
[2026-08-24 15:00:04] ✨ [循環成功] 已完成第 1101 次背景資料寫入與狀態更新。
[2026-08-24 15:00:09] ✨ [循環成功] 已完成第 1102 次背景資料寫入與狀態更新。
[2026-08-24 15:00:14] ✨ [循環成功] 已完成第 1103 次背景資料寫入與狀態更新。
[2026-08-24 15:00:19] ✨ [循環成功] 已完成第 1104 次背景資料寫入與狀態更新。
[2026-08-24 15:00:24] ✨ [循環成功] 已完成第 1105 次背景資料寫入與狀態更新。
[2026-08-24 15:00:29] ✨ [循環成功] 已完成第 1106 次背景資料寫入與狀態更新。
[2026-08-24 15:00:34] ✨ [循環成功] 已完成第 1107 次背景資料寫入與狀態更新。
[2026-08-24 15:00:39] ✨ [循環成功] 已完成第 1108 次背景資料寫入與狀態更新。
[2026-08-24 15:00:44] ✨ [循環成功] 已完成第 1109 次背景資料寫入與狀態更新。
[2026-08-24 15:00:49] ✨ [循環成功] 已完成第 1110 次背景資料寫入與狀態更新。
[2026-08-24 15:00:54] ✨ [循環成功] 已完成第 1111 次背景資料寫入與狀態更新。
[2026-08-24 15:00:59] ✨ [循環成功] 已完成第 1112 次背景資料寫入與狀態更新。
[2026-08-24 15:01:04] ✨ [循環成功] 已完成第 1113 次背景資料寫入與狀態更新。
[2026-08-24 15:01:09] ✨ [循環成功] 已完成第 1114 次背景資料寫入與狀態更新。
[2026-08-24 15:01:14] ✨ [循環成功] 已完成第 1115 次背景資料寫入與狀態更新。
[2026-08-24 15:01:19] ✨ [循環成功] 已完成第 1116 次背景資料寫入與狀態更新。
[2026-08-24 15:01:24] ✨ [循環成功] 已完成第 1117 次背景資料寫入與狀態更新。
[2026-08-24 15:01:29] ✨ [循環成功] 已完成第 1118 次背景資料寫入與狀態更新。
[2026-08-24 15:01:34] ✨ [循環成功] 已完成第 1119 次背景資料寫入與狀態更新。
[2026-08-24 15:01:39] ✨ [循環成功] 已完成第 1120 次背景資料寫入與狀態更新。
[2026-08-24 15:01:44] ✨ [循環成功] 已完成第 1121 次背景資料寫入與狀態更新。
[2026-08-24 15:01:49] ✨ [循環成功] 已完成第 1122 次背景資料寫入與狀態更新。
[2026-08-24 15:01:54] ✨ [循環成功] 已完成第 1123 次背景資料寫入與狀態更新。
[2026-08-24 15:01:59] ✨ [循環成功] 已完成第 1124 次背景資料寫入與狀態更新。
[2026-08-24 15:02:04] ✨ [循環成功] 已完成第 1125 次背景資料寫入與狀態更新。
[2026-08-24 15:02:09] ✨ [循環成功] 已完成第 1126 次背景資料寫入與狀態更新。
[2026-08-24 15:02:14] ✨ [循環成功] 已完成第 1127 次背景資料寫入與狀態更新。
[2026-08-24 15:02:20] ✨ [循環成功] 已完成第 1128 次背景資料寫入與狀態更新。
[2026-08-24 15:02:25] ✨ [循環成功] 已完成第 1129 次背景資料寫入與狀態更新。
[2026-08-24 15:02:30] ✨ [循環成功] 已完成第 1130 次背景資料寫入與狀態更新。
[2026-08-24 15:02:35] ✨ [循環成功] 已完成第 1131 次背景資料寫入與狀態更新。
[2026-08-24 15:02:40] ✨ [循環成功] 已完成第 1132 次背景資料寫入與狀態更新。
[2026-08-24 15:02:45] ✨ [循環成功] 已完成第 1133 次背景資料寫入與狀態更新。
[2026-08-24 15:02:50] ✨ [循環成功] 已完成第 1134 次背景資料寫入與狀態更新。
[2026-08-24 15:02:55] ✨ [循環成功] 已完成第 1135 次背景資料寫入與狀態更新。
[2026-08-24 15:03:00] ✨ [循環成功] 已完成第 1136 次背景資料寫入與狀態更新。
[2026-08-24 15:03:05] ✨ [循環成功] 已完成第 1137 次背景資料寫入與狀態更新。
[2026-08-24 15:03:10] ✨ [循環成功] 已完成第 1138 次背景資料寫入與狀態更新。
[2026-08-24 15:03:15] ✨ [循環成功] 已完成第 1139 次背景資料寫入與狀態更新。
[2026-08-24 15:03:20] ✨ [循環成功] 已完成第 1140 次背景資料寫入與狀態更新。
[2026-08-24 15:03:25] ✨ [循環成功] 已完成第 1141 次背景資料寫入與狀態更新。
[2026-08-24 15:03:30] ✨ [循環成功] 已完成第 1142 次背景資料寫入與狀態更新。
[2026-08-24 15:03:35] ✨ [循環成功] 已完成第 1143 次背景資料寫入與狀態更新。
[2026-08-24 15:03:40] ✨ [循環成功] 已完成第 1144 次背景資料寫入與狀態更新。
[2026-08-24 15:03:45] ✨ [循環成功] 已完成第 1145 次背景資料寫入與狀態更新。
[2026-08-24 15:03:50] ✨ [循環成功] 已完成第 1146 次背景資料寫入與狀態更新。
[2026-08-24 15:03:55] ✨ [循環成功] 已完成第 1147 次背景資料寫入與狀態更新。
[2026-08-24 15:04:00] ✨ [循環成功] 已完成第 1148 次背景資料寫入與狀態更新。
[2026-08-24 15:04:05] ✨ [循環成功] 已完成第 1149 次背景資料寫入與狀態更新。
[2026-08-24 15:04:11] ✨ [循環成功] 已完成第 1150 次背景資料寫入與狀態更新。
[2026-08-24 15:04:16] ✨ [循環成功] 已完成第 1151 次背景資料寫入與狀態更新。
[2026-08-24 15:04:21] ✨ [循環成功] 已完成第 1152 次背景資料寫入與狀態更新。
[2026-08-24 15:04:26] ✨ [循環成功] 已完成第 1153 次背景資料寫入與狀態更新。
[2026-08-24 15:04:31] ✨ [循環成功] 已完成第 1154 次背景資料寫入與狀態更新。
[2026-08-24 15:04:36] ✨ [循環成功] 已完成第 1155 次背景資料寫入與狀態更新。
[2026-08-24 15:04:41] ✨ [循環成功] 已完成第 1156 次背景資料寫入與狀態更新。
[2026-08-24 15:04:46] ✨ [循環成功] 已完成第 1157 次背景資料寫入與狀態更新。
[2026-08-24 15:04:51] ✨ [循環成功] 已完成第 1158 次背景資料寫入與狀態更新。
[2026-08-24 15:04:56] ✨ [循環成功] 已完成第 1159 次背景資料寫入與狀態更新。
[2026-08-24 15:05:01] ✨ [循環成功] 已完成第 1160 次背景資料寫入與狀態更新。
[2026-08-24 15:05:06] ✨ [循環成功] 已完成第 1161 次背景資料寫入與狀態更新。
[2026-08-24 15:05:11] ✨ [循環成功] 已完成第 1162 次背景資料寫入與狀態更新。
[2026-08-24 15:05:16] ✨ [循環成功] 已完成第 1163 次背景資料寫入與狀態更新。
[2026-08-24 15:05:21] ✨ [循環成功] 已完成第 1164 次背景資料寫入與狀態更新。
[2026-08-24 15:05:26] ✨ [循環成功] 已完成第 1165 次背景資料寫入與狀態更新。
[2026-08-24 15:05:31] ✨ [循環成功] 已完成第 1166 次背景資料寫入與狀態更新。
[2026-08-24 15:05:36] ✨ [循環成功] 已完成第 1167 次背景資料寫入與狀態更新。
[2026-08-24 15:05:41] ✨ [循環成功] 已完成第 1168 次背景資料寫入與狀態更新。
[2026-08-24 15:05:46] ✨ [循環成功] 已完成第 1169 次背景資料寫入與狀態更新。
[2026-08-24 15:05:51] ✨ [循環成功] 已完成第 1170 次背景資料寫入與狀態更新。
[2026-08-24 15:05:56] ✨ [循環成功] 已完成第 1171 次背景資料寫入與狀態更新。
[2026-08-24 15:06:01] ✨ [循環成功] 已完成第 1172 次背景資料寫入與狀態更新。
[2026-08-24 15:06:06] ✨ [循環成功] 已完成第 1173 次背景資料寫入與狀態更新。
[2026-08-24 15:06:11] ✨ [循環成功] 已完成第 1174 次背景資料寫入與狀態更新。
[2026-08-24 15:06:16] ✨ [循環成功] 已完成第 1175 次背景資料寫入與狀態更新。
[2026-08-24 15:06:21] ✨ [循環成功] 已完成第 1176 次背景資料寫入與狀態更新。
[2026-08-24 15:06:27] ✨ [循環成功] 已完成第 1177 次背景資料寫入與狀態更新。
[2026-08-24 15:06:32] ✨ [循環成功] 已完成第 1178 次背景資料寫入與狀態更新。
[2026-08-24 15:06:37] ✨ [循環成功] 已完成第 1179 次背景資料寫入與狀態更新。
[2026-08-24 15:06:42] ✨ [循環成功] 已完成第 1180 次背景資料寫入與狀態更新。
[2026-08-24 15:06:47] ✨ [循環成功] 已完成第 1181 次背景資料寫入與狀態更新。
[2026-08-24 15:06:52] ✨ [循環成功] 已完成第 1182 次背景資料寫入與狀態更新。
[2026-08-24 15:06:57] ✨ [循環成功] 已完成第 1183 次背景資料寫入與狀態更新。
[2026-08-24 15:07:02] ✨ [循環成功] 已完成第 1184 次背景資料寫入與狀態更新。
[2026-08-24 15:07:07] ✨ [循環成功] 已完成第 1185 次背景資料寫入與狀態更新。
[2026-08-24 15:07:12] ✨ [循環成功] 已完成第 1186 次背景資料寫入與狀態更新。
[2026-08-24 15:07:17] ✨ [循環成功] 已完成第 1187 次背景資料寫入與狀態更新。
[2026-08-24 15:07:22] ✨ [循環成功] 已完成第 1188 次背景資料寫入與狀態更新。
[2026-08-24 15:07:27] ✨ [循環成功] 已完成第 1189 次背景資料寫入與狀態更新。
[2026-08-24 15:07:32] ✨ [循環成功] 已完成第 1190 次背景資料寫入與狀態更新。
[2026-08-24 15:07:37] ✨ [循環成功] 已完成第 1191 次背景資料寫入與狀態更新。
[2026-08-24 15:07:42] ✨ [循環成功] 已完成第 1192 次背景資料寫入與狀態更新。
[2026-08-24 15:07:47] ✨ [循環成功] 已完成第 1193 次背景資料寫入與狀態更新。
[2026-08-24 15:07:52] ✨ [循環成功] 已完成第 1194 次背景資料寫入與狀態更新。
[2026-08-24 15:07:57] ✨ [循環成功] 已完成第 1195 次背景資料寫入與狀態更新。
[2026-08-24 15:08:02] ✨ [循環成功] 已完成第 1196 次背景資料寫入與狀態更新。
[2026-08-24 15:08:07] ✨ [循環成功] 已完成第 1197 次背景資料寫入與狀態更新。
[2026-08-24 15:08:12] ✨ [循環成功] 已完成第 1198 次背景資料寫入與狀態更新。
[2026-08-24 15:08:17] ✨ [循環成功] 已完成第 1199 次背景資料寫入與狀態更新。
[2026-08-24 15:08:22] ✨ [循環成功] 已完成第 1200 次背景資料寫入與狀態更新。
[2026-08-24 15:08:27] ✨ [循環成功] 已完成第 1201 次背景資料寫入與狀態更新。
[2026-08-24 15:08:32] ✨ [循環成功] 已完成第 1202 次背景資料寫入與狀態更新。
[2026-08-24 15:08:38] ✨ [循環成功] 已完成第 1203 次背景資料寫入與狀態更新。
[2026-08-24 15:08:43] ✨ [循環成功] 已完成第 1204 次背景資料寫入與狀態更新。
[2026-08-24 15:08:48] ✨ [循環成功] 已完成第 1205 次背景資料寫入與狀態更新。
[2026-08-24 15:08:53] ✨ [循環成功] 已完成第 1206 次背景資料寫入與狀態更新。
[2026-08-24 15:08:58] ✨ [循環成功] 已完成第 1207 次背景資料寫入與狀態更新。
[2026-08-24 15:09:03] ✨ [循環成功] 已完成第 1208 次背景資料寫入與狀態更新。
[2026-08-24 15:09:08] ✨ [循環成功] 已完成第 1209 次背景資料寫入與狀態更新。
[2026-08-24 15:09:13] ✨ [循環成功] 已完成第 1210 次背景資料寫入與狀態更新。
[2026-08-24 15:09:18] ✨ [循環成功] 已完成第 1211 次背景資料寫入與狀態更新。
[2026-08-24 15:09:23] ✨ [循環成功] 已完成第 1212 次背景資料寫入與狀態更新。
[2026-08-24 15:09:28] ✨ [循環成功] 已完成第 1213 次背景資料寫入與狀態更新。
[2026-08-24 15:09:33] ✨ [循環成功] 已完成第 1214 次背景資料寫入與狀態更新。
[2026-08-24 15:09:38] ✨ [循環成功] 已完成第 1215 次背景資料寫入與狀態更新。
[2026-08-24 15:09:43] ✨ [循環成功] 已完成第 1216 次背景資料寫入與狀態更新。
[2026-08-24 15:09:48] ✨ [循環成功] 已完成第 1217 次背景資料寫入與狀態更新。
[2026-08-24 15:09:53] ✨ [循環成功] 已完成第 1218 次背景資料寫入與狀態更新。
[2026-08-24 15:09:58] ✨ [循環成功] 已完成第 1219 次背景資料寫入與狀態更新。
[2026-08-24 15:10:03] ✨ [循環成功] 已完成第 1220 次背景資料寫入與狀態更新。
[2026-08-24 15:10:08] ✨ [循環成功] 已完成第 1221 次背景資料寫入與狀態更新。
[2026-08-24 15:10:13] ✨ [循環成功] 已完成第 1222 次背景資料寫入與狀態更新。
[2026-08-24 15:10:18] ✨ [循環成功] 已完成第 1223 次背景資料寫入與狀態更新。
[2026-08-24 15:10:23] ✨ [循環成功] 已完成第 1224 次背景資料寫入與狀態更新。
[2026-08-24 15:10:28] ✨ [循環成功] 已完成第 1225 次背景資料寫入與狀態更新。
[2026-08-24 15:10:33] ✨ [循環成功] 已完成第 1226 次背景資料寫入與狀態更新。
[2026-08-24 15:10:39] ✨ [循環成功] 已完成第 1227 次背景資料寫入與狀態更新。
[2026-08-24 15:10:44] ✨ [循環成功] 已完成第 1228 次背景資料寫入與狀態更新。
[2026-08-24 15:10:49] ✨ [循環成功] 已完成第 1229 次背景資料寫入與狀態更新。
[2026-08-24 15:10:54] ✨ [循環成功] 已完成第 1230 次背景資料寫入與狀態更新。
[2026-08-24 15:10:59] ✨ [循環成功] 已完成第 1231 次背景資料寫入與狀態更新。
[2026-08-24 15:11:04] ✨ [循環成功] 已完成第 1232 次背景資料寫入與狀態更新。
[2026-08-24 15:11:09] ✨ [循環成功] 已完成第 1233 次背景資料寫入與狀態更新。
[2026-08-24 15:11:14] ✨ [循環成功] 已完成第 1234 次背景資料寫入與狀態更新。
[2026-08-24 15:11:19] ✨ [循環成功] 已完成第 1235 次背景資料寫入與狀態更新。
[2026-08-24 15:11:24] ✨ [循環成功] 已完成第 1236 次背景資料寫入與狀態更新。
[2026-08-24 15:11:29] ✨ [循環成功] 已完成第 1237 次背景資料寫入與狀態更新。
[2026-08-24 15:11:34] ✨ [循環成功] 已完成第 1238 次背景資料寫入與狀態更新。
[2026-08-24 15:11:39] ✨ [循環成功] 已完成第 1239 次背景資料寫入與狀態更新。
[2026-08-24 15:11:44] ✨ [循環成功] 已完成第 1240 次背景資料寫入與狀態更新。
[2026-08-24 15:11:49] ✨ [循環成功] 已完成第 1241 次背景資料寫入與狀態更新。
[2026-08-24 15:11:54] ✨ [循環成功] 已完成第 1242 次背景資料寫入與狀態更新。
[2026-08-24 15:11:59] ✨ [循環成功] 已完成第 1243 次背景資料寫入與狀態更新。
[2026-08-24 15:12:04] ✨ [循環成功] 已完成第 1244 次背景資料寫入與狀態更新。
[2026-08-24 15:12:09] ✨ [循環成功] 已完成第 1245 次背景資料寫入與狀態更新。
[2026-08-24 15:12:14] ✨ [循環成功] 已完成第 1246 次背景資料寫入與狀態更新。
[2026-08-24 15:12:19] ✨ [循環成功] 已完成第 1247 次背景資料寫入與狀態更新。
[2026-08-24 15:12:24] ✨ [循環成功] 已完成第 1248 次背景資料寫入與狀態更新。
[2026-08-24 15:12:29] ✨ [循環成功] 已完成第 1249 次背景資料寫入與狀態更新。
[2026-08-24 15:12:34] ✨ [循環成功] 已完成第 1250 次背景資料寫入與狀態更新。
[2026-08-24 15:12:39] ✨ [循環成功] 已完成第 1251 次背景資料寫入與狀態更新。
[2026-08-24 15:12:44] ✨ [循環成功] 已完成第 1252 次背景資料寫入與狀態更新。
[2026-08-24 15:12:50] ✨ [循環成功] 已完成第 1253 次背景資料寫入與狀態更新。
[2026-08-24 15:12:55] ✨ [循環成功] 已完成第 1254 次背景資料寫入與狀態更新。
[2026-08-24 15:13:00] ✨ [循環成功] 已完成第 1255 次背景資料寫入與狀態更新。
[2026-08-24 15:13:05] ✨ [循環成功] 已完成第 1256 次背景資料寫入與狀態更新。
[2026-08-24 15:13:10] ✨ [循環成功] 已完成第 1257 次背景資料寫入與狀態更新。
[2026-08-24 15:13:15] ✨ [循環成功] 已完成第 1258 次背景資料寫入與狀態更新。
[2026-08-24 15:13:20] ✨ [循環成功] 已完成第 1259 次背景資料寫入與狀態更新。
[2026-08-24 15:13:25] ✨ [循環成功] 已完成第 1260 次背景資料寫入與狀態更新。
[2026-08-24 15:13:30] ✨ [循環成功] 已完成第 1261 次背景資料寫入與狀態更新。
[2026-08-24 15:13:35] ✨ [循環成功] 已完成第 1262 次背景資料寫入與狀態更新。
[2026-08-24 15:13:40] ✨ [循環成功] 已完成第 1263 次背景資料寫入與狀態更新。
[2026-08-24 15:13:45] ✨ [循環成功] 已完成第 1264 次背景資料寫入與狀態更新。
[2026-08-24 15:13:50] ✨ [循環成功] 已完成第 1265 次背景資料寫入與狀態更新。
[2026-08-24 15:13:55] ✨ [循環成功] 已完成第 1266 次背景資料寫入與狀態更新。
[2026-08-24 15:14:00] ✨ [循環成功] 已完成第 1267 次背景資料寫入與狀態更新。
[2026-08-24 15:14:05] ✨ [循環成功] 已完成第 1268 次背景資料寫入與狀態更新。
[2026-08-24 15:14:10] ✨ [循環成功] 已完成第 1269 次背景資料寫入與狀態更新。
[2026-08-24 15:14:15] ✨ [循環成功] 已完成第 1270 次背景資料寫入與狀態更新。
[2026-08-24 15:14:20] ✨ [循環成功] 已完成第 1271 次背景資料寫入與狀態更新。
[2026-08-24 15:14:25] ✨ [循環成功] 已完成第 1272 次背景資料寫入與狀態更新。
[2026-08-24 15:14:30] ✨ [循環成功] 已完成第 1273 次背景資料寫入與狀態更新。
[2026-08-24 15:14:35] ✨ [循環成功] 已完成第 1274 次背景資料寫入與狀態更新。
[2026-08-24 15:14:40] ✨ [循環成功] 已完成第 1275 次背景資料寫入與狀態更新。
[2026-08-24 15:14:45] ✨ [循環成功] 已完成第 1276 次背景資料寫入與狀態更新。
[2026-08-24 15:14:50] ✨ [循環成功] 已完成第 1277 次背景資料寫入與狀態更新。
[2026-08-24 15:14:55] ✨ [循環成功] 已完成第 1278 次背景資料寫入與狀態更新。
[2026-08-24 15:15:01] ✨ [循環成功] 已完成第 1279 次背景資料寫入與狀態更新。
[2026-08-24 15:15:06] ✨ [循環成功] 已完成第 1280 次背景資料寫入與狀態更新。
[2026-08-24 15:15:11] ✨ [循環成功] 已完成第 1281 次背景資料寫入與狀態更新。
[2026-08-24 15:15:16] ✨ [循環成功] 已完成第 1282 次背景資料寫入與狀態更新。
[2026-08-24 15:15:21] ✨ [循環成功] 已完成第 1283 次背景資料寫入與狀態更新。
[2026-08-24 15:15:26] ✨ [循環成功] 已完成第 1284 次背景資料寫入與狀態更新。
[2026-08-24 15:15:31] ✨ [循環成功] 已完成第 1285 次背景資料寫入與狀態更新。
[2026-08-24 15:15:36] ✨ [循環成功] 已完成第 1286 次背景資料寫入與狀態更新。
[2026-08-24 15:15:41] ✨ [循環成功] 已完成第 1287 次背景資料寫入與狀態更新。
[2026-08-24 15:15:46] ✨ [循環成功] 已完成第 1288 次背景資料寫入與狀態更新。
[2026-08-24 15:15:51] ✨ [循環成功] 已完成第 1289 次背景資料寫入與狀態更新。
[2026-08-24 15:15:56] ✨ [循環成功] 已完成第 1290 次背景資料寫入與狀態更新。
[2026-08-24 15:16:01] ✨ [循環成功] 已完成第 1291 次背景資料寫入與狀態更新。
[2026-08-24 15:16:06] ✨ [循環成功] 已完成第 1292 次背景資料寫入與狀態更新。
[2026-08-24 15:16:11] ✨ [循環成功] 已完成第 1293 次背景資料寫入與狀態更新。
[2026-08-24 15:16:16] ✨ [循環成功] 已完成第 1294 次背景資料寫入與狀態更新。
[2026-08-24 15:16:21] ✨ [循環成功] 已完成第 1295 次背景資料寫入與狀態更新。
[2026-08-24 15:16:26] ✨ [循環成功] 已完成第 1296 次背景資料寫入與狀態更新。
[2026-08-24 15:16:31] ✨ [循環成功] 已完成第 1297 次背景資料寫入與狀態更新。
[2026-08-24 15:16:36] ✨ [循環成功] 已完成第 1298 次背景資料寫入與狀態更新。
[2026-08-24 15:16:41] ✨ [循環成功] 已完成第 1299 次背景資料寫入與狀態更新。
[2026-08-24 15:16:46] ✨ [循環成功] 已完成第 1300 次背景資料寫入與狀態更新。
[2026-08-24 15:16:51] ✨ [循環成功] 已完成第 1301 次背景資料寫入與狀態更新。
[2026-08-24 15:16:56] ✨ [循環成功] 已完成第 1302 次背景資料寫入與狀態更新。
[2026-08-24 15:17:01] ✨ [循環成功] 已完成第 1303 次背景資料寫入與狀態更新。
[2026-08-24 15:17:06] ✨ [循環成功] 已完成第 1304 次背景資料寫入與狀態更新。
[2026-08-24 15:17:11] ✨ [循環成功] 已完成第 1305 次背景資料寫入與狀態更新。
[2026-08-24 15:17:16] ✨ [循環成功] 已完成第 1306 次背景資料寫入與狀態更新。
[2026-08-24 15:17:21] ✨ [循環成功] 已完成第 1307 次背景資料寫入與狀態更新。
[2026-08-24 15:17:27] ✨ [循環成功] 已完成第 1308 次背景資料寫入與狀態更新。
[2026-08-24 15:17:32] ✨ [循環成功] 已完成第 1309 次背景資料寫入與狀態更新。
[2026-08-24 15:17:37] ✨ [循環成功] 已完成第 1310 次背景資料寫入與狀態更新。
[2026-08-24 15:17:42] ✨ [循環成功] 已完成第 1311 次背景資料寫入與狀態更新。
[2026-08-24 15:17:47] ✨ [循環成功] 已完成第 1312 次背景資料寫入與狀態更新。
[2026-08-24 15:17:52] ✨ [循環成功] 已完成第 1313 次背景資料寫入與狀態更新。
[2026-08-24 15:17:57] ✨ [循環成功] 已完成第 1314 次背景資料寫入與狀態更新。
[2026-08-24 15:18:02] ✨ [循環成功] 已完成第 1315 次背景資料寫入與狀態更新。
[2026-08-24 15:18:07] ✨ [循環成功] 已完成第 1316 次背景資料寫入與狀態更新。
[2026-08-24 15:18:12] ✨ [循環成功] 已完成第 1317 次背景資料寫入與狀態更新。
[2026-08-24 15:18:17] ✨ [循環成功] 已完成第 1318 次背景資料寫入與狀態更新。
[2026-08-24 15:18:22] ✨ [循環成功] 已完成第 1319 次背景資料寫入與狀態更新。
[2026-08-24 15:18:27] ✨ [循環成功] 已完成第 1320 次背景資料寫入與狀態更新。
[2026-08-24 15:18:32] ✨ [循環成功] 已完成第 1321 次背景資料寫入與狀態更新。
[2026-08-24 15:18:37] ✨ [循環成功] 已完成第 1322 次背景資料寫入與狀態更新。
[2026-08-24 15:18:42] ✨ [循環成功] 已完成第 1323 次背景資料寫入與狀態更新。
[2026-08-24 15:18:47] ✨ [循環成功] 已完成第 1324 次背景資料寫入與狀態更新。
[2026-08-24 15:18:52] ✨ [循環成功] 已完成第 1325 次背景資料寫入與狀態更新。
[2026-08-24 15:18:57] ✨ [循環成功] 已完成第 1326 次背景資料寫入與狀態更新。
[2026-08-24 15:19:02] ✨ [循環成功] 已完成第 1327 次背景資料寫入與狀態更新。
[2026-08-24 15:19:07] ✨ [循環成功] 已完成第 1328 次背景資料寫入與狀態更新。
[2026-08-24 15:19:12] ✨ [循環成功] 已完成第 1329 次背景資料寫入與狀態更新。
[2026-08-24 15:19:17] ✨ [循環成功] 已完成第 1330 次背景資料寫入與狀態更新。
[2026-08-24 15:19:22] ✨ [循環成功] 已完成第 1331 次背景資料寫入與狀態更新。
[2026-08-24 15:19:27] ✨ [循環成功] 已完成第 1332 次背景資料寫入與狀態更新。
[2026-08-24 15:19:32] ✨ [循環成功] 已完成第 1333 次背景資料寫入與狀態更新。
[2026-08-24 15:19:38] ✨ [循環成功] 已完成第 1334 次背景資料寫入與狀態更新。
[2026-08-24 15:19:43] ✨ [循環成功] 已完成第 1335 次背景資料寫入與狀態更新。
[2026-08-24 15:19:48] ✨ [循環成功] 已完成第 1336 次背景資料寫入與狀態更新。
[2026-08-24 15:19:53] ✨ [循環成功] 已完成第 1337 次背景資料寫入與狀態更新。
[2026-08-24 15:19:58] ✨ [循環成功] 已完成第 1338 次背景資料寫入與狀態更新。
[2026-08-24 15:20:03] ✨ [循環成功] 已完成第 1339 次背景資料寫入與狀態更新。
[2026-08-24 15:20:08] ✨ [循環成功] 已完成第 1340 次背景資料寫入與狀態更新。
[2026-08-24 15:20:13] ✨ [循環成功] 已完成第 1341 次背景資料寫入與狀態更新。
[2026-08-24 15:20:18] ✨ [循環成功] 已完成第 1342 次背景資料寫入與狀態更新。
[2026-08-24 15:20:23] ✨ [循環成功] 已完成第 1343 次背景資料寫入與狀態更新。
[2026-08-24 15:20:28] ✨ [循環成功] 已完成第 1344 次背景資料寫入與狀態更新。
[2026-08-24 15:20:33] ✨ [循環成功] 已完成第 1345 次背景資料寫入與狀態更新。
[2026-08-24 15:20:38] ✨ [循環成功] 已完成第 1346 次背景資料寫入與狀態更新。
[2026-08-24 15:20:43] ✨ [循環成功] 已完成第 1347 次背景資料寫入與狀態更新。
[2026-08-24 15:20:48] ✨ [循環成功] 已完成第 1348 次背景資料寫入與狀態更新。
[2026-08-24 15:20:53] ✨ [循環成功] 已完成第 1349 次背景資料寫入與狀態更新。
[2026-08-24 15:20:58] ✨ [循環成功] 已完成第 1350 次背景資料寫入與狀態更新。
[2026-08-24 15:21:03] ✨ [循環成功] 已完成第 1351 次背景資料寫入與狀態更新。
[2026-08-24 15:21:08] ✨ [循環成功] 已完成第 1352 次背景資料寫入與狀態更新。
[2026-08-24 15:21:13] ✨ [循環成功] 已完成第 1353 次背景資料寫入與狀態更新。
[2026-08-24 15:21:18] ✨ [循環成功] 已完成第 1354 次背景資料寫入與狀態更新。
[2026-08-24 15:21:23] ✨ [循環成功] 已完成第 1355 次背景資料寫入與狀態更新。
[2026-08-24 15:21:28] ✨ [循環成功] 已完成第 1356 次背景資料寫入與狀態更新。
[2026-08-24 15:21:34] ✨ [循環成功] 已完成第 1357 次背景資料寫入與狀態更新。
[2026-08-24 15:21:39] ✨ [循環成功] 已完成第 1358 次背景資料寫入與狀態更新。
[2026-08-24 15:21:44] ✨ [循環成功] 已完成第 1359 次背景資料寫入與狀態更新。
[2026-08-24 15:21:49] ✨ [循環成功] 已完成第 1360 次背景資料寫入與狀態更新。
[2026-08-24 15:21:54] ✨ [循環成功] 已完成第 1361 次背景資料寫入與狀態更新。
[2026-08-24 15:21:59] ✨ [循環成功] 已完成第 1362 次背景資料寫入與狀態更新。
[2026-08-24 15:22:04] ✨ [循環成功] 已完成第 1363 次背景資料寫入與狀態更新。
[2026-08-24 15:22:09] ✨ [循環成功] 已完成第 1364 次背景資料寫入與狀態更新。
[2026-08-24 15:22:14] ✨ [循環成功] 已完成第 1365 次背景資料寫入與狀態更新。
[2026-08-24 15:22:19] ✨ [循環成功] 已完成第 1366 次背景資料寫入與狀態更新。
[2026-08-24 15:22:24] ✨ [循環成功] 已完成第 1367 次背景資料寫入與狀態更新。
[2026-08-24 15:22:29] ✨ [循環成功] 已完成第 1368 次背景資料寫入與狀態更新。
[2026-08-24 15:22:34] ✨ [循環成功] 已完成第 1369 次背景資料寫入與狀態更新。
[2026-08-24 15:22:39] ✨ [循環成功] 已完成第 1370 次背景資料寫入與狀態更新。
[2026-08-24 15:22:44] ✨ [循環成功] 已完成第 1371 次背景資料寫入與狀態更新。
[2026-08-24 15:22:49] ✨ [循環成功] 已完成第 1372 次背景資料寫入與狀態更新。
[2026-08-24 15:22:54] ✨ [循環成功] 已完成第 1373 次背景資料寫入與狀態更新。
[2026-08-24 15:22:59] ✨ [循環成功] 已完成第 1374 次背景資料寫入與狀態更新。
[2026-08-24 15:23:04] ✨ [循環成功] 已完成第 1375 次背景資料寫入與狀態更新。
[2026-08-24 15:23:09] ✨ [循環成功] 已完成第 1376 次背景資料寫入與狀態更新。
[2026-08-24 15:23:14] ✨ [循環成功] 已完成第 1377 次背景資料寫入與狀態更新。
[2026-08-24 15:23:19] ✨ [循環成功] 已完成第 1378 次背景資料寫入與狀態更新。
[2026-08-24 15:23:24] ✨ [循環成功] 已完成第 1379 次背景資料寫入與狀態更新。
[2026-08-24 15:23:29] ✨ [循環成功] 已完成第 1380 次背景資料寫入與狀態更新。
[2026-08-24 15:23:34] ✨ [循環成功] 已完成第 1381 次背景資料寫入與狀態更新。
[2026-08-24 15:23:39] ✨ [循環成功] 已完成第 1382 次背景資料寫入與狀態更新。
[2026-08-24 15:23:45] ✨ [循環成功] 已完成第 1383 次背景資料寫入與狀態更新。
[2026-08-24 15:23:50] ✨ [循環成功] 已完成第 1384 次背景資料寫入與狀態更新。
[2026-08-24 15:23:55] ✨ [循環成功] 已完成第 1385 次背景資料寫入與狀態更新。
[2026-08-24 15:24:00] ✨ [循環成功] 已完成第 1386 次背景資料寫入與狀態更新。
[2026-08-24 15:24:05] ✨ [循環成功] 已完成第 1387 次背景資料寫入與狀態更新。
[2026-08-24 15:24:10] ✨ [循環成功] 已完成第 1388 次背景資料寫入與狀態更新。
[2026-08-24 15:24:15] ✨ [循環成功] 已完成第 1389 次背景資料寫入與狀態更新。
[2026-08-24 15:24:20] ✨ [循環成功] 已完成第 1390 次背景資料寫入與狀態更新。
[2026-08-24 15:24:25] ✨ [循環成功] 已完成第 1391 次背景資料寫入與狀態更新。
[2026-08-24 15:24:30] ✨ [循環成功] 已完成第 1392 次背景資料寫入與狀態更新。
[2026-08-24 15:24:35] ✨ [循環成功] 已完成第 1393 次背景資料寫入與狀態更新。
[2026-08-24 15:24:40] ✨ [循環成功] 已完成第 1394 次背景資料寫入與狀態更新。
[2026-08-24 15:24:45] ✨ [循環成功] 已完成第 1395 次背景資料寫入與狀態更新。
[2026-08-24 15:24:50] ✨ [循環成功] 已完成第 1396 次背景資料寫入與狀態更新。
[2026-08-24 15:24:55] ✨ [循環成功] 已完成第 1397 次背景資料寫入與狀態更新。
[2026-08-24 15:25:00] ✨ [循環成功] 已完成第 1398 次背景資料寫入與狀態更新。
[2026-08-24 15:25:05] ✨ [循環成功] 已完成第 1399 次背景資料寫入與狀態更新。
[2026-08-24 15:25:10] ✨ [循環成功] 已完成第 1400 次背景資料寫入與狀態更新。
[2026-08-24 15:25:15] ✨ [循環成功] 已完成第 1401 次背景資料寫入與狀態更新。
[2026-08-24 15:25:20] ✨ [循環成功] 已完成第 1402 次背景資料寫入與狀態更新。
[2026-08-24 15:25:25] ✨ [循環成功] 已完成第 1403 次背景資料寫入與狀態更新。
[2026-08-24 15:25:30] ✨ [循環成功] 已完成第 1404 次背景資料寫入與狀態更新。
[2026-08-24 15:25:35] ✨ [循環成功] 已完成第 1405 次背景資料寫入與狀態更新。
[2026-08-24 15:25:40] ✨ [循環成功] 已完成第 1406 次背景資料寫入與狀態更新。
[2026-08-24 15:25:45] ✨ [循環成功] 已完成第 1407 次背景資料寫入與狀態更新。
[2026-08-24 15:25:50] ✨ [循環成功] 已完成第 1408 次背景資料寫入與狀態更新。
[2026-08-24 15:25:55] ✨ [循環成功] 已完成第 1409 次背景資料寫入與狀態更新。
[2026-08-24 15:26:00] ✨ [循環成功] 已完成第 1410 次背景資料寫入與狀態更新。
[2026-08-24 15:26:06] ✨ [循環成功] 已完成第 1411 次背景資料寫入與狀態更新。
[2026-08-24 15:26:11] ✨ [循環成功] 已完成第 1412 次背景資料寫入與狀態更新。
[2026-08-24 15:26:16] ✨ [循環成功] 已完成第 1413 次背景資料寫入與狀態更新。
[2026-08-24 15:26:21] ✨ [循環成功] 已完成第 1414 次背景資料寫入與狀態更新。
[2026-08-24 15:26:26] ✨ [循環成功] 已完成第 1415 次背景資料寫入與狀態更新。
[2026-08-24 15:26:31] ✨ [循環成功] 已完成第 1416 次背景資料寫入與狀態更新。
[2026-08-24 15:26:36] ✨ [循環成功] 已完成第 1417 次背景資料寫入與狀態更新。
[2026-08-24 15:26:41] ✨ [循環成功] 已完成第 1418 次背景資料寫入與狀態更新。
[2026-08-24 15:26:46] ✨ [循環成功] 已完成第 1419 次背景資料寫入與狀態更新。
[2026-08-24 15:26:51] ✨ [循環成功] 已完成第 1420 次背景資料寫入與狀態更新。
[2026-08-24 15:26:56] ✨ [循環成功] 已完成第 1421 次背景資料寫入與狀態更新。
[2026-08-24 15:27:01] ✨ [循環成功] 已完成第 1422 次背景資料寫入與狀態更新。
[2026-08-24 15:27:06] ✨ [循環成功] 已完成第 1423 次背景資料寫入與狀態更新。
[2026-08-24 15:27:11] ✨ [循環成功] 已完成第 1424 次背景資料寫入與狀態更新。
[2026-08-24 15:27:16] ✨ [循環成功] 已完成第 1425 次背景資料寫入與狀態更新。
[2026-08-24 15:27:21] ✨ [循環成功] 已完成第 1426 次背景資料寫入與狀態更新。
[2026-08-24 15:27:26] ✨ [循環成功] 已完成第 1427 次背景資料寫入與狀態更新。
[2026-08-24 15:27:31] ✨ [循環成功] 已完成第 1428 次背景資料寫入與狀態更新。
[2026-08-24 15:27:36] ✨ [循環成功] 已完成第 1429 次背景資料寫入與狀態更新。
[2026-08-24 15:27:41] ✨ [循環成功] 已完成第 1430 次背景資料寫入與狀態更新。
[2026-08-24 15:27:46] ✨ [循環成功] 已完成第 1431 次背景資料寫入與狀態更新。
[2026-08-24 15:27:51] ✨ [循環成功] 已完成第 1432 次背景資料寫入與狀態更新。
[2026-08-24 15:27:56] ✨ [循環成功] 已完成第 1433 次背景資料寫入與狀態更新。
[2026-08-24 15:28:01] ✨ [循環成功] 已完成第 1434 次背景資料寫入與狀態更新。
[2026-08-24 15:28:06] ✨ [循環成功] 已完成第 1435 次背景資料寫入與狀態更新。
[2026-08-24 15:28:12] ✨ [循環成功] 已完成第 1436 次背景資料寫入與狀態更新。
[2026-08-24 15:28:17] ✨ [循環成功] 已完成第 1437 次背景資料寫入與狀態更新。
[2026-08-24 15:28:22] ✨ [循環成功] 已完成第 1438 次背景資料寫入與狀態更新。
[2026-08-24 15:28:27] ✨ [循環成功] 已完成第 1439 次背景資料寫入與狀態更新。
[2026-08-24 15:28:32] ✨ [循環成功] 已完成第 1440 次背景資料寫入與狀態更新。
[2026-08-24 15:28:37] ✨ [循環成功] 已完成第 1441 次背景資料寫入與狀態更新。
[2026-08-24 15:28:42] ✨ [循環成功] 已完成第 1442 次背景資料寫入與狀態更新。
[2026-08-24 15:28:47] ✨ [循環成功] 已完成第 1443 次背景資料寫入與狀態更新。
[2026-08-24 15:28:52] ✨ [循環成功] 已完成第 1444 次背景資料寫入與狀態更新。
[2026-08-24 15:28:57] ✨ [循環成功] 已完成第 1445 次背景資料寫入與狀態更新。
[2026-08-24 15:29:02] ✨ [循環成功] 已完成第 1446 次背景資料寫入與狀態更新。
[2026-08-24 15:29:07] ✨ [循環成功] 已完成第 1447 次背景資料寫入與狀態更新。
[2026-08-24 15:29:12] ✨ [循環成功] 已完成第 1448 次背景資料寫入與狀態更新。
[2026-08-24 15:29:17] ✨ [循環成功] 已完成第 1449 次背景資料寫入與狀態更新。
[2026-08-24 15:29:22] ✨ [循環成功] 已完成第 1450 次背景資料寫入與狀態更新。
[2026-08-24 15:29:27] ✨ [循環成功] 已完成第 1451 次背景資料寫入與狀態更新。
[2026-08-24 15:29:32] ✨ [循環成功] 已完成第 1452 次背景資料寫入與狀態更新。
[2026-08-24 15:29:37] ✨ [循環成功] 已完成第 1453 次背景資料寫入與狀態更新。
[2026-08-24 15:29:42] ✨ [循環成功] 已完成第 1454 次背景資料寫入與狀態更新。
[2026-08-24 15:29:47] ✨ [循環成功] 已完成第 1455 次背景資料寫入與狀態更新。
[2026-08-24 15:29:52] ✨ [循環成功] 已完成第 1456 次背景資料寫入與狀態更新。
[2026-08-24 15:29:57] ✨ [循環成功] 已完成第 1457 次背景資料寫入與狀態更新。
[2026-08-24 15:30:02] ✨ [循環成功] 已完成第 1458 次背景資料寫入與狀態更新。
[2026-08-24 15:30:07] ✨ [循環成功] 已完成第 1459 次背景資料寫入與狀態更新。
[2026-08-24 15:30:12] ✨ [循環成功] 已完成第 1460 次背景資料寫入與狀態更新。
[2026-08-24 15:30:17] ✨ [循環成功] 已完成第 1461 次背景資料寫入與狀態更新。
[2026-08-24 15:30:22] ✨ [循環成功] 已完成第 1462 次背景資料寫入與狀態更新。
[2026-08-24 15:30:28] ✨ [循環成功] 已完成第 1463 次背景資料寫入與狀態更新。
[2026-08-24 15:30:33] ✨ [循環成功] 已完成第 1464 次背景資料寫入與狀態更新。
[2026-08-24 15:30:38] ✨ [循環成功] 已完成第 1465 次背景資料寫入與狀態更新。
[2026-08-24 15:30:43] ✨ [循環成功] 已完成第 1466 次背景資料寫入與狀態更新。
[2026-08-24 15:30:48] ✨ [循環成功] 已完成第 1467 次背景資料寫入與狀態更新。
[2026-08-24 15:30:53] ✨ [循環成功] 已完成第 1468 次背景資料寫入與狀態更新。
[2026-08-24 15:30:58] ✨ [循環成功] 已完成第 1469 次背景資料寫入與狀態更新。
[2026-08-24 15:31:03] ✨ [循環成功] 已完成第 1470 次背景資料寫入與狀態更新。
[2026-08-24 15:31:08] ✨ [循環成功] 已完成第 1471 次背景資料寫入與狀態更新。
[2026-08-24 15:31:13] ✨ [循環成功] 已完成第 1472 次背景資料寫入與狀態更新。
[2026-08-24 15:31:18] ✨ [循環成功] 已完成第 1473 次背景資料寫入與狀態更新。
[2026-08-24 15:31:23] ✨ [循環成功] 已完成第 1474 次背景資料寫入與狀態更新。
[2026-08-24 15:31:28] ✨ [循環成功] 已完成第 1475 次背景資料寫入與狀態更新。
[2026-08-24 15:31:33] ✨ [循環成功] 已完成第 1476 次背景資料寫入與狀態更新。
[2026-08-24 15:31:38] ✨ [循環成功] 已完成第 1477 次背景資料寫入與狀態更新。
[2026-08-24 15:31:43] ✨ [循環成功] 已完成第 1478 次背景資料寫入與狀態更新。
[2026-08-24 15:31:48] ✨ [循環成功] 已完成第 1479 次背景資料寫入與狀態更新。
[2026-08-24 15:31:53] ✨ [循環成功] 已完成第 1480 次背景資料寫入與狀態更新。
[2026-08-24 15:31:58] ✨ [循環成功] 已完成第 1481 次背景資料寫入與狀態更新。
[2026-08-24 15:32:03] ✨ [循環成功] 已完成第 1482 次背景資料寫入與狀態更新。
[2026-08-24 15:32:08] ✨ [循環成功] 已完成第 1483 次背景資料寫入與狀態更新。
[2026-08-24 15:32:13] ✨ [循環成功] 已完成第 1484 次背景資料寫入與狀態更新。
[2026-08-24 15:32:18] ✨ [循環成功] 已完成第 1485 次背景資料寫入與狀態更新。
[2026-08-24 15:32:23] ✨ [循環成功] 已完成第 1486 次背景資料寫入與狀態更新。
[2026-08-24 15:32:28] ✨ [循環成功] 已完成第 1487 次背景資料寫入與狀態更新。
[2026-08-24 15:32:33] ✨ [循環成功] 已完成第 1488 次背景資料寫入與狀態更新。
[2026-08-24 15:32:38] ✨ [循環成功] 已完成第 1489 次背景資料寫入與狀態更新。
[2026-08-24 15:32:44] ✨ [循環成功] 已完成第 1490 次背景資料寫入與狀態更新。
[2026-08-24 15:32:49] ✨ [循環成功] 已完成第 1491 次背景資料寫入與狀態更新。
[2026-08-24 15:32:54] ✨ [循環成功] 已完成第 1492 次背景資料寫入與狀態更新。
[2026-08-24 15:32:59] ✨ [循環成功] 已完成第 1493 次背景資料寫入與狀態更新。
[2026-08-24 15:33:04] ✨ [循環成功] 已完成第 1494 次背景資料寫入與狀態更新。
[2026-08-24 15:33:09] ✨ [循環成功] 已完成第 1495 次背景資料寫入與狀態更新。
[2026-08-24 15:33:14] ✨ [循環成功] 已完成第 1496 次背景資料寫入與狀態更新。
[2026-08-24 15:33:19] ✨ [循環成功] 已完成第 1497 次背景資料寫入與狀態更新。
[2026-08-24 15:33:24] ✨ [循環成功] 已完成第 1498 次背景資料寫入與狀態更新。
[2026-08-24 15:33:29] ✨ [循環成功] 已完成第 1499 次背景資料寫入與狀態更新。
[2026-08-24 15:33:34] ✨ [循環成功] 已完成第 1500 次背景資料寫入與狀態更新。
[2026-08-24 15:33:39] ✨ [循環成功] 已完成第 1501 次背景資料寫入與狀態更新。
[2026-08-24 15:33:44] ✨ [循環成功] 已完成第 1502 次背景資料寫入與狀態更新。
[2026-08-24 15:33:49] ✨ [循環成功] 已完成第 1503 次背景資料寫入與狀態更新。
[2026-08-24 15:33:54] ✨ [循環成功] 已完成第 1504 次背景資料寫入與狀態更新。
[2026-08-24 15:33:59] ✨ [循環成功] 已完成第 1505 次背景資料寫入與狀態更新。
[2026-08-24 15:34:04] ✨ [循環成功] 已完成第 1506 次背景資料寫入與狀態更新。
[2026-08-24 15:34:09] ✨ [循環成功] 已完成第 1507 次背景資料寫入與狀態更新。
[2026-08-24 15:34:14] ✨ [循環成功] 已完成第 1508 次背景資料寫入與狀態更新。
[2026-08-24 15:34:19] ✨ [循環成功] 已完成第 1509 次背景資料寫入與狀態更新。
[2026-08-24 15:34:24] ✨ [循環成功] 已完成第 1510 次背景資料寫入與狀態更新。
[2026-08-24 15:34:29] ✨ [循環成功] 已完成第 1511 次背景資料寫入與狀態更新。
[2026-08-24 15:34:34] ✨ [循環成功] 已完成第 1512 次背景資料寫入與狀態更新。
[2026-08-24 15:34:39] ✨ [循環成功] 已完成第 1513 次背景資料寫入與狀態更新。
[2026-08-24 15:34:44] ✨ [循環成功] 已完成第 1514 次背景資料寫入與狀態更新。
[2026-08-24 15:34:49] ✨ [循環成功] 已完成第 1515 次背景資料寫入與狀態更新。
[2026-08-24 15:34:54] ✨ [循環成功] 已完成第 1516 次背景資料寫入與狀態更新。
[2026-08-24 15:35:00] ✨ [循環成功] 已完成第 1517 次背景資料寫入與狀態更新。
[2026-08-24 15:35:05] ✨ [循環成功] 已完成第 1518 次背景資料寫入與狀態更新。
[2026-08-24 15:35:10] ✨ [循環成功] 已完成第 1519 次背景資料寫入與狀態更新。
[2026-08-24 15:35:15] ✨ [循環成功] 已完成第 1520 次背景資料寫入與狀態更新。
[2026-08-24 15:35:20] ✨ [循環成功] 已完成第 1521 次背景資料寫入與狀態更新。
[2026-08-24 15:35:25] ✨ [循環成功] 已完成第 1522 次背景資料寫入與狀態更新。
[2026-08-24 15:35:30] ✨ [循環成功] 已完成第 1523 次背景資料寫入與狀態更新。
[2026-08-24 15:35:35] ✨ [循環成功] 已完成第 1524 次背景資料寫入與狀態更新。
[2026-08-24 15:35:40] ✨ [循環成功] 已完成第 1525 次背景資料寫入與狀態更新。
[2026-08-24 15:35:45] ✨ [循環成功] 已完成第 1526 次背景資料寫入與狀態更新。
[2026-08-24 15:35:50] ✨ [循環成功] 已完成第 1527 次背景資料寫入與狀態更新。
[2026-08-24 15:35:55] ✨ [循環成功] 已完成第 1528 次背景資料寫入與狀態更新。
[2026-08-24 15:36:00] ✨ [循環成功] 已完成第 1529 次背景資料寫入與狀態更新。
[2026-08-24 15:36:05] ✨ [循環成功] 已完成第 1530 次背景資料寫入與狀態更新。
[2026-08-24 15:36:10] ✨ [循環成功] 已完成第 1531 次背景資料寫入與狀態更新。
[2026-08-24 15:36:15] ✨ [循環成功] 已完成第 1532 次背景資料寫入與狀態更新。
[2026-08-24 15:36:20] ✨ [循環成功] 已完成第 1533 次背景資料寫入與狀態更新。
[2026-08-24 15:36:25] ✨ [循環成功] 已完成第 1534 次背景資料寫入與狀態更新。
[2026-08-24 15:36:30] ✨ [循環成功] 已完成第 1535 次背景資料寫入與狀態更新。
[2026-08-24 15:36:35] ✨ [循環成功] 已完成第 1536 次背景資料寫入與狀態更新。
[2026-08-24 15:36:40] ✨ [循環成功] 已完成第 1537 次背景資料寫入與狀態更新。
[2026-08-24 15:36:45] ✨ [循環成功] 已完成第 1538 次背景資料寫入與狀態更新。
[2026-08-24 15:36:50] ✨ [循環成功] 已完成第 1539 次背景資料寫入與狀態更新。
[2026-08-24 15:36:55] ✨ [循環成功] 已完成第 1540 次背景資料寫入與狀態更新。
[2026-08-24 15:37:00] ✨ [循環成功] 已完成第 1541 次背景資料寫入與狀態更新。
[2026-08-24 15:37:05] ✨ [循環成功] 已完成第 1542 次背景資料寫入與狀態更新。
[2026-08-24 15:37:10] ✨ [循環成功] 已完成第 1543 次背景資料寫入與狀態更新。
[2026-08-24 15:37:16] ✨ [循環成功] 已完成第 1544 次背景資料寫入與狀態更新。
[2026-08-24 15:37:21] ✨ [循環成功] 已完成第 1545 次背景資料寫入與狀態更新。
[2026-08-24 15:37:26] ✨ [循環成功] 已完成第 1546 次背景資料寫入與狀態更新。
[2026-08-24 15:37:31] ✨ [循環成功] 已完成第 1547 次背景資料寫入與狀態更新。
[2026-08-24 15:37:36] ✨ [循環成功] 已完成第 1548 次背景資料寫入與狀態更新。
[2026-08-24 15:37:41] ✨ [循環成功] 已完成第 1549 次背景資料寫入與狀態更新。
[2026-08-24 15:37:46] ✨ [循環成功] 已完成第 1550 次背景資料寫入與狀態更新。
[2026-08-24 15:37:51] ✨ [循環成功] 已完成第 1551 次背景資料寫入與狀態更新。
[2026-08-24 15:37:56] ✨ [循環成功] 已完成第 1552 次背景資料寫入與狀態更新。
[2026-08-24 15:38:01] ✨ [循環成功] 已完成第 1553 次背景資料寫入與狀態更新。
[2026-08-24 15:38:06] ✨ [循環成功] 已完成第 1554 次背景資料寫入與狀態更新。
[2026-08-24 15:38:11] ✨ [循環成功] 已完成第 1555 次背景資料寫入與狀態更新。
[2026-08-24 15:38:16] ✨ [循環成功] 已完成第 1556 次背景資料寫入與狀態更新。
[2026-08-24 15:38:21] ✨ [循環成功] 已完成第 1557 次背景資料寫入與狀態更新。
[2026-08-24 15:38:26] ✨ [循環成功] 已完成第 1558 次背景資料寫入與狀態更新。
[2026-08-24 15:38:31] ✨ [循環成功] 已完成第 1559 次背景資料寫入與狀態更新。
[2026-08-24 15:38:36] ✨ [循環成功] 已完成第 1560 次背景資料寫入與狀態更新。
[2026-08-24 15:38:41] ✨ [循環成功] 已完成第 1561 次背景資料寫入與狀態更新。
[2026-08-24 15:38:46] ✨ [循環成功] 已完成第 1562 次背景資料寫入與狀態更新。
[2026-08-24 15:38:51] ✨ [循環成功] 已完成第 1563 次背景資料寫入與狀態更新。
[2026-08-24 15:38:56] ✨ [循環成功] 已完成第 1564 次背景資料寫入與狀態更新。
[2026-08-24 15:39:01] ✨ [循環成功] 已完成第 1565 次背景資料寫入與狀態更新。
[2026-08-24 15:39:06] ✨ [循環成功] 已完成第 1566 次背景資料寫入與狀態更新。
[2026-08-24 15:39:11] ✨ [循環成功] 已完成第 1567 次背景資料寫入與狀態更新。
[2026-08-24 15:39:16] ✨ [循環成功] 已完成第 1568 次背景資料寫入與狀態更新。
[2026-08-24 15:39:21] ✨ [循環成功] 已完成第 1569 次背景資料寫入與狀態更新。
[2026-08-24 15:39:27] ✨ [循環成功] 已完成第 1570 次背景資料寫入與狀態更新。
[2026-08-24 15:39:32] ✨ [循環成功] 已完成第 1571 次背景資料寫入與狀態更新。
[2026-08-24 15:39:37] ✨ [循環成功] 已完成第 1572 次背景資料寫入與狀態更新。
[2026-08-24 15:39:42] ✨ [循環成功] 已完成第 1573 次背景資料寫入與狀態更新。
[2026-08-24 15:39:47] ✨ [循環成功] 已完成第 1574 次背景資料寫入與狀態更新。
[2026-08-24 15:39:52] ✨ [循環成功] 已完成第 1575 次背景資料寫入與狀態更新。
[2026-08-24 15:39:57] ✨ [循環成功] 已完成第 1576 次背景資料寫入與狀態更新。
[2026-08-24 15:40:02] ✨ [循環成功] 已完成第 1577 次背景資料寫入與狀態更新。
[2026-08-24 15:40:07] ✨ [循環成功] 已完成第 1578 次背景資料寫入與狀態更新。
[2026-08-24 15:40:12] ✨ [循環成功] 已完成第 1579 次背景資料寫入與狀態更新。
[2026-08-24 15:40:17] ✨ [循環成功] 已完成第 1580 次背景資料寫入與狀態更新。
[2026-08-24 15:40:22] ✨ [循環成功] 已完成第 1581 次背景資料寫入與狀態更新。
[2026-08-24 15:40:27] ✨ [循環成功] 已完成第 1582 次背景資料寫入與狀態更新。
[2026-08-24 15:40:32] ✨ [循環成功] 已完成第 1583 次背景資料寫入與狀態更新。
[2026-08-24 15:40:37] ✨ [循環成功] 已完成第 1584 次背景資料寫入與狀態更新。
[2026-08-24 15:40:42] ✨ [循環成功] 已完成第 1585 次背景資料寫入與狀態更新。
[2026-08-24 15:40:47] ✨ [循環成功] 已完成第 1586 次背景資料寫入與狀態更新。
[2026-08-24 15:40:52] ✨ [循環成功] 已完成第 1587 次背景資料寫入與狀態更新。
[2026-08-24 15:40:57] ✨ [循環成功] 已完成第 1588 次背景資料寫入與狀態更新。
[2026-08-24 15:41:02] ✨ [循環成功] 已完成第 1589 次背景資料寫入與狀態更新。
[2026-08-24 15:41:07] ✨ [循環成功] 已完成第 1590 次背景資料寫入與狀態更新。
[2026-08-24 15:41:12] ✨ [循環成功] 已完成第 1591 次背景資料寫入與狀態更新。
[2026-08-24 15:41:17] ✨ [循環成功] 已完成第 1592 次背景資料寫入與狀態更新。
[2026-08-24 15:41:22] ✨ [循環成功] 已完成第 1593 次背景資料寫入與狀態更新。
[2026-08-24 15:41:27] ✨ [循環成功] 已完成第 1594 次背景資料寫入與狀態更新。
[2026-08-24 15:41:32] ✨ [循環成功] 已完成第 1595 次背景資料寫入與狀態更新。
[2026-08-24 15:41:37] ✨ [循環成功] 已完成第 1596 次背景資料寫入與狀態更新。
[2026-08-24 15:41:42] ✨ [循環成功] 已完成第 1597 次背景資料寫入與狀態更新。
[2026-08-24 15:41:47] ✨ [循環成功] 已完成第 1598 次背景資料寫入與狀態更新。
[2026-08-24 15:41:53] ✨ [循環成功] 已完成第 1599 次背景資料寫入與狀態更新。
[2026-08-24 15:41:58] ✨ [循環成功] 已完成第 1600 次背景資料寫入與狀態更新。
[2026-08-24 15:42:03] ✨ [循環成功] 已完成第 1601 次背景資料寫入與狀態更新。
[2026-08-24 15:42:08] ✨ [循環成功] 已完成第 1602 次背景資料寫入與狀態更新。
[2026-08-24 15:42:13] ✨ [循環成功] 已完成第 1603 次背景資料寫入與狀態更新。
[2026-08-24 15:42:18] ✨ [循環成功] 已完成第 1604 次背景資料寫入與狀態更新。
[2026-08-24 15:42:23] ✨ [循環成功] 已完成第 1605 次背景資料寫入與狀態更新。
[2026-08-24 15:42:28] ✨ [循環成功] 已完成第 1606 次背景資料寫入與狀態更新。
[2026-08-24 15:42:33] ✨ [循環成功] 已完成第 1607 次背景資料寫入與狀態更新。
[2026-08-24 15:42:38] ✨ [循環成功] 已完成第 1608 次背景資料寫入與狀態更新。
[2026-08-24 15:42:43] ✨ [循環成功] 已完成第 1609 次背景資料寫入與狀態更新。
[2026-08-24 15:42:48] ✨ [循環成功] 已完成第 1610 次背景資料寫入與狀態更新。
[2026-08-24 15:42:53] ✨ [循環成功] 已完成第 1611 次背景資料寫入與狀態更新。
[2026-08-24 15:42:58] ✨ [循環成功] 已完成第 1612 次背景資料寫入與狀態更新。
[2026-08-24 15:43:03] ✨ [循環成功] 已完成第 1613 次背景資料寫入與狀態更新。
[2026-08-24 15:43:08] ✨ [循環成功] 已完成第 1614 次背景資料寫入與狀態更新。
[2026-08-24 15:43:13] ✨ [循環成功] 已完成第 1615 次背景資料寫入與狀態更新。
[2026-08-24 15:43:18] ✨ [循環成功] 已完成第 1616 次背景資料寫入與狀態更新。
[2026-08-24 15:43:23] ✨ [循環成功] 已完成第 1617 次背景資料寫入與狀態更新。
[2026-08-24 15:43:28] ✨ [循環成功] 已完成第 1618 次背景資料寫入與狀態更新。
[2026-08-24 15:43:33] ✨ [循環成功] 已完成第 1619 次背景資料寫入與狀態更新。
[2026-08-24 15:43:38] ✨ [循環成功] 已完成第 1620 次背景資料寫入與狀態更新。
[2026-08-24 15:43:43] ✨ [循環成功] 已完成第 1621 次背景資料寫入與狀態更新。
[2026-08-24 15:43:48] ✨ [循環成功] 已完成第 1622 次背景資料寫入與狀態更新。
[2026-08-24 15:43:54] ✨ [循環成功] 已完成第 1623 次背景資料寫入與狀態更新。
[2026-08-24 15:43:59] ✨ [循環成功] 已完成第 1624 次背景資料寫入與狀態更新。
[2026-08-24 15:44:04] ✨ [循環成功] 已完成第 1625 次背景資料寫入與狀態更新。
[2026-08-24 15:44:09] ✨ [循環成功] 已完成第 1626 次背景資料寫入與狀態更新。
[2026-08-24 15:44:14] ✨ [循環成功] 已完成第 1627 次背景資料寫入與狀態更新。
[2026-08-24 15:44:19] ✨ [循環成功] 已完成第 1628 次背景資料寫入與狀態更新。
[2026-08-24 15:44:24] ✨ [循環成功] 已完成第 1629 次背景資料寫入與狀態更新。
[2026-08-24 15:44:29] ✨ [循環成功] 已完成第 1630 次背景資料寫入與狀態更新。
[2026-08-24 15:44:34] ✨ [循環成功] 已完成第 1631 次背景資料寫入與狀態更新。
[2026-08-24 15:44:39] ✨ [循環成功] 已完成第 1632 次背景資料寫入與狀態更新。
[2026-08-24 15:44:44] ✨ [循環成功] 已完成第 1633 次背景資料寫入與狀態更新。
[2026-08-24 15:44:49] ✨ [循環成功] 已完成第 1634 次背景資料寫入與狀態更新。
[2026-08-24 15:44:54] ✨ [循環成功] 已完成第 1635 次背景資料寫入與狀態更新。
[2026-08-24 15:44:59] ✨ [循環成功] 已完成第 1636 次背景資料寫入與狀態更新。
[2026-08-24 15:45:04] ✨ [循環成功] 已完成第 1637 次背景資料寫入與狀態更新。
[2026-08-24 15:45:09] ✨ [循環成功] 已完成第 1638 次背景資料寫入與狀態更新。
[2026-08-24 15:45:14] ✨ [循環成功] 已完成第 1639 次背景資料寫入與狀態更新。
[2026-08-24 15:45:19] ✨ [循環成功] 已完成第 1640 次背景資料寫入與狀態更新。
[2026-08-24 15:45:24] ✨ [循環成功] 已完成第 1641 次背景資料寫入與狀態更新。
[2026-08-24 15:45:29] ✨ [循環成功] 已完成第 1642 次背景資料寫入與狀態更新。
[2026-08-24 15:45:34] ✨ [循環成功] 已完成第 1643 次背景資料寫入與狀態更新。
[2026-08-24 15:45:39] ✨ [循環成功] 已完成第 1644 次背景資料寫入與狀態更新。
[2026-08-24 15:45:44] ✨ [循環成功] 已完成第 1645 次背景資料寫入與狀態更新。
[2026-08-24 15:45:49] ✨ [循環成功] 已完成第 1646 次背景資料寫入與狀態更新。
[2026-08-24 15:45:54] ✨ [循環成功] 已完成第 1647 次背景資料寫入與狀態更新。
[2026-08-24 15:45:59] ✨ [循環成功] 已完成第 1648 次背景資料寫入與狀態更新。
[2026-08-24 15:46:04] ✨ [循環成功] 已完成第 1649 次背景資料寫入與狀態更新。
[2026-08-24 15:46:09] ✨ [循環成功] 已完成第 1650 次背景資料寫入與狀態更新。
[2026-08-24 15:46:14] ✨ [循環成功] 已完成第 1651 次背景資料寫入與狀態更新。
[2026-08-24 15:46:19] ✨ [循環成功] 已完成第 1652 次背景資料寫入與狀態更新。
[2026-08-24 15:46:25] ✨ [循環成功] 已完成第 1653 次背景資料寫入與狀態更新。
[2026-08-24 15:46:30] ✨ [循環成功] 已完成第 1654 次背景資料寫入與狀態更新。
[2026-08-24 15:46:35] ✨ [循環成功] 已完成第 1655 次背景資料寫入與狀態更新。
[2026-08-24 15:46:40] ✨ [循環成功] 已完成第 1656 次背景資料寫入與狀態更新。
[2026-08-24 15:46:45] ✨ [循環成功] 已完成第 1657 次背景資料寫入與狀態更新。
[2026-08-24 15:46:50] ✨ [循環成功] 已完成第 1658 次背景資料寫入與狀態更新。
[2026-08-24 15:46:55] ✨ [循環成功] 已完成第 1659 次背景資料寫入與狀態更新。
[2026-08-24 15:47:00] ✨ [循環成功] 已完成第 1660 次背景資料寫入與狀態更新。
[2026-08-24 15:47:05] ✨ [循環成功] 已完成第 1661 次背景資料寫入與狀態更新。
[2026-08-24 15:47:10] ✨ [循環成功] 已完成第 1662 次背景資料寫入與狀態更新。
[2026-08-24 15:47:15] ✨ [循環成功] 已完成第 1663 次背景資料寫入與狀態更新。
[2026-08-24 15:47:20] ✨ [循環成功] 已完成第 1664 次背景資料寫入與狀態更新。
[2026-08-24 15:47:25] ✨ [循環成功] 已完成第 1665 次背景資料寫入與狀態更新。
[2026-08-24 15:47:30] ✨ [循環成功] 已完成第 1666 次背景資料寫入與狀態更新。
[2026-08-24 15:47:35] ✨ [循環成功] 已完成第 1667 次背景資料寫入與狀態更新。
[2026-08-24 15:47:40] ✨ [循環成功] 已完成第 1668 次背景資料寫入與狀態更新。
[2026-08-24 15:47:45] ✨ [循環成功] 已完成第 1669 次背景資料寫入與狀態更新。
[2026-08-24 15:47:50] ✨ [循環成功] 已完成第 1670 次背景資料寫入與狀態更新。
[2026-08-24 15:47:55] ✨ [循環成功] 已完成第 1671 次背景資料寫入與狀態更新。
[2026-08-24 15:48:00] ✨ [循環成功] 已完成第 1672 次背景資料寫入與狀態更新。
[2026-08-24 15:48:05] ✨ [循環成功] 已完成第 1673 次背景資料寫入與狀態更新。
[2026-08-24 15:48:10] ✨ [循環成功] 已完成第 1674 次背景資料寫入與狀態更新。
[2026-08-24 15:48:15] ✨ [循環成功] 已完成第 1675 次背景資料寫入與狀態更新。
[2026-08-24 15:48:20] ✨ [循環成功] 已完成第 1676 次背景資料寫入與狀態更新。
[2026-08-24 15:48:25] ✨ [循環成功] 已完成第 1677 次背景資料寫入與狀態更新。
[2026-08-24 15:48:30] ✨ [循環成功] 已完成第 1678 次背景資料寫入與狀態更新。
[2026-08-24 15:48:36] ✨ [循環成功] 已完成第 1679 次背景資料寫入與狀態更新。
[2026-08-24 15:48:41] ✨ [循環成功] 已完成第 1680 次背景資料寫入與狀態更新。
[2026-08-24 15:48:46] ✨ [循環成功] 已完成第 1681 次背景資料寫入與狀態更新。
[2026-08-24 15:48:51] ✨ [循環成功] 已完成第 1682 次背景資料寫入與狀態更新。
[2026-08-24 15:48:56] ✨ [循環成功] 已完成第 1683 次背景資料寫入與狀態更新。
[2026-08-24 15:49:01] ✨ [循環成功] 已完成第 1684 次背景資料寫入與狀態更新。
[2026-08-24 15:49:06] ✨ [循環成功] 已完成第 1685 次背景資料寫入與狀態更新。
[2026-08-24 15:49:11] ✨ [循環成功] 已完成第 1686 次背景資料寫入與狀態更新。
[2026-08-24 15:49:16] ✨ [循環成功] 已完成第 1687 次背景資料寫入與狀態更新。
[2026-08-24 15:49:21] ✨ [循環成功] 已完成第 1688 次背景資料寫入與狀態更新。
[2026-08-24 15:49:26] ✨ [循環成功] 已完成第 1689 次背景資料寫入與狀態更新。
[2026-08-24 15:49:31] ✨ [循環成功] 已完成第 1690 次背景資料寫入與狀態更新。
[2026-08-24 15:49:36] ✨ [循環成功] 已完成第 1691 次背景資料寫入與狀態更新。
[2026-08-24 15:49:41] ✨ [循環成功] 已完成第 1692 次背景資料寫入與狀態更新。
[2026-08-24 15:49:46] ✨ [循環成功] 已完成第 1693 次背景資料寫入與狀態更新。
[2026-08-24 15:49:51] ✨ [循環成功] 已完成第 1694 次背景資料寫入與狀態更新。
[2026-08-24 15:49:56] ✨ [循環成功] 已完成第 1695 次背景資料寫入與狀態更新。
[2026-08-24 15:50:01] ✨ [循環成功] 已完成第 1696 次背景資料寫入與狀態更新。
[2026-08-24 15:50:06] ✨ [循環成功] 已完成第 1697 次背景資料寫入與狀態更新。
[2026-08-24 15:50:11] ✨ [循環成功] 已完成第 1698 次背景資料寫入與狀態更新。
[2026-08-24 15:50:16] ✨ [循環成功] 已完成第 1699 次背景資料寫入與狀態更新。
[2026-08-24 15:50:21] ✨ [循環成功] 已完成第 1700 次背景資料寫入與狀態更新。
[2026-08-24 15:50:26] ✨ [循環成功] 已完成第 1701 次背景資料寫入與狀態更新。
[2026-08-24 15:50:31] ✨ [循環成功] 已完成第 1702 次背景資料寫入與狀態更新。
[2026-08-24 15:50:36] ✨ [循環成功] 已完成第 1703 次背景資料寫入與狀態更新。
[2026-08-24 15:50:41] ✨ [循環成功] 已完成第 1704 次背景資料寫入與狀態更新。
[2026-08-24 15:50:47] ✨ [循環成功] 已完成第 1705 次背景資料寫入與狀態更新。
[2026-08-24 15:50:52] ✨ [循環成功] 已完成第 1706 次背景資料寫入與狀態更新。
[2026-08-24 15:50:57] ✨ [循環成功] 已完成第 1707 次背景資料寫入與狀態更新。
[2026-08-24 15:51:02] ✨ [循環成功] 已完成第 1708 次背景資料寫入與狀態更新。
[2026-08-24 15:51:07] ✨ [循環成功] 已完成第 1709 次背景資料寫入與狀態更新。
[2026-08-24 15:51:12] ✨ [循環成功] 已完成第 1710 次背景資料寫入與狀態更新。
[2026-08-24 15:51:17] ✨ [循環成功] 已完成第 1711 次背景資料寫入與狀態更新。
[2026-08-24 15:51:22] ✨ [循環成功] 已完成第 1712 次背景資料寫入與狀態更新。
[2026-08-24 15:51:27] ✨ [循環成功] 已完成第 1713 次背景資料寫入與狀態更新。
[2026-08-24 15:51:32] ✨ [循環成功] 已完成第 1714 次背景資料寫入與狀態更新。
[2026-08-24 15:51:37] ✨ [循環成功] 已完成第 1715 次背景資料寫入與狀態更新。
[2026-08-24 15:51:42] ✨ [循環成功] 已完成第 1716 次背景資料寫入與狀態更新。
[2026-08-24 15:51:47] ✨ [循環成功] 已完成第 1717 次背景資料寫入與狀態更新。
[2026-08-24 15:51:52] ✨ [循環成功] 已完成第 1718 次背景資料寫入與狀態更新。
[2026-08-24 15:51:57] ✨ [循環成功] 已完成第 1719 次背景資料寫入與狀態更新。
[2026-08-24 15:52:02] ✨ [循環成功] 已完成第 1720 次背景資料寫入與狀態更新。
[2026-08-24 15:52:07] ✨ [循環成功] 已完成第 1721 次背景資料寫入與狀態更新。
[2026-08-24 15:52:12] ✨ [循環成功] 已完成第 1722 次背景資料寫入與狀態更新。
[2026-08-24 15:52:17] ✨ [循環成功] 已完成第 1723 次背景資料寫入與狀態更新。
[2026-08-24 15:52:22] ✨ [循環成功] 已完成第 1724 次背景資料寫入與狀態更新。
[2026-08-24 15:52:27] ✨ [循環成功] 已完成第 1725 次背景資料寫入與狀態更新。
[2026-08-24 15:52:32] ✨ [循環成功] 已完成第 1726 次背景資料寫入與狀態更新。
[2026-08-24 15:52:37] ✨ [循環成功] 已完成第 1727 次背景資料寫入與狀態更新。
[2026-08-24 15:52:42] ✨ [循環成功] 已完成第 1728 次背景資料寫入與狀態更新。
[2026-08-24 15:52:47] ✨ [循環成功] 已完成第 1729 次背景資料寫入與狀態更新。
[2026-08-24 15:52:52] ✨ [循環成功] 已完成第 1730 次背景資料寫入與狀態更新。
[2026-08-24 15:52:58] ✨ [循環成功] 已完成第 1731 次背景資料寫入與狀態更新。
[2026-08-24 15:53:03] ✨ [循環成功] 已完成第 1732 次背景資料寫入與狀態更新。
[2026-08-24 15:53:08] ✨ [循環成功] 已完成第 1733 次背景資料寫入與狀態更新。
[2026-08-24 15:53:13] ✨ [循環成功] 已完成第 1734 次背景資料寫入與狀態更新。
[2026-08-24 15:53:18] ✨ [循環成功] 已完成第 1735 次背景資料寫入與狀態更新。
[2026-08-24 15:53:23] ✨ [循環成功] 已完成第 1736 次背景資料寫入與狀態更新。
[2026-08-24 15:53:28] ✨ [循環成功] 已完成第 1737 次背景資料寫入與狀態更新。
[2026-08-24 15:53:33] ✨ [循環成功] 已完成第 1738 次背景資料寫入與狀態更新。
[2026-08-24 15:53:38] ✨ [循環成功] 已完成第 1739 次背景資料寫入與狀態更新。
[2026-08-24 15:53:43] ✨ [循環成功] 已完成第 1740 次背景資料寫入與狀態更新。
[2026-08-24 15:53:48] ✨ [循環成功] 已完成第 1741 次背景資料寫入與狀態更新。
[2026-08-24 15:53:53] ✨ [循環成功] 已完成第 1742 次背景資料寫入與狀態更新。
[2026-08-24 15:53:58] ✨ [循環成功] 已完成第 1743 次背景資料寫入與狀態更新。
[2026-08-24 15:54:03] ✨ [循環成功] 已完成第 1744 次背景資料寫入與狀態更新。
[2026-08-24 15:54:08] ✨ [循環成功] 已完成第 1745 次背景資料寫入與狀態更新。
[2026-08-24 15:54:13] ✨ [循環成功] 已完成第 1746 次背景資料寫入與狀態更新。
[2026-08-24 15:54:18] ✨ [循環成功] 已完成第 1747 次背景資料寫入與狀態更新。
[2026-08-24 15:54:23] ✨ [循環成功] 已完成第 1748 次背景資料寫入與狀態更新。
[2026-08-24 15:54:28] ✨ [循環成功] 已完成第 1749 次背景資料寫入與狀態更新。
[2026-08-24 15:54:33] ✨ [循環成功] 已完成第 1750 次背景資料寫入與狀態更新。
[2026-08-24 15:54:38] ✨ [循環成功] 已完成第 1751 次背景資料寫入與狀態更新。
[2026-08-24 15:54:43] ✨ [循環成功] 已完成第 1752 次背景資料寫入與狀態更新。
[2026-08-24 15:54:48] ✨ [循環成功] 已完成第 1753 次背景資料寫入與狀態更新。
[2026-08-24 15:54:53] ✨ [循環成功] 已完成第 1754 次背景資料寫入與狀態更新。
[2026-08-24 15:54:58] ✨ [循環成功] 已完成第 1755 次背景資料寫入與狀態更新。
[2026-08-24 15:55:03] ✨ [循環成功] 已完成第 1756 次背景資料寫入與狀態更新。
[2026-08-24 15:55:09] ✨ [循環成功] 已完成第 1757 次背景資料寫入與狀態更新。
[2026-08-24 15:55:14] ✨ [循環成功] 已完成第 1758 次背景資料寫入與狀態更新。
[2026-08-24 15:55:19] ✨ [循環成功] 已完成第 1759 次背景資料寫入與狀態更新。
[2026-08-24 15:55:24] ✨ [循環成功] 已完成第 1760 次背景資料寫入與狀態更新。
[2026-08-24 15:55:29] ✨ [循環成功] 已完成第 1761 次背景資料寫入與狀態更新。
[2026-08-24 15:55:34] ✨ [循環成功] 已完成第 1762 次背景資料寫入與狀態更新。
[2026-08-24 15:55:39] ✨ [循環成功] 已完成第 1763 次背景資料寫入與狀態更新。
[2026-08-24 15:55:44] ✨ [循環成功] 已完成第 1764 次背景資料寫入與狀態更新。
[2026-08-24 15:55:49] ✨ [循環成功] 已完成第 1765 次背景資料寫入與狀態更新。
[2026-08-24 15:55:54] ✨ [循環成功] 已完成第 1766 次背景資料寫入與狀態更新。
[2026-08-24 15:55:59] ✨ [循環成功] 已完成第 1767 次背景資料寫入與狀態更新。
[2026-08-24 15:56:04] ✨ [循環成功] 已完成第 1768 次背景資料寫入與狀態更新。
[2026-08-24 15:56:09] ✨ [循環成功] 已完成第 1769 次背景資料寫入與狀態更新。
[2026-08-24 15:56:14] ✨ [循環成功] 已完成第 1770 次背景資料寫入與狀態更新。
[2026-08-24 15:56:19] ✨ [循環成功] 已完成第 1771 次背景資料寫入與狀態更新。
[2026-08-24 15:56:24] ✨ [循環成功] 已完成第 1772 次背景資料寫入與狀態更新。
[2026-08-24 15:56:29] ✨ [循環成功] 已完成第 1773 次背景資料寫入與狀態更新。
[2026-08-24 15:56:34] ✨ [循環成功] 已完成第 1774 次背景資料寫入與狀態更新。
[2026-08-24 15:56:39] ✨ [循環成功] 已完成第 1775 次背景資料寫入與狀態更新。
[2026-08-24 15:56:44] ✨ [循環成功] 已完成第 1776 次背景資料寫入與狀態更新。
[2026-08-24 15:56:49] ✨ [循環成功] 已完成第 1777 次背景資料寫入與狀態更新。
[2026-08-24 15:56:54] ✨ [循環成功] 已完成第 1778 次背景資料寫入與狀態更新。
[2026-08-24 15:56:59] ✨ [循環成功] 已完成第 1779 次背景資料寫入與狀態更新。
[2026-08-24 15:57:04] ✨ [循環成功] 已完成第 1780 次背景資料寫入與狀態更新。
[2026-08-24 15:57:10] ✨ [循環成功] 已完成第 1781 次背景資料寫入與狀態更新。
[2026-08-24 15:57:15] ✨ [循環成功] 已完成第 1782 次背景資料寫入與狀態更新。
[2026-08-24 15:57:20] ✨ [循環成功] 已完成第 1783 次背景資料寫入與狀態更新。
[2026-08-24 15:57:25] ✨ [循環成功] 已完成第 1784 次背景資料寫入與狀態更新。
[2026-08-24 15:57:30] ✨ [循環成功] 已完成第 1785 次背景資料寫入與狀態更新。
[2026-08-24 15:57:35] ✨ [循環成功] 已完成第 1786 次背景資料寫入與狀態更新。
[2026-08-24 15:57:40] ✨ [循環成功] 已完成第 1787 次背景資料寫入與狀態更新。
[2026-08-24 15:57:45] ✨ [循環成功] 已完成第 1788 次背景資料寫入與狀態更新。
[2026-08-24 15:57:50] ✨ [循環成功] 已完成第 1789 次背景資料寫入與狀態更新。
[2026-08-24 15:57:55] ✨ [循環成功] 已完成第 1790 次背景資料寫入與狀態更新。
[2026-08-24 15:58:00] ✨ [循環成功] 已完成第 1791 次背景資料寫入與狀態更新。
[2026-08-24 15:58:05] ✨ [循環成功] 已完成第 1792 次背景資料寫入與狀態更新。
[2026-08-24 15:58:10] ✨ [循環成功] 已完成第 1793 次背景資料寫入與狀態更新。
[2026-08-24 15:58:15] ✨ [循環成功] 已完成第 1794 次背景資料寫入與狀態更新。
[2026-08-24 15:58:20] ✨ [循環成功] 已完成第 1795 次背景資料寫入與狀態更新。
[2026-08-24 15:58:25] ✨ [循環成功] 已完成第 1796 次背景資料寫入與狀態更新。
[2026-08-24 15:58:30] ✨ [循環成功] 已完成第 1797 次背景資料寫入與狀態更新。
[2026-08-24 15:58:35] ✨ [循環成功] 已完成第 1798 次背景資料寫入與狀態更新。
[2026-08-24 15:58:40] ✨ [循環成功] 已完成第 1799 次背景資料寫入與狀態更新。
[2026-08-24 15:58:45] ✨ [循環成功] 已完成第 1800 次背景資料寫入與狀態更新。
[2026-08-24 15:58:50] ✨ [循環成功] 已完成第 1801 次背景資料寫入與狀態更新。
[2026-08-24 15:58:55] ✨ [循環成功] 已完成第 1802 次背景資料寫入與狀態更新。
[2026-08-24 15:59:00] ✨ [循環成功] 已完成第 1803 次背景資料寫入與狀態更新。
[2026-08-24 15:59:05] ✨ [循環成功] 已完成第 1804 次背景資料寫入與狀態更新。
[2026-08-24 15:59:10] ✨ [循環成功] 已完成第 1805 次背景資料寫入與狀態更新。
[2026-08-24 15:59:15] ✨ [循環成功] 已完成第 1806 次背景資料寫入與狀態更新。
[2026-08-24 15:59:21] ✨ [循環成功] 已完成第 1807 次背景資料寫入與狀態更新。
[2026-08-24 15:59:26] ✨ [循環成功] 已完成第 1808 次背景資料寫入與狀態更新。
[2026-08-24 15:59:31] ✨ [循環成功] 已完成第 1809 次背景資料寫入與狀態更新。
[2026-08-24 15:59:36] ✨ [循環成功] 已完成第 1810 次背景資料寫入與狀態更新。
[2026-08-24 15:59:41] ✨ [循環成功] 已完成第 1811 次背景資料寫入與狀態更新。
[2026-08-24 15:59:46] ✨ [循環成功] 已完成第 1812 次背景資料寫入與狀態更新。
[2026-08-24 15:59:51] ✨ [循環成功] 已完成第 1813 次背景資料寫入與狀態更新。
[2026-08-24 15:59:56] ✨ [循環成功] 已完成第 1814 次背景資料寫入與狀態更新。
[2026-08-24 16:00:01] ✨ [循環成功] 已完成第 1815 次背景資料寫入與狀態更新。
[2026-08-24 16:00:06] ✨ [循環成功] 已完成第 1816 次背景資料寫入與狀態更新。
[2026-08-24 16:00:11] ✨ [循環成功] 已完成第 1817 次背景資料寫入與狀態更新。
[2026-08-24 16:00:16] ✨ [循環成功] 已完成第 1818 次背景資料寫入與狀態更新。
[2026-08-24 16:00:21] ✨ [循環成功] 已完成第 1819 次背景資料寫入與狀態更新。
[2026-08-24 16:00:26] ✨ [循環成功] 已完成第 1820 次背景資料寫入與狀態更新。
[2026-08-24 16:00:31] ✨ [循環成功] 已完成第 1821 次背景資料寫入與狀態更新。
[2026-08-24 16:00:36] ✨ [循環成功] 已完成第 1822 次背景資料寫入與狀態更新。
[2026-08-24 16:00:41] ✨ [循環成功] 已完成第 1823 次背景資料寫入與狀態更新。
[2026-08-24 16:00:46] ✨ [循環成功] 已完成第 1824 次背景資料寫入與狀態更新。
[2026-08-24 16:00:51] ✨ [循環成功] 已完成第 1825 次背景資料寫入與狀態更新。
[2026-08-24 16:00:56] ✨ [循環成功] 已完成第 1826 次背景資料寫入與狀態更新。
[2026-08-24 16:01:01] ✨ [循環成功] 已完成第 1827 次背景資料寫入與狀態更新。
[2026-08-24 16:01:06] ✨ [循環成功] 已完成第 1828 次背景資料寫入與狀態更新。
[2026-08-24 16:01:11] ✨ [循環成功] 已完成第 1829 次背景資料寫入與狀態更新。
[2026-08-24 16:01:16] ✨ [循環成功] 已完成第 1830 次背景資料寫入與狀態更新。
[2026-08-24 16:01:21] ✨ [循環成功] 已完成第 1831 次背景資料寫入與狀態更新。
[2026-08-24 16:01:26] ✨ [循環成功] 已完成第 1832 次背景資料寫入與狀態更新。
[2026-08-24 16:01:31] ✨ [循環成功] 已完成第 1833 次背景資料寫入與狀態更新。
[2026-08-24 16:01:37] ✨ [循環成功] 已完成第 1834 次背景資料寫入與狀態更新。
[2026-08-24 16:01:42] ✨ [循環成功] 已完成第 1835 次背景資料寫入與狀態更新。
[2026-08-24 16:01:47] ✨ [循環成功] 已完成第 1836 次背景資料寫入與狀態更新。
[2026-08-24 16:01:52] ✨ [循環成功] 已完成第 1837 次背景資料寫入與狀態更新。
[2026-08-24 16:01:57] ✨ [循環成功] 已完成第 1838 次背景資料寫入與狀態更新。
[2026-08-24 16:02:02] ✨ [循環成功] 已完成第 1839 次背景資料寫入與狀態更新。
[2026-08-24 16:02:07] ✨ [循環成功] 已完成第 1840 次背景資料寫入與狀態更新。
[2026-08-24 16:02:12] ✨ [循環成功] 已完成第 1841 次背景資料寫入與狀態更新。
[2026-08-24 16:02:17] ✨ [循環成功] 已完成第 1842 次背景資料寫入與狀態更新。
[2026-08-24 16:02:22] ✨ [循環成功] 已完成第 1843 次背景資料寫入與狀態更新。
[2026-08-24 16:02:27] ✨ [循環成功] 已完成第 1844 次背景資料寫入與狀態更新。
[2026-08-24 16:02:32] ✨ [循環成功] 已完成第 1845 次背景資料寫入與狀態更新。
[2026-08-24 16:02:37] ✨ [循環成功] 已完成第 1846 次背景資料寫入與狀態更新。
[2026-08-24 16:02:42] ✨ [循環成功] 已完成第 1847 次背景資料寫入與狀態更新。
[2026-08-24 16:02:47] ✨ [循環成功] 已完成第 1848 次背景資料寫入與狀態更新。
[2026-08-24 16:02:52] ✨ [循環成功] 已完成第 1849 次背景資料寫入與狀態更新。
[2026-08-24 16:02:57] ✨ [循環成功] 已完成第 1850 次背景資料寫入與狀態更新。
[2026-08-24 16:03:02] ✨ [循環成功] 已完成第 1851 次背景資料寫入與狀態更新。
[2026-08-24 16:03:07] ✨ [循環成功] 已完成第 1852 次背景資料寫入與狀態更新。
[2026-08-24 16:03:12] ✨ [循環成功] 已完成第 1853 次背景資料寫入與狀態更新。
[2026-08-24 16:03:17] ✨ [循環成功] 已完成第 1854 次背景資料寫入與狀態更新。
[2026-08-24 16:03:22] ✨ [循環成功] 已完成第 1855 次背景資料寫入與狀態更新。
[2026-08-24 16:03:27] ✨ [循環成功] 已完成第 1856 次背景資料寫入與狀態更新。
[2026-08-24 16:03:32] ✨ [循環成功] 已完成第 1857 次背景資料寫入與狀態更新。
[2026-08-24 16:03:37] ✨ [循環成功] 已完成第 1858 次背景資料寫入與狀態更新。
[2026-08-24 16:03:42] ✨ [循環成功] 已完成第 1859 次背景資料寫入與狀態更新。
[2026-08-24 16:03:48] ✨ [循環成功] 已完成第 1860 次背景資料寫入與狀態更新。
[2026-08-24 16:03:53] ✨ [循環成功] 已完成第 1861 次背景資料寫入與狀態更新。
[2026-08-24 16:03:58] ✨ [循環成功] 已完成第 1862 次背景資料寫入與狀態更新。
[2026-08-24 16:04:03] ✨ [循環成功] 已完成第 1863 次背景資料寫入與狀態更新。
[2026-08-24 16:04:08] ✨ [循環成功] 已完成第 1864 次背景資料寫入與狀態更新。
[2026-08-24 16:04:13] ✨ [循環成功] 已完成第 1865 次背景資料寫入與狀態更新。
[2026-08-24 16:04:18] ✨ [循環成功] 已完成第 1866 次背景資料寫入與狀態更新。
[2026-08-24 16:04:23] ✨ [循環成功] 已完成第 1867 次背景資料寫入與狀態更新。
[2026-08-24 16:04:28] ✨ [循環成功] 已完成第 1868 次背景資料寫入與狀態更新。
[2026-08-24 16:04:33] ✨ [循環成功] 已完成第 1869 次背景資料寫入與狀態更新。
[2026-08-24 16:04:38] ✨ [循環成功] 已完成第 1870 次背景資料寫入與狀態更新。
[2026-08-24 16:04:43] ✨ [循環成功] 已完成第 1871 次背景資料寫入與狀態更新。
[2026-08-24 16:04:48] ✨ [循環成功] 已完成第 1872 次背景資料寫入與狀態更新。
[2026-08-24 16:04:53] ✨ [循環成功] 已完成第 1873 次背景資料寫入與狀態更新。
[2026-08-24 16:04:58] ✨ [循環成功] 已完成第 1874 次背景資料寫入與狀態更新。
[2026-08-24 16:05:03] ✨ [循環成功] 已完成第 1875 次背景資料寫入與狀態更新。
[2026-08-24 16:05:08] ✨ [循環成功] 已完成第 1876 次背景資料寫入與狀態更新。
[2026-08-24 16:05:13] ✨ [循環成功] 已完成第 1877 次背景資料寫入與狀態更新。
[2026-08-24 16:05:18] ✨ [循環成功] 已完成第 1878 次背景資料寫入與狀態更新。
[2026-08-24 16:05:23] ✨ [循環成功] 已完成第 1879 次背景資料寫入與狀態更新。
[2026-08-24 16:05:28] ✨ [循環成功] 已完成第 1880 次背景資料寫入與狀態更新。
[2026-08-24 16:05:33] ✨ [循環成功] 已完成第 1881 次背景資料寫入與狀態更新。
[2026-08-24 16:05:38] ✨ [循環成功] 已完成第 1882 次背景資料寫入與狀態更新。
[2026-08-24 16:05:43] ✨ [循環成功] 已完成第 1883 次背景資料寫入與狀態更新。
[2026-08-24 16:05:48] ✨ [循環成功] 已完成第 1884 次背景資料寫入與狀態更新。
[2026-08-24 16:05:53] ✨ [循環成功] 已完成第 1885 次背景資料寫入與狀態更新。
[2026-08-24 16:05:58] ✨ [循環成功] 已完成第 1886 次背景資料寫入與狀態更新。
[2026-08-24 16:06:04] ✨ [循環成功] 已完成第 1887 次背景資料寫入與狀態更新。
[2026-08-24 16:06:09] ✨ [循環成功] 已完成第 1888 次背景資料寫入與狀態更新。
[2026-08-24 16:06:14] ✨ [循環成功] 已完成第 1889 次背景資料寫入與狀態更新。
[2026-08-24 16:06:19] ✨ [循環成功] 已完成第 1890 次背景資料寫入與狀態更新。
[2026-08-24 16:06:24] ✨ [循環成功] 已完成第 1891 次背景資料寫入與狀態更新。
[2026-08-24 16:06:29] ✨ [循環成功] 已完成第 1892 次背景資料寫入與狀態更新。
[2026-08-24 16:06:34] ✨ [循環成功] 已完成第 1893 次背景資料寫入與狀態更新。
[2026-08-24 16:06:39] ✨ [循環成功] 已完成第 1894 次背景資料寫入與狀態更新。
[2026-08-24 16:06:44] ✨ [循環成功] 已完成第 1895 次背景資料寫入與狀態更新。
[2026-08-24 16:06:49] ✨ [循環成功] 已完成第 1896 次背景資料寫入與狀態更新。
[2026-08-24 16:06:54] ✨ [循環成功] 已完成第 1897 次背景資料寫入與狀態更新。
[2026-08-24 16:06:59] ✨ [循環成功] 已完成第 1898 次背景資料寫入與狀態更新。
[2026-08-24 16:07:04] ✨ [循環成功] 已完成第 1899 次背景資料寫入與狀態更新。
[2026-08-24 16:07:09] ✨ [循環成功] 已完成第 1900 次背景資料寫入與狀態更新。
[2026-08-24 16:07:14] ✨ [循環成功] 已完成第 1901 次背景資料寫入與狀態更新。
[2026-08-24 16:07:19] ✨ [循環成功] 已完成第 1902 次背景資料寫入與狀態更新。
[2026-08-24 16:07:24] ✨ [循環成功] 已完成第 1903 次背景資料寫入與狀態更新。
[2026-08-24 16:07:29] ✨ [循環成功] 已完成第 1904 次背景資料寫入與狀態更新。
[2026-08-24 16:07:34] ✨ [循環成功] 已完成第 1905 次背景資料寫入與狀態更新。
[2026-08-24 16:07:39] ✨ [循環成功] 已完成第 1906 次背景資料寫入與狀態更新。
[2026-08-24 16:07:44] ✨ [循環成功] 已完成第 1907 次背景資料寫入與狀態更新。
[2026-08-24 16:07:49] ✨ [循環成功] 已完成第 1908 次背景資料寫入與狀態更新。
[2026-08-24 16:07:54] ✨ [循環成功] 已完成第 1909 次背景資料寫入與狀態更新。
[2026-08-24 16:07:59] ✨ [循環成功] 已完成第 1910 次背景資料寫入與狀態更新。
[2026-08-24 16:08:04] ✨ [循環成功] 已完成第 1911 次背景資料寫入與狀態更新。
[2026-08-24 16:08:10] ✨ [循環成功] 已完成第 1912 次背景資料寫入與狀態更新。
[2026-08-24 16:08:15] ✨ [循環成功] 已完成第 1913 次背景資料寫入與狀態更新。
[2026-08-24 16:08:20] ✨ [循環成功] 已完成第 1914 次背景資料寫入與狀態更新。
[2026-08-24 16:08:25] ✨ [循環成功] 已完成第 1915 次背景資料寫入與狀態更新。
[2026-08-24 16:08:30] ✨ [循環成功] 已完成第 1916 次背景資料寫入與狀態更新。
[2026-08-24 16:08:35] ✨ [循環成功] 已完成第 1917 次背景資料寫入與狀態更新。
[2026-08-24 16:08:40] ✨ [循環成功] 已完成第 1918 次背景資料寫入與狀態更新。
[2026-08-24 16:08:45] ✨ [循環成功] 已完成第 1919 次背景資料寫入與狀態更新。
[2026-08-24 16:08:50] ✨ [循環成功] 已完成第 1920 次背景資料寫入與狀態更新。
[2026-08-24 16:08:55] ✨ [循環成功] 已完成第 1921 次背景資料寫入與狀態更新。
[2026-08-24 16:09:00] ✨ [循環成功] 已完成第 1922 次背景資料寫入與狀態更新。
[2026-08-24 16:09:05] ✨ [循環成功] 已完成第 1923 次背景資料寫入與狀態更新。
[2026-08-24 16:09:10] ✨ [循環成功] 已完成第 1924 次背景資料寫入與狀態更新。
[2026-08-24 16:09:15] ✨ [循環成功] 已完成第 1925 次背景資料寫入與狀態更新。
[2026-08-24 16:09:20] ✨ [循環成功] 已完成第 1926 次背景資料寫入與狀態更新。
[2026-08-24 16:09:25] ✨ [循環成功] 已完成第 1927 次背景資料寫入與狀態更新。
[2026-08-24 16:09:30] ✨ [循環成功] 已完成第 1928 次背景資料寫入與狀態更新。
[2026-08-24 16:09:35] ✨ [循環成功] 已完成第 1929 次背景資料寫入與狀態更新。
[2026-08-24 16:09:40] ✨ [循環成功] 已完成第 1930 次背景資料寫入與狀態更新。
[2026-08-24 16:09:45] ✨ [循環成功] 已完成第 1931 次背景資料寫入與狀態更新。
[2026-08-24 16:09:50] ✨ [循環成功] 已完成第 1932 次背景資料寫入與狀態更新。
[2026-08-24 16:09:55] ✨ [循環成功] 已完成第 1933 次背景資料寫入與狀態更新。
[2026-08-24 16:10:01] ✨ [循環成功] 已完成第 1934 次背景資料寫入與狀態更新。
[2026-08-24 16:10:06] ✨ [循環成功] 已完成第 1935 次背景資料寫入與狀態更新。
[2026-08-24 16:10:11] ✨ [循環成功] 已完成第 1936 次背景資料寫入與狀態更新。
[2026-08-24 16:10:16] ✨ [循環成功] 已完成第 1937 次背景資料寫入與狀態更新。
[2026-08-24 16:10:21] ✨ [循環成功] 已完成第 1938 次背景資料寫入與狀態更新。
[2026-08-24 16:10:26] ✨ [循環成功] 已完成第 1939 次背景資料寫入與狀態更新。
[2026-08-24 16:10:31] ✨ [循環成功] 已完成第 1940 次背景資料寫入與狀態更新。
[2026-08-24 16:10:36] ✨ [循環成功] 已完成第 1941 次背景資料寫入與狀態更新。
[2026-08-24 16:10:41] ✨ [循環成功] 已完成第 1942 次背景資料寫入與狀態更新。
[2026-08-24 16:10:46] ✨ [循環成功] 已完成第 1943 次背景資料寫入與狀態更新。
[2026-08-24 16:10:51] ✨ [循環成功] 已完成第 1944 次背景資料寫入與狀態更新。
[2026-08-24 16:10:56] ✨ [循環成功] 已完成第 1945 次背景資料寫入與狀態更新。
[2026-08-24 16:11:01] ✨ [循環成功] 已完成第 1946 次背景資料寫入與狀態更新。
[2026-08-24 16:11:06] ✨ [循環成功] 已完成第 1947 次背景資料寫入與狀態更新。
[2026-08-24 16:11:11] ✨ [循環成功] 已完成第 1948 次背景資料寫入與狀態更新。
[2026-08-24 16:11:16] ✨ [循環成功] 已完成第 1949 次背景資料寫入與狀態更新。
[2026-08-24 16:11:21] ✨ [循環成功] 已完成第 1950 次背景資料寫入與狀態更新。
[2026-08-24 16:11:26] ✨ [循環成功] 已完成第 1951 次背景資料寫入與狀態更新。
[2026-08-24 16:11:31] ✨ [循環成功] 已完成第 1952 次背景資料寫入與狀態更新。
[2026-08-24 16:11:36] ✨ [循環成功] 已完成第 1953 次背景資料寫入與狀態更新。
[2026-08-24 16:11:41] ✨ [循環成功] 已完成第 1954 次背景資料寫入與狀態更新。
[2026-08-24 16:11:46] ✨ [循環成功] 已完成第 1955 次背景資料寫入與狀態更新。
[2026-08-24 16:11:51] ✨ [循環成功] 已完成第 1956 次背景資料寫入與狀態更新。
[2026-08-24 16:11:56] ✨ [循環成功] 已完成第 1957 次背景資料寫入與狀態更新。
[2026-08-24 16:12:01] ✨ [循環成功] 已完成第 1958 次背景資料寫入與狀態更新。
[2026-08-24 16:12:07] ✨ [循環成功] 已完成第 1959 次背景資料寫入與狀態更新。
[2026-08-24 16:12:12] ✨ [循環成功] 已完成第 1960 次背景資料寫入與狀態更新。
[2026-08-24 16:12:17] ✨ [循環成功] 已完成第 1961 次背景資料寫入與狀態更新。
[2026-08-24 16:12:22] ✨ [循環成功] 已完成第 1962 次背景資料寫入與狀態更新。
[2026-08-24 16:12:27] ✨ [循環成功] 已完成第 1963 次背景資料寫入與狀態更新。
[2026-08-24 16:12:32] ✨ [循環成功] 已完成第 1964 次背景資料寫入與狀態更新。
[2026-08-24 16:12:37] ✨ [循環成功] 已完成第 1965 次背景資料寫入與狀態更新。
[2026-08-24 16:12:42] ✨ [循環成功] 已完成第 1966 次背景資料寫入與狀態更新。
[2026-08-24 16:12:47] ✨ [循環成功] 已完成第 1967 次背景資料寫入與狀態更新。
[2026-08-24 16:12:52] ✨ [循環成功] 已完成第 1968 次背景資料寫入與狀態更新。
[2026-08-24 16:12:57] ✨ [循環成功] 已完成第 1969 次背景資料寫入與狀態更新。
[2026-08-24 16:13:02] ✨ [循環成功] 已完成第 1970 次背景資料寫入與狀態更新。
[2026-08-24 16:13:07] ✨ [循環成功] 已完成第 1971 次背景資料寫入與狀態更新。
[2026-08-24 16:13:12] ✨ [循環成功] 已完成第 1972 次背景資料寫入與狀態更新。
[2026-08-24 16:13:17] ✨ [循環成功] 已完成第 1973 次背景資料寫入與狀態更新。
[2026-08-24 16:13:22] ✨ [循環成功] 已完成第 1974 次背景資料寫入與狀態更新。
[2026-08-24 16:13:27] ✨ [循環成功] 已完成第 1975 次背景資料寫入與狀態更新。
[2026-08-24 16:13:32] ✨ [循環成功] 已完成第 1976 次背景資料寫入與狀態更新。
[2026-08-24 16:13:37] ✨ [循環成功] 已完成第 1977 次背景資料寫入與狀態更新。
[2026-08-24 16:13:42] ✨ [循環成功] 已完成第 1978 次背景資料寫入與狀態更新。
[2026-08-24 16:13:47] ✨ [循環成功] 已完成第 1979 次背景資料寫入與狀態更新。
[2026-08-24 16:13:52] ✨ [循環成功] 已完成第 1980 次背景資料寫入與狀態更新。
[2026-08-24 16:13:57] ✨ [循環成功] 已完成第 1981 次背景資料寫入與狀態更新。
[2026-08-24 16:14:02] ✨ [循環成功] 已完成第 1982 次背景資料寫入與狀態更新。
[2026-08-24 16:14:07] ✨ [循環成功] 已完成第 1983 次背景資料寫入與狀態更新。
[2026-08-24 16:14:13] ✨ [循環成功] 已完成第 1984 次背景資料寫入與狀態更新。
[2026-08-24 16:14:18] ✨ [循環成功] 已完成第 1985 次背景資料寫入與狀態更新。
[2026-08-24 16:14:23] ✨ [循環成功] 已完成第 1986 次背景資料寫入與狀態更新。
[2026-08-24 16:14:28] ✨ [循環成功] 已完成第 1987 次背景資料寫入與狀態更新。
[2026-08-24 16:14:33] ✨ [循環成功] 已完成第 1988 次背景資料寫入與狀態更新。
[2026-08-24 16:14:38] ✨ [循環成功] 已完成第 1989 次背景資料寫入與狀態更新。
[2026-08-24 16:14:43] ✨ [循環成功] 已完成第 1990 次背景資料寫入與狀態更新。
[2026-08-24 16:14:48] ✨ [循環成功] 已完成第 1991 次背景資料寫入與狀態更新。
[2026-08-24 16:14:53] ✨ [循環成功] 已完成第 1992 次背景資料寫入與狀態更新。
[2026-08-24 16:14:58] ✨ [循環成功] 已完成第 1993 次背景資料寫入與狀態更新。
[2026-08-24 16:15:03] ✨ [循環成功] 已完成第 1994 次背景資料寫入與狀態更新。
[2026-08-24 16:15:08] ✨ [循環成功] 已完成第 1995 次背景資料寫入與狀態更新。
[2026-08-24 16:15:13] ✨ [循環成功] 已完成第 1996 次背景資料寫入與狀態更新。
[2026-08-24 16:15:18] ✨ [循環成功] 已完成第 1997 次背景資料寫入與狀態更新。
[2026-08-24 16:15:23] ✨ [循環成功] 已完成第 1998 次背景資料寫入與狀態更新。
[2026-08-24 16:15:28] ✨ [循環成功] 已完成第 1999 次背景資料寫入與狀態更新。
[2026-08-24 16:15:33] ✨ [循環成功] 已完成第 2000 次背景資料寫入與狀態更新。
[2026-08-24 16:15:38] ✨ [循環成功] 已完成第 2001 次背景資料寫入與狀態更新。
[2026-08-24 16:15:43] ✨ [循環成功] 已完成第 2002 次背景資料寫入與狀態更新。
[2026-08-24 16:15:48] ✨ [循環成功] 已完成第 2003 次背景資料寫入與狀態更新。
[2026-08-24 16:15:53] ✨ [循環成功] 已完成第 2004 次背景資料寫入與狀態更新。
[2026-08-24 16:15:58] ✨ [循環成功] 已完成第 2005 次背景資料寫入與狀態更新。
[2026-08-24 16:16:03] ✨ [循環成功] 已完成第 2006 次背景資料寫入與狀態更新。
[2026-08-24 16:16:08] ✨ [循環成功] 已完成第 2007 次背景資料寫入與狀態更新。
[2026-08-24 16:16:13] ✨ [循環成功] 已完成第 2008 次背景資料寫入與狀態更新。
[2026-08-24 16:16:18] ✨ [循環成功] 已完成第 2009 次背景資料寫入與狀態更新。
[2026-08-24 16:16:24] ✨ [循環成功] 已完成第 2010 次背景資料寫入與狀態更新。
[2026-08-24 16:16:29] ✨ [循環成功] 已完成第 2011 次背景資料寫入與狀態更新。
[2026-08-24 16:16:34] ✨ [循環成功] 已完成第 2012 次背景資料寫入與狀態更新。
[2026-08-24 16:16:39] ✨ [循環成功] 已完成第 2013 次背景資料寫入與狀態更新。
[2026-08-24 16:16:44] ✨ [循環成功] 已完成第 2014 次背景資料寫入與狀態更新。
[2026-08-24 16:16:49] ✨ [循環成功] 已完成第 2015 次背景資料寫入與狀態更新。
[2026-08-24 16:16:54] ✨ [循環成功] 已完成第 2016 次背景資料寫入與狀態更新。
[2026-08-24 16:16:59] ✨ [循環成功] 已完成第 2017 次背景資料寫入與狀態更新。
[2026-08-24 16:17:04] ✨ [循環成功] 已完成第 2018 次背景資料寫入與狀態更新。
[2026-08-24 16:17:09] ✨ [循環成功] 已完成第 2019 次背景資料寫入與狀態更新。
[2026-08-24 16:17:14] ✨ [循環成功] 已完成第 2020 次背景資料寫入與狀態更新。
[2026-08-24 16:17:19] ✨ [循環成功] 已完成第 2021 次背景資料寫入與狀態更新。
[2026-08-24 16:17:24] ✨ [循環成功] 已完成第 2022 次背景資料寫入與狀態更新。
[2026-08-24 16:17:29] ✨ [循環成功] 已完成第 2023 次背景資料寫入與狀態更新。
[2026-08-24 16:17:34] ✨ [循環成功] 已完成第 2024 次背景資料寫入與狀態更新。
[2026-08-24 16:17:39] ✨ [循環成功] 已完成第 2025 次背景資料寫入與狀態更新。
[2026-08-24 16:17:44] ✨ [循環成功] 已完成第 2026 次背景資料寫入與狀態更新。
[2026-08-24 16:17:49] ✨ [循環成功] 已完成第 2027 次背景資料寫入與狀態更新。
[2026-08-24 16:17:54] ✨ [循環成功] 已完成第 2028 次背景資料寫入與狀態更新。
[2026-08-24 16:17:59] ✨ [循環成功] 已完成第 2029 次背景資料寫入與狀態更新。
[2026-08-24 16:18:04] ✨ [循環成功] 已完成第 2030 次背景資料寫入與狀態更新。
[2026-08-24 16:18:09] ✨ [循環成功] 已完成第 2031 次背景資料寫入與狀態更新。
[2026-08-24 16:18:14] ✨ [循環成功] 已完成第 2032 次背景資料寫入與狀態更新。
[2026-08-24 16:18:19] ✨ [循環成功] 已完成第 2033 次背景資料寫入與狀態更新。
[2026-08-24 16:18:24] ✨ [循環成功] 已完成第 2034 次背景資料寫入與狀態更新。
[2026-08-24 16:18:29] ✨ [循環成功] 已完成第 2035 次背景資料寫入與狀態更新。
[2026-08-24 16:18:34] ✨ [循環成功] 已完成第 2036 次背景資料寫入與狀態更新。
[2026-08-24 16:18:39] ✨ [循環成功] 已完成第 2037 次背景資料寫入與狀態更新。
[2026-08-24 16:18:45] ✨ [循環成功] 已完成第 2038 次背景資料寫入與狀態更新。
[2026-08-24 16:18:50] ✨ [循環成功] 已完成第 2039 次背景資料寫入與狀態更新。
[2026-08-24 16:18:55] ✨ [循環成功] 已完成第 2040 次背景資料寫入與狀態更新。
[2026-08-24 16:19:00] ✨ [循環成功] 已完成第 2041 次背景資料寫入與狀態更新。
[2026-08-24 16:19:05] ✨ [循環成功] 已完成第 2042 次背景資料寫入與狀態更新。
[2026-08-24 16:19:10] ✨ [循環成功] 已完成第 2043 次背景資料寫入與狀態更新。
[2026-08-24 16:19:15] ✨ [循環成功] 已完成第 2044 次背景資料寫入與狀態更新。
[2026-08-24 16:19:20] ✨ [循環成功] 已完成第 2045 次背景資料寫入與狀態更新。
[2026-08-24 16:19:25] ✨ [循環成功] 已完成第 2046 次背景資料寫入與狀態更新。
[2026-08-24 16:19:30] ✨ [循環成功] 已完成第 2047 次背景資料寫入與狀態更新。
[2026-08-24 16:19:35] ✨ [循環成功] 已完成第 2048 次背景資料寫入與狀態更新。
[2026-08-24 16:19:40] ✨ [循環成功] 已完成第 2049 次背景資料寫入與狀態更新。
[2026-08-24 16:19:45] ✨ [循環成功] 已完成第 2050 次背景資料寫入與狀態更新。
[2026-08-24 16:19:50] ✨ [循環成功] 已完成第 2051 次背景資料寫入與狀態更新。
[2026-08-24 16:19:55] ✨ [循環成功] 已完成第 2052 次背景資料寫入與狀態更新。
[2026-08-24 16:20:00] ✨ [循環成功] 已完成第 2053 次背景資料寫入與狀態更新。
[2026-08-24 16:20:05] ✨ [循環成功] 已完成第 2054 次背景資料寫入與狀態更新。
[2026-08-24 16:20:10] ✨ [循環成功] 已完成第 2055 次背景資料寫入與狀態更新。
[2026-08-24 16:20:15] ✨ [循環成功] 已完成第 2056 次背景資料寫入與狀態更新。
[2026-08-24 16:20:20] ✨ [循環成功] 已完成第 2057 次背景資料寫入與狀態更新。
[2026-08-24 16:20:25] ✨ [循環成功] 已完成第 2058 次背景資料寫入與狀態更新。
[2026-08-24 16:20:30] ✨ [循環成功] 已完成第 2059 次背景資料寫入與狀態更新。
[2026-08-24 16:20:35] ✨ [循環成功] 已完成第 2060 次背景資料寫入與狀態更新。
[2026-08-24 16:20:40] ✨ [循環成功] 已完成第 2061 次背景資料寫入與狀態更新。
[2026-08-24 16:20:45] ✨ [循環成功] 已完成第 2062 次背景資料寫入與狀態更新。
[2026-08-24 16:20:50] ✨ [循環成功] 已完成第 2063 次背景資料寫入與狀態更新。
[2026-08-24 16:20:55] ✨ [循環成功] 已完成第 2064 次背景資料寫入與狀態更新。
[2026-08-24 16:21:01] ✨ [循環成功] 已完成第 2065 次背景資料寫入與狀態更新。
[2026-08-24 16:21:06] ✨ [循環成功] 已完成第 2066 次背景資料寫入與狀態更新。
[2026-08-24 16:21:11] ✨ [循環成功] 已完成第 2067 次背景資料寫入與狀態更新。
[2026-08-24 16:21:16] ✨ [循環成功] 已完成第 2068 次背景資料寫入與狀態更新。
[2026-08-24 16:21:21] ✨ [循環成功] 已完成第 2069 次背景資料寫入與狀態更新。
[2026-08-24 16:21:26] ✨ [循環成功] 已完成第 2070 次背景資料寫入與狀態更新。
[2026-08-24 16:21:31] ✨ [循環成功] 已完成第 2071 次背景資料寫入與狀態更新。
[2026-08-24 16:21:36] ✨ [循環成功] 已完成第 2072 次背景資料寫入與狀態更新。
[2026-08-24 16:21:41] ✨ [循環成功] 已完成第 2073 次背景資料寫入與狀態更新。
[2026-08-24 16:21:46] ✨ [循環成功] 已完成第 2074 次背景資料寫入與狀態更新。
[2026-08-24 16:21:51] ✨ [循環成功] 已完成第 2075 次背景資料寫入與狀態更新。
[2026-08-24 16:21:56] ✨ [循環成功] 已完成第 2076 次背景資料寫入與狀態更新。
[2026-08-24 16:22:01] ✨ [循環成功] 已完成第 2077 次背景資料寫入與狀態更新。
[2026-08-24 16:22:06] ✨ [循環成功] 已完成第 2078 次背景資料寫入與狀態更新。
[2026-08-24 16:22:11] ✨ [循環成功] 已完成第 2079 次背景資料寫入與狀態更新。
[2026-08-24 16:22:16] ✨ [循環成功] 已完成第 2080 次背景資料寫入與狀態更新。
[2026-08-24 16:22:21] ✨ [循環成功] 已完成第 2081 次背景資料寫入與狀態更新。
[2026-08-24 16:22:26] ✨ [循環成功] 已完成第 2082 次背景資料寫入與狀態更新。
[2026-08-24 16:22:31] ✨ [循環成功] 已完成第 2083 次背景資料寫入與狀態更新。
[2026-08-24 16:22:36] ✨ [循環成功] 已完成第 2084 次背景資料寫入與狀態更新。
[2026-08-24 16:22:41] ✨ [循環成功] 已完成第 2085 次背景資料寫入與狀態更新。
[2026-08-24 16:22:46] ✨ [循環成功] 已完成第 2086 次背景資料寫入與狀態更新。
[2026-08-24 16:22:51] ✨ [循環成功] 已完成第 2087 次背景資料寫入與狀態更新。
[2026-08-24 16:22:56] ✨ [循環成功] 已完成第 2088 次背景資料寫入與狀態更新。
[2026-08-24 16:23:01] ✨ [循環成功] 已完成第 2089 次背景資料寫入與狀態更新。
[2026-08-24 16:23:06] ✨ [循環成功] 已完成第 2090 次背景資料寫入與狀態更新。
[2026-08-24 16:23:11] ✨ [循環成功] 已完成第 2091 次背景資料寫入與狀態更新。
[2026-08-24 16:23:17] ✨ [循環成功] 已完成第 2092 次背景資料寫入與狀態更新。
[2026-08-24 16:23:22] ✨ [循環成功] 已完成第 2093 次背景資料寫入與狀態更新。
[2026-08-24 16:23:27] ✨ [循環成功] 已完成第 2094 次背景資料寫入與狀態更新。
[2026-08-24 16:23:32] ✨ [循環成功] 已完成第 2095 次背景資料寫入與狀態更新。
[2026-08-24 16:23:37] ✨ [循環成功] 已完成第 2096 次背景資料寫入與狀態更新。
[2026-08-24 16:23:42] ✨ [循環成功] 已完成第 2097 次背景資料寫入與狀態更新。
[2026-08-24 16:23:47] ✨ [循環成功] 已完成第 2098 次背景資料寫入與狀態更新。
[2026-08-24 16:23:52] ✨ [循環成功] 已完成第 2099 次背景資料寫入與狀態更新。
[2026-08-24 16:23:57] ✨ [循環成功] 已完成第 2100 次背景資料寫入與狀態更新。
[2026-08-24 16:24:02] ✨ [循環成功] 已完成第 2101 次背景資料寫入與狀態更新。
[2026-08-24 16:24:07] ✨ [循環成功] 已完成第 2102 次背景資料寫入與狀態更新。
[2026-08-24 16:24:12] ✨ [循環成功] 已完成第 2103 次背景資料寫入與狀態更新。
[2026-08-24 16:24:17] ✨ [循環成功] 已完成第 2104 次背景資料寫入與狀態更新。
[2026-08-24 16:24:22] ✨ [循環成功] 已完成第 2105 次背景資料寫入與狀態更新。
[2026-08-24 16:24:27] ✨ [循環成功] 已完成第 2106 次背景資料寫入與狀態更新。
[2026-08-24 16:24:32] ✨ [循環成功] 已完成第 2107 次背景資料寫入與狀態更新。
[2026-08-24 16:24:37] ✨ [循環成功] 已完成第 2108 次背景資料寫入與狀態更新。
[2026-08-24 16:24:42] ✨ [循環成功] 已完成第 2109 次背景資料寫入與狀態更新。
[2026-08-24 16:24:47] ✨ [循環成功] 已完成第 2110 次背景資料寫入與狀態更新。
[2026-08-24 16:24:52] ✨ [循環成功] 已完成第 2111 次背景資料寫入與狀態更新。
[2026-08-24 16:24:57] ✨ [循環成功] 已完成第 2112 次背景資料寫入與狀態更新。
[2026-08-24 16:25:02] ✨ [循環成功] 已完成第 2113 次背景資料寫入與狀態更新。
[2026-08-24 16:25:07] ✨ [循環成功] 已完成第 2114 次背景資料寫入與狀態更新。
[2026-08-24 16:25:12] ✨ [循環成功] 已完成第 2115 次背景資料寫入與狀態更新。
[2026-08-24 16:25:17] ✨ [循環成功] 已完成第 2116 次背景資料寫入與狀態更新。
[2026-08-24 16:25:22] ✨ [循環成功] 已完成第 2117 次背景資料寫入與狀態更新。
[2026-08-24 16:25:27] ✨ [循環成功] 已完成第 2118 次背景資料寫入與狀態更新。
[2026-08-24 16:25:32] ✨ [循環成功] 已完成第 2119 次背景資料寫入與狀態更新。
[2026-08-24 16:25:37] ✨ [循環成功] 已完成第 2120 次背景資料寫入與狀態更新。
[2026-08-24 16:25:42] ✨ [循環成功] 已完成第 2121 次背景資料寫入與狀態更新。
[2026-08-24 16:25:47] ✨ [循環成功] 已完成第 2122 次背景資料寫入與狀態更新。
[2026-08-24 16:25:52] ✨ [循環成功] 已完成第 2123 次背景資料寫入與狀態更新。
[2026-08-24 16:25:57] ✨ [循環成功] 已完成第 2124 次背景資料寫入與狀態更新。
[2026-08-24 16:26:03] ✨ [循環成功] 已完成第 2125 次背景資料寫入與狀態更新。
[2026-08-24 16:26:08] ✨ [循環成功] 已完成第 2126 次背景資料寫入與狀態更新。
[2026-08-24 16:26:13] ✨ [循環成功] 已完成第 2127 次背景資料寫入與狀態更新。
[2026-08-24 16:26:18] ✨ [循環成功] 已完成第 2128 次背景資料寫入與狀態更新。
[2026-08-24 16:26:23] ✨ [循環成功] 已完成第 2129 次背景資料寫入與狀態更新。
[2026-08-24 16:26:28] ✨ [循環成功] 已完成第 2130 次背景資料寫入與狀態更新。
[2026-08-24 16:26:33] ✨ [循環成功] 已完成第 2131 次背景資料寫入與狀態更新。
[2026-08-24 16:26:38] ✨ [循環成功] 已完成第 2132 次背景資料寫入與狀態更新。
[2026-08-24 16:26:43] ✨ [循環成功] 已完成第 2133 次背景資料寫入與狀態更新。
[2026-08-24 16:26:48] ✨ [循環成功] 已完成第 2134 次背景資料寫入與狀態更新。
[2026-08-24 16:26:53] ✨ [循環成功] 已完成第 2135 次背景資料寫入與狀態更新。
[2026-08-24 16:26:58] ✨ [循環成功] 已完成第 2136 次背景資料寫入與狀態更新。
[2026-08-24 16:27:03] ✨ [循環成功] 已完成第 2137 次背景資料寫入與狀態更新。
[2026-08-24 16:27:08] ✨ [循環成功] 已完成第 2138 次背景資料寫入與狀態更新。
[2026-08-24 16:27:13] ✨ [循環成功] 已完成第 2139 次背景資料寫入與狀態更新。
[2026-08-24 16:27:18] ✨ [循環成功] 已完成第 2140 次背景資料寫入與狀態更新。
[2026-08-24 16:27:23] ✨ [循環成功] 已完成第 2141 次背景資料寫入與狀態更新。
[2026-08-24 16:27:28] ✨ [循環成功] 已完成第 2142 次背景資料寫入與狀態更新。
[2026-08-24 16:27:33] ✨ [循環成功] 已完成第 2143 次背景資料寫入與狀態更新。
[2026-08-24 16:27:38] ✨ [循環成功] 已完成第 2144 次背景資料寫入與狀態更新。
[2026-08-24 16:27:43] ✨ [循環成功] 已完成第 2145 次背景資料寫入與狀態更新。
[2026-08-24 16:27:48] ✨ [循環成功] 已完成第 2146 次背景資料寫入與狀態更新。
[2026-08-24 16:27:53] ✨ [循環成功] 已完成第 2147 次背景資料寫入與狀態更新。
[2026-08-24 16:27:58] ✨ [循環成功] 已完成第 2148 次背景資料寫入與狀態更新。
[2026-08-24 16:28:03] ✨ [循環成功] 已完成第 2149 次背景資料寫入與狀態更新。
[2026-08-24 16:28:08] ✨ [循環成功] 已完成第 2150 次背景資料寫入與狀態更新。
[2026-08-24 16:28:14] ✨ [循環成功] 已完成第 2151 次背景資料寫入與狀態更新。
[2026-08-24 16:28:19] ✨ [循環成功] 已完成第 2152 次背景資料寫入與狀態更新。
[2026-08-24 16:28:24] ✨ [循環成功] 已完成第 2153 次背景資料寫入與狀態更新。
[2026-08-24 16:28:29] ✨ [循環成功] 已完成第 2154 次背景資料寫入與狀態更新。
[2026-08-24 16:28:34] ✨ [循環成功] 已完成第 2155 次背景資料寫入與狀態更新。
[2026-08-24 16:28:39] ✨ [循環成功] 已完成第 2156 次背景資料寫入與狀態更新。
[2026-08-24 16:28:44] ✨ [循環成功] 已完成第 2157 次背景資料寫入與狀態更新。
[2026-08-24 16:28:49] ✨ [循環成功] 已完成第 2158 次背景資料寫入與狀態更新。
[2026-08-24 16:28:54] ✨ [循環成功] 已完成第 2159 次背景資料寫入與狀態更新。
[2026-08-24 16:28:59] ✨ [循環成功] 已完成第 2160 次背景資料寫入與狀態更新。
[2026-08-24 16:29:04] ✨ [循環成功] 已完成第 2161 次背景資料寫入與狀態更新。
[2026-08-24 16:29:09] ✨ [循環成功] 已完成第 2162 次背景資料寫入與狀態更新。
[2026-08-24 16:29:14] ✨ [循環成功] 已完成第 2163 次背景資料寫入與狀態更新。
[2026-08-24 16:29:19] ✨ [循環成功] 已完成第 2164 次背景資料寫入與狀態更新。
[2026-08-24 16:29:24] ✨ [循環成功] 已完成第 2165 次背景資料寫入與狀態更新。
[2026-08-24 16:29:29] ✨ [循環成功] 已完成第 2166 次背景資料寫入與狀態更新。
[2026-08-24 16:29:34] ✨ [循環成功] 已完成第 2167 次背景資料寫入與狀態更新。
[2026-08-24 16:29:39] ✨ [循環成功] 已完成第 2168 次背景資料寫入與狀態更新。
[2026-08-24 16:29:44] ✨ [循環成功] 已完成第 2169 次背景資料寫入與狀態更新。
[2026-08-24 16:29:49] ✨ [循環成功] 已完成第 2170 次背景資料寫入與狀態更新。
[2026-08-24 16:29:54] ✨ [循環成功] 已完成第 2171 次背景資料寫入與狀態更新。
[2026-08-24 16:29:59] ✨ [循環成功] 已完成第 2172 次背景資料寫入與狀態更新。
[2026-08-24 16:30:04] ✨ [循環成功] 已完成第 2173 次背景資料寫入與狀態更新。
[2026-08-24 16:30:09] ✨ [循環成功] 已完成第 2174 次背景資料寫入與狀態更新。
[2026-08-24 16:30:14] ✨ [循環成功] 已完成第 2175 次背景資料寫入與狀態更新。
[2026-08-24 16:30:19] ✨ [循環成功] 已完成第 2176 次背景資料寫入與狀態更新。
[2026-08-24 16:30:25] ✨ [循環成功] 已完成第 2177 次背景資料寫入與狀態更新。
[2026-08-24 16:30:30] ✨ [循環成功] 已完成第 2178 次背景資料寫入與狀態更新。
[2026-08-24 16:30:35] ✨ [循環成功] 已完成第 2179 次背景資料寫入與狀態更新。
[2026-08-24 16:30:40] ✨ [循環成功] 已完成第 2180 次背景資料寫入與狀態更新。
[2026-08-24 16:30:45] ✨ [循環成功] 已完成第 2181 次背景資料寫入與狀態更新。
[2026-08-24 16:30:50] ✨ [循環成功] 已完成第 2182 次背景資料寫入與狀態更新。
[2026-08-24 16:30:55] ✨ [循環成功] 已完成第 2183 次背景資料寫入與狀態更新。
[2026-08-24 16:31:00] ✨ [循環成功] 已完成第 2184 次背景資料寫入與狀態更新。
[2026-08-24 16:31:05] ✨ [循環成功] 已完成第 2185 次背景資料寫入與狀態更新。
[2026-08-24 16:31:10] ✨ [循環成功] 已完成第 2186 次背景資料寫入與狀態更新。
[2026-08-24 16:31:15] ✨ [循環成功] 已完成第 2187 次背景資料寫入與狀態更新。
[2026-08-24 16:31:20] ✨ [循環成功] 已完成第 2188 次背景資料寫入與狀態更新。
[2026-08-24 16:31:25] ✨ [循環成功] 已完成第 2189 次背景資料寫入與狀態更新。
[2026-08-24 16:31:30] ✨ [循環成功] 已完成第 2190 次背景資料寫入與狀態更新。
[2026-08-24 16:31:35] ✨ [循環成功] 已完成第 2191 次背景資料寫入與狀態更新。
[2026-08-24 16:31:40] ✨ [循環成功] 已完成第 2192 次背景資料寫入與狀態更新。
[2026-08-24 16:31:45] ✨ [循環成功] 已完成第 2193 次背景資料寫入與狀態更新。
[2026-08-24 16:31:50] ✨ [循環成功] 已完成第 2194 次背景資料寫入與狀態更新。
[2026-08-24 16:31:55] ✨ [循環成功] 已完成第 2195 次背景資料寫入與狀態更新。
[2026-08-24 16:32:00] ✨ [循環成功] 已完成第 2196 次背景資料寫入與狀態更新。
[2026-08-24 16:32:05] ✨ [循環成功] 已完成第 2197 次背景資料寫入與狀態更新。
[2026-08-24 16:32:10] ✨ [循環成功] 已完成第 2198 次背景資料寫入與狀態更新。
[2026-08-24 16:32:15] ✨ [循環成功] 已完成第 2199 次背景資料寫入與狀態更新。
[2026-08-24 16:32:20] ✨ [循環成功] 已完成第 2200 次背景資料寫入與狀態更新。
[2026-08-24 16:32:25] ✨ [循環成功] 已完成第 2201 次背景資料寫入與狀態更新。
[2026-08-24 16:32:30] ✨ [循環成功] 已完成第 2202 次背景資料寫入與狀態更新。
[2026-08-24 16:32:36] ✨ [循環成功] 已完成第 2203 次背景資料寫入與狀態更新。
[2026-08-24 16:32:41] ✨ [循環成功] 已完成第 2204 次背景資料寫入與狀態更新。
[2026-08-24 16:32:46] ✨ [循環成功] 已完成第 2205 次背景資料寫入與狀態更新。
[2026-08-24 16:32:51] ✨ [循環成功] 已完成第 2206 次背景資料寫入與狀態更新。
[2026-08-24 16:32:56] ✨ [循環成功] 已完成第 2207 次背景資料寫入與狀態更新。
[2026-08-24 16:33:01] ✨ [循環成功] 已完成第 2208 次背景資料寫入與狀態更新。
[2026-08-24 16:33:06] ✨ [循環成功] 已完成第 2209 次背景資料寫入與狀態更新。
[2026-08-24 16:33:11] ✨ [循環成功] 已完成第 2210 次背景資料寫入與狀態更新。
[2026-08-24 16:33:16] ✨ [循環成功] 已完成第 2211 次背景資料寫入與狀態更新。
[2026-08-24 16:33:21] ✨ [循環成功] 已完成第 2212 次背景資料寫入與狀態更新。
[2026-08-24 16:33:26] ✨ [循環成功] 已完成第 2213 次背景資料寫入與狀態更新。
[2026-08-24 16:33:31] ✨ [循環成功] 已完成第 2214 次背景資料寫入與狀態更新。
[2026-08-24 16:33:36] ✨ [循環成功] 已完成第 2215 次背景資料寫入與狀態更新。
[2026-08-24 16:33:41] ✨ [循環成功] 已完成第 2216 次背景資料寫入與狀態更新。
[2026-08-24 16:33:46] ✨ [循環成功] 已完成第 2217 次背景資料寫入與狀態更新。
[2026-08-24 16:33:51] ✨ [循環成功] 已完成第 2218 次背景資料寫入與狀態更新。
[2026-08-24 16:33:56] ✨ [循環成功] 已完成第 2219 次背景資料寫入與狀態更新。
[2026-08-24 16:34:01] ✨ [循環成功] 已完成第 2220 次背景資料寫入與狀態更新。
[2026-08-24 16:34:06] ✨ [循環成功] 已完成第 2221 次背景資料寫入與狀態更新。
[2026-08-24 16:34:11] ✨ [循環成功] 已完成第 2222 次背景資料寫入與狀態更新。
[2026-08-24 16:34:16] ✨ [循環成功] 已完成第 2223 次背景資料寫入與狀態更新。
[2026-08-24 16:34:21] ✨ [循環成功] 已完成第 2224 次背景資料寫入與狀態更新。
[2026-08-24 16:34:26] ✨ [循環成功] 已完成第 2225 次背景資料寫入與狀態更新。
[2026-08-24 16:34:31] ✨ [循環成功] 已完成第 2226 次背景資料寫入與狀態更新。
[2026-08-24 16:34:36] ✨ [循環成功] 已完成第 2227 次背景資料寫入與狀態更新。
[2026-08-24 16:34:41] ✨ [循環成功] 已完成第 2228 次背景資料寫入與狀態更新。
[2026-08-24 16:34:46] ✨ [循環成功] 已完成第 2229 次背景資料寫入與狀態更新。
[2026-08-24 16:34:52] ✨ [循環成功] 已完成第 2230 次背景資料寫入與狀態更新。
[2026-08-24 16:34:57] ✨ [循環成功] 已完成第 2231 次背景資料寫入與狀態更新。
[2026-08-24 16:35:02] ✨ [循環成功] 已完成第 2232 次背景資料寫入與狀態更新。
[2026-08-24 16:35:07] ✨ [循環成功] 已完成第 2233 次背景資料寫入與狀態更新。
[2026-08-24 16:35:12] ✨ [循環成功] 已完成第 2234 次背景資料寫入與狀態更新。
[2026-08-24 16:35:17] ✨ [循環成功] 已完成第 2235 次背景資料寫入與狀態更新。
[2026-08-24 16:35:22] ✨ [循環成功] 已完成第 2236 次背景資料寫入與狀態更新。
[2026-08-24 16:35:27] ✨ [循環成功] 已完成第 2237 次背景資料寫入與狀態更新。
[2026-08-24 16:35:32] ✨ [循環成功] 已完成第 2238 次背景資料寫入與狀態更新。
[2026-08-24 16:35:37] ✨ [循環成功] 已完成第 2239 次背景資料寫入與狀態更新。
[2026-08-24 16:35:42] ✨ [循環成功] 已完成第 2240 次背景資料寫入與狀態更新。
[2026-08-24 16:35:47] ✨ [循環成功] 已完成第 2241 次背景資料寫入與狀態更新。
[2026-08-24 16:35:52] ✨ [循環成功] 已完成第 2242 次背景資料寫入與狀態更新。
[2026-08-24 16:35:57] ✨ [循環成功] 已完成第 2243 次背景資料寫入與狀態更新。
[2026-08-24 16:36:02] ✨ [循環成功] 已完成第 2244 次背景資料寫入與狀態更新。
[2026-08-24 16:36:07] ✨ [循環成功] 已完成第 2245 次背景資料寫入與狀態更新。
[2026-08-24 16:36:12] ✨ [循環成功] 已完成第 2246 次背景資料寫入與狀態更新。
[2026-08-24 16:36:17] ✨ [循環成功] 已完成第 2247 次背景資料寫入與狀態更新。
[2026-08-24 16:36:22] ✨ [循環成功] 已完成第 2248 次背景資料寫入與狀態更新。
[2026-08-24 16:36:27] ✨ [循環成功] 已完成第 2249 次背景資料寫入與狀態更新。
[2026-08-24 16:36:32] ✨ [循環成功] 已完成第 2250 次背景資料寫入與狀態更新。
[2026-08-24 16:36:37] ✨ [循環成功] 已完成第 2251 次背景資料寫入與狀態更新。
[2026-08-24 16:36:42] ✨ [循環成功] 已完成第 2252 次背景資料寫入與狀態更新。
[2026-08-24 16:36:47] ✨ [循環成功] 已完成第 2253 次背景資料寫入與狀態更新。
[2026-08-24 16:36:52] ✨ [循環成功] 已完成第 2254 次背景資料寫入與狀態更新。
[2026-08-24 16:36:57] ✨ [循環成功] 已完成第 2255 次背景資料寫入與狀態更新。
[2026-08-24 16:37:03] ✨ [循環成功] 已完成第 2256 次背景資料寫入與狀態更新。
[2026-08-24 16:37:08] ✨ [循環成功] 已完成第 2257 次背景資料寫入與狀態更新。
[2026-08-24 16:37:13] ✨ [循環成功] 已完成第 2258 次背景資料寫入與狀態更新。
[2026-08-24 16:37:18] ✨ [循環成功] 已完成第 2259 次背景資料寫入與狀態更新。
[2026-08-24 16:37:23] ✨ [循環成功] 已完成第 2260 次背景資料寫入與狀態更新。
[2026-08-24 16:37:28] ✨ [循環成功] 已完成第 2261 次背景資料寫入與狀態更新。
[2026-08-24 16:37:33] ✨ [循環成功] 已完成第 2262 次背景資料寫入與狀態更新。
[2026-08-24 16:37:38] ✨ [循環成功] 已完成第 2263 次背景資料寫入與狀態更新。
[2026-08-24 16:37:43] ✨ [循環成功] 已完成第 2264 次背景資料寫入與狀態更新。
[2026-08-24 16:37:48] ✨ [循環成功] 已完成第 2265 次背景資料寫入與狀態更新。
[2026-08-24 16:37:53] ✨ [循環成功] 已完成第 2266 次背景資料寫入與狀態更新。
[2026-08-24 16:37:58] ✨ [循環成功] 已完成第 2267 次背景資料寫入與狀態更新。
[2026-08-24 16:38:03] ✨ [循環成功] 已完成第 2268 次背景資料寫入與狀態更新。
[2026-08-24 16:38:08] ✨ [循環成功] 已完成第 2269 次背景資料寫入與狀態更新。
[2026-08-24 16:38:13] ✨ [循環成功] 已完成第 2270 次背景資料寫入與狀態更新。
[2026-08-24 16:38:18] ✨ [循環成功] 已完成第 2271 次背景資料寫入與狀態更新。
[2026-08-24 16:38:23] ✨ [循環成功] 已完成第 2272 次背景資料寫入與狀態更新。
[2026-08-24 16:38:28] ✨ [循環成功] 已完成第 2273 次背景資料寫入與狀態更新。
[2026-08-24 16:38:33] ✨ [循環成功] 已完成第 2274 次背景資料寫入與狀態更新。
[2026-08-24 16:38:38] ✨ [循環成功] 已完成第 2275 次背景資料寫入與狀態更新。
[2026-08-24 16:38:43] ✨ [循環成功] 已完成第 2276 次背景資料寫入與狀態更新。
[2026-08-24 16:38:48] ✨ [循環成功] 已完成第 2277 次背景資料寫入與狀態更新。
[2026-08-24 16:38:53] ✨ [循環成功] 已完成第 2278 次背景資料寫入與狀態更新。
[2026-08-24 16:38:58] ✨ [循環成功] 已完成第 2279 次背景資料寫入與狀態更新。
[2026-08-24 16:39:03] ✨ [循環成功] 已完成第 2280 次背景資料寫入與狀態更新。
[2026-08-24 16:39:08] ✨ [循環成功] 已完成第 2281 次背景資料寫入與狀態更新。
[2026-08-24 16:39:14] ✨ [循環成功] 已完成第 2282 次背景資料寫入與狀態更新。
[2026-08-24 16:39:19] ✨ [循環成功] 已完成第 2283 次背景資料寫入與狀態更新。
[2026-08-24 16:39:24] ✨ [循環成功] 已完成第 2284 次背景資料寫入與狀態更新。
[2026-08-24 16:39:29] ✨ [循環成功] 已完成第 2285 次背景資料寫入與狀態更新。
[2026-08-24 16:39:34] ✨ [循環成功] 已完成第 2286 次背景資料寫入與狀態更新。
[2026-08-24 16:39:39] ✨ [循環成功] 已完成第 2287 次背景資料寫入與狀態更新。
[2026-08-24 16:39:44] ✨ [循環成功] 已完成第 2288 次背景資料寫入與狀態更新。
[2026-08-24 16:39:49] ✨ [循環成功] 已完成第 2289 次背景資料寫入與狀態更新。
[2026-08-24 16:39:54] ✨ [循環成功] 已完成第 2290 次背景資料寫入與狀態更新。
[2026-08-24 16:39:59] ✨ [循環成功] 已完成第 2291 次背景資料寫入與狀態更新。
[2026-08-24 16:40:04] ✨ [循環成功] 已完成第 2292 次背景資料寫入與狀態更新。
[2026-08-24 16:40:09] ✨ [循環成功] 已完成第 2293 次背景資料寫入與狀態更新。
[2026-08-24 16:40:14] ✨ [循環成功] 已完成第 2294 次背景資料寫入與狀態更新。
[2026-08-24 16:40:19] ✨ [循環成功] 已完成第 2295 次背景資料寫入與狀態更新。
[2026-08-24 16:40:24] ✨ [循環成功] 已完成第 2296 次背景資料寫入與狀態更新。
[2026-08-24 16:40:29] ✨ [循環成功] 已完成第 2297 次背景資料寫入與狀態更新。
[2026-08-24 16:40:34] ✨ [循環成功] 已完成第 2298 次背景資料寫入與狀態更新。
[2026-08-24 16:40:39] ✨ [循環成功] 已完成第 2299 次背景資料寫入與狀態更新。
[2026-08-24 16:40:44] ✨ [循環成功] 已完成第 2300 次背景資料寫入與狀態更新。
[2026-08-24 16:40:49] ✨ [循環成功] 已完成第 2301 次背景資料寫入與狀態更新。
[2026-08-24 16:40:54] ✨ [循環成功] 已完成第 2302 次背景資料寫入與狀態更新。
[2026-08-24 16:40:59] ✨ [循環成功] 已完成第 2303 次背景資料寫入與狀態更新。
[2026-08-24 16:41:04] ✨ [循環成功] 已完成第 2304 次背景資料寫入與狀態更新。
[2026-08-24 16:41:09] ✨ [循環成功] 已完成第 2305 次背景資料寫入與狀態更新。
[2026-08-24 16:41:14] ✨ [循環成功] 已完成第 2306 次背景資料寫入與狀態更新。
[2026-08-24 16:41:19] ✨ [循環成功] 已完成第 2307 次背景資料寫入與狀態更新。
[2026-08-24 16:41:24] ✨ [循環成功] 已完成第 2308 次背景資料寫入與狀態更新。
[2026-08-24 16:41:29] ✨ [循環成功] 已完成第 2309 次背景資料寫入與狀態更新。
[2026-08-24 16:41:34] ✨ [循環成功] 已完成第 2310 次背景資料寫入與狀態更新。
[2026-08-24 16:41:39] ✨ [循環成功] 已完成第 2311 次背景資料寫入與狀態更新。
[2026-08-24 16:41:45] ✨ [循環成功] 已完成第 2312 次背景資料寫入與狀態更新。
[2026-08-24 16:41:50] ✨ [循環成功] 已完成第 2313 次背景資料寫入與狀態更新。
[2026-08-24 16:41:55] ✨ [循環成功] 已完成第 2314 次背景資料寫入與狀態更新。
[2026-08-24 16:42:00] ✨ [循環成功] 已完成第 2315 次背景資料寫入與狀態更新。
[2026-08-24 16:42:05] ✨ [循環成功] 已完成第 2316 次背景資料寫入與狀態更新。
[2026-08-24 16:42:10] ✨ [循環成功] 已完成第 2317 次背景資料寫入與狀態更新。
[2026-08-24 16:42:15] ✨ [循環成功] 已完成第 2318 次背景資料寫入與狀態更新。
[2026-08-24 16:42:20] ✨ [循環成功] 已完成第 2319 次背景資料寫入與狀態更新。
[2026-08-24 16:42:25] ✨ [循環成功] 已完成第 2320 次背景資料寫入與狀態更新。
[2026-08-24 16:42:30] ✨ [循環成功] 已完成第 2321 次背景資料寫入與狀態更新。
[2026-08-24 16:42:35] ✨ [循環成功] 已完成第 2322 次背景資料寫入與狀態更新。
[2026-08-24 16:42:40] ✨ [循環成功] 已完成第 2323 次背景資料寫入與狀態更新。
[2026-08-24 16:42:45] ✨ [循環成功] 已完成第 2324 次背景資料寫入與狀態更新。
[2026-08-24 16:42:50] ✨ [循環成功] 已完成第 2325 次背景資料寫入與狀態更新。
[2026-08-24 16:42:55] ✨ [循環成功] 已完成第 2326 次背景資料寫入與狀態更新。
[2026-08-24 16:43:00] ✨ [循環成功] 已完成第 2327 次背景資料寫入與狀態更新。
[2026-08-24 16:43:05] ✨ [循環成功] 已完成第 2328 次背景資料寫入與狀態更新。
[2026-08-24 16:43:10] ✨ [循環成功] 已完成第 2329 次背景資料寫入與狀態更新。
[2026-08-24 16:43:15] ✨ [循環成功] 已完成第 2330 次背景資料寫入與狀態更新。
[2026-08-24 16:43:20] ✨ [循環成功] 已完成第 2331 次背景資料寫入與狀態更新。
[2026-08-24 16:43:25] ✨ [循環成功] 已完成第 2332 次背景資料寫入與狀態更新。
[2026-08-24 16:43:30] ✨ [循環成功] 已完成第 2333 次背景資料寫入與狀態更新。
[2026-08-24 16:43:35] ✨ [循環成功] 已完成第 2334 次背景資料寫入與狀態更新。
[2026-08-24 16:43:41] ✨ [循環成功] 已完成第 2335 次背景資料寫入與狀態更新。
[2026-08-24 16:43:46] ✨ [循環成功] 已完成第 2336 次背景資料寫入與狀態更新。
[2026-08-24 16:43:51] ✨ [循環成功] 已完成第 2337 次背景資料寫入與狀態更新。
[2026-08-24 16:43:56] ✨ [循環成功] 已完成第 2338 次背景資料寫入與狀態更新。
[2026-08-24 16:44:01] ✨ [循環成功] 已完成第 2339 次背景資料寫入與狀態更新。
[2026-08-24 16:44:06] ✨ [循環成功] 已完成第 2340 次背景資料寫入與狀態更新。
[2026-08-24 16:44:11] ✨ [循環成功] 已完成第 2341 次背景資料寫入與狀態更新。
[2026-08-24 16:44:16] ✨ [循環成功] 已完成第 2342 次背景資料寫入與狀態更新。
[2026-08-24 16:44:21] ✨ [循環成功] 已完成第 2343 次背景資料寫入與狀態更新。
[2026-08-24 16:44:26] ✨ [循環成功] 已完成第 2344 次背景資料寫入與狀態更新。
[2026-08-24 16:44:31] ✨ [循環成功] 已完成第 2345 次背景資料寫入與狀態更新。
[2026-08-24 16:44:36] ✨ [循環成功] 已完成第 2346 次背景資料寫入與狀態更新。
[2026-08-24 16:44:41] ✨ [循環成功] 已完成第 2347 次背景資料寫入與狀態更新。
[2026-08-24 16:44:46] ✨ [循環成功] 已完成第 2348 次背景資料寫入與狀態更新。
[2026-08-24 16:44:51] ✨ [循環成功] 已完成第 2349 次背景資料寫入與狀態更新。
[2026-08-24 16:44:56] ✨ [循環成功] 已完成第 2350 次背景資料寫入與狀態更新。
[2026-08-24 16:45:01] ✨ [循環成功] 已完成第 2351 次背景資料寫入與狀態更新。
[2026-08-24 16:45:06] ✨ [循環成功] 已完成第 2352 次背景資料寫入與狀態更新。
[2026-08-24 16:45:11] ✨ [循環成功] 已完成第 2353 次背景資料寫入與狀態更新。
[2026-08-24 16:45:16] ✨ [循環成功] 已完成第 2354 次背景資料寫入與狀態更新。
[2026-08-24 16:45:21] ✨ [循環成功] 已完成第 2355 次背景資料寫入與狀態更新。
[2026-08-24 16:45:26] ✨ [循環成功] 已完成第 2356 次背景資料寫入與狀態更新。
[2026-08-24 16:45:31] ✨ [循環成功] 已完成第 2357 次背景資料寫入與狀態更新。
[2026-08-24 16:45:36] ✨ [循環成功] 已完成第 2358 次背景資料寫入與狀態更新。
[2026-08-24 16:45:41] ✨ [循環成功] 已完成第 2359 次背景資料寫入與狀態更新。
[2026-08-24 16:45:46] ✨ [循環成功] 已完成第 2360 次背景資料寫入與狀態更新。
[2026-08-24 16:45:52] ✨ [循環成功] 已完成第 2361 次背景資料寫入與狀態更新。
[2026-08-24 16:45:57] ✨ [循環成功] 已完成第 2362 次背景資料寫入與狀態更新。
[2026-08-24 16:46:02] ✨ [循環成功] 已完成第 2363 次背景資料寫入與狀態更新。
[2026-08-24 16:46:07] ✨ [循環成功] 已完成第 2364 次背景資料寫入與狀態更新。
[2026-08-24 16:46:12] ✨ [循環成功] 已完成第 2365 次背景資料寫入與狀態更新。
[2026-08-24 16:46:17] ✨ [循環成功] 已完成第 2366 次背景資料寫入與狀態更新。
[2026-08-24 16:46:22] ✨ [循環成功] 已完成第 2367 次背景資料寫入與狀態更新。
[2026-08-24 16:46:27] ✨ [循環成功] 已完成第 2368 次背景資料寫入與狀態更新。
[2026-08-24 16:46:32] ✨ [循環成功] 已完成第 2369 次背景資料寫入與狀態更新。
[2026-08-24 16:46:37] ✨ [循環成功] 已完成第 2370 次背景資料寫入與狀態更新。
[2026-08-24 16:46:42] ✨ [循環成功] 已完成第 2371 次背景資料寫入與狀態更新。
[2026-08-24 16:46:47] ✨ [循環成功] 已完成第 2372 次背景資料寫入與狀態更新。
[2026-08-24 16:46:52] ✨ [循環成功] 已完成第 2373 次背景資料寫入與狀態更新。
[2026-08-24 16:46:57] ✨ [循環成功] 已完成第 2374 次背景資料寫入與狀態更新。
[2026-08-24 16:47:02] ✨ [循環成功] 已完成第 2375 次背景資料寫入與狀態更新。
[2026-08-24 16:47:07] ✨ [循環成功] 已完成第 2376 次背景資料寫入與狀態更新。
[2026-08-24 16:47:12] ✨ [循環成功] 已完成第 2377 次背景資料寫入與狀態更新。
[2026-08-24 16:47:17] ✨ [循環成功] 已完成第 2378 次背景資料寫入與狀態更新。
[2026-08-24 16:47:22] ✨ [循環成功] 已完成第 2379 次背景資料寫入與狀態更新。
[2026-08-24 16:47:27] ✨ [循環成功] 已完成第 2380 次背景資料寫入與狀態更新。
[2026-08-24 16:47:32] ✨ [循環成功] 已完成第 2381 次背景資料寫入與狀態更新。
[2026-08-24 16:47:37] ✨ [循環成功] 已完成第 2382 次背景資料寫入與狀態更新。
[2026-08-24 16:47:42] ✨ [循環成功] 已完成第 2383 次背景資料寫入與狀態更新。
[2026-08-24 16:47:47] ✨ [循環成功] 已完成第 2384 次背景資料寫入與狀態更新。
[2026-08-24 16:47:53] ✨ [循環成功] 已完成第 2385 次背景資料寫入與狀態更新。
[2026-08-24 16:47:58] ✨ [循環成功] 已完成第 2386 次背景資料寫入與狀態更新。
[2026-08-24 16:48:03] ✨ [循環成功] 已完成第 2387 次背景資料寫入與狀態更新。
[2026-08-24 16:48:08] ✨ [循環成功] 已完成第 2388 次背景資料寫入與狀態更新。
[2026-08-24 16:48:13] ✨ [循環成功] 已完成第 2389 次背景資料寫入與狀態更新。
[2026-08-24 16:48:18] ✨ [循環成功] 已完成第 2390 次背景資料寫入與狀態更新。
[2026-08-24 16:48:23] ✨ [循環成功] 已完成第 2391 次背景資料寫入與狀態更新。
[2026-08-24 16:48:28] ✨ [循環成功] 已完成第 2392 次背景資料寫入與狀態更新。
[2026-08-24 16:48:33] ✨ [循環成功] 已完成第 2393 次背景資料寫入與狀態更新。
[2026-08-24 16:48:38] ✨ [循環成功] 已完成第 2394 次背景資料寫入與狀態更新。
[2026-08-24 16:48:43] ✨ [循環成功] 已完成第 2395 次背景資料寫入與狀態更新。
[2026-08-24 16:48:48] ✨ [循環成功] 已完成第 2396 次背景資料寫入與狀態更新。
[2026-08-24 16:48:53] ✨ [循環成功] 已完成第 2397 次背景資料寫入與狀態更新。
[2026-08-24 16:48:58] ✨ [循環成功] 已完成第 2398 次背景資料寫入與狀態更新。
[2026-08-24 16:49:03] ✨ [循環成功] 已完成第 2399 次背景資料寫入與狀態更新。
[2026-08-24 16:49:08] ✨ [循環成功] 已完成第 2400 次背景資料寫入與狀態更新。
[2026-08-24 16:49:13] ✨ [循環成功] 已完成第 2401 次背景資料寫入與狀態更新。
[2026-08-24 16:49:18] ✨ [循環成功] 已完成第 2402 次背景資料寫入與狀態更新。
[2026-08-24 16:49:23] ✨ [循環成功] 已完成第 2403 次背景資料寫入與狀態更新。
[2026-08-24 16:49:28] ✨ [循環成功] 已完成第 2404 次背景資料寫入與狀態更新。
[2026-08-24 16:49:33] ✨ [循環成功] 已完成第 2405 次背景資料寫入與狀態更新。
[2026-08-24 16:49:38] ✨ [循環成功] 已完成第 2406 次背景資料寫入與狀態更新。
[2026-08-24 16:49:43] ✨ [循環成功] 已完成第 2407 次背景資料寫入與狀態更新。
[2026-08-24 16:49:48] ✨ [循環成功] 已完成第 2408 次背景資料寫入與狀態更新。
[2026-08-24 16:49:53] ✨ [循環成功] 已完成第 2409 次背景資料寫入與狀態更新。
[2026-08-24 16:49:58] ✨ [循環成功] 已完成第 2410 次背景資料寫入與狀態更新。
[2026-08-24 16:50:03] ✨ [循環成功] 已完成第 2411 次背景資料寫入與狀態更新。
[2026-08-24 16:50:09] ✨ [循環成功] 已完成第 2412 次背景資料寫入與狀態更新。
[2026-08-24 16:50:14] ✨ [循環成功] 已完成第 2413 次背景資料寫入與狀態更新。
[2026-08-24 16:50:19] ✨ [循環成功] 已完成第 2414 次背景資料寫入與狀態更新。
[2026-08-24 16:50:24] ✨ [循環成功] 已完成第 2415 次背景資料寫入與狀態更新。
[2026-08-24 16:50:29] ✨ [循環成功] 已完成第 2416 次背景資料寫入與狀態更新。
[2026-08-24 16:50:34] ✨ [循環成功] 已完成第 2417 次背景資料寫入與狀態更新。
[2026-08-24 16:50:39] ✨ [循環成功] 已完成第 2418 次背景資料寫入與狀態更新。
[2026-08-24 16:50:44] ✨ [循環成功] 已完成第 2419 次背景資料寫入與狀態更新。
[2026-08-24 16:50:49] ✨ [循環成功] 已完成第 2420 次背景資料寫入與狀態更新。
[2026-08-24 16:50:54] ✨ [循環成功] 已完成第 2421 次背景資料寫入與狀態更新。
[2026-08-24 16:50:59] ✨ [循環成功] 已完成第 2422 次背景資料寫入與狀態更新。
[2026-08-24 16:51:04] ✨ [循環成功] 已完成第 2423 次背景資料寫入與狀態更新。
[2026-08-24 16:51:09] ✨ [循環成功] 已完成第 2424 次背景資料寫入與狀態更新。
[2026-08-24 16:51:14] ✨ [循環成功] 已完成第 2425 次背景資料寫入與狀態更新。
[2026-08-24 16:51:19] ✨ [循環成功] 已完成第 2426 次背景資料寫入與狀態更新。
[2026-08-24 16:51:24] ✨ [循環成功] 已完成第 2427 次背景資料寫入與狀態更新。
[2026-08-24 16:51:29] ✨ [循環成功] 已完成第 2428 次背景資料寫入與狀態更新。
[2026-08-24 16:51:34] ✨ [循環成功] 已完成第 2429 次背景資料寫入與狀態更新。
[2026-08-24 16:51:39] ✨ [循環成功] 已完成第 2430 次背景資料寫入與狀態更新。
[2026-08-24 16:51:44] ✨ [循環成功] 已完成第 2431 次背景資料寫入與狀態更新。
[2026-08-24 16:51:49] ✨ [循環成功] 已完成第 2432 次背景資料寫入與狀態更新。
[2026-08-24 16:51:54] ✨ [循環成功] 已完成第 2433 次背景資料寫入與狀態更新。
[2026-08-24 16:51:59] ✨ [循環成功] 已完成第 2434 次背景資料寫入與狀態更新。
[2026-08-24 16:52:04] ✨ [循環成功] 已完成第 2435 次背景資料寫入與狀態更新。
[2026-08-24 16:52:09] ✨ [循環成功] 已完成第 2436 次背景資料寫入與狀態更新。
[2026-08-24 16:52:14] ✨ [循環成功] 已完成第 2437 次背景資料寫入與狀態更新。
[2026-08-24 16:52:19] ✨ [循環成功] 已完成第 2438 次背景資料寫入與狀態更新。
[2026-08-24 16:52:24] ✨ [循環成功] 已完成第 2439 次背景資料寫入與狀態更新。
[2026-08-24 16:52:29] ✨ [循環成功] 已完成第 2440 次背景資料寫入與狀態更新。
[2026-08-24 16:52:34] ✨ [循環成功] 已完成第 2441 次背景資料寫入與狀態更新。
[2026-08-24 16:52:40] ✨ [循環成功] 已完成第 2442 次背景資料寫入與狀態更新。
[2026-08-24 16:52:45] ✨ [循環成功] 已完成第 2443 次背景資料寫入與狀態更新。
[2026-08-24 16:52:50] ✨ [循環成功] 已完成第 2444 次背景資料寫入與狀態更新。
[2026-08-24 16:52:55] ✨ [循環成功] 已完成第 2445 次背景資料寫入與狀態更新。
[2026-08-24 16:53:00] ✨ [循環成功] 已完成第 2446 次背景資料寫入與狀態更新。
[2026-08-24 16:53:05] ✨ [循環成功] 已完成第 2447 次背景資料寫入與狀態更新。
[2026-08-24 16:53:10] ✨ [循環成功] 已完成第 2448 次背景資料寫入與狀態更新。
[2026-08-24 16:53:15] ✨ [循環成功] 已完成第 2449 次背景資料寫入與狀態更新。
[2026-08-24 16:53:20] ✨ [循環成功] 已完成第 2450 次背景資料寫入與狀態更新。
[2026-08-24 16:53:25] ✨ [循環成功] 已完成第 2451 次背景資料寫入與狀態更新。
[2026-08-24 16:53:30] ✨ [循環成功] 已完成第 2452 次背景資料寫入與狀態更新。
[2026-08-24 16:53:35] ✨ [循環成功] 已完成第 2453 次背景資料寫入與狀態更新。
[2026-08-24 16:53:40] ✨ [循環成功] 已完成第 2454 次背景資料寫入與狀態更新。
[2026-08-24 16:53:45] ✨ [循環成功] 已完成第 2455 次背景資料寫入與狀態更新。
[2026-08-24 16:53:50] ✨ [循環成功] 已完成第 2456 次背景資料寫入與狀態更新。
[2026-08-24 16:53:55] ✨ [循環成功] 已完成第 2457 次背景資料寫入與狀態更新。
[2026-08-24 16:54:00] ✨ [循環成功] 已完成第 2458 次背景資料寫入與狀態更新。
[2026-08-24 16:54:05] ✨ [循環成功] 已完成第 2459 次背景資料寫入與狀態更新。
[2026-08-24 16:54:10] ✨ [循環成功] 已完成第 2460 次背景資料寫入與狀態更新。
[2026-08-24 16:54:15] ✨ [循環成功] 已完成第 2461 次背景資料寫入與狀態更新。
[2026-08-24 16:54:20] ✨ [循環成功] 已完成第 2462 次背景資料寫入與狀態更新。
[2026-08-24 16:54:25] ✨ [循環成功] 已完成第 2463 次背景資料寫入與狀態更新。
[2026-08-24 16:54:30] ✨ [循環成功] 已完成第 2464 次背景資料寫入與狀態更新。
[2026-08-24 16:54:35] ✨ [循環成功] 已完成第 2465 次背景資料寫入與狀態更新。
[2026-08-24 16:54:40] ✨ [循環成功] 已完成第 2466 次背景資料寫入與狀態更新。
[2026-08-24 16:54:45] ✨ [循環成功] 已完成第 2467 次背景資料寫入與狀態更新。
[2026-08-24 16:54:51] ✨ [循環成功] 已完成第 2468 次背景資料寫入與狀態更新。
[2026-08-24 16:54:56] ✨ [循環成功] 已完成第 2469 次背景資料寫入與狀態更新。
[2026-08-24 16:55:01] ✨ [循環成功] 已完成第 2470 次背景資料寫入與狀態更新。
[2026-08-24 16:55:06] ✨ [循環成功] 已完成第 2471 次背景資料寫入與狀態更新。
[2026-08-24 16:55:11] ✨ [循環成功] 已完成第 2472 次背景資料寫入與狀態更新。
[2026-08-24 16:55:16] ✨ [循環成功] 已完成第 2473 次背景資料寫入與狀態更新。
[2026-08-24 16:55:21] ✨ [循環成功] 已完成第 2474 次背景資料寫入與狀態更新。
[2026-08-24 16:55:26] ✨ [循環成功] 已完成第 2475 次背景資料寫入與狀態更新。
[2026-08-24 16:55:31] ✨ [循環成功] 已完成第 2476 次背景資料寫入與狀態更新。
[2026-08-24 16:55:36] ✨ [循環成功] 已完成第 2477 次背景資料寫入與狀態更新。
[2026-08-24 16:55:41] ✨ [循環成功] 已完成第 2478 次背景資料寫入與狀態更新。
[2026-08-24 16:55:46] ✨ [循環成功] 已完成第 2479 次背景資料寫入與狀態更新。
[2026-08-24 16:55:51] ✨ [循環成功] 已完成第 2480 次背景資料寫入與狀態更新。
[2026-08-24 16:55:56] ✨ [循環成功] 已完成第 2481 次背景資料寫入與狀態更新。
[2026-08-24 16:56:01] ✨ [循環成功] 已完成第 2482 次背景資料寫入與狀態更新。
[2026-08-24 16:56:06] ✨ [循環成功] 已完成第 2483 次背景資料寫入與狀態更新。
[2026-08-24 16:56:11] ✨ [循環成功] 已完成第 2484 次背景資料寫入與狀態更新。
[2026-08-24 16:56:16] ✨ [循環成功] 已完成第 2485 次背景資料寫入與狀態更新。
[2026-08-24 16:56:21] ✨ [循環成功] 已完成第 2486 次背景資料寫入與狀態更新。
[2026-08-24 16:56:26] ✨ [循環成功] 已完成第 2487 次背景資料寫入與狀態更新。
[2026-08-24 16:56:31] ✨ [循環成功] 已完成第 2488 次背景資料寫入與狀態更新。
[2026-08-24 16:56:36] ✨ [循環成功] 已完成第 2489 次背景資料寫入與狀態更新。
[2026-08-24 16:56:41] ✨ [循環成功] 已完成第 2490 次背景資料寫入與狀態更新。
[2026-08-24 16:56:46] ✨ [循環成功] 已完成第 2491 次背景資料寫入與狀態更新。
[2026-08-24 16:56:51] ✨ [循環成功] 已完成第 2492 次背景資料寫入與狀態更新。
[2026-08-24 16:56:56] ✨ [循環成功] 已完成第 2493 次背景資料寫入與狀態更新。
[2026-08-24 16:57:02] ✨ [循環成功] 已完成第 2494 次背景資料寫入與狀態更新。
[2026-08-24 16:57:07] ✨ [循環成功] 已完成第 2495 次背景資料寫入與狀態更新。
[2026-08-24 16:57:12] ✨ [循環成功] 已完成第 2496 次背景資料寫入與狀態更新。
[2026-08-24 16:57:17] ✨ [循環成功] 已完成第 2497 次背景資料寫入與狀態更新。
[2026-08-24 16:57:22] ✨ [循環成功] 已完成第 2498 次背景資料寫入與狀態更新。
[2026-08-24 16:57:27] ✨ [循環成功] 已完成第 2499 次背景資料寫入與狀態更新。
[2026-08-24 16:57:32] ✨ [循環成功] 已完成第 2500 次背景資料寫入與狀態更新。
[2026-08-24 16:57:37] ✨ [循環成功] 已完成第 2501 次背景資料寫入與狀態更新。
[2026-08-24 16:57:42] ✨ [循環成功] 已完成第 2502 次背景資料寫入與狀態更新。
[2026-08-24 16:57:47] ✨ [循環成功] 已完成第 2503 次背景資料寫入與狀態更新。
[2026-08-24 16:57:52] ✨ [循環成功] 已完成第 2504 次背景資料寫入與狀態更新。
[2026-08-24 16:57:57] ✨ [循環成功] 已完成第 2505 次背景資料寫入與狀態更新。
[2026-08-24 16:58:02] ✨ [循環成功] 已完成第 2506 次背景資料寫入與狀態更新。
[2026-08-24 16:58:07] ✨ [循環成功] 已完成第 2507 次背景資料寫入與狀態更新。
[2026-08-24 16:58:12] ✨ [循環成功] 已完成第 2508 次背景資料寫入與狀態更新。
[2026-08-24 16:58:17] ✨ [循環成功] 已完成第 2509 次背景資料寫入與狀態更新。
[2026-08-24 16:58:22] ✨ [循環成功] 已完成第 2510 次背景資料寫入與狀態更新。
[2026-08-24 16:58:27] ✨ [循環成功] 已完成第 2511 次背景資料寫入與狀態更新。
[2026-08-24 16:58:32] ✨ [循環成功] 已完成第 2512 次背景資料寫入與狀態更新。
[2026-08-24 16:58:37] ✨ [循環成功] 已完成第 2513 次背景資料寫入與狀態更新。
[2026-08-24 16:58:42] ✨ [循環成功] 已完成第 2514 次背景資料寫入與狀態更新。
[2026-08-24 16:58:47] ✨ [循環成功] 已完成第 2515 次背景資料寫入與狀態更新。
[2026-08-24 16:58:52] ✨ [循環成功] 已完成第 2516 次背景資料寫入與狀態更新。
[2026-08-24 16:58:58] ✨ [循環成功] 已完成第 2517 次背景資料寫入與狀態更新。
[2026-08-24 16:59:03] ✨ [循環成功] 已完成第 2518 次背景資料寫入與狀態更新。
[2026-08-24 16:59:08] ✨ [循環成功] 已完成第 2519 次背景資料寫入與狀態更新。
[2026-08-24 16:59:13] ✨ [循環成功] 已完成第 2520 次背景資料寫入與狀態更新。
[2026-08-24 16:59:18] ✨ [循環成功] 已完成第 2521 次背景資料寫入與狀態更新。
[2026-08-24 16:59:23] ✨ [循環成功] 已完成第 2522 次背景資料寫入與狀態更新。
[2026-08-24 16:59:28] ✨ [循環成功] 已完成第 2523 次背景資料寫入與狀態更新。
[2026-08-24 16:59:33] ✨ [循環成功] 已完成第 2524 次背景資料寫入與狀態更新。
[2026-08-24 16:59:38] ✨ [循環成功] 已完成第 2525 次背景資料寫入與狀態更新。
[2026-08-24 16:59:43] ✨ [循環成功] 已完成第 2526 次背景資料寫入與狀態更新。
[2026-08-24 16:59:48] ✨ [循環成功] 已完成第 2527 次背景資料寫入與狀態更新。
[2026-08-24 16:59:53] ✨ [循環成功] 已完成第 2528 次背景資料寫入與狀態更新。
[2026-08-24 16:59:58] ✨ [循環成功] 已完成第 2529 次背景資料寫入與狀態更新。
[2026-08-24 17:00:03] ✨ [循環成功] 已完成第 2530 次背景資料寫入與狀態更新。
[2026-08-24 17:00:08] ✨ [循環成功] 已完成第 2531 次背景資料寫入與狀態更新。
[2026-08-24 17:00:13] ✨ [循環成功] 已完成第 2532 次背景資料寫入與狀態更新。
[2026-08-24 17:00:18] ✨ [循環成功] 已完成第 2533 次背景資料寫入與狀態更新。
[2026-08-24 17:00:23] ✨ [循環成功] 已完成第 2534 次背景資料寫入與狀態更新。
[2026-08-24 17:00:28] ✨ [循環成功] 已完成第 2535 次背景資料寫入與狀態更新。
[2026-08-24 17:00:33] ✨ [循環成功] 已完成第 2536 次背景資料寫入與狀態更新。
[2026-08-24 17:00:38] ✨ [循環成功] 已完成第 2537 次背景資料寫入與狀態更新。
[2026-08-24 17:00:43] ✨ [循環成功] 已完成第 2538 次背景資料寫入與狀態更新。
[2026-08-24 17:00:48] ✨ [循環成功] 已完成第 2539 次背景資料寫入與狀態更新。
[2026-08-24 17:00:53] ✨ [循環成功] 已完成第 2540 次背景資料寫入與狀態更新。
[2026-08-24 17:00:58] ✨ [循環成功] 已完成第 2541 次背景資料寫入與狀態更新。
[2026-08-24 17:01:03] ✨ [循環成功] 已完成第 2542 次背景資料寫入與狀態更新。
[2026-08-24 17:01:08] ✨ [循環成功] 已完成第 2543 次背景資料寫入與狀態更新。
[2026-08-24 17:01:13] ✨ [循環成功] 已完成第 2544 次背景資料寫入與狀態更新。
[2026-08-24 17:01:18] ✨ [循環成功] 已完成第 2545 次背景資料寫入與狀態更新。
[2026-08-24 17:01:23] ✨ [循環成功] 已完成第 2546 次背景資料寫入與狀態更新。
[2026-08-24 17:01:29] ✨ [循環成功] 已完成第 2547 次背景資料寫入與狀態更新。
[2026-08-24 17:01:34] ✨ [循環成功] 已完成第 2548 次背景資料寫入與狀態更新。
[2026-08-24 17:01:39] ✨ [循環成功] 已完成第 2549 次背景資料寫入與狀態更新。
[2026-08-24 17:01:44] ✨ [循環成功] 已完成第 2550 次背景資料寫入與狀態更新。
[2026-08-24 17:01:49] ✨ [循環成功] 已完成第 2551 次背景資料寫入與狀態更新。
[2026-08-24 17:01:54] ✨ [循環成功] 已完成第 2552 次背景資料寫入與狀態更新。
[2026-08-24 17:01:59] ✨ [循環成功] 已完成第 2553 次背景資料寫入與狀態更新。
[2026-08-24 17:02:04] ✨ [循環成功] 已完成第 2554 次背景資料寫入與狀態更新。
[2026-08-24 17:02:09] ✨ [循環成功] 已完成第 2555 次背景資料寫入與狀態更新。
[2026-08-24 17:02:14] ✨ [循環成功] 已完成第 2556 次背景資料寫入與狀態更新。
[2026-08-24 17:02:19] ✨ [循環成功] 已完成第 2557 次背景資料寫入與狀態更新。
[2026-08-24 17:02:24] ✨ [循環成功] 已完成第 2558 次背景資料寫入與狀態更新。
[2026-08-24 17:02:29] ✨ [循環成功] 已完成第 2559 次背景資料寫入與狀態更新。
[2026-08-24 17:02:34] ✨ [循環成功] 已完成第 2560 次背景資料寫入與狀態更新。
[2026-08-24 17:02:39] ✨ [循環成功] 已完成第 2561 次背景資料寫入與狀態更新。
[2026-08-24 17:02:44] ✨ [循環成功] 已完成第 2562 次背景資料寫入與狀態更新。
[2026-08-24 17:02:49] ✨ [循環成功] 已完成第 2563 次背景資料寫入與狀態更新。
[2026-08-24 17:02:54] ✨ [循環成功] 已完成第 2564 次背景資料寫入與狀態更新。
[2026-08-24 17:02:59] ✨ [循環成功] 已完成第 2565 次背景資料寫入與狀態更新。
[2026-08-24 17:03:04] ✨ [循環成功] 已完成第 2566 次背景資料寫入與狀態更新。
[2026-08-24 17:03:09] ✨ [循環成功] 已完成第 2567 次背景資料寫入與狀態更新。
[2026-08-24 17:03:14] ✨ [循環成功] 已完成第 2568 次背景資料寫入與狀態更新。
[2026-08-24 17:03:19] ✨ [循環成功] 已完成第 2569 次背景資料寫入與狀態更新。
[2026-08-24 17:03:24] ✨ [循環成功] 已完成第 2570 次背景資料寫入與狀態更新。
[2026-08-24 17:03:29] ✨ [循環成功] 已完成第 2571 次背景資料寫入與狀態更新。
[2026-08-24 17:03:34] ✨ [循環成功] 已完成第 2572 次背景資料寫入與狀態更新。
[2026-08-24 17:03:39] ✨ [循環成功] 已完成第 2573 次背景資料寫入與狀態更新。
[2026-08-24 17:03:44] ✨ [循環成功] 已完成第 2574 次背景資料寫入與狀態更新。
[2026-08-24 17:03:50] ✨ [循環成功] 已完成第 2575 次背景資料寫入與狀態更新。
[2026-08-24 17:03:55] ✨ [循環成功] 已完成第 2576 次背景資料寫入與狀態更新。
[2026-08-24 17:04:00] ✨ [循環成功] 已完成第 2577 次背景資料寫入與狀態更新。
[2026-08-24 17:04:05] ✨ [循環成功] 已完成第 2578 次背景資料寫入與狀態更新。
[2026-08-24 17:04:10] ✨ [循環成功] 已完成第 2579 次背景資料寫入與狀態更新。
[2026-08-24 17:04:15] ✨ [循環成功] 已完成第 2580 次背景資料寫入與狀態更新。
[2026-08-24 17:04:20] ✨ [循環成功] 已完成第 2581 次背景資料寫入與狀態更新。
[2026-08-24 17:04:25] ✨ [循環成功] 已完成第 2582 次背景資料寫入與狀態更新。
[2026-08-24 17:04:30] ✨ [循環成功] 已完成第 2583 次背景資料寫入與狀態更新。
[2026-08-24 17:04:35] ✨ [循環成功] 已完成第 2584 次背景資料寫入與狀態更新。
[2026-08-24 17:04:40] ✨ [循環成功] 已完成第 2585 次背景資料寫入與狀態更新。
[2026-08-24 17:04:45] ✨ [循環成功] 已完成第 2586 次背景資料寫入與狀態更新。
[2026-08-24 17:04:50] ✨ [循環成功] 已完成第 2587 次背景資料寫入與狀態更新。
[2026-08-24 17:04:55] ✨ [循環成功] 已完成第 2588 次背景資料寫入與狀態更新。
[2026-08-24 17:05:00] ✨ [循環成功] 已完成第 2589 次背景資料寫入與狀態更新。
[2026-08-24 17:05:05] ✨ [循環成功] 已完成第 2590 次背景資料寫入與狀態更新。
[2026-08-24 17:05:10] ✨ [循環成功] 已完成第 2591 次背景資料寫入與狀態更新。
[2026-08-24 17:05:15] ✨ [循環成功] 已完成第 2592 次背景資料寫入與狀態更新。
[2026-08-24 17:05:20] ✨ [循環成功] 已完成第 2593 次背景資料寫入與狀態更新。
[2026-08-24 17:05:25] ✨ [循環成功] 已完成第 2594 次背景資料寫入與狀態更新。
[2026-08-24 17:05:30] ✨ [循環成功] 已完成第 2595 次背景資料寫入與狀態更新。
[2026-08-24 17:05:35] ✨ [循環成功] 已完成第 2596 次背景資料寫入與狀態更新。
[2026-08-24 17:05:40] ✨ [循環成功] 已完成第 2597 次背景資料寫入與狀態更新。
[2026-08-24 17:05:45] ✨ [循環成功] 已完成第 2598 次背景資料寫入與狀態更新。
[2026-08-24 17:05:50] ✨ [循環成功] 已完成第 2599 次背景資料寫入與狀態更新。
[2026-08-24 17:05:55] ✨ [循環成功] 已完成第 2600 次背景資料寫入與狀態更新。
[2026-08-24 17:06:00] ✨ [循環成功] 已完成第 2601 次背景資料寫入與狀態更新。
[2026-08-24 17:06:05] ✨ [循環成功] 已完成第 2602 次背景資料寫入與狀態更新。
[2026-08-24 17:06:11] ✨ [循環成功] 已完成第 2603 次背景資料寫入與狀態更新。
[2026-08-24 17:06:16] ✨ [循環成功] 已完成第 2604 次背景資料寫入與狀態更新。
[2026-08-24 17:06:21] ✨ [循環成功] 已完成第 2605 次背景資料寫入與狀態更新。
[2026-08-24 17:06:26] ✨ [循環成功] 已完成第 2606 次背景資料寫入與狀態更新。
[2026-08-24 17:06:31] ✨ [循環成功] 已完成第 2607 次背景資料寫入與狀態更新。
[2026-08-24 17:06:36] ✨ [循環成功] 已完成第 2608 次背景資料寫入與狀態更新。
[2026-08-24 17:06:41] ✨ [循環成功] 已完成第 2609 次背景資料寫入與狀態更新。
[2026-08-24 17:06:46] ✨ [循環成功] 已完成第 2610 次背景資料寫入與狀態更新。
[2026-08-24 17:06:51] ✨ [循環成功] 已完成第 2611 次背景資料寫入與狀態更新。
[2026-08-24 17:06:56] ✨ [循環成功] 已完成第 2612 次背景資料寫入與狀態更新。
[2026-08-24 17:07:01] ✨ [循環成功] 已完成第 2613 次背景資料寫入與狀態更新。
[2026-08-24 17:07:06] ✨ [循環成功] 已完成第 2614 次背景資料寫入與狀態更新。
[2026-08-24 17:07:11] ✨ [循環成功] 已完成第 2615 次背景資料寫入與狀態更新。
[2026-08-24 17:07:16] ✨ [循環成功] 已完成第 2616 次背景資料寫入與狀態更新。
[2026-08-24 17:07:21] ✨ [循環成功] 已完成第 2617 次背景資料寫入與狀態更新。
[2026-08-24 17:07:26] ✨ [循環成功] 已完成第 2618 次背景資料寫入與狀態更新。
[2026-08-24 17:07:31] ✨ [循環成功] 已完成第 2619 次背景資料寫入與狀態更新。
[2026-08-24 17:07:36] ✨ [循環成功] 已完成第 2620 次背景資料寫入與狀態更新。
[2026-08-24 17:07:41] ✨ [循環成功] 已完成第 2621 次背景資料寫入與狀態更新。
[2026-08-24 17:07:46] ✨ [循環成功] 已完成第 2622 次背景資料寫入與狀態更新。
[2026-08-24 17:07:51] ✨ [循環成功] 已完成第 2623 次背景資料寫入與狀態更新。
[2026-08-24 17:07:56] ✨ [循環成功] 已完成第 2624 次背景資料寫入與狀態更新。
[2026-08-24 17:08:01] ✨ [循環成功] 已完成第 2625 次背景資料寫入與狀態更新。
[2026-08-24 17:08:06] ✨ [循環成功] 已完成第 2626 次背景資料寫入與狀態更新。
[2026-08-24 17:08:11] ✨ [循環成功] 已完成第 2627 次背景資料寫入與狀態更新。
[2026-08-24 17:08:16] ✨ [循環成功] 已完成第 2628 次背景資料寫入與狀態更新。
[2026-08-24 17:08:21] ✨ [循環成功] 已完成第 2629 次背景資料寫入與狀態更新。
[2026-08-24 17:08:27] ✨ [循環成功] 已完成第 2630 次背景資料寫入與狀態更新。
[2026-08-24 17:08:32] ✨ [循環成功] 已完成第 2631 次背景資料寫入與狀態更新。
[2026-08-24 17:08:37] ✨ [循環成功] 已完成第 2632 次背景資料寫入與狀態更新。
[2026-08-24 17:08:42] ✨ [循環成功] 已完成第 2633 次背景資料寫入與狀態更新。
[2026-08-24 17:08:47] ✨ [循環成功] 已完成第 2634 次背景資料寫入與狀態更新。
[2026-08-24 17:08:52] ✨ [循環成功] 已完成第 2635 次背景資料寫入與狀態更新。
[2026-08-24 17:08:57] ✨ [循環成功] 已完成第 2636 次背景資料寫入與狀態更新。
[2026-08-24 17:09:02] ✨ [循環成功] 已完成第 2637 次背景資料寫入與狀態更新。
[2026-08-24 17:09:07] ✨ [循環成功] 已完成第 2638 次背景資料寫入與狀態更新。
[2026-08-24 17:09:12] ✨ [循環成功] 已完成第 2639 次背景資料寫入與狀態更新。
[2026-08-24 17:09:17] ✨ [循環成功] 已完成第 2640 次背景資料寫入與狀態更新。
[2026-08-24 17:09:22] ✨ [循環成功] 已完成第 2641 次背景資料寫入與狀態更新。
[2026-08-24 17:09:27] ✨ [循環成功] 已完成第 2642 次背景資料寫入與狀態更新。
[2026-08-24 17:09:32] ✨ [循環成功] 已完成第 2643 次背景資料寫入與狀態更新。
[2026-08-24 17:09:37] ✨ [循環成功] 已完成第 2644 次背景資料寫入與狀態更新。
[2026-08-24 17:09:42] ✨ [循環成功] 已完成第 2645 次背景資料寫入與狀態更新。
[2026-08-24 17:09:47] ✨ [循環成功] 已完成第 2646 次背景資料寫入與狀態更新。
[2026-08-24 17:09:52] ✨ [循環成功] 已完成第 2647 次背景資料寫入與狀態更新。
[2026-08-24 17:09:57] ✨ [循環成功] 已完成第 2648 次背景資料寫入與狀態更新。
[2026-08-24 17:10:02] ✨ [循環成功] 已完成第 2649 次背景資料寫入與狀態更新。
[2026-08-24 17:10:07] ✨ [循環成功] 已完成第 2650 次背景資料寫入與狀態更新。
[2026-08-24 17:10:12] ✨ [循環成功] 已完成第 2651 次背景資料寫入與狀態更新。
[2026-08-24 17:10:17] ✨ [循環成功] 已完成第 2652 次背景資料寫入與狀態更新。
[2026-08-24 17:10:22] ✨ [循環成功] 已完成第 2653 次背景資料寫入與狀態更新。
[2026-08-24 17:10:27] ✨ [循環成功] 已完成第 2654 次背景資料寫入與狀態更新。
[2026-08-24 17:10:32] ✨ [循環成功] 已完成第 2655 次背景資料寫入與狀態更新。
[2026-08-24 17:10:37] ✨ [循環成功] 已完成第 2656 次背景資料寫入與狀態更新。
[2026-08-24 17:10:42] ✨ [循環成功] 已完成第 2657 次背景資料寫入與狀態更新。
[2026-08-24 17:10:48] ✨ [循環成功] 已完成第 2658 次背景資料寫入與狀態更新。
[2026-08-24 17:10:53] ✨ [循環成功] 已完成第 2659 次背景資料寫入與狀態更新。
[2026-08-24 17:10:58] ✨ [循環成功] 已完成第 2660 次背景資料寫入與狀態更新。
[2026-08-24 17:11:03] ✨ [循環成功] 已完成第 2661 次背景資料寫入與狀態更新。
[2026-08-24 17:11:08] ✨ [循環成功] 已完成第 2662 次背景資料寫入與狀態更新。
[2026-08-24 17:11:13] ✨ [循環成功] 已完成第 2663 次背景資料寫入與狀態更新。
[2026-08-24 17:11:18] ✨ [循環成功] 已完成第 2664 次背景資料寫入與狀態更新。
[2026-08-24 17:11:23] ✨ [循環成功] 已完成第 2665 次背景資料寫入與狀態更新。
[2026-08-24 17:11:28] ✨ [循環成功] 已完成第 2666 次背景資料寫入與狀態更新。
[2026-08-24 17:11:33] ✨ [循環成功] 已完成第 2667 次背景資料寫入與狀態更新。
[2026-08-24 17:11:38] ✨ [循環成功] 已完成第 2668 次背景資料寫入與狀態更新。
[2026-08-24 17:11:43] ✨ [循環成功] 已完成第 2669 次背景資料寫入與狀態更新。
[2026-08-24 17:11:48] ✨ [循環成功] 已完成第 2670 次背景資料寫入與狀態更新。
[2026-08-24 17:11:53] ✨ [循環成功] 已完成第 2671 次背景資料寫入與狀態更新。
[2026-08-24 17:11:58] ✨ [循環成功] 已完成第 2672 次背景資料寫入與狀態更新。
[2026-08-24 17:12:03] ✨ [循環成功] 已完成第 2673 次背景資料寫入與狀態更新。
[2026-08-24 17:12:08] ✨ [循環成功] 已完成第 2674 次背景資料寫入與狀態更新。
[2026-08-24 17:12:13] ✨ [循環成功] 已完成第 2675 次背景資料寫入與狀態更新。
[2026-08-24 17:12:18] ✨ [循環成功] 已完成第 2676 次背景資料寫入與狀態更新。
[2026-08-24 17:12:23] ✨ [循環成功] 已完成第 2677 次背景資料寫入與狀態更新。
[2026-08-24 17:12:28] ✨ [循環成功] 已完成第 2678 次背景資料寫入與狀態更新。
[2026-08-24 17:12:33] ✨ [循環成功] 已完成第 2679 次背景資料寫入與狀態更新。
[2026-08-24 17:12:38] ✨ [循環成功] 已完成第 2680 次背景資料寫入與狀態更新。
[2026-08-24 17:12:43] ✨ [循環成功] 已完成第 2681 次背景資料寫入與狀態更新。
[2026-08-24 17:12:48] ✨ [循環成功] 已完成第 2682 次背景資料寫入與狀態更新。
[2026-08-24 17:12:53] ✨ [循環成功] 已完成第 2683 次背景資料寫入與狀態更新。
[2026-08-24 17:12:59] ✨ [循環成功] 已完成第 2684 次背景資料寫入與狀態更新。
[2026-08-24 17:13:04] ✨ [循環成功] 已完成第 2685 次背景資料寫入與狀態更新。
[2026-08-24 17:13:09] ✨ [循環成功] 已完成第 2686 次背景資料寫入與狀態更新。
[2026-08-24 17:13:14] ✨ [循環成功] 已完成第 2687 次背景資料寫入與狀態更新。
[2026-08-24 17:13:19] ✨ [循環成功] 已完成第 2688 次背景資料寫入與狀態更新。
[2026-08-24 17:13:24] ✨ [循環成功] 已完成第 2689 次背景資料寫入與狀態更新。
[2026-08-24 17:13:29] ✨ [循環成功] 已完成第 2690 次背景資料寫入與狀態更新。
[2026-08-24 17:13:34] ✨ [循環成功] 已完成第 2691 次背景資料寫入與狀態更新。
[2026-08-24 17:13:39] ✨ [循環成功] 已完成第 2692 次背景資料寫入與狀態更新。
[2026-08-24 17:13:44] ✨ [循環成功] 已完成第 2693 次背景資料寫入與狀態更新。
[2026-08-24 17:13:49] ✨ [循環成功] 已完成第 2694 次背景資料寫入與狀態更新。
[2026-08-24 17:13:54] ✨ [循環成功] 已完成第 2695 次背景資料寫入與狀態更新。
[2026-08-24 17:13:59] ✨ [循環成功] 已完成第 2696 次背景資料寫入與狀態更新。
[2026-08-24 17:14:04] ✨ [循環成功] 已完成第 2697 次背景資料寫入與狀態更新。
[2026-08-24 17:14:09] ✨ [循環成功] 已完成第 2698 次背景資料寫入與狀態更新。
[2026-08-24 17:14:14] ✨ [循環成功] 已完成第 2699 次背景資料寫入與狀態更新。
[2026-08-24 17:14:19] ✨ [循環成功] 已完成第 2700 次背景資料寫入與狀態更新。
[2026-08-24 17:14:24] ✨ [循環成功] 已完成第 2701 次背景資料寫入與狀態更新。
[2026-08-24 17:14:29] ✨ [循環成功] 已完成第 2702 次背景資料寫入與狀態更新。
[2026-08-24 17:14:34] ✨ [循環成功] 已完成第 2703 次背景資料寫入與狀態更新。
[2026-08-24 17:14:39] ✨ [循環成功] 已完成第 2704 次背景資料寫入與狀態更新。
[2026-08-24 17:14:44] ✨ [循環成功] 已完成第 2705 次背景資料寫入與狀態更新。
[2026-08-24 17:14:49] ✨ [循環成功] 已完成第 2706 次背景資料寫入與狀態更新。
[2026-08-24 17:14:54] ✨ [循環成功] 已完成第 2707 次背景資料寫入與狀態更新。
[2026-08-24 17:14:59] ✨ [循環成功] 已完成第 2708 次背景資料寫入與狀態更新。
[2026-08-24 17:15:04] ✨ [循環成功] 已完成第 2709 次背景資料寫入與狀態更新。
[2026-08-24 17:15:10] ✨ [循環成功] 已完成第 2710 次背景資料寫入與狀態更新。
[2026-08-24 17:15:15] ✨ [循環成功] 已完成第 2711 次背景資料寫入與狀態更新。
[2026-08-24 17:15:20] ✨ [循環成功] 已完成第 2712 次背景資料寫入與狀態更新。
[2026-08-24 17:15:25] ✨ [循環成功] 已完成第 2713 次背景資料寫入與狀態更新。
[2026-08-24 17:15:30] ✨ [循環成功] 已完成第 2714 次背景資料寫入與狀態更新。
[2026-08-24 17:15:35] ✨ [循環成功] 已完成第 2715 次背景資料寫入與狀態更新。
[2026-08-24 17:15:40] ✨ [循環成功] 已完成第 2716 次背景資料寫入與狀態更新。
[2026-08-24 17:15:45] ✨ [循環成功] 已完成第 2717 次背景資料寫入與狀態更新。
[2026-08-24 17:15:50] ✨ [循環成功] 已完成第 2718 次背景資料寫入與狀態更新。
[2026-08-24 17:15:55] ✨ [循環成功] 已完成第 2719 次背景資料寫入與狀態更新。
[2026-08-24 17:16:00] ✨ [循環成功] 已完成第 2720 次背景資料寫入與狀態更新。
[2026-08-24 17:16:05] ✨ [循環成功] 已完成第 2721 次背景資料寫入與狀態更新。
[2026-08-24 17:16:10] ✨ [循環成功] 已完成第 2722 次背景資料寫入與狀態更新。
[2026-08-24 17:16:15] ✨ [循環成功] 已完成第 2723 次背景資料寫入與狀態更新。
[2026-08-24 17:16:20] ✨ [循環成功] 已完成第 2724 次背景資料寫入與狀態更新。
[2026-08-24 17:16:25] ✨ [循環成功] 已完成第 2725 次背景資料寫入與狀態更新。
[2026-08-24 17:16:30] ✨ [循環成功] 已完成第 2726 次背景資料寫入與狀態更新。
[2026-08-24 17:16:35] ✨ [循環成功] 已完成第 2727 次背景資料寫入與狀態更新。
[2026-08-24 17:16:40] ✨ [循環成功] 已完成第 2728 次背景資料寫入與狀態更新。
[2026-08-24 17:16:45] ✨ [循環成功] 已完成第 2729 次背景資料寫入與狀態更新。
[2026-08-24 17:16:50] ✨ [循環成功] 已完成第 2730 次背景資料寫入與狀態更新。
[2026-08-24 17:16:55] ✨ [循環成功] 已完成第 2731 次背景資料寫入與狀態更新。
[2026-08-24 17:17:00] ✨ [循環成功] 已完成第 2732 次背景資料寫入與狀態更新。
[2026-08-24 17:17:05] ✨ [循環成功] 已完成第 2733 次背景資料寫入與狀態更新。
[2026-08-24 17:17:10] ✨ [循環成功] 已完成第 2734 次背景資料寫入與狀態更新。
[2026-08-24 17:17:16] ✨ [循環成功] 已完成第 2735 次背景資料寫入與狀態更新。
[2026-08-24 17:17:21] ✨ [循環成功] 已完成第 2736 次背景資料寫入與狀態更新。
[2026-08-24 17:17:26] ✨ [循環成功] 已完成第 2737 次背景資料寫入與狀態更新。
[2026-08-24 17:17:31] ✨ [循環成功] 已完成第 2738 次背景資料寫入與狀態更新。
[2026-08-24 17:17:36] ✨ [循環成功] 已完成第 2739 次背景資料寫入與狀態更新。
[2026-08-24 17:17:41] ✨ [循環成功] 已完成第 2740 次背景資料寫入與狀態更新。
[2026-08-24 17:17:46] ✨ [循環成功] 已完成第 2741 次背景資料寫入與狀態更新。
[2026-08-24 17:17:51] ✨ [循環成功] 已完成第 2742 次背景資料寫入與狀態更新。
[2026-08-24 17:17:56] ✨ [循環成功] 已完成第 2743 次背景資料寫入與狀態更新。
[2026-08-24 17:18:01] ✨ [循環成功] 已完成第 2744 次背景資料寫入與狀態更新。
[2026-08-24 17:18:06] ✨ [循環成功] 已完成第 2745 次背景資料寫入與狀態更新。
[2026-08-24 17:18:11] ✨ [循環成功] 已完成第 2746 次背景資料寫入與狀態更新。
[2026-08-24 17:18:16] ✨ [循環成功] 已完成第 2747 次背景資料寫入與狀態更新。
[2026-08-24 17:18:21] ✨ [循環成功] 已完成第 2748 次背景資料寫入與狀態更新。
[2026-08-24 17:18:26] ✨ [循環成功] 已完成第 2749 次背景資料寫入與狀態更新。
[2026-08-24 17:18:31] ✨ [循環成功] 已完成第 2750 次背景資料寫入與狀態更新。
[2026-08-24 17:18:36] ✨ [循環成功] 已完成第 2751 次背景資料寫入與狀態更新。
[2026-08-24 17:18:41] ✨ [循環成功] 已完成第 2752 次背景資料寫入與狀態更新。
[2026-08-24 17:18:46] ✨ [循環成功] 已完成第 2753 次背景資料寫入與狀態更新。
[2026-08-24 17:18:51] ✨ [循環成功] 已完成第 2754 次背景資料寫入與狀態更新。
[2026-08-24 17:18:56] ✨ [循環成功] 已完成第 2755 次背景資料寫入與狀態更新。
[2026-08-24 17:19:01] ✨ [循環成功] 已完成第 2756 次背景資料寫入與狀態更新。
[2026-08-24 17:19:06] ✨ [循環成功] 已完成第 2757 次背景資料寫入與狀態更新。
[2026-08-24 17:19:11] ✨ [循環成功] 已完成第 2758 次背景資料寫入與狀態更新。
[2026-08-24 17:19:16] ✨ [循環成功] 已完成第 2759 次背景資料寫入與狀態更新。
[2026-08-24 17:19:21] ✨ [循環成功] 已完成第 2760 次背景資料寫入與狀態更新。
[2026-08-24 17:19:26] ✨ [循環成功] 已完成第 2761 次背景資料寫入與狀態更新。
[2026-08-24 17:19:31] ✨ [循環成功] 已完成第 2762 次背景資料寫入與狀態更新。
[2026-08-24 17:19:37] ✨ [循環成功] 已完成第 2763 次背景資料寫入與狀態更新。
[2026-08-24 17:19:42] ✨ [循環成功] 已完成第 2764 次背景資料寫入與狀態更新。
[2026-08-24 17:19:47] ✨ [循環成功] 已完成第 2765 次背景資料寫入與狀態更新。
[2026-08-24 17:19:52] ✨ [循環成功] 已完成第 2766 次背景資料寫入與狀態更新。
[2026-08-24 17:19:57] ✨ [循環成功] 已完成第 2767 次背景資料寫入與狀態更新。
[2026-08-24 17:20:02] ✨ [循環成功] 已完成第 2768 次背景資料寫入與狀態更新。
[2026-08-24 17:20:07] ✨ [循環成功] 已完成第 2769 次背景資料寫入與狀態更新。
[2026-08-24 17:20:12] ✨ [循環成功] 已完成第 2770 次背景資料寫入與狀態更新。
[2026-08-24 17:20:17] ✨ [循環成功] 已完成第 2771 次背景資料寫入與狀態更新。
[2026-08-24 17:20:22] ✨ [循環成功] 已完成第 2772 次背景資料寫入與狀態更新。
[2026-08-24 17:20:27] ✨ [循環成功] 已完成第 2773 次背景資料寫入與狀態更新。
[2026-08-24 17:20:32] ✨ [循環成功] 已完成第 2774 次背景資料寫入與狀態更新。
[2026-08-24 17:20:37] ✨ [循環成功] 已完成第 2775 次背景資料寫入與狀態更新。
[2026-08-24 17:20:42] ✨ [循環成功] 已完成第 2776 次背景資料寫入與狀態更新。
[2026-08-24 17:20:47] ✨ [循環成功] 已完成第 2777 次背景資料寫入與狀態更新。
[2026-08-24 17:20:52] ✨ [循環成功] 已完成第 2778 次背景資料寫入與狀態更新。
[2026-08-24 17:20:57] ✨ [循環成功] 已完成第 2779 次背景資料寫入與狀態更新。
[2026-08-24 17:21:02] ✨ [循環成功] 已完成第 2780 次背景資料寫入與狀態更新。
[2026-08-24 17:21:07] ✨ [循環成功] 已完成第 2781 次背景資料寫入與狀態更新。
[2026-08-24 17:21:12] ✨ [循環成功] 已完成第 2782 次背景資料寫入與狀態更新。
[2026-08-24 17:21:17] ✨ [循環成功] 已完成第 2783 次背景資料寫入與狀態更新。
[2026-08-24 17:21:22] ✨ [循環成功] 已完成第 2784 次背景資料寫入與狀態更新。
[2026-08-24 17:21:27] ✨ [循環成功] 已完成第 2785 次背景資料寫入與狀態更新。
[2026-08-24 17:21:32] ✨ [循環成功] 已完成第 2786 次背景資料寫入與狀態更新。
[2026-08-24 17:21:37] ✨ [循環成功] 已完成第 2787 次背景資料寫入與狀態更新。
[2026-08-24 17:21:42] ✨ [循環成功] 已完成第 2788 次背景資料寫入與狀態更新。
[2026-08-24 17:21:47] ✨ [循環成功] 已完成第 2789 次背景資料寫入與狀態更新。
[2026-08-24 17:21:53] ✨ [循環成功] 已完成第 2790 次背景資料寫入與狀態更新。
[2026-08-24 17:21:58] ✨ [循環成功] 已完成第 2791 次背景資料寫入與狀態更新。
[2026-08-24 17:22:03] ✨ [循環成功] 已完成第 2792 次背景資料寫入與狀態更新。
[2026-08-24 17:22:08] ✨ [循環成功] 已完成第 2793 次背景資料寫入與狀態更新。
[2026-08-24 17:22:13] ✨ [循環成功] 已完成第 2794 次背景資料寫入與狀態更新。
[2026-08-24 17:22:18] ✨ [循環成功] 已完成第 2795 次背景資料寫入與狀態更新。
[2026-08-24 17:22:23] ✨ [循環成功] 已完成第 2796 次背景資料寫入與狀態更新。
[2026-08-24 17:22:28] ✨ [循環成功] 已完成第 2797 次背景資料寫入與狀態更新。
[2026-08-24 17:22:33] ✨ [循環成功] 已完成第 2798 次背景資料寫入與狀態更新。
[2026-08-24 17:22:38] ✨ [循環成功] 已完成第 2799 次背景資料寫入與狀態更新。
[2026-08-24 17:22:43] ✨ [循環成功] 已完成第 2800 次背景資料寫入與狀態更新。
[2026-08-24 17:22:48] ✨ [循環成功] 已完成第 2801 次背景資料寫入與狀態更新。
[2026-08-24 17:22:53] ✨ [循環成功] 已完成第 2802 次背景資料寫入與狀態更新。
[2026-08-24 17:22:58] ✨ [循環成功] 已完成第 2803 次背景資料寫入與狀態更新。
[2026-08-24 17:23:03] ✨ [循環成功] 已完成第 2804 次背景資料寫入與狀態更新。
[2026-08-24 17:23:08] ✨ [循環成功] 已完成第 2805 次背景資料寫入與狀態更新。
[2026-08-24 17:23:13] ✨ [循環成功] 已完成第 2806 次背景資料寫入與狀態更新。
[2026-08-24 17:23:18] ✨ [循環成功] 已完成第 2807 次背景資料寫入與狀態更新。
[2026-08-24 17:23:23] ✨ [循環成功] 已完成第 2808 次背景資料寫入與狀態更新。
[2026-08-24 17:23:28] ✨ [循環成功] 已完成第 2809 次背景資料寫入與狀態更新。
[2026-08-24 17:23:33] ✨ [循環成功] 已完成第 2810 次背景資料寫入與狀態更新。
[2026-08-24 17:23:38] ✨ [循環成功] 已完成第 2811 次背景資料寫入與狀態更新。
[2026-08-24 17:23:43] ✨ [循環成功] 已完成第 2812 次背景資料寫入與狀態更新。
[2026-08-24 17:23:48] ✨ [循環成功] 已完成第 2813 次背景資料寫入與狀態更新。
[2026-08-24 17:23:53] ✨ [循環成功] 已完成第 2814 次背景資料寫入與狀態更新。
[2026-08-24 17:23:59] ✨ [循環成功] 已完成第 2815 次背景資料寫入與狀態更新。
[2026-08-24 17:24:04] ✨ [循環成功] 已完成第 2816 次背景資料寫入與狀態更新。
[2026-08-24 17:24:09] ✨ [循環成功] 已完成第 2817 次背景資料寫入與狀態更新。
[2026-08-24 17:24:14] ✨ [循環成功] 已完成第 2818 次背景資料寫入與狀態更新。
[2026-08-24 17:24:19] ✨ [循環成功] 已完成第 2819 次背景資料寫入與狀態更新。
[2026-08-24 17:24:24] ✨ [循環成功] 已完成第 2820 次背景資料寫入與狀態更新。
[2026-08-24 17:24:29] ✨ [循環成功] 已完成第 2821 次背景資料寫入與狀態更新。
[2026-08-24 17:24:34] ✨ [循環成功] 已完成第 2822 次背景資料寫入與狀態更新。
[2026-08-24 17:24:39] ✨ [循環成功] 已完成第 2823 次背景資料寫入與狀態更新。
[2026-08-24 17:24:44] ✨ [循環成功] 已完成第 2824 次背景資料寫入與狀態更新。
[2026-08-24 17:24:49] ✨ [循環成功] 已完成第 2825 次背景資料寫入與狀態更新。
[2026-08-24 17:24:54] ✨ [循環成功] 已完成第 2826 次背景資料寫入與狀態更新。
[2026-08-24 17:24:59] ✨ [循環成功] 已完成第 2827 次背景資料寫入與狀態更新。
[2026-08-24 17:25:04] ✨ [循環成功] 已完成第 2828 次背景資料寫入與狀態更新。
[2026-08-24 17:25:09] ✨ [循環成功] 已完成第 2829 次背景資料寫入與狀態更新。
[2026-08-24 17:25:14] ✨ [循環成功] 已完成第 2830 次背景資料寫入與狀態更新。
[2026-08-24 17:25:19] ✨ [循環成功] 已完成第 2831 次背景資料寫入與狀態更新。
[2026-08-24 17:25:24] ✨ [循環成功] 已完成第 2832 次背景資料寫入與狀態更新。
[2026-08-24 17:25:29] ✨ [循環成功] 已完成第 2833 次背景資料寫入與狀態更新。
[2026-08-24 17:25:34] ✨ [循環成功] 已完成第 2834 次背景資料寫入與狀態更新。
[2026-08-24 17:25:39] ✨ [循環成功] 已完成第 2835 次背景資料寫入與狀態更新。
[2026-08-24 17:25:44] ✨ [循環成功] 已完成第 2836 次背景資料寫入與狀態更新。
[2026-08-24 17:25:50] ✨ [循環成功] 已完成第 2837 次背景資料寫入與狀態更新。
[2026-08-24 17:25:55] ✨ [循環成功] 已完成第 2838 次背景資料寫入與狀態更新。
[2026-08-24 17:26:00] ✨ [循環成功] 已完成第 2839 次背景資料寫入與狀態更新。
[2026-08-24 17:26:05] ✨ [循環成功] 已完成第 2840 次背景資料寫入與狀態更新。
[2026-08-24 17:26:10] ✨ [循環成功] 已完成第 2841 次背景資料寫入與狀態更新。
[2026-08-24 17:26:15] ✨ [循環成功] 已完成第 2842 次背景資料寫入與狀態更新。
[2026-08-24 17:26:20] ✨ [循環成功] 已完成第 2843 次背景資料寫入與狀態更新。
[2026-08-24 17:26:25] ✨ [循環成功] 已完成第 2844 次背景資料寫入與狀態更新。
[2026-08-24 17:26:30] ✨ [循環成功] 已完成第 2845 次背景資料寫入與狀態更新。
[2026-08-24 17:26:35] ✨ [循環成功] 已完成第 2846 次背景資料寫入與狀態更新。
[2026-08-24 17:26:40] ✨ [循環成功] 已完成第 2847 次背景資料寫入與狀態更新。
[2026-08-24 17:26:45] ✨ [循環成功] 已完成第 2848 次背景資料寫入與狀態更新。
[2026-08-24 17:26:50] ✨ [循環成功] 已完成第 2849 次背景資料寫入與狀態更新。
[2026-08-24 17:26:55] ✨ [循環成功] 已完成第 2850 次背景資料寫入與狀態更新。
[2026-08-24 17:27:00] ✨ [循環成功] 已完成第 2851 次背景資料寫入與狀態更新。
[2026-08-24 17:27:05] ✨ [循環成功] 已完成第 2852 次背景資料寫入與狀態更新。
[2026-08-24 17:27:10] ✨ [循環成功] 已完成第 2853 次背景資料寫入與狀態更新。
[2026-08-24 17:27:15] ✨ [循環成功] 已完成第 2854 次背景資料寫入與狀態更新。
[2026-08-24 17:27:20] ✨ [循環成功] 已完成第 2855 次背景資料寫入與狀態更新。
[2026-08-24 17:27:25] ✨ [循環成功] 已完成第 2856 次背景資料寫入與狀態更新。
[2026-08-24 17:27:30] ✨ [循環成功] 已完成第 2857 次背景資料寫入與狀態更新。
[2026-08-24 17:27:35] ✨ [循環成功] 已完成第 2858 次背景資料寫入與狀態更新。
[2026-08-24 17:27:40] ✨ [循環成功] 已完成第 2859 次背景資料寫入與狀態更新。
[2026-08-24 17:27:45] ✨ [循環成功] 已完成第 2860 次背景資料寫入與狀態更新。
[2026-08-24 17:27:50] ✨ [循環成功] 已完成第 2861 次背景資料寫入與狀態更新。
[2026-08-24 17:27:56] ✨ [循環成功] 已完成第 2862 次背景資料寫入與狀態更新。
[2026-08-24 17:28:01] ✨ [循環成功] 已完成第 2863 次背景資料寫入與狀態更新。
[2026-08-24 17:28:06] ✨ [循環成功] 已完成第 2864 次背景資料寫入與狀態更新。
[2026-08-24 17:28:11] ✨ [循環成功] 已完成第 2865 次背景資料寫入與狀態更新。
[2026-08-24 17:28:16] ✨ [循環成功] 已完成第 2866 次背景資料寫入與狀態更新。
[2026-08-24 17:28:21] ✨ [循環成功] 已完成第 2867 次背景資料寫入與狀態更新。
[2026-08-24 17:28:26] ✨ [循環成功] 已完成第 2868 次背景資料寫入與狀態更新。
[2026-08-24 17:28:31] ✨ [循環成功] 已完成第 2869 次背景資料寫入與狀態更新。
[2026-08-24 17:28:36] ✨ [循環成功] 已完成第 2870 次背景資料寫入與狀態更新。
[2026-08-24 17:28:41] ✨ [循環成功] 已完成第 2871 次背景資料寫入與狀態更新。
[2026-08-24 17:28:46] ✨ [循環成功] 已完成第 2872 次背景資料寫入與狀態更新。
[2026-08-24 17:28:51] ✨ [循環成功] 已完成第 2873 次背景資料寫入與狀態更新。
[2026-08-24 17:28:56] ✨ [循環成功] 已完成第 2874 次背景資料寫入與狀態更新。
[2026-08-24 17:29:01] ✨ [循環成功] 已完成第 2875 次背景資料寫入與狀態更新。
[2026-08-24 17:29:06] ✨ [循環成功] 已完成第 2876 次背景資料寫入與狀態更新。
[2026-08-24 17:29:11] ✨ [循環成功] 已完成第 2877 次背景資料寫入與狀態更新。
[2026-08-24 17:29:16] ✨ [循環成功] 已完成第 2878 次背景資料寫入與狀態更新。
[2026-08-24 17:29:21] ✨ [循環成功] 已完成第 2879 次背景資料寫入與狀態更新。
[2026-08-24 17:29:26] ✨ [循環成功] 已完成第 2880 次背景資料寫入與狀態更新。
[2026-08-24 17:29:31] ✨ [循環成功] 已完成第 2881 次背景資料寫入與狀態更新。
[2026-08-24 17:29:36] ✨ [循環成功] 已完成第 2882 次背景資料寫入與狀態更新。
[2026-08-24 17:29:41] ✨ [循環成功] 已完成第 2883 次背景資料寫入與狀態更新。
[2026-08-24 17:29:46] ✨ [循環成功] 已完成第 2884 次背景資料寫入與狀態更新。
[2026-08-24 17:29:51] ✨ [循環成功] 已完成第 2885 次背景資料寫入與狀態更新。
[2026-08-24 17:29:57] ✨ [循環成功] 已完成第 2886 次背景資料寫入與狀態更新。
[2026-08-24 17:30:02] ✨ [循環成功] 已完成第 2887 次背景資料寫入與狀態更新。
[2026-08-24 17:30:07] ✨ [循環成功] 已完成第 2888 次背景資料寫入與狀態更新。
[2026-08-24 17:30:12] ✨ [循環成功] 已完成第 2889 次背景資料寫入與狀態更新。
[2026-08-24 17:30:17] ✨ [循環成功] 已完成第 2890 次背景資料寫入與狀態更新。
[2026-08-24 17:30:22] ✨ [循環成功] 已完成第 2891 次背景資料寫入與狀態更新。
[2026-08-24 17:30:27] ✨ [循環成功] 已完成第 2892 次背景資料寫入與狀態更新。
[2026-08-24 17:30:32] ✨ [循環成功] 已完成第 2893 次背景資料寫入與狀態更新。
[2026-08-24 17:30:37] ✨ [循環成功] 已完成第 2894 次背景資料寫入與狀態更新。
[2026-08-24 17:30:42] ✨ [循環成功] 已完成第 2895 次背景資料寫入與狀態更新。
[2026-08-24 17:30:47] ✨ [循環成功] 已完成第 2896 次背景資料寫入與狀態更新。
[2026-08-24 17:30:52] ✨ [循環成功] 已完成第 2897 次背景資料寫入與狀態更新。
[2026-08-24 17:30:57] ✨ [循環成功] 已完成第 2898 次背景資料寫入與狀態更新。
[2026-08-24 17:31:02] ✨ [循環成功] 已完成第 2899 次背景資料寫入與狀態更新。
[2026-08-24 17:31:07] ✨ [循環成功] 已完成第 2900 次背景資料寫入與狀態更新。
[2026-08-24 17:31:12] ✨ [循環成功] 已完成第 2901 次背景資料寫入與狀態更新。
[2026-08-24 17:31:17] ✨ [循環成功] 已完成第 2902 次背景資料寫入與狀態更新。
[2026-08-24 17:31:22] ✨ [循環成功] 已完成第 2903 次背景資料寫入與狀態更新。
[2026-08-24 17:31:27] ✨ [循環成功] 已完成第 2904 次背景資料寫入與狀態更新。
[2026-08-24 17:31:32] ✨ [循環成功] 已完成第 2905 次背景資料寫入與狀態更新。
[2026-08-24 17:31:37] ✨ [循環成功] 已完成第 2906 次背景資料寫入與狀態更新。
[2026-08-24 17:31:42] ✨ [循環成功] 已完成第 2907 次背景資料寫入與狀態更新。
[2026-08-24 17:31:47] ✨ [循環成功] 已完成第 2908 次背景資料寫入與狀態更新。
[2026-08-24 17:31:52] ✨ [循環成功] 已完成第 2909 次背景資料寫入與狀態更新。
[2026-08-24 17:31:57] ✨ [循環成功] 已完成第 2910 次背景資料寫入與狀態更新。
[2026-08-24 17:32:03] ✨ [循環成功] 已完成第 2911 次背景資料寫入與狀態更新。
[2026-08-24 17:32:08] ✨ [循環成功] 已完成第 2912 次背景資料寫入與狀態更新。
[2026-08-24 17:32:13] ✨ [循環成功] 已完成第 2913 次背景資料寫入與狀態更新。
[2026-08-24 17:32:18] ✨ [循環成功] 已完成第 2914 次背景資料寫入與狀態更新。
[2026-08-24 17:32:23] ✨ [循環成功] 已完成第 2915 次背景資料寫入與狀態更新。
[2026-08-24 17:32:28] ✨ [循環成功] 已完成第 2916 次背景資料寫入與狀態更新。
[2026-08-24 17:32:33] ✨ [循環成功] 已完成第 2917 次背景資料寫入與狀態更新。
[2026-08-24 17:32:38] ✨ [循環成功] 已完成第 2918 次背景資料寫入與狀態更新。
[2026-08-24 17:32:43] ✨ [循環成功] 已完成第 2919 次背景資料寫入與狀態更新。
[2026-08-24 17:32:48] ✨ [循環成功] 已完成第 2920 次背景資料寫入與狀態更新。
[2026-08-24 17:32:53] ✨ [循環成功] 已完成第 2921 次背景資料寫入與狀態更新。
[2026-08-24 17:32:58] ✨ [循環成功] 已完成第 2922 次背景資料寫入與狀態更新。
[2026-08-24 17:33:03] ✨ [循環成功] 已完成第 2923 次背景資料寫入與狀態更新。
[2026-08-24 17:33:08] ✨ [循環成功] 已完成第 2924 次背景資料寫入與狀態更新。
[2026-08-24 17:33:13] ✨ [循環成功] 已完成第 2925 次背景資料寫入與狀態更新。
[2026-08-24 17:33:18] ✨ [循環成功] 已完成第 2926 次背景資料寫入與狀態更新。
[2026-08-24 17:33:23] ✨ [循環成功] 已完成第 2927 次背景資料寫入與狀態更新。
[2026-08-24 17:33:28] ✨ [循環成功] 已完成第 2928 次背景資料寫入與狀態更新。
[2026-08-24 17:33:33] ✨ [循環成功] 已完成第 2929 次背景資料寫入與狀態更新。
[2026-08-24 17:33:38] ✨ [循環成功] 已完成第 2930 次背景資料寫入與狀態更新。
[2026-08-24 17:33:43] ✨ [循環成功] 已完成第 2931 次背景資料寫入與狀態更新。
[2026-08-24 17:33:48] ✨ [循環成功] 已完成第 2932 次背景資料寫入與狀態更新。
[2026-08-24 17:33:53] ✨ [循環成功] 已完成第 2933 次背景資料寫入與狀態更新。
[2026-08-24 17:33:58] ✨ [循環成功] 已完成第 2934 次背景資料寫入與狀態更新。
[2026-08-24 17:34:03] ✨ [循環成功] 已完成第 2935 次背景資料寫入與狀態更新。
[2026-08-24 17:34:09] ✨ [循環成功] 已完成第 2936 次背景資料寫入與狀態更新。
[2026-08-24 17:34:14] ✨ [循環成功] 已完成第 2937 次背景資料寫入與狀態更新。
[2026-08-24 17:34:19] ✨ [循環成功] 已完成第 2938 次背景資料寫入與狀態更新。
[2026-08-24 17:34:24] ✨ [循環成功] 已完成第 2939 次背景資料寫入與狀態更新。
[2026-08-24 17:34:29] ✨ [循環成功] 已完成第 2940 次背景資料寫入與狀態更新。
[2026-08-24 17:34:34] ✨ [循環成功] 已完成第 2941 次背景資料寫入與狀態更新。
[2026-08-24 17:34:39] ✨ [循環成功] 已完成第 2942 次背景資料寫入與狀態更新。
[2026-08-24 17:34:44] ✨ [循環成功] 已完成第 2943 次背景資料寫入與狀態更新。
[2026-08-24 17:34:49] ✨ [循環成功] 已完成第 2944 次背景資料寫入與狀態更新。
[2026-08-24 17:34:54] ✨ [循環成功] 已完成第 2945 次背景資料寫入與狀態更新。
[2026-08-24 17:34:59] ✨ [循環成功] 已完成第 2946 次背景資料寫入與狀態更新。
[2026-08-24 17:35:04] ✨ [循環成功] 已完成第 2947 次背景資料寫入與狀態更新。
[2026-08-24 17:35:09] ✨ [循環成功] 已完成第 2948 次背景資料寫入與狀態更新。
[2026-08-24 17:35:14] ✨ [循環成功] 已完成第 2949 次背景資料寫入與狀態更新。
[2026-08-24 17:35:19] ✨ [循環成功] 已完成第 2950 次背景資料寫入與狀態更新。
[2026-08-24 17:35:24] ✨ [循環成功] 已完成第 2951 次背景資料寫入與狀態更新。
[2026-08-24 17:35:29] ✨ [循環成功] 已完成第 2952 次背景資料寫入與狀態更新。
[2026-08-24 17:35:34] ✨ [循環成功] 已完成第 2953 次背景資料寫入與狀態更新。
[2026-08-24 17:35:39] ✨ [循環成功] 已完成第 2954 次背景資料寫入與狀態更新。
[2026-08-24 17:35:44] ✨ [循環成功] 已完成第 2955 次背景資料寫入與狀態更新。
[2026-08-24 17:35:49] ✨ [循環成功] 已完成第 2956 次背景資料寫入與狀態更新。
[2026-08-24 17:35:54] ✨ [循環成功] 已完成第 2957 次背景資料寫入與狀態更新。
[2026-08-24 17:35:59] ✨ [循環成功] 已完成第 2958 次背景資料寫入與狀態更新。
[2026-08-24 17:36:04] ✨ [循環成功] 已完成第 2959 次背景資料寫入與狀態更新。
[2026-08-24 17:36:09] ✨ [循環成功] 已完成第 2960 次背景資料寫入與狀態更新。
[2026-08-24 17:36:14] ✨ [循環成功] 已完成第 2961 次背景資料寫入與狀態更新。
[2026-08-24 17:36:20] ✨ [循環成功] 已完成第 2962 次背景資料寫入與狀態更新。
[2026-08-24 17:36:25] ✨ [循環成功] 已完成第 2963 次背景資料寫入與狀態更新。
[2026-08-24 17:36:30] ✨ [循環成功] 已完成第 2964 次背景資料寫入與狀態更新。
[2026-08-24 17:36:35] ✨ [循環成功] 已完成第 2965 次背景資料寫入與狀態更新。
[2026-08-24 17:36:40] ✨ [循環成功] 已完成第 2966 次背景資料寫入與狀態更新。
[2026-08-24 17:36:45] ✨ [循環成功] 已完成第 2967 次背景資料寫入與狀態更新。
[2026-08-24 17:36:50] ✨ [循環成功] 已完成第 2968 次背景資料寫入與狀態更新。
[2026-08-24 17:36:55] ✨ [循環成功] 已完成第 2969 次背景資料寫入與狀態更新。
[2026-08-24 17:37:00] ✨ [循環成功] 已完成第 2970 次背景資料寫入與狀態更新。
[2026-08-24 17:37:05] ✨ [循環成功] 已完成第 2971 次背景資料寫入與狀態更新。
[2026-08-24 17:37:10] ✨ [循環成功] 已完成第 2972 次背景資料寫入與狀態更新。
[2026-08-24 17:37:15] ✨ [循環成功] 已完成第 2973 次背景資料寫入與狀態更新。
[2026-08-24 17:37:20] ✨ [循環成功] 已完成第 2974 次背景資料寫入與狀態更新。
[2026-08-24 17:37:25] ✨ [循環成功] 已完成第 2975 次背景資料寫入與狀態更新。
[2026-08-24 17:37:30] ✨ [循環成功] 已完成第 2976 次背景資料寫入與狀態更新。
[2026-08-24 17:37:35] ✨ [循環成功] 已完成第 2977 次背景資料寫入與狀態更新。
[2026-08-24 17:37:40] ✨ [循環成功] 已完成第 2978 次背景資料寫入與狀態更新。
[2026-08-24 17:37:45] ✨ [循環成功] 已完成第 2979 次背景資料寫入與狀態更新。
[2026-08-24 17:37:50] ✨ [循環成功] 已完成第 2980 次背景資料寫入與狀態更新。
[2026-08-24 17:37:55] ✨ [循環成功] 已完成第 2981 次背景資料寫入與狀態更新。
[2026-08-24 17:38:00] ✨ [循環成功] 已完成第 2982 次背景資料寫入與狀態更新。
[2026-08-24 17:38:05] ✨ [循環成功] 已完成第 2983 次背景資料寫入與狀態更新。
[2026-08-24 17:38:10] ✨ [循環成功] 已完成第 2984 次背景資料寫入與狀態更新。
[2026-08-24 17:38:15] ✨ [循環成功] 已完成第 2985 次背景資料寫入與狀態更新。
[2026-08-24 17:38:20] ✨ [循環成功] 已完成第 2986 次背景資料寫入與狀態更新。
[2026-08-24 17:38:25] ✨ [循環成功] 已完成第 2987 次背景資料寫入與狀態更新。
[2026-08-24 17:38:31] ✨ [循環成功] 已完成第 2988 次背景資料寫入與狀態更新。
[2026-08-24 17:38:36] ✨ [循環成功] 已完成第 2989 次背景資料寫入與狀態更新。
[2026-08-24 17:38:41] ✨ [循環成功] 已完成第 2990 次背景資料寫入與狀態更新。
[2026-08-24 17:38:46] ✨ [循環成功] 已完成第 2991 次背景資料寫入與狀態更新。
[2026-08-24 17:38:51] ✨ [循環成功] 已完成第 2992 次背景資料寫入與狀態更新。
[2026-08-24 17:38:56] ✨ [循環成功] 已完成第 2993 次背景資料寫入與狀態更新。
[2026-08-24 17:39:01] ✨ [循環成功] 已完成第 2994 次背景資料寫入與狀態更新。
[2026-08-24 17:39:06] ✨ [循環成功] 已完成第 2995 次背景資料寫入與狀態更新。
[2026-08-24 17:39:11] ✨ [循環成功] 已完成第 2996 次背景資料寫入與狀態更新。
[2026-08-24 17:39:16] ✨ [循環成功] 已完成第 2997 次背景資料寫入與狀態更新。
[2026-08-24 17:39:21] ✨ [循環成功] 已完成第 2998 次背景資料寫入與狀態更新。
[2026-08-24 17:39:26] ✨ [循環成功] 已完成第 2999 次背景資料寫入與狀態更新。
[2026-08-24 17:39:31] ✨ [循環成功] 已完成第 3000 次背景資料寫入與狀態更新。
[2026-08-24 17:39:36] ✨ [循環成功] 已完成第 3001 次背景資料寫入與狀態更新。
[2026-08-24 17:39:41] ✨ [循環成功] 已完成第 3002 次背景資料寫入與狀態更新。
[2026-08-24 17:39:46] ✨ [循環成功] 已完成第 3003 次背景資料寫入與狀態更新。
[2026-08-24 17:39:51] ✨ [循環成功] 已完成第 3004 次背景資料寫入與狀態更新。
[2026-08-24 17:39:56] ✨ [循環成功] 已完成第 3005 次背景資料寫入與狀態更新。
[2026-08-24 17:40:01] ✨ [循環成功] 已完成第 3006 次背景資料寫入與狀態更新。
[2026-08-24 17:40:06] ✨ [循環成功] 已完成第 3007 次背景資料寫入與狀態更新。
[2026-08-24 17:40:11] ✨ [循環成功] 已完成第 3008 次背景資料寫入與狀態更新。
[2026-08-24 17:40:16] ✨ [循環成功] 已完成第 3009 次背景資料寫入與狀態更新。
[2026-08-24 17:40:21] ✨ [循環成功] 已完成第 3010 次背景資料寫入與狀態更新。
[2026-08-24 17:40:26] ✨ [循環成功] 已完成第 3011 次背景資料寫入與狀態更新。
[2026-08-24 17:40:31] ✨ [循環成功] 已完成第 3012 次背景資料寫入與狀態更新。
[2026-08-24 17:40:37] ✨ [循環成功] 已完成第 3013 次背景資料寫入與狀態更新。
[2026-08-24 17:40:42] ✨ [循環成功] 已完成第 3014 次背景資料寫入與狀態更新。
[2026-08-24 17:40:47] ✨ [循環成功] 已完成第 3015 次背景資料寫入與狀態更新。
[2026-08-24 17:40:52] ✨ [循環成功] 已完成第 3016 次背景資料寫入與狀態更新。
[2026-08-24 17:40:57] ✨ [循環成功] 已完成第 3017 次背景資料寫入與狀態更新。
[2026-08-24 17:41:02] ✨ [循環成功] 已完成第 3018 次背景資料寫入與狀態更新。
[2026-08-24 17:41:07] ✨ [循環成功] 已完成第 3019 次背景資料寫入與狀態更新。
[2026-08-24 17:41:12] ✨ [循環成功] 已完成第 3020 次背景資料寫入與狀態更新。
[2026-08-24 17:41:17] ✨ [循環成功] 已完成第 3021 次背景資料寫入與狀態更新。
[2026-08-24 17:41:22] ✨ [循環成功] 已完成第 3022 次背景資料寫入與狀態更新。
[2026-08-24 17:41:27] ✨ [循環成功] 已完成第 3023 次背景資料寫入與狀態更新。
[2026-08-24 17:41:32] ✨ [循環成功] 已完成第 3024 次背景資料寫入與狀態更新。
[2026-08-24 17:41:37] ✨ [循環成功] 已完成第 3025 次背景資料寫入與狀態更新。
[2026-08-24 17:41:42] ✨ [循環成功] 已完成第 3026 次背景資料寫入與狀態更新。
[2026-08-24 17:41:47] ✨ [循環成功] 已完成第 3027 次背景資料寫入與狀態更新。
[2026-08-24 17:41:52] ✨ [循環成功] 已完成第 3028 次背景資料寫入與狀態更新。
[2026-08-24 17:41:57] ✨ [循環成功] 已完成第 3029 次背景資料寫入與狀態更新。
[2026-08-24 17:42:02] ✨ [循環成功] 已完成第 3030 次背景資料寫入與狀態更新。
[2026-08-24 17:42:07] ✨ [循環成功] 已完成第 3031 次背景資料寫入與狀態更新。
[2026-08-24 17:42:12] ✨ [循環成功] 已完成第 3032 次背景資料寫入與狀態更新。
[2026-08-24 17:42:17] ✨ [循環成功] 已完成第 3033 次背景資料寫入與狀態更新。
[2026-08-24 17:42:22] ✨ [循環成功] 已完成第 3034 次背景資料寫入與狀態更新。
[2026-08-24 17:42:27] ✨ [循環成功] 已完成第 3035 次背景資料寫入與狀態更新。
[2026-08-24 17:42:32] ✨ [循環成功] 已完成第 3036 次背景資料寫入與狀態更新。
[2026-08-24 17:42:37] ✨ [循環成功] 已完成第 3037 次背景資料寫入與狀態更新。
[2026-08-24 17:42:42] ✨ [循環成功] 已完成第 3038 次背景資料寫入與狀態更新。
[2026-08-24 17:42:47] ✨ [循環成功] 已完成第 3039 次背景資料寫入與狀態更新。
[2026-08-24 17:42:52] ✨ [循環成功] 已完成第 3040 次背景資料寫入與狀態更新。
[2026-08-24 17:42:58] ✨ [循環成功] 已完成第 3041 次背景資料寫入與狀態更新。
[2026-08-24 17:43:03] ✨ [循環成功] 已完成第 3042 次背景資料寫入與狀態更新。
[2026-08-24 17:43:08] ✨ [循環成功] 已完成第 3043 次背景資料寫入與狀態更新。
[2026-08-24 17:43:13] ✨ [循環成功] 已完成第 3044 次背景資料寫入與狀態更新。
[2026-08-24 17:43:18] ✨ [循環成功] 已完成第 3045 次背景資料寫入與狀態更新。
[2026-08-24 17:43:23] ✨ [循環成功] 已完成第 3046 次背景資料寫入與狀態更新。
[2026-08-24 17:43:28] ✨ [循環成功] 已完成第 3047 次背景資料寫入與狀態更新。
[2026-08-24 17:43:33] ✨ [循環成功] 已完成第 3048 次背景資料寫入與狀態更新。
[2026-08-24 17:43:38] ✨ [循環成功] 已完成第 3049 次背景資料寫入與狀態更新。
[2026-08-24 17:43:43] ✨ [循環成功] 已完成第 3050 次背景資料寫入與狀態更新。
[2026-08-24 17:43:48] ✨ [循環成功] 已完成第 3051 次背景資料寫入與狀態更新。
[2026-08-24 17:43:53] ✨ [循環成功] 已完成第 3052 次背景資料寫入與狀態更新。
[2026-08-24 17:43:58] ✨ [循環成功] 已完成第 3053 次背景資料寫入與狀態更新。
[2026-08-24 17:44:03] ✨ [循環成功] 已完成第 3054 次背景資料寫入與狀態更新。
[2026-08-24 17:44:08] ✨ [循環成功] 已完成第 3055 次背景資料寫入與狀態更新。
[2026-08-24 17:44:13] ✨ [循環成功] 已完成第 3056 次背景資料寫入與狀態更新。
[2026-08-24 17:44:18] ✨ [循環成功] 已完成第 3057 次背景資料寫入與狀態更新。
[2026-08-24 17:44:23] ✨ [循環成功] 已完成第 3058 次背景資料寫入與狀態更新。
[2026-08-24 17:44:28] ✨ [循環成功] 已完成第 3059 次背景資料寫入與狀態更新。
[2026-08-24 17:44:33] ✨ [循環成功] 已完成第 3060 次背景資料寫入與狀態更新。
[2026-08-24 17:44:38] ✨ [循環成功] 已完成第 3061 次背景資料寫入與狀態更新。
[2026-08-24 17:44:43] ✨ [循環成功] 已完成第 3062 次背景資料寫入與狀態更新。
[2026-08-24 17:44:48] ✨ [循環成功] 已完成第 3063 次背景資料寫入與狀態更新。
[2026-08-24 17:44:53] ✨ [循環成功] 已完成第 3064 次背景資料寫入與狀態更新。
[2026-08-24 17:44:58] ✨ [循環成功] 已完成第 3065 次背景資料寫入與狀態更新。
[2026-08-24 17:45:03] ✨ [循環成功] 已完成第 3066 次背景資料寫入與狀態更新。
[2026-08-24 17:45:09] ✨ [循環成功] 已完成第 3067 次背景資料寫入與狀態更新。
[2026-08-24 17:45:14] ✨ [循環成功] 已完成第 3068 次背景資料寫入與狀態更新。
[2026-08-24 17:45:19] ✨ [循環成功] 已完成第 3069 次背景資料寫入與狀態更新。
[2026-08-24 17:45:24] ✨ [循環成功] 已完成第 3070 次背景資料寫入與狀態更新。
[2026-08-24 17:45:29] ✨ [循環成功] 已完成第 3071 次背景資料寫入與狀態更新。
[2026-08-24 17:45:34] ✨ [循環成功] 已完成第 3072 次背景資料寫入與狀態更新。
[2026-08-24 17:45:39] ✨ [循環成功] 已完成第 3073 次背景資料寫入與狀態更新。
[2026-08-24 17:45:44] ✨ [循環成功] 已完成第 3074 次背景資料寫入與狀態更新。
[2026-08-24 17:45:49] ✨ [循環成功] 已完成第 3075 次背景資料寫入與狀態更新。
[2026-08-24 17:45:54] ✨ [循環成功] 已完成第 3076 次背景資料寫入與狀態更新。
[2026-08-24 17:45:59] ✨ [循環成功] 已完成第 3077 次背景資料寫入與狀態更新。
[2026-08-24 17:46:04] ✨ [循環成功] 已完成第 3078 次背景資料寫入與狀態更新。
[2026-08-24 17:46:09] ✨ [循環成功] 已完成第 3079 次背景資料寫入與狀態更新。
[2026-08-24 17:46:14] ✨ [循環成功] 已完成第 3080 次背景資料寫入與狀態更新。
[2026-08-24 17:46:19] ✨ [循環成功] 已完成第 3081 次背景資料寫入與狀態更新。
[2026-08-24 17:46:24] ✨ [循環成功] 已完成第 3082 次背景資料寫入與狀態更新。
[2026-08-24 17:46:29] ✨ [循環成功] 已完成第 3083 次背景資料寫入與狀態更新。
[2026-08-24 17:46:34] ✨ [循環成功] 已完成第 3084 次背景資料寫入與狀態更新。
[2026-08-24 17:46:39] ✨ [循環成功] 已完成第 3085 次背景資料寫入與狀態更新。
[2026-08-24 17:46:44] ✨ [循環成功] 已完成第 3086 次背景資料寫入與狀態更新。
[2026-08-24 17:46:49] ✨ [循環成功] 已完成第 3087 次背景資料寫入與狀態更新。
[2026-08-24 17:46:54] ✨ [循環成功] 已完成第 3088 次背景資料寫入與狀態更新。
[2026-08-24 17:46:59] ✨ [循環成功] 已完成第 3089 次背景資料寫入與狀態更新。
[2026-08-24 17:47:04] ✨ [循環成功] 已完成第 3090 次背景資料寫入與狀態更新。
[2026-08-24 17:47:09] ✨ [循環成功] 已完成第 3091 次背景資料寫入與狀態更新。
[2026-08-24 17:47:15] ✨ [循環成功] 已完成第 3092 次背景資料寫入與狀態更新。
[2026-08-24 17:47:20] ✨ [循環成功] 已完成第 3093 次背景資料寫入與狀態更新。
[2026-08-24 17:47:25] ✨ [循環成功] 已完成第 3094 次背景資料寫入與狀態更新。
[2026-08-24 17:47:30] ✨ [循環成功] 已完成第 3095 次背景資料寫入與狀態更新。
[2026-08-24 17:47:35] ✨ [循環成功] 已完成第 3096 次背景資料寫入與狀態更新。
[2026-08-24 17:47:40] ✨ [循環成功] 已完成第 3097 次背景資料寫入與狀態更新。
[2026-08-24 17:47:45] ✨ [循環成功] 已完成第 3098 次背景資料寫入與狀態更新。
[2026-08-24 17:47:50] ✨ [循環成功] 已完成第 3099 次背景資料寫入與狀態更新。
[2026-08-24 17:47:55] ✨ [循環成功] 已完成第 3100 次背景資料寫入與狀態更新。
[2026-08-24 17:48:00] ✨ [循環成功] 已完成第 3101 次背景資料寫入與狀態更新。
[2026-08-24 17:48:05] ✨ [循環成功] 已完成第 3102 次背景資料寫入與狀態更新。
[2026-08-24 17:48:10] ✨ [循環成功] 已完成第 3103 次背景資料寫入與狀態更新。
[2026-08-24 17:48:15] ✨ [循環成功] 已完成第 3104 次背景資料寫入與狀態更新。
[2026-08-24 17:48:24] ✨ [循環成功] 已完成第 3105 次背景資料寫入與狀態更新。
[2026-08-24 17:54:53] ✨ [循環成功] 已完成第 3106 次背景資料寫入與狀態更新。
[2026-08-24 17:59:19] ✨ [循環成功] 已完成第 3107 次背景資料寫入與狀態更新。
[2026-08-24 17:59:24] ✨ [循環成功] 已完成第 3108 次背景資料寫入與狀態更新。
[2026-08-24 17:59:36] ✨ [循環成功] 已完成第 3109 次背景資料寫入與狀態更新。
[2026-08-24 17:59:55] ✨ [循環成功] 已完成第 3110 次背景資料寫入與狀態更新。
[2026-08-24 18:01:48] ✨ [循環成功] 已完成第 3111 次背景資料寫入與狀態更新。
[2026-08-24 18:08:05] ✨ [循環成功] 已完成第 3112 次背景資料寫入與狀態更新。
[2026-08-24 18:10:01] ✨ [循環成功] 已完成第 3113 次背景資料寫入與狀態更新。
[2026-08-24 18:10:19] ✨ [循環成功] 已完成第 3114 次背景資料寫入與狀態更新。
[2026-08-24 18:10:24] ✨ [循環成功] 已完成第 3115 次背景資料寫入與狀態更新。
[2026-08-24 18:10:29] ✨ [循環成功] 已完成第 3116 次背景資料寫入與狀態更新。
[2026-08-24 18:10:34] ✨ [循環成功] 已完成第 3117 次背景資料寫入與狀態更新。
[2026-08-24 18:10:46] ✨ [循環成功] 已完成第 3118 次背景資料寫入與狀態更新。
[2026-08-24 18:10:54] ✨ [循環成功] 已完成第 3119 次背景資料寫入與狀態更新。
[2026-08-24 18:17:05] ✨ [循環成功] 已完成第 3120 次背景資料寫入與狀態更新。
[2026-08-24 18:17:10] ✨ [循環成功] 已完成第 3121 次背景資料寫入與狀態更新。
[2026-08-24 18:17:15] ✨ [循環成功] 已完成第 3122 次背景資料寫入與狀態更新。
[2026-08-24 18:17:27] ✨ [循環成功] 已完成第 3123 次背景資料寫入與狀態更新。
[2026-08-24 18:17:37] ✨ [循環成功] 已完成第 3124 次背景資料寫入與狀態更新。
[2026-08-24 18:18:14] ✨ [循環成功] 已完成第 3125 次背景資料寫入與狀態更新。
[2026-08-24 18:19:54] ✨ [循環成功] 已完成第 3126 次背景資料寫入與狀態更新。
[2026-08-24 18:20:04] ✨ [循環成功] 已完成第 3127 次背景資料寫入與狀態更新。
[2026-08-24 18:20:14] ✨ [循環成功] 已完成第 3128 次背景資料寫入與狀態更新。
[2026-08-24 18:22:20] ✨ [循環成功] 已完成第 3129 次背景資料寫入與狀態更新。
[2026-08-24 18:24:17] ✨ [循環成功] 已完成第 3130 次背景資料寫入與狀態更新。
[2026-08-24 18:25:50] ✨ [循環成功] 已完成第 3131 次背景資料寫入與狀態更新。
[2026-08-24 18:26:01] ✨ [循環成功] 已完成第 3132 次背景資料寫入與狀態更新。
[2026-08-24 18:26:12] ✨ [循環成功] 已完成第 3133 次背景資料寫入與狀態更新。
[2026-08-24 18:26:34] ✨ [循環成功] 已完成第 3134 次背景資料寫入與狀態更新。
[2026-08-24 18:28:05] ✨ [循環成功] 已完成第 3135 次背景資料寫入與狀態更新。
[2026-08-24 18:28:12] ✨ [循環成功] 已完成第 3136 次背景資料寫入與狀態更新。
[2026-08-24 18:28:22] ✨ [循環成功] 已完成第 3137 次背景資料寫入與狀態更新。
[2026-08-24 18:29:53] ✨ [循環成功] 已完成第 3138 次背景資料寫入與狀態更新。
[2026-08-24 18:29:58] ✨ [循環成功] 已完成第 3139 次背景資料寫入與狀態更新。
[2026-08-24 18:31:09] ✨ [循環成功] 已完成第 3140 次背景資料寫入與狀態更新。
[2026-08-24 18:31:18] ✨ [循環成功] 已完成第 3141 次背景資料寫入與狀態更新。
[2026-08-24 18:32:03] ✨ [循環成功] 已完成第 3142 次背景資料寫入與狀態更新。
[2026-08-24 18:33:49] ✨ [循環成功] 已完成第 3143 次背景資料寫入與狀態更新。
[2026-08-24 18:34:14] ✨ [循環成功] 已完成第 3144 次背景資料寫入與狀態更新。
[2026-08-24 18:34:23] ✨ [循環成功] 已完成第 3145 次背景資料寫入與狀態更新。
[2026-08-24 18:34:29] ✨ [循環成功] 已完成第 3146 次背景資料寫入與狀態更新。
[2026-08-24 18:37:05] ✨ [循環成功] 已完成第 3147 次背景資料寫入與狀態更新。
[2026-08-24 18:37:24] ✨ [循環成功] 已完成第 3148 次背景資料寫入與狀態更新。
[2026-08-24 18:38:08] ✨ [循環成功] 已完成第 3149 次背景資料寫入與狀態更新。
[2026-08-24 18:38:19] ✨ [循環成功] 已完成第 3150 次背景資料寫入與狀態更新。
[2026-08-24 18:39:03] ✨ [循環成功] 已完成第 3151 次背景資料寫入與狀態更新。
[2026-08-24 18:39:57] ✨ [循環成功] 已完成第 3152 次背景資料寫入與狀態更新。
[2026-08-24 18:42:05] ✨ [循環成功] 已完成第 3153 次背景資料寫入與狀態更新。
[2026-08-24 18:42:13] ✨ [循環成功] 已完成第 3154 次背景資料寫入與狀態更新。
[2026-08-24 18:42:22] ✨ [循環成功] 已完成第 3155 次背景資料寫入與狀態更新。
[2026-08-24 18:42:36] ✨ [循環成功] 已完成第 3156 次背景資料寫入與狀態更新。
[2026-08-24 18:42:41] ✨ [循環成功] 已完成第 3157 次背景資料寫入與狀態更新。
[2026-08-24 18:43:06] ✨ [循環成功] 已完成第 3158 次背景資料寫入與狀態更新。
[2026-08-24 18:43:15] ✨ [循環成功] 已完成第 3159 次背景資料寫入與狀態更新。
[2026-08-24 18:43:24] ✨ [循環成功] 已完成第 3160 次背景資料寫入與狀態更新。
[2026-08-24 18:44:54] ✨ [循環成功] 已完成第 3161 次背景資料寫入與狀態更新。
[2026-08-24 18:44:59] ✨ [循環成功] 已完成第 3162 次背景資料寫入與狀態更新。
[2026-08-24 18:45:04] ✨ [循環成功] 已完成第 3163 次背景資料寫入與狀態更新。
[2026-08-24 18:45:10] ✨ [循環成功] 已完成第 3164 次背景資料寫入與狀態更新。
[2026-08-24 18:45:21] ✨ [循環成功] 已完成第 3165 次背景資料寫入與狀態更新。
[2026-08-24 18:45:46] ✨ [循環成功] 已完成第 3166 次背景資料寫入與狀態更新。
[2026-08-24 18:45:51] ✨ [循環成功] 已完成第 3167 次背景資料寫入與狀態更新。
[2026-08-24 18:45:56] ✨ [循環成功] 已完成第 3168 次背景資料寫入與狀態更新。
[2026-08-24 18:46:01] ✨ [循環成功] 已完成第 3169 次背景資料寫入與狀態更新。
[2026-08-24 18:46:06] ✨ [循環成功] 已完成第 3170 次背景資料寫入與狀態更新。
[2026-08-24 18:47:07] ✨ [循環成功] 已完成第 3171 次背景資料寫入與狀態更新。
[2026-08-24 18:47:23] ✨ [循環成功] 已完成第 3172 次背景資料寫入與狀態更新。
[2026-08-24 18:47:40] ✨ [循環成功] 已完成第 3173 次背景資料寫入與狀態更新。
[2026-08-24 18:47:47] ✨ [循環成功] 已完成第 3174 次背景資料寫入與狀態更新。
[2026-08-24 18:48:04] ✨ [循環成功] 已完成第 3175 次背景資料寫入與狀態更新。
[2026-08-24 18:50:05] ✨ [循環成功] 已完成第 3176 次背景資料寫入與狀態更新。
[2026-08-24 18:50:10] ✨ [循環成功] 已完成第 3177 次背景資料寫入與狀態更新。
[2026-08-24 18:50:15] ✨ [循環成功] 已完成第 3178 次背景資料寫入與狀態更新。
[2026-08-24 18:50:21] ✨ [循環成功] 已完成第 3179 次背景資料寫入與狀態更新。
[2026-08-24 18:50:27] ✨ [循環成功] 已完成第 3180 次背景資料寫入與狀態更新。
[2026-08-24 18:52:05] ✨ [循環成功] 已完成第 3181 次背景資料寫入與狀態更新。
[2026-08-24 18:52:23] ✨ [循環成功] 已完成第 3182 次背景資料寫入與狀態更新。
[2026-08-24 18:52:30] ✨ [循環成功] 已完成第 3183 次背景資料寫入與狀態更新。
[2026-08-24 18:52:39] ✨ [循環成功] 已完成第 3184 次背景資料寫入與狀態更新。
[2026-08-24 18:53:32] ✨ [循環成功] 已完成第 3185 次背景資料寫入與狀態更新。
[2026-08-24 18:53:37] ✨ [循環成功] 已完成第 3186 次背景資料寫入與狀態更新。
[2026-08-24 18:53:42] ✨ [循環成功] 已完成第 3187 次背景資料寫入與狀態更新。
[2026-08-24 18:53:47] ✨ [循環成功] 已完成第 3188 次背景資料寫入與狀態更新。
[2026-08-24 18:53:53] ✨ [循環成功] 已完成第 3189 次背景資料寫入與狀態更新。
[2026-08-24 18:53:58] ✨ [循環成功] 已完成第 3190 次背景資料寫入與狀態更新。
[2026-08-24 18:54:03] ✨ [循環成功] 已完成第 3191 次背景資料寫入與狀態更新。
[2026-08-24 18:54:08] ✨ [循環成功] 已完成第 3192 次背景資料寫入與狀態更新。
[2026-08-24 18:54:13] ✨ [循環成功] 已完成第 3193 次背景資料寫入與狀態更新。
[2026-08-24 18:54:18] ✨ [循環成功] 已完成第 3194 次背景資料寫入與狀態更新。
[2026-08-24 18:54:23] ✨ [循環成功] 已完成第 3195 次背景資料寫入與狀態更新。
[2026-08-24 18:54:28] ✨ [循環成功] 已完成第 3196 次背景資料寫入與狀態更新。
[2026-08-24 18:54:33] ✨ [循環成功] 已完成第 3197 次背景資料寫入與狀態更新。
[2026-08-24 18:54:38] ✨ [循環成功] 已完成第 3198 次背景資料寫入與狀態更新。
[2026-08-24 18:54:43] ✨ [循環成功] 已完成第 3199 次背景資料寫入與狀態更新。
[2026-08-24 18:54:48] ✨ [循環成功] 已完成第 3200 次背景資料寫入與狀態更新。
[2026-08-24 18:54:53] ✨ [循環成功] 已完成第 3201 次背景資料寫入與狀態更新。
[2026-08-24 18:54:58] ✨ [循環成功] 已完成第 3202 次背景資料寫入與狀態更新。
[2026-08-24 18:55:03] ✨ [循環成功] 已完成第 3203 次背景資料寫入與狀態更新。
[2026-08-24 18:55:08] ✨ [循環成功] 已完成第 3204 次背景資料寫入與狀態更新。
[2026-08-24 18:55:13] ✨ [循環成功] 已完成第 3205 次背景資料寫入與狀態更新。
[2026-08-24 18:55:18] ✨ [循環成功] 已完成第 3206 次背景資料寫入與狀態更新。
[2026-08-24 18:55:23] ✨ [循環成功] 已完成第 3207 次背景資料寫入與狀態更新。
[2026-08-24 18:55:28] ✨ [循環成功] 已完成第 3208 次背景資料寫入與狀態更新。
[2026-08-24 18:55:33] ✨ [循環成功] 已完成第 3209 次背景資料寫入與狀態更新。
[2026-08-24 18:55:38] ✨ [循環成功] 已完成第 3210 次背景資料寫入與狀態更新。
[2026-08-24 18:55:43] ✨ [循環成功] 已完成第 3211 次背景資料寫入與狀態更新。
[2026-08-24 18:55:48] ✨ [循環成功] 已完成第 3212 次背景資料寫入與狀態更新。
[2026-08-24 18:55:53] ✨ [循環成功] 已完成第 3213 次背景資料寫入與狀態更新。
[2026-08-24 18:55:58] ✨ [循環成功] 已完成第 3214 次背景資料寫入與狀態更新。
[2026-08-24 18:56:03] ✨ [循環成功] 已完成第 3215 次背景資料寫入與狀態更新。
[2026-08-24 18:56:08] ✨ [循環成功] 已完成第 3216 次背景資料寫入與狀態更新。
[2026-08-24 18:56:13] ✨ [循環成功] 已完成第 3217 次背景資料寫入與狀態更新。
[2026-08-24 18:56:18] ✨ [循環成功] 已完成第 3218 次背景資料寫入與狀態更新。
[2026-08-24 18:56:23] ✨ [循環成功] 已完成第 3219 次背景資料寫入與狀態更新。
[2026-08-24 18:56:28] ✨ [循環成功] 已完成第 3220 次背景資料寫入與狀態更新。
[2026-08-24 18:56:33] ✨ [循環成功] 已完成第 3221 次背景資料寫入與狀態更新。
[2026-08-24 18:56:38] ✨ [循環成功] 已完成第 3222 次背景資料寫入與狀態更新。
[2026-08-24 18:56:43] ✨ [循環成功] 已完成第 3223 次背景資料寫入與狀態更新。
[2026-08-24 18:56:48] ✨ [循環成功] 已完成第 3224 次背景資料寫入與狀態更新。
[2026-08-24 18:56:53] ✨ [循環成功] 已完成第 3225 次背景資料寫入與狀態更新。
[2026-08-24 18:56:58] ✨ [循環成功] 已完成第 3226 次背景資料寫入與狀態更新。
[2026-08-24 18:57:04] ✨ [循環成功] 已完成第 3227 次背景資料寫入與狀態更新。
[2026-08-24 18:57:09] ✨ [循環成功] 已完成第 3228 次背景資料寫入與狀態更新。
[2026-08-24 18:57:14] ✨ [循環成功] 已完成第 3229 次背景資料寫入與狀態更新。
[2026-08-24 18:57:19] ✨ [循環成功] 已完成第 3230 次背景資料寫入與狀態更新。
[2026-08-24 18:57:24] ✨ [循環成功] 已完成第 3231 次背景資料寫入與狀態更新。
[2026-08-24 18:57:29] ✨ [循環成功] 已完成第 3232 次背景資料寫入與狀態更新。
[2026-08-24 18:57:34] ✨ [循環成功] 已完成第 3233 次背景資料寫入與狀態更新。
[2026-08-24 18:57:39] ✨ [循環成功] 已完成第 3234 次背景資料寫入與狀態更新。
[2026-08-24 18:57:44] ✨ [循環成功] 已完成第 3235 次背景資料寫入與狀態更新。
[2026-08-24 18:57:49] ✨ [循環成功] 已完成第 3236 次背景資料寫入與狀態更新。
[2026-08-24 18:57:54] ✨ [循環成功] 已完成第 3237 次背景資料寫入與狀態更新。
[2026-08-24 18:57:59] ✨ [循環成功] 已完成第 3238 次背景資料寫入與狀態更新。
[2026-08-24 18:58:04] ✨ [循環成功] 已完成第 3239 次背景資料寫入與狀態更新。
[2026-08-24 18:58:09] ✨ [循環成功] 已完成第 3240 次背景資料寫入與狀態更新。
[2026-08-24 18:58:14] ✨ [循環成功] 已完成第 3241 次背景資料寫入與狀態更新。
[2026-08-24 18:58:19] ✨ [循環成功] 已完成第 3242 次背景資料寫入與狀態更新。
[2026-08-24 18:58:24] ✨ [循環成功] 已完成第 3243 次背景資料寫入與狀態更新。
[2026-08-24 18:58:29] ✨ [循環成功] 已完成第 3244 次背景資料寫入與狀態更新。
[2026-08-24 18:58:34] ✨ [循環成功] 已完成第 3245 次背景資料寫入與狀態更新。
[2026-08-24 18:58:39] ✨ [循環成功] 已完成第 3246 次背景資料寫入與狀態更新。
[2026-08-24 18:58:44] ✨ [循環成功] 已完成第 3247 次背景資料寫入與狀態更新。
[2026-08-24 18:58:49] ✨ [循環成功] 已完成第 3248 次背景資料寫入與狀態更新。
[2026-08-24 18:58:54] ✨ [循環成功] 已完成第 3249 次背景資料寫入與狀態更新。
[2026-08-24 18:58:59] ✨ [循環成功] 已完成第 3250 次背景資料寫入與狀態更新。
[2026-08-24 18:59:04] ✨ [循環成功] 已完成第 3251 次背景資料寫入與狀態更新。
[2026-08-24 18:59:09] ✨ [循環成功] 已完成第 3252 次背景資料寫入與狀態更新。
[2026-08-24 18:59:14] ✨ [循環成功] 已完成第 3253 次背景資料寫入與狀態更新。
[2026-08-24 18:59:19] ✨ [循環成功] 已完成第 3254 次背景資料寫入與狀態更新。
[2026-08-24 18:59:24] ✨ [循環成功] 已完成第 3255 次背景資料寫入與狀態更新。
[2026-08-24 18:59:29] ✨ [循環成功] 已完成第 3256 次背景資料寫入與狀態更新。
[2026-08-24 18:59:34] ✨ [循環成功] 已完成第 3257 次背景資料寫入與狀態更新。
[2026-08-24 18:59:39] ✨ [循環成功] 已完成第 3258 次背景資料寫入與狀態更新。
[2026-08-24 18:59:44] ✨ [循環成功] 已完成第 3259 次背景資料寫入與狀態更新。
[2026-08-24 18:59:49] ✨ [循環成功] 已完成第 3260 次背景資料寫入與狀態更新。
[2026-08-24 18:59:54] ✨ [循環成功] 已完成第 3261 次背景資料寫入與狀態更新。
[2026-08-24 18:59:59] ✨ [循環成功] 已完成第 3262 次背景資料寫入與狀態更新。
[2026-08-24 19:00:04] ✨ [循環成功] 已完成第 3263 次背景資料寫入與狀態更新。
[2026-08-24 19:00:10] ✨ [循環成功] 已完成第 3264 次背景資料寫入與狀態更新。
[2026-08-24 19:00:15] ✨ [循環成功] 已完成第 3265 次背景資料寫入與狀態更新。
[2026-08-24 19:00:20] ✨ [循環成功] 已完成第 3266 次背景資料寫入與狀態更新。
[2026-08-24 19:00:25] ✨ [循環成功] 已完成第 3267 次背景資料寫入與狀態更新。
[2026-08-24 19:00:30] ✨ [循環成功] 已完成第 3268 次背景資料寫入與狀態更新。
[2026-08-24 19:00:31] 🛑 收到終止訊號，正在安全關閉背景守護程式...
[2026-08-24 19:00:32] 👋 程式已完全安全退出。
