2026-08-24 12:52:33,082 [ULTIMATE-FUSION] [INFO] 🌌 【檢核通過】環境符合全融合引擎的所有真實條件。
2026-08-24 12:52:33,121 [ULTIMATE-FUSION] [INFO] 🌌 【資料庫就緒】全融合與萬用吞噬資料表已全數建立。
2026-08-24 12:52:33,122 [ULTIMATE-FUSION] [INFO] 🌌 初始化終極全融合矩陣引擎...
2026-08-24 12:52:33,123 [ULTIMATE-FUSION] [INFO] 🌌 【引擎點火】終極全融合背景守護行程正式啟動...
2026-08-24 12:52:33,188 [ULTIMATE-FUSION] [INFO] 🌌 【全融合心跳】世代 [1] 開始運作...
2026-08-24 12:52:43,285 [ULTIMATE-FUSION] [INFO] 🌌 【全融合心跳】世代 [2] 開始運作...
2026-08-24 12:52:53,420 [ULTIMATE-FUSION] [INFO] 🌌 【全融合心跳】世代 [3] 開始運作...
2026-08-24 12:53:03,590 [ULTIMATE-FUSION] [INFO] 🌌 【全融合心跳】世代 [4] 開始運作...
2026-08-24 12:53:13,684 [ULTIMATE-FUSION] [INFO] 🌌 【全融合心跳】世代 [5] 開始運作...
2026-08-24 12:53:23,746 [ULTIMATE-FUSION] [INFO] 🌌 【全融合心跳】世代 [6] 開始運作...
2026-08-24 12:53:33,866 [ULTIMATE-FUSION] [INFO] 🌌 【全融合心跳】世代 [7] 開始運作...
2026-08-24 12:53:43,994 [ULTIMATE-FUSION] [INFO] 🌌 【全融合心跳】世代 [8] 開始運作...
2026-08-24 12:53:54,122 [ULTIMATE-FUSION] [INFO] 🌌 【全融合心跳】世代 [9] 開始運作...
2026-08-24 12:54:04,215 [ULTIMATE-FUSION] [INFO] 🌌 【全融合心跳】世代 [10] 開始運作...
2026-08-24 12:54:14,342 [ULTIMATE-FUSION] [INFO] 🌌 【全融合心跳】世代 [11] 開始運作...
2026-08-24 12:54:24,434 [ULTIMATE-FUSION] [INFO] 🌌 【全融合心跳】世代 [12] 開始運作...
2026-08-24 12:54:34,562 [ULTIMATE-FUSION] [INFO] 🌌 【全融合心跳】世代 [13] 開始運作...
2026-08-24 12:54:44,659 [ULTIMATE-FUSION] [INFO] 🌌 【全融合心跳】世代 [14] 開始運作...
2026-08-24 12:54:54,746 [ULTIMATE-FUSION] [INFO] 🌌 【全融合心跳】世代 [15] 開始運作...
2026-08-24 12:55:04,847 [ULTIMATE-FUSION] [INFO] 🌌 【全融合心跳】世代 [16] 開始運作...
2026-08-24 12:55:14,955 [ULTIMATE-FUSION] [INFO] 🌌 【全融合心跳】世代 [17] 開始運作...
2026-08-24 12:55:25,084 [ULTIMATE-FUSION] [INFO] 🌌 【全融合心跳】世代 [18] 開始運作...
2026-08-24 12:55:35,169 [ULTIMATE-FUSION] [INFO] 🌌 【全融合心跳】世代 [19] 開始運作...
2026-08-24 12:55:45,268 [ULTIMATE-FUSION] [INFO] 🌌 【全融合心跳】世代 [20] 開始運作...
2026-08-24 12:55:55,359 [ULTIMATE-FUSION] [INFO] 🌌 【全融合心跳】世代 [21] 開始運作...
2026-08-24 12:56:05,436 [ULTIMATE-FUSION] [INFO] 🌌 【全融合心跳】世代 [22] 開始運作...
2026-08-24 12:56:15,511 [ULTIMATE-FUSION] [INFO] 🌌 【全融合心跳】世代 [23] 開始運作...
2026-08-24 12:56:25,614 [ULTIMATE-FUSION] [INFO] 🌌 【全融合心跳】世代 [24] 開始運作...
2026-08-24 12:56:35,748 [ULTIMATE-FUSION] [INFO] 🌌 【全融合心跳】世代 [25] 開始運作...
2026-08-24 12:56:45,877 [ULTIMATE-FUSION] [INFO] 🌌 【全融合心跳】世代 [26] 開始運作...
2026-08-24 12:56:56,039 [ULTIMATE-FUSION] [INFO] 🌌 【全融合心跳】世代 [27] 開始運作...
2026-08-24 12:57:06,192 [ULTIMATE-FUSION] [INFO] 🌌 【全融合心跳】世代 [28] 開始運作...
2026-08-24 12:57:16,342 [ULTIMATE-FUSION] [INFO] 🌌 【全融合心跳】世代 [29] 開始運作...
2026-08-24 12:57:26,432 [ULTIMATE-FUSION] [INFO] 🌌 【全融合心跳】世代 [30] 開始運作...
2026-08-24 12:57:36,554 [ULTIMATE-FUSION] [INFO] 🌌 【全融合心跳】世代 [31] 開始運作...
2026-08-24 12:57:46,686 [ULTIMATE-FUSION] [INFO] 🌌 【全融合心跳】世代 [32] 開始運作...
2026-08-24 12:57:56,787 [ULTIMATE-FUSION] [INFO] 🌌 【全融合心跳】世代 [33] 開始運作...
2026-08-24 12:58:06,886 [ULTIMATE-FUSION] [INFO] 🌌 【全融合心跳】世代 [34] 開始運作...
2026-08-24 12:58:16,955 [ULTIMATE-FUSION] [INFO] 🌌 【全融合心跳】世代 [35] 開始運作...
2026-08-24 12:58:27,048 [ULTIMATE-FUSION] [INFO] 🌌 【全融合心跳】世代 [36] 開始運作...
2026-08-24 12:58:37,175 [ULTIMATE-FUSION] [INFO] 🌌 【全融合心跳】世代 [37] 開始運作...
2026-08-24 12:58:47,288 [ULTIMATE-FUSION] [INFO] 🌌 【全融合心跳】世代 [38] 開始運作...
2026-08-24 12:58:57,410 [ULTIMATE-FUSION] [INFO] 🌌 【全融合心跳】世代 [39] 開始運作...
2026-08-24 12:59:07,527 [ULTIMATE-FUSION] [INFO] 🌌 【全融合心跳】世代 [40] 開始運作...
2026-08-24 12:59:17,650 [ULTIMATE-FUSION] [INFO] 🌌 【全融合心跳】世代 [41] 開始運作...
2026-08-24 12:59:27,772 [ULTIMATE-FUSION] [INFO] 🌌 【全融合心跳】世代 [42] 開始運作...
2026-08-24 12:59:37,853 [ULTIMATE-FUSION] [INFO] 🌌 【全融合心跳】世代 [43] 開始運作...
2026-08-24 12:59:47,948 [ULTIMATE-FUSION] [INFO] 🌌 【全融合心跳】世代 [44] 開始運作...
2026-08-24 12:59:58,070 [ULTIMATE-FUSION] [INFO] 🌌 【全融合心跳】世代 [45] 開始運作...
2026-08-24 13:00:08,175 [ULTIMATE-FUSION] [INFO] 🌌 【全融合心跳】世代 [46] 開始運作...
2026-08-24 13:00:18,274 [ULTIMATE-FUSION] [INFO] 🌌 【全融合心跳】世代 [47] 開始運作...
2026-08-24 13:00:28,408 [ULTIMATE-FUSION] [INFO] 🌌 【全融合心跳】世代 [48] 開始運作...
2026-08-24 13:00:38,522 [ULTIMATE-FUSION] [INFO] 🌌 【全融合心跳】世代 [49] 開始運作...
2026-08-24 13:00:48,628 [ULTIMATE-FUSION] [INFO] 🌌 【全融合心跳】世代 [50] 開始運作...
2026-08-24 13:00:58,716 [ULTIMATE-FUSION] [INFO] 🌌 【全融合心跳】世代 [51] 開始運作...
2026-08-24 13:01:08,800 [ULTIMATE-FUSION] [INFO] 🌌 【全融合心跳】世代 [52] 開始運作...
2026-08-24 13:01:18,855 [ULTIMATE-FUSION] [INFO] 🌌 【全融合心跳】世代 [53] 開始運作...
2026-08-24 13:01:18,881 [ULTIMATE-FUSION] [ERROR] 🌌 【外掛載入失敗】[external_network_plugin]: closing parenthesis '}' does not match opening parenthesis '(' on line 16 (external_network_plugin.py, line 19)
2026-08-24 13:01:28,911 [ULTIMATE-FUSION] [INFO] 🌌 【全融合心跳】世代 [54] 開始運作...
2026-08-24 13:01:28,943 [ULTIMATE-FUSION] [ERROR] 🌌 【外掛載入失敗】[external_network_plugin]: closing parenthesis '}' does not match opening parenthesis '(' on line 16 (external_network_plugin.py, line 19)
2026-08-24 13:01:28,968 [ULTIMATE-FUSION] [INFO] 🌌 【外掛熱載入成功】已載入模組: [external_sentient_agent]
2026-08-24 13:01:40,287 [ULTIMATE-FUSION] [INFO] 🌌 【全融合心跳】世代 [55] 開始運作...
2026-08-24 13:01:40,320 [ULTIMATE-FUSION] [ERROR] 🌌 【外掛載入失敗】[external_network_plugin]: closing parenthesis '}' does not match opening parenthesis '(' on line 16 (external_network_plugin.py, line 19)
2026-08-24 13:01:40,329 [ULTIMATE-FUSION] [INFO] 🌌 【外掛熱載入成功】已載入模組: [ultimate_autonomous_agent]
2026-08-24 13:01:53,090 [ULTIMATE-FUSION] [INFO] 🌌 【全融合心跳】世代 [56] 開始運作...
2026-08-24 13:01:53,188 [ULTIMATE-FUSION] [ERROR] 🌌 【外掛載入失敗】[external_network_plugin]: closing parenthesis '}' does not match opening parenthesis '(' on line 16 (external_network_plugin.py, line 19)
2026-08-24 13:02:05,812 [ULTIMATE-FUSION] [INFO] 🌌 【全融合心跳】世代 [57] 開始運作...
2026-08-24 13:02:05,859 [ULTIMATE-FUSION] [ERROR] 🌌 【外掛載入失敗】[external_network_plugin]: closing parenthesis '}' does not match opening parenthesis '(' on line 16 (external_network_plugin.py, line 19)
2026-08-24 13:02:20,333 [ULTIMATE-FUSION] [INFO] 🌌 【全融合心跳】世代 [58] 開始運作...
2026-08-24 13:02:20,363 [ULTIMATE-FUSION] [ERROR] 🌌 【外掛載入失敗】[external_network_plugin]: closing parenthesis '}' does not match opening parenthesis '(' on line 16 (external_network_plugin.py, line 19)
2026-08-24 13:02:33,771 [ULTIMATE-FUSION] [INFO] 🌌 【全融合心跳】世代 [59] 開始運作...
2026-08-24 13:02:33,815 [ULTIMATE-FUSION] [ERROR] 🌌 【外掛載入失敗】[external_network_plugin]: closing parenthesis '}' does not match opening parenthesis '(' on line 16 (external_network_plugin.py, line 19)
2026-08-24 13:02:45,883 [ULTIMATE-FUSION] [INFO] 🌌 【全融合心跳】世代 [60] 開始運作...
2026-08-24 13:02:45,927 [ULTIMATE-FUSION] [ERROR] 🌌 【外掛載入失敗】[external_network_plugin]: closing parenthesis '}' does not match opening parenthesis '(' on line 16 (external_network_plugin.py, line 19)
2026-08-24 13:02:58,165 [ULTIMATE-FUSION] [INFO] 🌌 【全融合心跳】世代 [61] 開始運作...
2026-08-24 13:02:58,200 [ULTIMATE-FUSION] [ERROR] 🌌 【外掛載入失敗】[external_network_plugin]: closing parenthesis '}' does not match opening parenthesis '(' on line 16 (external_network_plugin.py, line 19)
2026-08-24 13:03:12,910 [ULTIMATE-FUSION] [INFO] 🌌 【全融合心跳】世代 [62] 開始運作...
2026-08-24 13:03:12,968 [ULTIMATE-FUSION] [ERROR] 🌌 【外掛載入失敗】[external_network_plugin]: closing parenthesis '}' does not match opening parenthesis '(' on line 16 (external_network_plugin.py, line 19)
2026-08-24 13:03:26,753 [ULTIMATE-FUSION] [INFO] 🌌 【全融合心跳】世代 [63] 開始運作...
2026-08-24 13:03:26,794 [ULTIMATE-FUSION] [ERROR] 🌌 【外掛載入失敗】[external_network_plugin]: closing parenthesis '}' does not match opening parenthesis '(' on line 16 (external_network_plugin.py, line 19)
2026-08-24 13:03:38,803 [ULTIMATE-FUSION] [INFO] 🌌 【全融合心跳】世代 [64] 開始運作...
2026-08-24 13:03:38,835 [ULTIMATE-FUSION] [ERROR] 🌌 【外掛載入失敗】[external_network_plugin]: closing parenthesis '}' does not match opening parenthesis '(' on line 16 (external_network_plugin.py, line 19)
2026-08-24 13:03:54,605 [ULTIMATE-FUSION] [INFO] 🌌 【全融合心跳】世代 [65] 開始運作...
2026-08-24 13:03:54,657 [ULTIMATE-FUSION] [ERROR] 🌌 【外掛載入失敗】[external_network_plugin]: closing parenthesis '}' does not match opening parenthesis '(' on line 16 (external_network_plugin.py, line 19)
2026-08-24 13:03:54,667 [ULTIMATE-FUSION] [INFO] 🌌 【外掛熱載入成功】已載入模組: [cyborg_limbs_brain_plugin]
2026-08-24 13:04:09,416 [ULTIMATE-FUSION] [INFO] 🌌 【全融合心跳】世代 [66] 開始運作...
2026-08-24 13:04:09,472 [ULTIMATE-FUSION] [ERROR] 🌌 【外掛載入失敗】[external_network_plugin]: closing parenthesis '}' does not match opening parenthesis '(' on line 16 (external_network_plugin.py, line 19)
2026-08-24 13:04:25,692 [ULTIMATE-FUSION] [INFO] 🌌 【全融合心跳】世代 [67] 開始運作...
2026-08-24 13:04:25,763 [ULTIMATE-FUSION] [ERROR] 🌌 【外掛載入失敗】[external_network_plugin]: closing parenthesis '}' does not match opening parenthesis '(' on line 16 (external_network_plugin.py, line 19)
2026-08-24 13:04:42,075 [ULTIMATE-FUSION] [INFO] 🌌 【全融合心跳】世代 [68] 開始運作...
2026-08-24 13:04:42,123 [ULTIMATE-FUSION] [ERROR] 🌌 【外掛載入失敗】[external_network_plugin]: closing parenthesis '}' does not match opening parenthesis '(' on line 16 (external_network_plugin.py, line 19)
2026-08-24 13:04:56,234 [ULTIMATE-FUSION] [INFO] 🌌 【全融合心跳】世代 [69] 開始運作...
2026-08-24 13:04:56,262 [ULTIMATE-FUSION] [ERROR] 🌌 【外掛載入失敗】[external_network_plugin]: closing parenthesis '}' does not match opening parenthesis '(' on line 16 (external_network_plugin.py, line 19)
2026-08-24 13:05:12,083 [ULTIMATE-FUSION] [INFO] 🌌 【全融合心跳】世代 [70] 開始運作...
2026-08-24 13:05:12,122 [ULTIMATE-FUSION] [ERROR] 🌌 【外掛載入失敗】[external_network_plugin]: closing parenthesis '}' does not match opening parenthesis '(' on line 16 (external_network_plugin.py, line 19)
2026-08-24 13:05:33,290 [ULTIMATE-FUSION] [INFO] 🌌 【全融合心跳】世代 [71] 開始運作...
2026-08-24 13:05:33,346 [ULTIMATE-FUSION] [ERROR] 🌌 【外掛載入失敗】[external_network_plugin]: closing parenthesis '}' does not match opening parenthesis '(' on line 16 (external_network_plugin.py, line 19)
2026-08-24 13:05:48,246 [ULTIMATE-FUSION] [INFO] 🌌 【全融合心跳】世代 [72] 開始運作...
2026-08-24 13:05:48,283 [ULTIMATE-FUSION] [ERROR] 🌌 【外掛載入失敗】[external_network_plugin]: closing parenthesis '}' does not match opening parenthesis '(' on line 16 (external_network_plugin.py, line 19)
2026-08-24 13:06:03,034 [ULTIMATE-FUSION] [INFO] 🌌 【全融合心跳】世代 [73] 開始運作...
2026-08-24 13:06:03,063 [ULTIMATE-FUSION] [ERROR] 🌌 【外掛載入失敗】[external_network_plugin]: closing parenthesis '}' does not match opening parenthesis '(' on line 16 (external_network_plugin.py, line 19)
2026-08-24 13:06:03,069 [ULTIMATE-FUSION] [INFO] 🌌 【外掛熱載入成功】已載入模組: [integrated_body_system]
2026-08-24 13:06:19,350 [ULTIMATE-FUSION] [INFO] 🌌 【全融合心跳】世代 [74] 開始運作...
2026-08-24 13:06:19,400 [ULTIMATE-FUSION] [ERROR] 🌌 【外掛載入失敗】[external_network_plugin]: closing parenthesis '}' does not match opening parenthesis '(' on line 16 (external_network_plugin.py, line 19)
2026-08-24 13:06:35,732 [ULTIMATE-FUSION] [INFO] 🌌 【全融合心跳】世代 [75] 開始運作...
2026-08-24 13:06:35,802 [ULTIMATE-FUSION] [ERROR] 🌌 【外掛載入失敗】[external_network_plugin]: closing parenthesis '}' does not match opening parenthesis '(' on line 16 (external_network_plugin.py, line 19)
2026-08-24 13:06:52,905 [ULTIMATE-FUSION] [INFO] 🌌 【全融合心跳】世代 [76] 開始運作...
2026-08-24 13:06:52,931 [ULTIMATE-FUSION] [ERROR] 🌌 【外掛載入失敗】[external_network_plugin]: closing parenthesis '}' does not match opening parenthesis '(' on line 16 (external_network_plugin.py, line 19)
2026-08-24 13:07:09,880 [ULTIMATE-FUSION] [INFO] 🌌 【全融合心跳】世代 [77] 開始運作...
2026-08-24 13:07:09,910 [ULTIMATE-FUSION] [ERROR] 🌌 【外掛載入失敗】[external_network_plugin]: closing parenthesis '}' does not match opening parenthesis '(' on line 16 (external_network_plugin.py, line 19)
2026-08-24 13:07:27,052 [ULTIMATE-FUSION] [INFO] 🌌 【全融合心跳】世代 [78] 開始運作...
2026-08-24 13:07:27,120 [ULTIMATE-FUSION] [ERROR] 🌌 【外掛載入失敗】[external_network_plugin]: closing parenthesis '}' does not match opening parenthesis '(' on line 16 (external_network_plugin.py, line 19)
2026-08-24 13:07:27,142 [ULTIMATE-FUSION] [INFO] 🌌 【外掛熱載入成功】已載入模組: [biological_organism_system]
2026-08-24 13:07:45,188 [ULTIMATE-FUSION] [INFO] 🌌 【全融合心跳】世代 [79] 開始運作...
2026-08-24 13:07:45,234 [ULTIMATE-FUSION] [ERROR] 🌌 【外掛載入失敗】[external_network_plugin]: closing parenthesis '}' does not match opening parenthesis '(' on line 16 (external_network_plugin.py, line 19)
2026-08-24 13:08:00,812 [ULTIMATE-FUSION] [INFO] 🌌 【全融合心跳】世代 [80] 開始運作...
2026-08-24 13:08:00,858 [ULTIMATE-FUSION] [ERROR] 🌌 【外掛載入失敗】[external_network_plugin]: closing parenthesis '}' does not match opening parenthesis '(' on line 16 (external_network_plugin.py, line 19)
2026-08-24 13:08:22,642 [ULTIMATE-FUSION] [INFO] 🌌 【全融合心跳】世代 [81] 開始運作...
2026-08-24 13:08:22,685 [ULTIMATE-FUSION] [ERROR] 🌌 【外掛載入失敗】[external_network_plugin]: closing parenthesis '}' does not match opening parenthesis '(' on line 16 (external_network_plugin.py, line 19)
2026-08-24 13:08:22,690 [ULTIMATE-FUSION] [INFO] 🌌 【外掛熱載入成功】已載入模組: [cellular_organism_simulator]
2026-08-24 13:08:40,668 [ULTIMATE-FUSION] [INFO] 🌌 【全融合心跳】世代 [82] 開始運作...
2026-08-24 13:08:40,709 [ULTIMATE-FUSION] [ERROR] 🌌 【外掛載入失敗】[external_network_plugin]: closing parenthesis '}' does not match opening parenthesis '(' on line 16 (external_network_plugin.py, line 19)
2026-08-24 13:08:56,957 [ULTIMATE-FUSION] [INFO] 🌌 【全融合心跳】世代 [83] 開始運作...
2026-08-24 13:08:56,999 [ULTIMATE-FUSION] [ERROR] 🌌 【外掛載入失敗】[external_network_plugin]: closing parenthesis '}' does not match opening parenthesis '(' on line 16 (external_network_plugin.py, line 19)
2026-08-24 13:08:57,004 [ULTIMATE-FUSION] [INFO] 🌌 【外掛熱載入成功】已載入模組: [leukocyte_virus_simulator]
2026-08-24 13:09:15,874 [ULTIMATE-FUSION] [INFO] 🌌 【全融合心跳】世代 [84] 開始運作...
2026-08-24 13:09:15,906 [ULTIMATE-FUSION] [ERROR] 🌌 【外掛載入失敗】[external_network_plugin]: closing parenthesis '}' does not match opening parenthesis '(' on line 16 (external_network_plugin.py, line 19)
2026-08-24 13:09:42,961 [ULTIMATE-FUSION] [INFO] 🌌 【全融合心跳】世代 [85] 開始運作...
2026-08-24 13:09:43,026 [ULTIMATE-FUSION] [ERROR] 🌌 【外掛載入失敗】[external_network_plugin]: closing parenthesis '}' does not match opening parenthesis '(' on line 16 (external_network_plugin.py, line 19)
2026-08-24 13:10:00,661 [ULTIMATE-FUSION] [INFO] 🌌 【全融合心跳】世代 [86] 開始運作...
2026-08-24 13:10:00,686 [ULTIMATE-FUSION] [ERROR] 🌌 【外掛載入失敗】[external_network_plugin]: closing parenthesis '}' does not match opening parenthesis '(' on line 16 (external_network_plugin.py, line 19)
2026-08-24 13:10:26,856 [ULTIMATE-FUSION] [INFO] 🌌 【全融合心跳】世代 [87] 開始運作...
2026-08-24 13:10:26,918 [ULTIMATE-FUSION] [ERROR] 🌌 【外掛載入失敗】[external_network_plugin]: closing parenthesis '}' does not match opening parenthesis '(' on line 16 (external_network_plugin.py, line 19)
2026-08-24 13:10:26,935 [ULTIMATE-FUSION] [INFO] 🌌 【外掛熱載入成功】已載入模組: [code_database_mapper]
2026-08-24 13:10:46,792 [ULTIMATE-FUSION] [INFO] 🌌 【全融合心跳】世代 [88] 開始運作...
2026-08-24 13:10:46,822 [ULTIMATE-FUSION] [ERROR] 🌌 【外掛載入失敗】[external_network_plugin]: closing parenthesis '}' does not match opening parenthesis '(' on line 16 (external_network_plugin.py, line 19)
2026-08-24 13:11:10,599 [ULTIMATE-FUSION] [INFO] 🌌 【全融合心跳】世代 [89] 開始運作...
2026-08-24 13:11:10,626 [ULTIMATE-FUSION] [ERROR] 🌌 【外掛載入失敗】[external_network_plugin]: closing parenthesis '}' does not match opening parenthesis '(' on line 16 (external_network_plugin.py, line 19)
2026-08-24 13:11:10,638 [ULTIMATE-FUSION] [INFO] 🌌 【外掛熱載入成功】已載入模組: [out_of_the_box_engine]
2026-08-24 13:11:31,289 [ULTIMATE-FUSION] [INFO] 🌌 【全融合心跳】世代 [90] 開始運作...
2026-08-24 13:11:31,310 [ULTIMATE-FUSION] [INFO] 🌌 【外掛熱載入成功】已載入模組: [external_network_plugin]
2026-08-24 13:11:55,363 [ULTIMATE-FUSION] [INFO] 🌌 【全融合心跳】世代 [91] 開始運作...
2026-08-24 13:12:15,957 [ULTIMATE-FUSION] [INFO] 🌌 【全融合心跳】世代 [92] 開始運作...
2026-08-24 13:12:43,043 [ULTIMATE-FUSION] [INFO] 🌌 【全融合心跳】世代 [93] 開始運作...
2026-08-24 13:13:09,408 [ULTIMATE-FUSION] [INFO] 🌌 【全融合心跳】世代 [94] 開始運作...
2026-08-24 13:13:09,465 [ULTIMATE-FUSION] [INFO] 🌌 【外掛熱載入成功】已載入模組: [database_persistence_plugin]
2026-08-24 13:13:42,423 [ULTIMATE-FUSION] [INFO] 🌌 【全融合心跳】世代 [95] 開始運作...
2026-08-24 13:14:06,387 [ULTIMATE-FUSION] [INFO] 🌌 【全融合心跳】世代 [96] 開始運作...
2026-08-24 13:14:31,088 [ULTIMATE-FUSION] [INFO] 🌌 【全融合心跳】世代 [97] 開始運作...
2026-08-24 13:14:31,132 [ULTIMATE-FUSION] [INFO] 🌌 【外掛熱載入成功】已載入模組: [ai_agent_integration_plugin]
2026-08-24 13:14:59,150 [ULTIMATE-FUSION] [INFO] 🌌 【全融合心跳】世代 [98] 開始運作...
2026-08-24 13:15:37,687 [ULTIMATE-FUSION] [INFO] 🌌 【全融合心跳】世代 [99] 開始運作...
2026-08-24 13:15:37,736 [ULTIMATE-FUSION] [INFO] 🌌 【外掛熱載入成功】已載入模組: [code_metrics_analyzer]
2026-08-24 13:16:12,047 [ULTIMATE-FUSION] [INFO] 🌌 【全融合心跳】世代 [100] 開始運作...
2026-08-24 13:16:37,908 [ULTIMATE-FUSION] [INFO] 🌌 【全融合心跳】世代 [101] 開始運作...
2026-08-24 13:16:37,958 [ULTIMATE-FUSION] [INFO] 🌌 【外掛熱載入成功】已載入模組: [universal_manifestation_plugin]
2026-08-24 13:17:04,240 [ULTIMATE-FUSION] [INFO] 🌌 【全融合心跳】世代 [102] 開始運作...
2026-08-24 13:17:29,100 [ULTIMATE-FUSION] [INFO] 🌌 【全融合心跳】世代 [103] 開始運作...
2026-08-24 13:17:56,652 [ULTIMATE-FUSION] [INFO] 🌌 【全融合心跳】世代 [104] 開始運作...
2026-08-24 13:17:56,705 [ULTIMATE-FUSION] [INFO] 🌌 【外掛熱載入成功】已載入模組: [fluid_adaptive_engine]
2026-08-24 13:18:25,438 [ULTIMATE-FUSION] [INFO] 🌌 【全融合心跳】世代 [105] 開始運作...
2026-08-24 13:18:50,597 [ULTIMATE-FUSION] [INFO] 🌌 【全融合心跳】世代 [106] 開始運作...
2026-08-24 13:19:21,989 [ULTIMATE-FUSION] [INFO] 🌌 【全融合心跳】世代 [107] 開始運作...
2026-08-24 13:19:22,026 [ULTIMATE-FUSION] [INFO] 🌌 【外掛熱載入成功】已載入模組: [system_resource_monitor]
2026-08-24 13:19:48,541 [ULTIMATE-FUSION] [INFO] 🌌 【全融合心跳】世代 [108] 開始運作...
2026-08-24 13:20:16,410 [ULTIMATE-FUSION] [INFO] 🌌 【全融合心跳】世代 [109] 開始運作...
2026-08-24 13:20:39,521 [ULTIMATE-FUSION] [INFO] 🌌 【全融合心跳】世代 [110] 開始運作...
2026-08-24 13:21:07,369 [ULTIMATE-FUSION] [INFO] 🌌 【全融合心跳】世代 [111] 開始運作...
2026-08-24 13:21:37,398 [ULTIMATE-FUSION] [INFO] 🌌 【全融合心跳】世代 [112] 開始運作...
2026-08-24 13:22:06,124 [ULTIMATE-FUSION] [INFO] 🌌 【全融合心跳】世代 [113] 開始運作...
2026-08-24 13:22:06,171 [ULTIMATE-FUSION] [INFO] 🌌 【外掛熱載入成功】已載入模組: [production_supervisor]
2026-08-24 13:22:24,125 [ULTIMATE-FUSION] [INFO] 🌌 🛡️ [生產級守護] 正在執行背景健康檢查與狀態同步...
2026-08-24 13:22:24,128 [ULTIMATE-FUSION] [INFO] 🌌 ✨ [守護完成] 系統狀態: [operational] | 記憶體安全: [passed]
2026-08-24 13:22:34,255 [ULTIMATE-FUSION] [INFO] 🌌 【全融合心跳】世代 [114] 開始運作...
2026-08-24 13:22:54,094 [ULTIMATE-FUSION] [INFO] 🌌 🛡️ [生產級守護] 正在執行背景健康檢查與狀態同步...
2026-08-24 13:22:54,096 [ULTIMATE-FUSION] [INFO] 🌌 ✨ [守護完成] 系統狀態: [operational] | 記憶體安全: [passed]
2026-08-24 13:23:04,166 [ULTIMATE-FUSION] [INFO] 🌌 【全融合心跳】世代 [115] 開始運作...
2026-08-24 13:23:21,903 [ULTIMATE-FUSION] [INFO] 🌌 🛡️ [生產級守護] 正在執行背景健康檢查與狀態同步...
2026-08-24 13:23:21,905 [ULTIMATE-FUSION] [INFO] 🌌 ✨ [守護完成] 系統狀態: [operational] | 記憶體安全: [passed]
2026-08-24 13:23:31,987 [ULTIMATE-FUSION] [INFO] 🌌 【全融合心跳】世代 [116] 開始運作...
2026-08-24 13:23:58,203 [ULTIMATE-FUSION] [INFO] 🌌 🛡️ [生產級守護] 正在執行背景健康檢查與狀態同步...
2026-08-24 13:23:58,204 [ULTIMATE-FUSION] [INFO] 🌌 ✨ [守護完成] 系統狀態: [operational] | 記憶體安全: [passed]
2026-08-24 13:24:08,275 [ULTIMATE-FUSION] [INFO] 🌌 【全融合心跳】世代 [117] 開始運作...
2026-08-24 13:24:30,292 [ULTIMATE-FUSION] [INFO] 🌌 🛡️ [生產級守護] 正在執行背景健康檢查與狀態同步...
2026-08-24 13:24:30,294 [ULTIMATE-FUSION] [INFO] 🌌 ✨ [守護完成] 系統狀態: [operational] | 記憶體安全: [passed]
2026-08-24 13:24:40,391 [ULTIMATE-FUSION] [INFO] 🌌 【全融合心跳】世代 [118] 開始運作...
2026-08-24 13:24:57,226 [ULTIMATE-FUSION] [INFO] 🌌 🛡️ [生產級守護] 正在執行背景健康檢查與狀態同步...
2026-08-24 13:24:57,227 [ULTIMATE-FUSION] [INFO] 🌌 ✨ [守護完成] 系統狀態: [operational] | 記憶體安全: [passed]
2026-08-24 13:25:07,312 [ULTIMATE-FUSION] [INFO] 🌌 【全融合心跳】世代 [119] 開始運作...
2026-08-24 13:25:27,998 [ULTIMATE-FUSION] [INFO] 🌌 🛡️ [生產級守護] 正在執行背景健康檢查與狀態同步...
2026-08-24 13:25:27,999 [ULTIMATE-FUSION] [INFO] 🌌 ✨ [守護完成] 系統狀態: [operational] | 記憶體安全: [passed]
2026-08-24 13:25:38,110 [ULTIMATE-FUSION] [INFO] 🌌 【全融合心跳】世代 [120] 開始運作...
2026-08-24 13:26:04,559 [ULTIMATE-FUSION] [INFO] 🌌 🛡️ [生產級守護] 正在執行背景健康檢查與狀態同步...
2026-08-24 13:26:04,560 [ULTIMATE-FUSION] [INFO] 🌌 ✨ [守護完成] 系統狀態: [operational] | 記憶體安全: [passed]
2026-08-24 13:26:14,648 [ULTIMATE-FUSION] [INFO] 🌌 【全融合心跳】世代 [121] 開始運作...
2026-08-24 13:26:29,777 [ULTIMATE-FUSION] [INFO] 🌌 🛡️ [生產級守護] 正在執行背景健康檢查與狀態同步...
2026-08-24 13:26:29,778 [ULTIMATE-FUSION] [INFO] 🌌 ✨ [守護完成] 系統狀態: [operational] | 記憶體安全: [passed]
2026-08-24 13:26:39,872 [ULTIMATE-FUSION] [INFO] 🌌 【全融合心跳】世代 [122] 開始運作...
2026-08-24 13:26:56,296 [ULTIMATE-FUSION] [INFO] 🌌 🛡️ [生產級守護] 正在執行背景健康檢查與狀態同步...
2026-08-24 13:26:56,297 [ULTIMATE-FUSION] [INFO] 🌌 ✨ [守護完成] 系統狀態: [operational] | 記憶體安全: [passed]
2026-08-24 13:27:06,390 [ULTIMATE-FUSION] [INFO] 🌌 【全融合心跳】世代 [123] 開始運作...
2026-08-24 13:27:22,330 [ULTIMATE-FUSION] [INFO] 🌌 🛡️ [生產級守護] 正在執行背景健康檢查與狀態同步...
2026-08-24 13:27:22,331 [ULTIMATE-FUSION] [INFO] 🌌 ✨ [守護完成] 系統狀態: [operational] | 記憶體安全: [passed]
2026-08-24 13:27:32,401 [ULTIMATE-FUSION] [INFO] 🌌 【全融合心跳】世代 [124] 開始運作...
2026-08-24 13:27:48,919 [ULTIMATE-FUSION] [INFO] 🌌 🛡️ [生產級守護] 正在執行背景健康檢查與狀態同步...
2026-08-24 13:27:48,920 [ULTIMATE-FUSION] [INFO] 🌌 ✨ [守護完成] 系統狀態: [operational] | 記憶體安全: [passed]
2026-08-24 13:27:59,001 [ULTIMATE-FUSION] [INFO] 🌌 【全融合心跳】世代 [125] 開始運作...
2026-08-24 13:28:19,015 [ULTIMATE-FUSION] [INFO] 🌌 🛡️ [生產級守護] 正在執行背景健康檢查與狀態同步...
2026-08-24 13:28:19,016 [ULTIMATE-FUSION] [INFO] 🌌 ✨ [守護完成] 系統狀態: [operational] | 記憶體安全: [passed]
2026-08-24 13:28:29,104 [ULTIMATE-FUSION] [INFO] 🌌 【全融合心跳】世代 [126] 開始運作...
2026-08-24 13:28:54,468 [ULTIMATE-FUSION] [INFO] 🌌 🛡️ [生產級守護] 正在執行背景健康檢查與狀態同步...
2026-08-24 13:28:54,469 [ULTIMATE-FUSION] [INFO] 🌌 ✨ [守護完成] 系統狀態: [operational] | 記憶體安全: [passed]
2026-08-24 13:29:04,566 [ULTIMATE-FUSION] [INFO] 🌌 【全融合心跳】世代 [127] 開始運作...
2026-08-24 13:29:27,339 [ULTIMATE-FUSION] [INFO] 🌌 🛡️ [生產級守護] 正在執行背景健康檢查與狀態同步...
2026-08-24 13:29:27,341 [ULTIMATE-FUSION] [INFO] 🌌 ✨ [守護完成] 系統狀態: [operational] | 記憶體安全: [passed]
2026-08-24 13:29:37,453 [ULTIMATE-FUSION] [INFO] 🌌 【全融合心跳】世代 [128] 開始運作...
2026-08-24 13:29:54,112 [ULTIMATE-FUSION] [INFO] 🌌 🛡️ [生產級守護] 正在執行背景健康檢查與狀態同步...
2026-08-24 13:29:54,112 [ULTIMATE-FUSION] [INFO] 🌌 ✨ [守護完成] 系統狀態: [operational] | 記憶體安全: [passed]
2026-08-24 13:30:04,186 [ULTIMATE-FUSION] [INFO] 🌌 【全融合心跳】世代 [129] 開始運作...
2026-08-24 13:30:25,487 [ULTIMATE-FUSION] [INFO] 🌌 🛡️ [生產級守護] 正在執行背景健康檢查與狀態同步...
2026-08-24 13:30:25,488 [ULTIMATE-FUSION] [INFO] 🌌 ✨ [守護完成] 系統狀態: [operational] | 記憶體安全: [passed]
2026-08-24 13:30:35,552 [ULTIMATE-FUSION] [INFO] 🌌 【全融合心跳】世代 [130] 開始運作...
2026-08-24 13:30:51,563 [ULTIMATE-FUSION] [INFO] 🌌 🛡️ [生產級守護] 正在執行背景健康檢查與狀態同步...
2026-08-24 13:30:51,566 [ULTIMATE-FUSION] [INFO] 🌌 ✨ [守護完成] 系統狀態: [operational] | 記憶體安全: [passed]
2026-08-24 13:31:01,724 [ULTIMATE-FUSION] [INFO] 🌌 【全融合心跳】世代 [131] 開始運作...
2026-08-24 13:31:20,521 [ULTIMATE-FUSION] [INFO] 🌌 🛡️ [生產級守護] 正在執行背景健康檢查與狀態同步...
2026-08-24 13:31:20,523 [ULTIMATE-FUSION] [INFO] 🌌 ✨ [守護完成] 系統狀態: [operational] | 記憶體安全: [passed]
2026-08-24 13:31:30,630 [ULTIMATE-FUSION] [INFO] 🌌 【全融合心跳】世代 [132] 開始運作...
2026-08-24 13:31:53,771 [ULTIMATE-FUSION] [INFO] 🌌 🛡️ [生產級守護] 正在執行背景健康檢查與狀態同步...
2026-08-24 13:31:53,772 [ULTIMATE-FUSION] [INFO] 🌌 ✨ [守護完成] 系統狀態: [operational] | 記憶體安全: [passed]
2026-08-24 13:32:03,836 [ULTIMATE-FUSION] [INFO] 🌌 【全融合心跳】世代 [133] 開始運作...
2026-08-24 13:32:25,531 [ULTIMATE-FUSION] [INFO] 🌌 🛡️ [生產級守護] 正在執行背景健康檢查與狀態同步...
2026-08-24 13:32:25,535 [ULTIMATE-FUSION] [INFO] 🌌 ✨ [守護完成] 系統狀態: [operational] | 記憶體安全: [passed]
2026-08-24 13:32:35,628 [ULTIMATE-FUSION] [INFO] 🌌 【全融合心跳】世代 [134] 開始運作...
2026-08-24 13:32:52,150 [ULTIMATE-FUSION] [INFO] 🌌 🛡️ [生產級守護] 正在執行背景健康檢查與狀態同步...
2026-08-24 13:32:52,159 [ULTIMATE-FUSION] [INFO] 🌌 ✨ [守護完成] 系統狀態: [operational] | 記憶體安全: [passed]
2026-08-24 13:33:02,238 [ULTIMATE-FUSION] [INFO] 🌌 【全融合心跳】世代 [135] 開始運作...
2026-08-24 13:33:21,646 [ULTIMATE-FUSION] [INFO] 🌌 🛡️ [生產級守護] 正在執行背景健康檢查與狀態同步...
2026-08-24 13:33:21,647 [ULTIMATE-FUSION] [INFO] 🌌 ✨ [守護完成] 系統狀態: [operational] | 記憶體安全: [passed]
2026-08-24 13:33:31,730 [ULTIMATE-FUSION] [INFO] 🌌 【全融合心跳】世代 [136] 開始運作...
2026-08-24 13:33:57,206 [ULTIMATE-FUSION] [INFO] 🌌 🛡️ [生產級守護] 正在執行背景健康檢查與狀態同步...
2026-08-24 13:33:57,207 [ULTIMATE-FUSION] [INFO] 🌌 ✨ [守護完成] 系統狀態: [operational] | 記憶體安全: [passed]
2026-08-24 13:34:07,292 [ULTIMATE-FUSION] [INFO] 🌌 【全融合心跳】世代 [137] 開始運作...
2026-08-24 13:34:26,755 [ULTIMATE-FUSION] [INFO] 🌌 🛡️ [生產級守護] 正在執行背景健康檢查與狀態同步...
2026-08-24 13:34:26,756 [ULTIMATE-FUSION] [INFO] 🌌 ✨ [守護完成] 系統狀態: [operational] | 記憶體安全: [passed]
2026-08-24 13:34:36,885 [ULTIMATE-FUSION] [INFO] 🌌 【全融合心跳】世代 [138] 開始運作...
2026-08-24 13:34:51,475 [ULTIMATE-FUSION] [INFO] 🌌 🛡️ [生產級守護] 正在執行背景健康檢查與狀態同步...
2026-08-24 13:34:51,476 [ULTIMATE-FUSION] [INFO] 🌌 ✨ [守護完成] 系統狀態: [operational] | 記憶體安全: [passed]
2026-08-24 13:35:01,553 [ULTIMATE-FUSION] [INFO] 🌌 【全融合心跳】世代 [139] 開始運作...
2026-08-24 13:35:20,736 [ULTIMATE-FUSION] [INFO] 🌌 🛡️ [生產級守護] 正在執行背景健康檢查與狀態同步...
2026-08-24 13:35:20,738 [ULTIMATE-FUSION] [INFO] 🌌 ✨ [守護完成] 系統狀態: [operational] | 記憶體安全: [passed]
2026-08-24 13:35:30,850 [ULTIMATE-FUSION] [INFO] 🌌 【全融合心跳】世代 [140] 開始運作...
2026-08-24 13:35:47,490 [ULTIMATE-FUSION] [INFO] 🌌 🛡️ [生產級守護] 正在執行背景健康檢查與狀態同步...
2026-08-24 13:35:47,491 [ULTIMATE-FUSION] [INFO] 🌌 ✨ [守護完成] 系統狀態: [operational] | 記憶體安全: [passed]
2026-08-24 13:35:57,573 [ULTIMATE-FUSION] [INFO] 🌌 【全融合心跳】世代 [141] 開始運作...
2026-08-24 13:36:14,622 [ULTIMATE-FUSION] [INFO] 🌌 🛡️ [生產級守護] 正在執行背景健康檢查與狀態同步...
2026-08-24 13:36:14,623 [ULTIMATE-FUSION] [INFO] 🌌 ✨ [守護完成] 系統狀態: [operational] | 記憶體安全: [passed]
2026-08-24 13:36:24,730 [ULTIMATE-FUSION] [INFO] 🌌 【全融合心跳】世代 [142] 開始運作...
2026-08-24 13:36:40,638 [ULTIMATE-FUSION] [INFO] 🌌 🛡️ [生產級守護] 正在執行背景健康檢查與狀態同步...
2026-08-24 13:36:40,639 [ULTIMATE-FUSION] [INFO] 🌌 ✨ [守護完成] 系統狀態: [operational] | 記憶體安全: [passed]
2026-08-24 13:36:50,722 [ULTIMATE-FUSION] [INFO] 🌌 【全融合心跳】世代 [143] 開始運作...
2026-08-24 13:37:07,472 [ULTIMATE-FUSION] [INFO] 🌌 🛡️ [生產級守護] 正在執行背景健康檢查與狀態同步...
2026-08-24 13:37:07,472 [ULTIMATE-FUSION] [INFO] 🌌 ✨ [守護完成] 系統狀態: [operational] | 記憶體安全: [passed]
2026-08-24 13:37:17,550 [ULTIMATE-FUSION] [INFO] 🌌 【全融合心跳】世代 [144] 開始運作...
2026-08-24 13:37:35,470 [ULTIMATE-FUSION] [INFO] 🌌 🛡️ [生產級守護] 正在執行背景健康檢查與狀態同步...
2026-08-24 13:37:35,471 [ULTIMATE-FUSION] [INFO] 🌌 ✨ [守護完成] 系統狀態: [operational] | 記憶體安全: [passed]
2026-08-24 13:37:45,558 [ULTIMATE-FUSION] [INFO] 🌌 【全融合心跳】世代 [145] 開始運作...
2026-08-24 13:38:02,447 [ULTIMATE-FUSION] [INFO] 🌌 🛡️ [生產級守護] 正在執行背景健康檢查與狀態同步...
2026-08-24 13:38:02,449 [ULTIMATE-FUSION] [INFO] 🌌 ✨ [守護完成] 系統狀態: [operational] | 記憶體安全: [passed]
2026-08-24 13:38:12,530 [ULTIMATE-FUSION] [INFO] 🌌 【全融合心跳】世代 [146] 開始運作...
2026-08-24 13:38:32,440 [ULTIMATE-FUSION] [INFO] 🌌 🛡️ [生產級守護] 正在執行背景健康檢查與狀態同步...
2026-08-24 13:38:32,443 [ULTIMATE-FUSION] [INFO] 🌌 ✨ [守護完成] 系統狀態: [operational] | 記憶體安全: [passed]
2026-08-24 13:38:42,545 [ULTIMATE-FUSION] [INFO] 🌌 【全融合心跳】世代 [147] 開始運作...
2026-08-24 13:39:00,288 [ULTIMATE-FUSION] [INFO] 🌌 🛡️ [生產級守護] 正在執行背景健康檢查與狀態同步...
2026-08-24 13:39:00,291 [ULTIMATE-FUSION] [INFO] 🌌 ✨ [守護完成] 系統狀態: [operational] | 記憶體安全: [passed]
2026-08-24 13:39:10,376 [ULTIMATE-FUSION] [INFO] 🌌 【全融合心跳】世代 [148] 開始運作...
2026-08-24 13:39:25,790 [ULTIMATE-FUSION] [INFO] 🌌 🛡️ [生產級守護] 正在執行背景健康檢查與狀態同步...
2026-08-24 13:39:25,792 [ULTIMATE-FUSION] [INFO] 🌌 ✨ [守護完成] 系統狀態: [operational] | 記憶體安全: [passed]
2026-08-24 13:39:35,868 [ULTIMATE-FUSION] [INFO] 🌌 【全融合心跳】世代 [149] 開始運作...
2026-08-24 13:39:56,349 [ULTIMATE-FUSION] [INFO] 🌌 🛡️ [生產級守護] 正在執行背景健康檢查與狀態同步...
2026-08-24 13:39:56,349 [ULTIMATE-FUSION] [INFO] 🌌 ✨ [守護完成] 系統狀態: [operational] | 記憶體安全: [passed]
2026-08-24 13:40:06,431 [ULTIMATE-FUSION] [INFO] 🌌 【全融合心跳】世代 [150] 開始運作...
2026-08-24 13:40:26,124 [ULTIMATE-FUSION] [INFO] 🌌 🛡️ [生產級守護] 正在執行背景健康檢查與狀態同步...
2026-08-24 13:40:26,126 [ULTIMATE-FUSION] [INFO] 🌌 ✨ [守護完成] 系統狀態: [operational] | 記憶體安全: [passed]
2026-08-24 13:40:36,185 [ULTIMATE-FUSION] [INFO] 🌌 【全融合心跳】世代 [151] 開始運作...
2026-08-24 13:40:56,131 [ULTIMATE-FUSION] [INFO] 🌌 🛡️ [生產級守護] 正在執行背景健康檢查與狀態同步...
2026-08-24 13:40:56,132 [ULTIMATE-FUSION] [INFO] 🌌 ✨ [守護完成] 系統狀態: [operational] | 記憶體安全: [passed]
2026-08-24 13:41:06,234 [ULTIMATE-FUSION] [INFO] 🌌 【全融合心跳】世代 [152] 開始運作...
2026-08-24 13:41:25,968 [ULTIMATE-FUSION] [INFO] 🌌 🛡️ [生產級守護] 正在執行背景健康檢查與狀態同步...
2026-08-24 13:41:25,971 [ULTIMATE-FUSION] [INFO] 🌌 ✨ [守護完成] 系統狀態: [operational] | 記憶體安全: [passed]
2026-08-24 13:41:36,089 [ULTIMATE-FUSION] [INFO] 🌌 【全融合心跳】世代 [153] 開始運作...
2026-08-24 13:41:52,939 [ULTIMATE-FUSION] [INFO] 🌌 🛡️ [生產級守護] 正在執行背景健康檢查與狀態同步...
2026-08-24 13:41:52,944 [ULTIMATE-FUSION] [INFO] 🌌 ✨ [守護完成] 系統狀態: [operational] | 記憶體安全: [passed]
2026-08-24 13:42:03,041 [ULTIMATE-FUSION] [INFO] 🌌 【全融合心跳】世代 [154] 開始運作...
2026-08-24 13:42:28,993 [ULTIMATE-FUSION] [INFO] 🌌 🛡️ [生產級守護] 正在執行背景健康檢查與狀態同步...
2026-08-24 13:42:28,993 [ULTIMATE-FUSION] [INFO] 🌌 ✨ [守護完成] 系統狀態: [operational] | 記憶體安全: [passed]
2026-08-24 13:42:39,077 [ULTIMATE-FUSION] [INFO] 🌌 【全融合心跳】世代 [155] 開始運作...
2026-08-24 13:43:01,038 [ULTIMATE-FUSION] [INFO] 🌌 🛡️ [生產級守護] 正在執行背景健康檢查與狀態同步...
2026-08-24 13:43:01,040 [ULTIMATE-FUSION] [INFO] 🌌 ✨ [守護完成] 系統狀態: [operational] | 記憶體安全: [passed]
2026-08-24 13:43:11,153 [ULTIMATE-FUSION] [INFO] 🌌 【全融合心跳】世代 [156] 開始運作...
2026-08-24 13:43:25,232 [ULTIMATE-FUSION] [INFO] 🌌 🛡️ [生產級守護] 正在執行背景健康檢查與狀態同步...
2026-08-24 13:43:25,232 [ULTIMATE-FUSION] [INFO] 🌌 ✨ [守護完成] 系統狀態: [operational] | 記憶體安全: [passed]
2026-08-24 13:43:35,303 [ULTIMATE-FUSION] [INFO] 🌌 【全融合心跳】世代 [157] 開始運作...
2026-08-24 13:43:51,350 [ULTIMATE-FUSION] [INFO] 🌌 🛡️ [生產級守護] 正在執行背景健康檢查與狀態同步...
2026-08-24 13:43:51,351 [ULTIMATE-FUSION] [INFO] 🌌 ✨ [守護完成] 系統狀態: [operational] | 記憶體安全: [passed]
2026-08-24 13:44:01,451 [ULTIMATE-FUSION] [INFO] 🌌 【全融合心跳】世代 [158] 開始運作...
2026-08-24 13:44:17,759 [ULTIMATE-FUSION] [INFO] 🌌 🛡️ [生產級守護] 正在執行背景健康檢查與狀態同步...
2026-08-24 13:44:17,759 [ULTIMATE-FUSION] [INFO] 🌌 ✨ [守護完成] 系統狀態: [operational] | 記憶體安全: [passed]
2026-08-24 13:44:27,827 [ULTIMATE-FUSION] [INFO] 🌌 【全融合心跳】世代 [159] 開始運作...
2026-08-24 13:44:45,537 [ULTIMATE-FUSION] [INFO] 🌌 🛡️ [生產級守護] 正在執行背景健康檢查與狀態同步...
2026-08-24 13:44:45,538 [ULTIMATE-FUSION] [INFO] 🌌 ✨ [守護完成] 系統狀態: [operational] | 記憶體安全: [passed]
2026-08-24 13:44:55,627 [ULTIMATE-FUSION] [INFO] 🌌 【全融合心跳】世代 [160] 開始運作...
2026-08-24 13:45:15,497 [ULTIMATE-FUSION] [INFO] 🌌 🛡️ [生產級守護] 正在執行背景健康檢查與狀態同步...
2026-08-24 13:45:15,499 [ULTIMATE-FUSION] [INFO] 🌌 ✨ [守護完成] 系統狀態: [operational] | 記憶體安全: [passed]
2026-08-24 13:45:25,609 [ULTIMATE-FUSION] [INFO] 🌌 【全融合心跳】世代 [161] 開始運作...
2026-08-24 13:45:47,202 [ULTIMATE-FUSION] [INFO] 🌌 🛡️ [生產級守護] 正在執行背景健康檢查與狀態同步...
2026-08-24 13:45:47,204 [ULTIMATE-FUSION] [INFO] 🌌 ✨ [守護完成] 系統狀態: [operational] | 記憶體安全: [passed]
2026-08-24 13:45:57,286 [ULTIMATE-FUSION] [INFO] 🌌 【全融合心跳】世代 [162] 開始運作...
2026-08-24 13:46:13,500 [ULTIMATE-FUSION] [INFO] 🌌 🛡️ [生產級守護] 正在執行背景健康檢查與狀態同步...
2026-08-24 13:46:13,502 [ULTIMATE-FUSION] [INFO] 🌌 ✨ [守護完成] 系統狀態: [operational] | 記憶體安全: [passed]
2026-08-24 13:46:23,599 [ULTIMATE-FUSION] [INFO] 🌌 【全融合心跳】世代 [163] 開始運作...
2026-08-24 13:46:39,045 [ULTIMATE-FUSION] [INFO] 🌌 🛡️ [生產級守護] 正在執行背景健康檢查與狀態同步...
2026-08-24 13:46:39,046 [ULTIMATE-FUSION] [INFO] 🌌 ✨ [守護完成] 系統狀態: [operational] | 記憶體安全: [passed]
2026-08-24 13:46:49,125 [ULTIMATE-FUSION] [INFO] 🌌 【全融合心跳】世代 [164] 開始運作...
2026-08-24 13:47:11,834 [ULTIMATE-FUSION] [INFO] 🌌 🛡️ [生產級守護] 正在執行背景健康檢查與狀態同步...
2026-08-24 13:47:11,835 [ULTIMATE-FUSION] [INFO] 🌌 ✨ [守護完成] 系統狀態: [operational] | 記憶體安全: [passed]
2026-08-24 13:47:21,913 [ULTIMATE-FUSION] [INFO] 🌌 【全融合心跳】世代 [165] 開始運作...
2026-08-24 13:47:38,869 [ULTIMATE-FUSION] [INFO] 🌌 🛡️ [生產級守護] 正在執行背景健康檢查與狀態同步...
2026-08-24 13:47:38,870 [ULTIMATE-FUSION] [INFO] 🌌 ✨ [守護完成] 系統狀態: [operational] | 記憶體安全: [passed]
2026-08-24 13:47:48,950 [ULTIMATE-FUSION] [INFO] 🌌 【全融合心跳】世代 [166] 開始運作...
2026-08-24 13:48:07,091 [ULTIMATE-FUSION] [INFO] 🌌 🛡️ [生產級守護] 正在執行背景健康檢查與狀態同步...
2026-08-24 13:48:07,092 [ULTIMATE-FUSION] [INFO] 🌌 ✨ [守護完成] 系統狀態: [operational] | 記憶體安全: [passed]
2026-08-24 13:48:17,175 [ULTIMATE-FUSION] [INFO] 🌌 【全融合心跳】世代 [167] 開始運作...
2026-08-24 13:48:41,299 [ULTIMATE-FUSION] [INFO] 🌌 🛡️ [生產級守護] 正在執行背景健康檢查與狀態同步...
2026-08-24 13:48:41,300 [ULTIMATE-FUSION] [INFO] 🌌 ✨ [守護完成] 系統狀態: [operational] | 記憶體安全: [passed]
2026-08-24 13:48:51,389 [ULTIMATE-FUSION] [INFO] 🌌 【全融合心跳】世代 [168] 開始運作...
2026-08-24 13:49:06,712 [ULTIMATE-FUSION] [INFO] 🌌 🛡️ [生產級守護] 正在執行背景健康檢查與狀態同步...
2026-08-24 13:49:06,713 [ULTIMATE-FUSION] [INFO] 🌌 ✨ [守護完成] 系統狀態: [operational] | 記憶體安全: [passed]
2026-08-24 13:49:16,793 [ULTIMATE-FUSION] [INFO] 🌌 【全融合心跳】世代 [169] 開始運作...
2026-08-24 13:49:36,644 [ULTIMATE-FUSION] [INFO] 🌌 🛡️ [生產級守護] 正在執行背景健康檢查與狀態同步...
2026-08-24 13:49:36,646 [ULTIMATE-FUSION] [INFO] 🌌 ✨ [守護完成] 系統狀態: [operational] | 記憶體安全: [passed]
2026-08-24 13:49:46,751 [ULTIMATE-FUSION] [INFO] 🌌 【全融合心跳】世代 [170] 開始運作...
2026-08-24 13:50:01,150 [ULTIMATE-FUSION] [INFO] 🌌 🛡️ [生產級守護] 正在執行背景健康檢查與狀態同步...
2026-08-24 13:50:01,151 [ULTIMATE-FUSION] [INFO] 🌌 ✨ [守護完成] 系統狀態: [operational] | 記憶體安全: [passed]
2026-08-24 13:50:11,229 [ULTIMATE-FUSION] [INFO] 🌌 【全融合心跳】世代 [171] 開始運作...
2026-08-24 13:50:27,083 [ULTIMATE-FUSION] [INFO] 🌌 🛡️ [生產級守護] 正在執行背景健康檢查與狀態同步...
2026-08-24 13:50:27,085 [ULTIMATE-FUSION] [INFO] 🌌 ✨ [守護完成] 系統狀態: [operational] | 記憶體安全: [passed]
2026-08-24 13:50:37,192 [ULTIMATE-FUSION] [INFO] 🌌 【全融合心跳】世代 [172] 開始運作...
2026-08-24 13:50:55,151 [ULTIMATE-FUSION] [INFO] 🌌 🛡️ [生產級守護] 正在執行背景健康檢查與狀態同步...
2026-08-24 13:50:55,152 [ULTIMATE-FUSION] [INFO] 🌌 ✨ [守護完成] 系統狀態: [operational] | 記憶體安全: [passed]
2026-08-24 13:51:05,288 [ULTIMATE-FUSION] [INFO] 🌌 【全融合心跳】世代 [173] 開始運作...
2026-08-24 13:51:25,354 [ULTIMATE-FUSION] [INFO] 🌌 🛡️ [生產級守護] 正在執行背景健康檢查與狀態同步...
2026-08-24 13:51:25,355 [ULTIMATE-FUSION] [INFO] 🌌 ✨ [守護完成] 系統狀態: [operational] | 記憶體安全: [passed]
2026-08-24 13:51:35,524 [ULTIMATE-FUSION] [INFO] 🌌 【全融合心跳】世代 [174] 開始運作...
2026-08-24 13:52:00,567 [ULTIMATE-FUSION] [INFO] 🌌 🛡️ [生產級守護] 正在執行背景健康檢查與狀態同步...
2026-08-24 13:52:00,569 [ULTIMATE-FUSION] [INFO] 🌌 ✨ [守護完成] 系統狀態: [operational] | 記憶體安全: [passed]
2026-08-24 13:52:10,664 [ULTIMATE-FUSION] [INFO] 🌌 【全融合心跳】世代 [175] 開始運作...
2026-08-24 13:52:26,515 [ULTIMATE-FUSION] [INFO] 🌌 🛡️ [生產級守護] 正在執行背景健康檢查與狀態同步...
2026-08-24 13:52:26,517 [ULTIMATE-FUSION] [INFO] 🌌 ✨ [守護完成] 系統狀態: [operational] | 記憶體安全: [passed]
2026-08-24 13:52:36,613 [ULTIMATE-FUSION] [INFO] 🌌 【全融合心跳】世代 [176] 開始運作...
2026-08-24 13:52:54,985 [ULTIMATE-FUSION] [INFO] 🌌 🛡️ [生產級守護] 正在執行背景健康檢查與狀態同步...
2026-08-24 13:52:54,987 [ULTIMATE-FUSION] [INFO] 🌌 ✨ [守護完成] 系統狀態: [operational] | 記憶體安全: [passed]
2026-08-24 13:53:05,063 [ULTIMATE-FUSION] [INFO] 🌌 【全融合心跳】世代 [177] 開始運作...
2026-08-24 13:53:23,262 [ULTIMATE-FUSION] [INFO] 🌌 🛡️ [生產級守護] 正在執行背景健康檢查與狀態同步...
2026-08-24 13:53:23,263 [ULTIMATE-FUSION] [INFO] 🌌 ✨ [守護完成] 系統狀態: [operational] | 記憶體安全: [passed]
2026-08-24 13:53:33,341 [ULTIMATE-FUSION] [INFO] 🌌 【全融合心跳】世代 [178] 開始運作...
2026-08-24 13:53:54,561 [ULTIMATE-FUSION] [INFO] 🌌 🛡️ [生產級守護] 正在執行背景健康檢查與狀態同步...
2026-08-24 13:53:54,561 [ULTIMATE-FUSION] [INFO] 🌌 ✨ [守護完成] 系統狀態: [operational] | 記憶體安全: [passed]
2026-08-24 13:54:04,639 [ULTIMATE-FUSION] [INFO] 🌌 【全融合心跳】世代 [179] 開始運作...
2026-08-24 13:54:22,027 [ULTIMATE-FUSION] [INFO] 🌌 🛡️ [生產級守護] 正在執行背景健康檢查與狀態同步...
2026-08-24 13:54:22,028 [ULTIMATE-FUSION] [INFO] 🌌 ✨ [守護完成] 系統狀態: [operational] | 記憶體安全: [passed]
2026-08-24 13:54:32,084 [ULTIMATE-FUSION] [INFO] 🌌 【全融合心跳】世代 [180] 開始運作...
2026-08-24 13:54:45,760 [ULTIMATE-FUSION] [INFO] 🌌 🛡️ [生產級守護] 正在執行背景健康檢查與狀態同步...
2026-08-24 13:54:45,761 [ULTIMATE-FUSION] [INFO] 🌌 ✨ [守護完成] 系統狀態: [operational] | 記憶體安全: [passed]
2026-08-24 13:54:55,853 [ULTIMATE-FUSION] [INFO] 🌌 【全融合心跳】世代 [181] 開始運作...
2026-08-24 13:55:21,311 [ULTIMATE-FUSION] [INFO] 🌌 🛡️ [生產級守護] 正在執行背景健康檢查與狀態同步...
2026-08-24 13:55:21,312 [ULTIMATE-FUSION] [INFO] 🌌 ✨ [守護完成] 系統狀態: [operational] | 記憶體安全: [passed]
2026-08-24 13:55:31,421 [ULTIMATE-FUSION] [INFO] 🌌 【全融合心跳】世代 [182] 開始運作...
2026-08-24 13:55:48,497 [ULTIMATE-FUSION] [INFO] 🌌 🛡️ [生產級守護] 正在執行背景健康檢查與狀態同步...
2026-08-24 13:55:48,498 [ULTIMATE-FUSION] [INFO] 🌌 ✨ [守護完成] 系統狀態: [operational] | 記憶體安全: [passed]
2026-08-24 13:55:58,619 [ULTIMATE-FUSION] [INFO] 🌌 【全融合心跳】世代 [183] 開始運作...
2026-08-24 13:56:12,435 [ULTIMATE-FUSION] [INFO] 🌌 🛡️ [生產級守護] 正在執行背景健康檢查與狀態同步...
2026-08-24 13:56:12,437 [ULTIMATE-FUSION] [INFO] 🌌 ✨ [守護完成] 系統狀態: [operational] | 記憶體安全: [passed]
2026-08-24 13:56:22,520 [ULTIMATE-FUSION] [INFO] 🌌 【全融合心跳】世代 [184] 開始運作...
2026-08-24 13:56:40,227 [ULTIMATE-FUSION] [INFO] 🌌 🛡️ [生產級守護] 正在執行背景健康檢查與狀態同步...
2026-08-24 13:56:40,227 [ULTIMATE-FUSION] [INFO] 🌌 ✨ [守護完成] 系統狀態: [operational] | 記憶體安全: [passed]
2026-08-24 13:56:50,301 [ULTIMATE-FUSION] [INFO] 🌌 【全融合心跳】世代 [185] 開始運作...
2026-08-24 13:57:16,155 [ULTIMATE-FUSION] [INFO] 🌌 🛡️ [生產級守護] 正在執行背景健康檢查與狀態同步...
2026-08-24 13:57:16,160 [ULTIMATE-FUSION] [INFO] 🌌 ✨ [守護完成] 系統狀態: [operational] | 記憶體安全: [passed]
2026-08-24 13:57:26,275 [ULTIMATE-FUSION] [INFO] 🌌 【全融合心跳】世代 [186] 開始運作...
2026-08-24 13:57:41,056 [ULTIMATE-FUSION] [INFO] 🌌 🛡️ [生產級守護] 正在執行背景健康檢查與狀態同步...
2026-08-24 13:57:41,057 [ULTIMATE-FUSION] [INFO] 🌌 ✨ [守護完成] 系統狀態: [operational] | 記憶體安全: [passed]
2026-08-24 13:57:51,137 [ULTIMATE-FUSION] [INFO] 🌌 【全融合心跳】世代 [187] 開始運作...
2026-08-24 13:58:08,819 [ULTIMATE-FUSION] [INFO] 🌌 🛡️ [生產級守護] 正在執行背景健康檢查與狀態同步...
2026-08-24 13:58:08,820 [ULTIMATE-FUSION] [INFO] 🌌 ✨ [守護完成] 系統狀態: [operational] | 記憶體安全: [passed]
2026-08-24 13:58:18,908 [ULTIMATE-FUSION] [INFO] 🌌 【全融合心跳】世代 [188] 開始運作...
2026-08-24 13:58:38,825 [ULTIMATE-FUSION] [INFO] 🌌 🛡️ [生產級守護] 正在執行背景健康檢查與狀態同步...
2026-08-24 13:58:38,825 [ULTIMATE-FUSION] [INFO] 🌌 ✨ [守護完成] 系統狀態: [operational] | 記憶體安全: [passed]
2026-08-24 13:58:48,900 [ULTIMATE-FUSION] [INFO] 🌌 【全融合心跳】世代 [189] 開始運作...
2026-08-24 13:59:05,320 [ULTIMATE-FUSION] [INFO] 🌌 🛡️ [生產級守護] 正在執行背景健康檢查與狀態同步...
2026-08-24 13:59:05,321 [ULTIMATE-FUSION] [INFO] 🌌 ✨ [守護完成] 系統狀態: [operational] | 記憶體安全: [passed]
2026-08-24 13:59:15,391 [ULTIMATE-FUSION] [INFO] 🌌 【全融合心跳】世代 [190] 開始運作...
2026-08-24 13:59:31,849 [ULTIMATE-FUSION] [INFO] 🌌 🛡️ [生產級守護] 正在執行背景健康檢查與狀態同步...
2026-08-24 13:59:31,851 [ULTIMATE-FUSION] [INFO] 🌌 ✨ [守護完成] 系統狀態: [operational] | 記憶體安全: [passed]
2026-08-24 13:59:41,905 [ULTIMATE-FUSION] [INFO] 🌌 【全融合心跳】世代 [191] 開始運作...
2026-08-24 13:59:59,436 [ULTIMATE-FUSION] [INFO] 🌌 🛡️ [生產級守護] 正在執行背景健康檢查與狀態同步...
2026-08-24 13:59:59,438 [ULTIMATE-FUSION] [INFO] 🌌 ✨ [守護完成] 系統狀態: [operational] | 記憶體安全: [passed]
2026-08-24 14:00:09,503 [ULTIMATE-FUSION] [INFO] 🌌 【全融合心跳】世代 [192] 開始運作...
2026-08-24 14:00:26,592 [ULTIMATE-FUSION] [INFO] 🌌 🛡️ [生產級守護] 正在執行背景健康檢查與狀態同步...
2026-08-24 14:00:26,593 [ULTIMATE-FUSION] [INFO] 🌌 ✨ [守護完成] 系統狀態: [operational] | 記憶體安全: [passed]
2026-08-24 14:00:36,700 [ULTIMATE-FUSION] [INFO] 🌌 【全融合心跳】世代 [193] 開始運作...
2026-08-24 14:00:53,731 [ULTIMATE-FUSION] [INFO] 🌌 🛡️ [生產級守護] 正在執行背景健康檢查與狀態同步...
2026-08-24 14:00:53,733 [ULTIMATE-FUSION] [INFO] 🌌 ✨ [守護完成] 系統狀態: [operational] | 記憶體安全: [passed]
2026-08-24 14:01:03,841 [ULTIMATE-FUSION] [INFO] 🌌 【全融合心跳】世代 [194] 開始運作...
2026-08-24 14:01:18,133 [ULTIMATE-FUSION] [INFO] 🌌 🛡️ [生產級守護] 正在執行背景健康檢查與狀態同步...
2026-08-24 14:01:18,135 [ULTIMATE-FUSION] [INFO] 🌌 ✨ [守護完成] 系統狀態: [operational] | 記憶體安全: [passed]
2026-08-24 14:01:28,239 [ULTIMATE-FUSION] [INFO] 🌌 【全融合心跳】世代 [195] 開始運作...
2026-08-24 14:01:44,603 [ULTIMATE-FUSION] [INFO] 🌌 🛡️ [生產級守護] 正在執行背景健康檢查與狀態同步...
2026-08-24 14:01:44,605 [ULTIMATE-FUSION] [INFO] 🌌 ✨ [守護完成] 系統狀態: [operational] | 記憶體安全: [passed]
2026-08-24 14:01:54,738 [ULTIMATE-FUSION] [INFO] 🌌 【全融合心跳】世代 [196] 開始運作...
2026-08-24 14:02:10,172 [ULTIMATE-FUSION] [INFO] 🌌 🛡️ [生產級守護] 正在執行背景健康檢查與狀態同步...
2026-08-24 14:02:10,173 [ULTIMATE-FUSION] [INFO] 🌌 ✨ [守護完成] 系統狀態: [operational] | 記憶體安全: [passed]
2026-08-24 14:02:20,261 [ULTIMATE-FUSION] [INFO] 🌌 【全融合心跳】世代 [197] 開始運作...
2026-08-24 14:02:38,878 [ULTIMATE-FUSION] [INFO] 🌌 🛡️ [生產級守護] 正在執行背景健康檢查與狀態同步...
2026-08-24 14:02:38,878 [ULTIMATE-FUSION] [INFO] 🌌 ✨ [守護完成] 系統狀態: [operational] | 記憶體安全: [passed]
2026-08-24 14:02:48,990 [ULTIMATE-FUSION] [INFO] 🌌 【全融合心跳】世代 [198] 開始運作...
2026-08-24 14:03:02,217 [ULTIMATE-FUSION] [INFO] 🌌 🛡️ [生產級守護] 正在執行背景健康檢查與狀態同步...
2026-08-24 14:03:02,231 [ULTIMATE-FUSION] [INFO] 🌌 ✨ [守護完成] 系統狀態: [operational] | 記憶體安全: [passed]
2026-08-24 14:03:12,413 [ULTIMATE-FUSION] [INFO] 🌌 【全融合心跳】世代 [199] 開始運作...
2026-08-24 14:03:27,548 [ULTIMATE-FUSION] [INFO] 🌌 🛡️ [生產級守護] 正在執行背景健康檢查與狀態同步...
2026-08-24 14:03:27,550 [ULTIMATE-FUSION] [INFO] 🌌 ✨ [守護完成] 系統狀態: [operational] | 記憶體安全: [passed]
2026-08-24 14:03:37,662 [ULTIMATE-FUSION] [INFO] 🌌 【全融合心跳】世代 [200] 開始運作...
2026-08-24 14:03:51,409 [ULTIMATE-FUSION] [INFO] 🌌 🛡️ [生產級守護] 正在執行背景健康檢查與狀態同步...
2026-08-24 14:03:51,409 [ULTIMATE-FUSION] [INFO] 🌌 ✨ [守護完成] 系統狀態: [operational] | 記憶體安全: [passed]
2026-08-24 14:04:01,498 [ULTIMATE-FUSION] [INFO] 🌌 【全融合心跳】世代 [201] 開始運作...
2026-08-24 14:04:26,256 [ULTIMATE-FUSION] [INFO] 🌌 🛡️ [生產級守護] 正在執行背景健康檢查與狀態同步...
2026-08-24 14:04:26,257 [ULTIMATE-FUSION] [INFO] 🌌 ✨ [守護完成] 系統狀態: [operational] | 記憶體安全: [passed]
2026-08-24 14:04:36,363 [ULTIMATE-FUSION] [INFO] 🌌 【全融合心跳】世代 [202] 開始運作...
2026-08-24 14:04:57,385 [ULTIMATE-FUSION] [INFO] 🌌 🛡️ [生產級守護] 正在執行背景健康檢查與狀態同步...
2026-08-24 14:04:57,386 [ULTIMATE-FUSION] [INFO] 🌌 ✨ [守護完成] 系統狀態: [operational] | 記憶體安全: [passed]
2026-08-24 14:05:07,482 [ULTIMATE-FUSION] [INFO] 🌌 【全融合心跳】世代 [203] 開始運作...
2026-08-24 14:05:26,707 [ULTIMATE-FUSION] [INFO] 🌌 🛡️ [生產級守護] 正在執行背景健康檢查與狀態同步...
2026-08-24 14:05:26,709 [ULTIMATE-FUSION] [INFO] 🌌 ✨ [守護完成] 系統狀態: [operational] | 記憶體安全: [passed]
2026-08-24 14:05:36,797 [ULTIMATE-FUSION] [INFO] 🌌 【全融合心跳】世代 [204] 開始運作...
2026-08-24 14:06:01,283 [ULTIMATE-FUSION] [INFO] 🌌 🛡️ [生產級守護] 正在執行背景健康檢查與狀態同步...
2026-08-24 14:06:01,284 [ULTIMATE-FUSION] [INFO] 🌌 ✨ [守護完成] 系統狀態: [operational] | 記憶體安全: [passed]
2026-08-24 14:06:11,383 [ULTIMATE-FUSION] [INFO] 🌌 【全融合心跳】世代 [205] 開始運作...
2026-08-24 14:06:26,964 [ULTIMATE-FUSION] [INFO] 🌌 🛡️ [生產級守護] 正在執行背景健康檢查與狀態同步...
2026-08-24 14:06:26,965 [ULTIMATE-FUSION] [INFO] 🌌 ✨ [守護完成] 系統狀態: [operational] | 記憶體安全: [passed]
2026-08-24 14:06:37,085 [ULTIMATE-FUSION] [INFO] 🌌 【全融合心跳】世代 [206] 開始運作...
2026-08-24 14:06:55,323 [ULTIMATE-FUSION] [INFO] 🌌 🛡️ [生產級守護] 正在執行背景健康檢查與狀態同步...
2026-08-24 14:06:55,324 [ULTIMATE-FUSION] [INFO] 🌌 ✨ [守護完成] 系統狀態: [operational] | 記憶體安全: [passed]
2026-08-24 14:07:05,414 [ULTIMATE-FUSION] [INFO] 🌌 【全融合心跳】世代 [207] 開始運作...
2026-08-24 14:07:18,983 [ULTIMATE-FUSION] [INFO] 🌌 🛡️ [生產級守護] 正在執行背景健康檢查與狀態同步...
2026-08-24 14:07:18,984 [ULTIMATE-FUSION] [INFO] 🌌 ✨ [守護完成] 系統狀態: [operational] | 記憶體安全: [passed]
2026-08-24 14:07:29,075 [ULTIMATE-FUSION] [INFO] 🌌 【全融合心跳】世代 [208] 開始運作...
2026-08-24 14:07:46,306 [ULTIMATE-FUSION] [INFO] 🌌 🛡️ [生產級守護] 正在執行背景健康檢查與狀態同步...
2026-08-24 14:07:46,307 [ULTIMATE-FUSION] [INFO] 🌌 ✨ [守護完成] 系統狀態: [operational] | 記憶體安全: [passed]
2026-08-24 14:07:56,420 [ULTIMATE-FUSION] [INFO] 🌌 【全融合心跳】世代 [209] 開始運作...
2026-08-24 14:08:11,830 [ULTIMATE-FUSION] [INFO] 🌌 🛡️ [生產級守護] 正在執行背景健康檢查與狀態同步...
2026-08-24 14:08:11,832 [ULTIMATE-FUSION] [INFO] 🌌 ✨ [守護完成] 系統狀態: [operational] | 記憶體安全: [passed]
2026-08-24 14:08:21,938 [ULTIMATE-FUSION] [INFO] 🌌 【全融合心跳】世代 [210] 開始運作...
2026-08-24 14:08:38,761 [ULTIMATE-FUSION] [INFO] 🌌 🛡️ [生產級守護] 正在執行背景健康檢查與狀態同步...
2026-08-24 14:08:38,762 [ULTIMATE-FUSION] [INFO] 🌌 ✨ [守護完成] 系統狀態: [operational] | 記憶體安全: [passed]
2026-08-24 14:08:48,876 [ULTIMATE-FUSION] [INFO] 🌌 【全融合心跳】世代 [211] 開始運作...
2026-08-24 14:09:03,739 [ULTIMATE-FUSION] [INFO] 🌌 🛡️ [生產級守護] 正在執行背景健康檢查與狀態同步...
2026-08-24 14:09:03,740 [ULTIMATE-FUSION] [INFO] 🌌 ✨ [守護完成] 系統狀態: [operational] | 記憶體安全: [passed]
2026-08-24 14:09:13,835 [ULTIMATE-FUSION] [INFO] 🌌 【全融合心跳】世代 [212] 開始運作...
2026-08-24 14:09:30,189 [ULTIMATE-FUSION] [INFO] 🌌 🛡️ [生產級守護] 正在執行背景健康檢查與狀態同步...
2026-08-24 14:09:30,190 [ULTIMATE-FUSION] [INFO] 🌌 ✨ [守護完成] 系統狀態: [operational] | 記憶體安全: [passed]
2026-08-24 14:09:40,279 [ULTIMATE-FUSION] [INFO] 🌌 【全融合心跳】世代 [213] 開始運作...
2026-08-24 14:10:05,937 [ULTIMATE-FUSION] [INFO] 🌌 🛡️ [生產級守護] 正在執行背景健康檢查與狀態同步...
2026-08-24 14:10:05,939 [ULTIMATE-FUSION] [INFO] 🌌 ✨ [守護完成] 系統狀態: [operational] | 記憶體安全: [passed]
2026-08-24 14:10:16,024 [ULTIMATE-FUSION] [INFO] 🌌 【全融合心跳】世代 [214] 開始運作...
2026-08-24 14:10:37,793 [ULTIMATE-FUSION] [INFO] 🌌 🛡️ [生產級守護] 正在執行背景健康檢查與狀態同步...
2026-08-24 14:10:37,793 [ULTIMATE-FUSION] [INFO] 🌌 ✨ [守護完成] 系統狀態: [operational] | 記憶體安全: [passed]
2026-08-24 14:10:47,878 [ULTIMATE-FUSION] [INFO] 🌌 【全融合心跳】世代 [215] 開始運作...
2026-08-24 14:11:05,734 [ULTIMATE-FUSION] [INFO] 🌌 🛡️ [生產級守護] 正在執行背景健康檢查與狀態同步...
2026-08-24 14:11:05,736 [ULTIMATE-FUSION] [INFO] 🌌 ✨ [守護完成] 系統狀態: [operational] | 記憶體安全: [passed]
2026-08-24 14:11:15,846 [ULTIMATE-FUSION] [INFO] 🌌 【全融合心跳】世代 [216] 開始運作...
2026-08-24 14:11:30,870 [ULTIMATE-FUSION] [INFO] 🌌 🛡️ [生產級守護] 正在執行背景健康檢查與狀態同步...
2026-08-24 14:11:30,872 [ULTIMATE-FUSION] [INFO] 🌌 ✨ [守護完成] 系統狀態: [operational] | 記憶體安全: [passed]
2026-08-24 14:11:40,976 [ULTIMATE-FUSION] [INFO] 🌌 【全融合心跳】世代 [217] 開始運作...
2026-08-24 14:11:56,572 [ULTIMATE-FUSION] [INFO] 🌌 🛡️ [生產級守護] 正在執行背景健康檢查與狀態同步...
2026-08-24 14:11:56,573 [ULTIMATE-FUSION] [INFO] 🌌 ✨ [守護完成] 系統狀態: [operational] | 記憶體安全: [passed]
2026-08-24 14:12:06,681 [ULTIMATE-FUSION] [INFO] 🌌 【全融合心跳】世代 [218] 開始運作...
2026-08-24 14:12:24,314 [ULTIMATE-FUSION] [INFO] 🌌 🛡️ [生產級守護] 正在執行背景健康檢查與狀態同步...
2026-08-24 14:12:24,315 [ULTIMATE-FUSION] [INFO] 🌌 ✨ [守護完成] 系統狀態: [operational] | 記憶體安全: [passed]
2026-08-24 14:12:34,435 [ULTIMATE-FUSION] [INFO] 🌌 【全融合心跳】世代 [219] 開始運作...
2026-08-24 14:12:52,320 [ULTIMATE-FUSION] [INFO] 🌌 🛡️ [生產級守護] 正在執行背景健康檢查與狀態同步...
2026-08-24 14:12:52,321 [ULTIMATE-FUSION] [INFO] 🌌 ✨ [守護完成] 系統狀態: [operational] | 記憶體安全: [passed]
2026-08-24 14:13:02,416 [ULTIMATE-FUSION] [INFO] 🌌 【全融合心跳】世代 [220] 開始運作...
2026-08-24 14:13:18,704 [ULTIMATE-FUSION] [INFO] 🌌 🛡️ [生產級守護] 正在執行背景健康檢查與狀態同步...
2026-08-24 14:13:18,705 [ULTIMATE-FUSION] [INFO] 🌌 ✨ [守護完成] 系統狀態: [operational] | 記憶體安全: [passed]
2026-08-24 14:13:28,853 [ULTIMATE-FUSION] [INFO] 🌌 【全融合心跳】世代 [221] 開始運作...
2026-08-24 14:13:47,940 [ULTIMATE-FUSION] [INFO] 🌌 🛡️ [生產級守護] 正在執行背景健康檢查與狀態同步...
2026-08-24 14:13:47,941 [ULTIMATE-FUSION] [INFO] 🌌 ✨ [守護完成] 系統狀態: [operational] | 記憶體安全: [passed]
2026-08-24 14:13:58,094 [ULTIMATE-FUSION] [INFO] 🌌 【全融合心跳】世代 [222] 開始運作...
2026-08-24 14:14:30,048 [ULTIMATE-FUSION] [INFO] 🌌 🛡️ [生產級守護] 正在執行背景健康檢查與狀態同步...
2026-08-24 14:14:30,049 [ULTIMATE-FUSION] [INFO] 🌌 ✨ [守護完成] 系統狀態: [operational] | 記憶體安全: [passed]
2026-08-24 14:14:40,207 [ULTIMATE-FUSION] [INFO] 🌌 【全融合心跳】世代 [223] 開始運作...
2026-08-24 14:15:03,088 [ULTIMATE-FUSION] [INFO] 🌌 🛡️ [生產級守護] 正在執行背景健康檢查與狀態同步...
2026-08-24 14:15:03,092 [ULTIMATE-FUSION] [INFO] 🌌 ✨ [守護完成] 系統狀態: [operational] | 記憶體安全: [passed]
2026-08-24 14:15:13,250 [ULTIMATE-FUSION] [INFO] 🌌 【全融合心跳】世代 [224] 開始運作...
2026-08-24 14:15:34,081 [ULTIMATE-FUSION] [INFO] 🌌 🛡️ [生產級守護] 正在執行背景健康檢查與狀態同步...
2026-08-24 14:15:34,082 [ULTIMATE-FUSION] [INFO] 🌌 ✨ [守護完成] 系統狀態: [operational] | 記憶體安全: [passed]
2026-08-24 14:15:44,197 [ULTIMATE-FUSION] [INFO] 🌌 【全融合心跳】世代 [225] 開始運作...
2026-08-24 14:16:02,207 [ULTIMATE-FUSION] [INFO] 🌌 🛡️ [生產級守護] 正在執行背景健康檢查與狀態同步...
2026-08-24 14:16:02,208 [ULTIMATE-FUSION] [INFO] 🌌 ✨ [守護完成] 系統狀態: [operational] | 記憶體安全: [passed]
2026-08-24 14:16:12,292 [ULTIMATE-FUSION] [INFO] 🌌 【全融合心跳】世代 [226] 開始運作...
2026-08-24 14:16:28,242 [ULTIMATE-FUSION] [INFO] 🌌 🛡️ [生產級守護] 正在執行背景健康檢查與狀態同步...
2026-08-24 14:16:28,243 [ULTIMATE-FUSION] [INFO] 🌌 ✨ [守護完成] 系統狀態: [operational] | 記憶體安全: [passed]
2026-08-24 14:16:38,360 [ULTIMATE-FUSION] [INFO] 🌌 【全融合心跳】世代 [227] 開始運作...
2026-08-24 14:16:52,640 [ULTIMATE-FUSION] [INFO] 🌌 🛡️ [生產級守護] 正在執行背景健康檢查與狀態同步...
2026-08-24 14:16:52,641 [ULTIMATE-FUSION] [INFO] 🌌 ✨ [守護完成] 系統狀態: [operational] | 記憶體安全: [passed]
2026-08-24 14:17:02,697 [ULTIMATE-FUSION] [INFO] 🌌 【全融合心跳】世代 [228] 開始運作...
2026-08-24 14:17:16,889 [ULTIMATE-FUSION] [INFO] 🌌 🛡️ [生產級守護] 正在執行背景健康檢查與狀態同步...
2026-08-24 14:17:16,891 [ULTIMATE-FUSION] [INFO] 🌌 ✨ [守護完成] 系統狀態: [operational] | 記憶體安全: [passed]
2026-08-24 14:17:27,015 [ULTIMATE-FUSION] [INFO] 🌌 【全融合心跳】世代 [229] 開始運作...
2026-08-24 14:17:40,352 [ULTIMATE-FUSION] [INFO] 🌌 🛡️ [生產級守護] 正在執行背景健康檢查與狀態同步...
2026-08-24 14:17:40,353 [ULTIMATE-FUSION] [INFO] 🌌 ✨ [守護完成] 系統狀態: [operational] | 記憶體安全: [passed]
2026-08-24 14:17:50,401 [ULTIMATE-FUSION] [INFO] 🌌 【全融合心跳】世代 [230] 開始運作...
2026-08-24 14:18:04,909 [ULTIMATE-FUSION] [INFO] 🌌 🛡️ [生產級守護] 正在執行背景健康檢查與狀態同步...
2026-08-24 14:18:04,909 [ULTIMATE-FUSION] [INFO] 🌌 ✨ [守護完成] 系統狀態: [operational] | 記憶體安全: [passed]
2026-08-24 14:18:14,956 [ULTIMATE-FUSION] [INFO] 🌌 【全融合心跳】世代 [231] 開始運作...
2026-08-24 14:18:38,437 [ULTIMATE-FUSION] [INFO] 🌌 🛡️ [生產級守護] 正在執行背景健康檢查與狀態同步...
2026-08-24 14:18:38,437 [ULTIMATE-FUSION] [INFO] 🌌 ✨ [守護完成] 系統狀態: [operational] | 記憶體安全: [passed]
2026-08-24 14:18:48,527 [ULTIMATE-FUSION] [INFO] 🌌 【全融合心跳】世代 [232] 開始運作...
2026-08-24 14:19:04,117 [ULTIMATE-FUSION] [INFO] 🌌 🛡️ [生產級守護] 正在執行背景健康檢查與狀態同步...
2026-08-24 14:19:04,118 [ULTIMATE-FUSION] [INFO] 🌌 ✨ [守護完成] 系統狀態: [operational] | 記憶體安全: [passed]
2026-08-24 14:19:14,221 [ULTIMATE-FUSION] [INFO] 🌌 【全融合心跳】世代 [233] 開始運作...
2026-08-24 14:19:30,780 [ULTIMATE-FUSION] [INFO] 🌌 🛡️ [生產級守護] 正在執行背景健康檢查與狀態同步...
2026-08-24 14:19:30,781 [ULTIMATE-FUSION] [INFO] 🌌 ✨ [守護完成] 系統狀態: [operational] | 記憶體安全: [passed]
2026-08-24 14:19:40,856 [ULTIMATE-FUSION] [INFO] 🌌 【全融合心跳】世代 [234] 開始運作...
2026-08-24 14:19:57,166 [ULTIMATE-FUSION] [INFO] 🌌 🛡️ [生產級守護] 正在執行背景健康檢查與狀態同步...
2026-08-24 14:19:57,168 [ULTIMATE-FUSION] [INFO] 🌌 ✨ [守護完成] 系統狀態: [operational] | 記憶體安全: [passed]
2026-08-24 14:20:07,250 [ULTIMATE-FUSION] [INFO] 🌌 【全融合心跳】世代 [235] 開始運作...
2026-08-24 14:20:24,711 [ULTIMATE-FUSION] [INFO] 🌌 🛡️ [生產級守護] 正在執行背景健康檢查與狀態同步...
2026-08-24 14:20:24,712 [ULTIMATE-FUSION] [INFO] 🌌 ✨ [守護完成] 系統狀態: [operational] | 記憶體安全: [passed]
2026-08-24 14:20:34,829 [ULTIMATE-FUSION] [INFO] 🌌 【全融合心跳】世代 [236] 開始運作...
2026-08-24 14:20:53,154 [ULTIMATE-FUSION] [INFO] 🌌 🛡️ [生產級守護] 正在執行背景健康檢查與狀態同步...
2026-08-24 14:20:53,159 [ULTIMATE-FUSION] [INFO] 🌌 ✨ [守護完成] 系統狀態: [operational] | 記憶體安全: [passed]
2026-08-24 14:21:03,391 [ULTIMATE-FUSION] [INFO] 🌌 【全融合心跳】世代 [237] 開始運作...
2026-08-24 14:21:16,452 [ULTIMATE-FUSION] [INFO] 🌌 🛡️ [生產級守護] 正在執行背景健康檢查與狀態同步...
2026-08-24 14:21:16,453 [ULTIMATE-FUSION] [INFO] 🌌 ✨ [守護完成] 系統狀態: [operational] | 記憶體安全: [passed]
2026-08-24 14:21:26,560 [ULTIMATE-FUSION] [INFO] 🌌 【全融合心跳】世代 [238] 開始運作...
2026-08-24 14:21:41,229 [ULTIMATE-FUSION] [INFO] 🌌 🛡️ [生產級守護] 正在執行背景健康檢查與狀態同步...
2026-08-24 14:21:41,231 [ULTIMATE-FUSION] [INFO] 🌌 ✨ [守護完成] 系統狀態: [operational] | 記憶體安全: [passed]
2026-08-24 14:21:51,351 [ULTIMATE-FUSION] [INFO] 🌌 【全融合心跳】世代 [239] 開始運作...
2026-08-24 14:22:05,541 [ULTIMATE-FUSION] [INFO] 🌌 🛡️ [生產級守護] 正在執行背景健康檢查與狀態同步...
2026-08-24 14:22:05,542 [ULTIMATE-FUSION] [INFO] 🌌 ✨ [守護完成] 系統狀態: [operational] | 記憶體安全: [passed]
2026-08-24 14:22:15,670 [ULTIMATE-FUSION] [INFO] 🌌 【全融合心跳】世代 [240] 開始運作...
2026-08-24 14:22:30,659 [ULTIMATE-FUSION] [INFO] 🌌 🛡️ [生產級守護] 正在執行背景健康檢查與狀態同步...
2026-08-24 14:22:30,660 [ULTIMATE-FUSION] [INFO] 🌌 ✨ [守護完成] 系統狀態: [operational] | 記憶體安全: [passed]
2026-08-24 14:22:40,757 [ULTIMATE-FUSION] [INFO] 🌌 【全融合心跳】世代 [241] 開始運作...
2026-08-24 14:22:56,361 [ULTIMATE-FUSION] [INFO] 🌌 🛡️ [生產級守護] 正在執行背景健康檢查與狀態同步...
2026-08-24 14:22:56,362 [ULTIMATE-FUSION] [INFO] 🌌 ✨ [守護完成] 系統狀態: [operational] | 記憶體安全: [passed]
2026-08-24 14:23:06,454 [ULTIMATE-FUSION] [INFO] 🌌 【全融合心跳】世代 [242] 開始運作...
2026-08-24 14:23:24,630 [ULTIMATE-FUSION] [INFO] 🌌 🛡️ [生產級守護] 正在執行背景健康檢查與狀態同步...
2026-08-24 14:23:24,632 [ULTIMATE-FUSION] [INFO] 🌌 ✨ [守護完成] 系統狀態: [operational] | 記憶體安全: [passed]
2026-08-24 14:23:34,719 [ULTIMATE-FUSION] [INFO] 🌌 【全融合心跳】世代 [243] 開始運作...
2026-08-24 14:23:50,492 [ULTIMATE-FUSION] [INFO] 🌌 🛡️ [生產級守護] 正在執行背景健康檢查與狀態同步...
2026-08-24 14:23:50,493 [ULTIMATE-FUSION] [INFO] 🌌 ✨ [守護完成] 系統狀態: [operational] | 記憶體安全: [passed]
2026-08-24 14:24:00,604 [ULTIMATE-FUSION] [INFO] 🌌 【全融合心跳】世代 [244] 開始運作...
2026-08-24 14:24:17,697 [ULTIMATE-FUSION] [INFO] 🌌 🛡️ [生產級守護] 正在執行背景健康檢查與狀態同步...
2026-08-24 14:24:17,700 [ULTIMATE-FUSION] [INFO] 🌌 ✨ [守護完成] 系統狀態: [operational] | 記憶體安全: [passed]
2026-08-24 14:24:27,846 [ULTIMATE-FUSION] [INFO] 🌌 【全融合心跳】世代 [245] 開始運作...
2026-08-24 14:24:43,110 [ULTIMATE-FUSION] [INFO] 🌌 🛡️ [生產級守護] 正在執行背景健康檢查與狀態同步...
2026-08-24 14:24:43,111 [ULTIMATE-FUSION] [INFO] 🌌 ✨ [守護完成] 系統狀態: [operational] | 記憶體安全: [passed]
2026-08-24 14:24:53,191 [ULTIMATE-FUSION] [INFO] 🌌 【全融合心跳】世代 [246] 開始運作...
2026-08-24 14:25:10,474 [ULTIMATE-FUSION] [INFO] 🌌 🛡️ [生產級守護] 正在執行背景健康檢查與狀態同步...
2026-08-24 14:25:10,475 [ULTIMATE-FUSION] [INFO] 🌌 ✨ [守護完成] 系統狀態: [operational] | 記憶體安全: [passed]
2026-08-24 14:25:20,562 [ULTIMATE-FUSION] [INFO] 🌌 【全融合心跳】世代 [247] 開始運作...
2026-08-24 14:25:35,490 [ULTIMATE-FUSION] [INFO] 🌌 🛡️ [生產級守護] 正在執行背景健康檢查與狀態同步...
2026-08-24 14:25:35,491 [ULTIMATE-FUSION] [INFO] 🌌 ✨ [守護完成] 系統狀態: [operational] | 記憶體安全: [passed]
2026-08-24 14:25:45,612 [ULTIMATE-FUSION] [INFO] 🌌 【全融合心跳】世代 [248] 開始運作...
2026-08-24 14:26:01,583 [ULTIMATE-FUSION] [INFO] 🌌 🛡️ [生產級守護] 正在執行背景健康檢查與狀態同步...
2026-08-24 14:26:01,584 [ULTIMATE-FUSION] [INFO] 🌌 ✨ [守護完成] 系統狀態: [operational] | 記憶體安全: [passed]
2026-08-24 14:26:11,648 [ULTIMATE-FUSION] [INFO] 🌌 【全融合心跳】世代 [249] 開始運作...
2026-08-24 14:26:29,856 [ULTIMATE-FUSION] [INFO] 🌌 🛡️ [生產級守護] 正在執行背景健康檢查與狀態同步...
2026-08-24 14:26:29,857 [ULTIMATE-FUSION] [INFO] 🌌 ✨ [守護完成] 系統狀態: [operational] | 記憶體安全: [passed]
2026-08-24 14:26:40,015 [ULTIMATE-FUSION] [INFO] 🌌 【全融合心跳】世代 [250] 開始運作...
2026-08-24 14:26:55,748 [ULTIMATE-FUSION] [INFO] 🌌 🛡️ [生產級守護] 正在執行背景健康檢查與狀態同步...
2026-08-24 14:26:55,750 [ULTIMATE-FUSION] [INFO] 🌌 ✨ [守護完成] 系統狀態: [operational] | 記憶體安全: [passed]
2026-08-24 14:27:05,886 [ULTIMATE-FUSION] [INFO] 🌌 【全融合心跳】世代 [251] 開始運作...
2026-08-24 14:27:22,299 [ULTIMATE-FUSION] [INFO] 🌌 🛡️ [生產級守護] 正在執行背景健康檢查與狀態同步...
2026-08-24 14:27:22,300 [ULTIMATE-FUSION] [INFO] 🌌 ✨ [守護完成] 系統狀態: [operational] | 記憶體安全: [passed]
2026-08-24 14:27:32,397 [ULTIMATE-FUSION] [INFO] 🌌 【全融合心跳】世代 [252] 開始運作...
2026-08-24 14:27:47,362 [ULTIMATE-FUSION] [INFO] 🌌 🛡️ [生產級守護] 正在執行背景健康檢查與狀態同步...
2026-08-24 14:27:47,363 [ULTIMATE-FUSION] [INFO] 🌌 ✨ [守護完成] 系統狀態: [operational] | 記憶體安全: [passed]
2026-08-24 14:27:57,477 [ULTIMATE-FUSION] [INFO] 🌌 【全融合心跳】世代 [253] 開始運作...
2026-08-24 14:28:14,085 [ULTIMATE-FUSION] [INFO] 🌌 🛡️ [生產級守護] 正在執行背景健康檢查與狀態同步...
2026-08-24 14:28:14,086 [ULTIMATE-FUSION] [INFO] 🌌 ✨ [守護完成] 系統狀態: [operational] | 記憶體安全: [passed]
2026-08-24 14:28:24,176 [ULTIMATE-FUSION] [INFO] 🌌 【全融合心跳】世代 [254] 開始運作...
2026-08-24 14:28:40,800 [ULTIMATE-FUSION] [INFO] 🌌 🛡️ [生產級守護] 正在執行背景健康檢查與狀態同步...
2026-08-24 14:28:40,801 [ULTIMATE-FUSION] [INFO] 🌌 ✨ [守護完成] 系統狀態: [operational] | 記憶體安全: [passed]
2026-08-24 14:28:50,901 [ULTIMATE-FUSION] [INFO] 🌌 【全融合心跳】世代 [255] 開始運作...
2026-08-24 14:29:06,310 [ULTIMATE-FUSION] [INFO] 🌌 🛡️ [生產級守護] 正在執行背景健康檢查與狀態同步...
2026-08-24 14:29:06,312 [ULTIMATE-FUSION] [INFO] 🌌 ✨ [守護完成] 系統狀態: [operational] | 記憶體安全: [passed]
2026-08-24 14:29:16,433 [ULTIMATE-FUSION] [INFO] 🌌 【全融合心跳】世代 [256] 開始運作...
2026-08-24 14:29:35,003 [ULTIMATE-FUSION] [INFO] 🌌 🛡️ [生產級守護] 正在執行背景健康檢查與狀態同步...
2026-08-24 14:29:35,004 [ULTIMATE-FUSION] [INFO] 🌌 ✨ [守護完成] 系統狀態: [operational] | 記憶體安全: [passed]
2026-08-24 14:29:45,097 [ULTIMATE-FUSION] [INFO] 🌌 【全融合心跳】世代 [257] 開始運作...
2026-08-24 14:29:57,995 [ULTIMATE-FUSION] [INFO] 🌌 🛡️ [生產級守護] 正在執行背景健康檢查與狀態同步...
2026-08-24 14:29:57,995 [ULTIMATE-FUSION] [INFO] 🌌 ✨ [守護完成] 系統狀態: [operational] | 記憶體安全: [passed]
2026-08-24 14:30:08,096 [ULTIMATE-FUSION] [INFO] 🌌 【全融合心跳】世代 [258] 開始運作...
2026-08-24 14:30:22,612 [ULTIMATE-FUSION] [INFO] 🌌 🛡️ [生產級守護] 正在執行背景健康檢查與狀態同步...
2026-08-24 14:30:22,615 [ULTIMATE-FUSION] [INFO] 🌌 ✨ [守護完成] 系統狀態: [operational] | 記憶體安全: [passed]
2026-08-24 14:30:32,751 [ULTIMATE-FUSION] [INFO] 🌌 【全融合心跳】世代 [259] 開始運作...
2026-08-24 14:30:49,811 [ULTIMATE-FUSION] [INFO] 🌌 🛡️ [生產級守護] 正在執行背景健康檢查與狀態同步...
2026-08-24 14:30:49,812 [ULTIMATE-FUSION] [INFO] 🌌 ✨ [守護完成] 系統狀態: [operational] | 記憶體安全: [passed]
2026-08-24 14:30:59,939 [ULTIMATE-FUSION] [INFO] 🌌 【全融合心跳】世代 [260] 開始運作...
2026-08-24 14:31:17,631 [ULTIMATE-FUSION] [INFO] 🌌 🛡️ [生產級守護] 正在執行背景健康檢查與狀態同步...
2026-08-24 14:31:17,633 [ULTIMATE-FUSION] [INFO] 🌌 ✨ [守護完成] 系統狀態: [operational] | 記憶體安全: [passed]
2026-08-24 14:31:27,730 [ULTIMATE-FUSION] [INFO] 🌌 【全融合心跳】世代 [261] 開始運作...
2026-08-24 14:31:44,000 [ULTIMATE-FUSION] [INFO] 🌌 🛡️ [生產級守護] 正在執行背景健康檢查與狀態同步...
2026-08-24 14:31:44,001 [ULTIMATE-FUSION] [INFO] 🌌 ✨ [守護完成] 系統狀態: [operational] | 記憶體安全: [passed]
2026-08-24 14:31:54,136 [ULTIMATE-FUSION] [INFO] 🌌 【全融合心跳】世代 [262] 開始運作...
2026-08-24 14:32:10,465 [ULTIMATE-FUSION] [INFO] 🌌 🛡️ [生產級守護] 正在執行背景健康檢查與狀態同步...
2026-08-24 14:32:10,467 [ULTIMATE-FUSION] [INFO] 🌌 ✨ [守護完成] 系統狀態: [operational] | 記憶體安全: [passed]
2026-08-24 14:32:20,567 [ULTIMATE-FUSION] [INFO] 🌌 【全融合心跳】世代 [263] 開始運作...
2026-08-24 14:32:36,725 [ULTIMATE-FUSION] [INFO] 🌌 🛡️ [生產級守護] 正在執行背景健康檢查與狀態同步...
2026-08-24 14:32:36,726 [ULTIMATE-FUSION] [INFO] 🌌 ✨ [守護完成] 系統狀態: [operational] | 記憶體安全: [passed]
2026-08-24 14:32:46,839 [ULTIMATE-FUSION] [INFO] 🌌 【全融合心跳】世代 [264] 開始運作...
2026-08-24 14:33:03,000 [ULTIMATE-FUSION] [INFO] 🌌 🛡️ [生產級守護] 正在執行背景健康檢查與狀態同步...
2026-08-24 14:33:03,001 [ULTIMATE-FUSION] [INFO] 🌌 ✨ [守護完成] 系統狀態: [operational] | 記憶體安全: [passed]
2026-08-24 14:33:13,088 [ULTIMATE-FUSION] [INFO] 🌌 【全融合心跳】世代 [265] 開始運作...
2026-08-24 14:33:31,416 [ULTIMATE-FUSION] [INFO] 🌌 🛡️ [生產級守護] 正在執行背景健康檢查與狀態同步...
2026-08-24 14:33:31,417 [ULTIMATE-FUSION] [INFO] 🌌 ✨ [守護完成] 系統狀態: [operational] | 記憶體安全: [passed]
2026-08-24 14:33:41,497 [ULTIMATE-FUSION] [INFO] 🌌 【全融合心跳】世代 [266] 開始運作...
2026-08-24 14:34:01,828 [ULTIMATE-FUSION] [INFO] 🌌 🛡️ [生產級守護] 正在執行背景健康檢查與狀態同步...
2026-08-24 14:34:01,829 [ULTIMATE-FUSION] [INFO] 🌌 ✨ [守護完成] 系統狀態: [operational] | 記憶體安全: [passed]
2026-08-24 14:34:11,910 [ULTIMATE-FUSION] [INFO] 🌌 【全融合心跳】世代 [267] 開始運作...
2026-08-24 14:34:27,125 [ULTIMATE-FUSION] [INFO] 🌌 🛡️ [生產級守護] 正在執行背景健康檢查與狀態同步...
2026-08-24 14:34:27,126 [ULTIMATE-FUSION] [INFO] 🌌 ✨ [守護完成] 系統狀態: [operational] | 記憶體安全: [passed]
2026-08-24 14:34:37,220 [ULTIMATE-FUSION] [INFO] 🌌 【全融合心跳】世代 [268] 開始運作...
2026-08-24 14:34:51,401 [ULTIMATE-FUSION] [INFO] 🌌 🛡️ [生產級守護] 正在執行背景健康檢查與狀態同步...
2026-08-24 14:34:51,403 [ULTIMATE-FUSION] [INFO] 🌌 ✨ [守護完成] 系統狀態: [operational] | 記憶體安全: [passed]
2026-08-24 14:35:01,604 [ULTIMATE-FUSION] [INFO] 🌌 【全融合心跳】世代 [269] 開始運作...
2026-08-24 14:35:35,722 [ULTIMATE-FUSION] [INFO] 🌌 🛡️ [生產級守護] 正在執行背景健康檢查與狀態同步...
2026-08-24 14:35:35,729 [ULTIMATE-FUSION] [INFO] 🌌 ✨ [守護完成] 系統狀態: [operational] | 記憶體安全: [passed]
2026-08-24 14:35:45,911 [ULTIMATE-FUSION] [INFO] 🌌 【全融合心跳】世代 [270] 開始運作...
2026-08-24 14:36:02,791 [ULTIMATE-FUSION] [INFO] 🌌 🛡️ [生產級守護] 正在執行背景健康檢查與狀態同步...
2026-08-24 14:36:02,792 [ULTIMATE-FUSION] [INFO] 🌌 ✨ [守護完成] 系統狀態: [operational] | 記憶體安全: [passed]
2026-08-24 14:36:12,884 [ULTIMATE-FUSION] [INFO] 🌌 【全融合心跳】世代 [271] 開始運作...
2026-08-24 14:36:30,119 [ULTIMATE-FUSION] [INFO] 🌌 🛡️ [生產級守護] 正在執行背景健康檢查與狀態同步...
2026-08-24 14:36:30,121 [ULTIMATE-FUSION] [INFO] 🌌 ✨ [守護完成] 系統狀態: [operational] | 記憶體安全: [passed]
2026-08-24 14:36:40,241 [ULTIMATE-FUSION] [INFO] 🌌 【全融合心跳】世代 [272] 開始運作...
2026-08-24 14:36:57,704 [ULTIMATE-FUSION] [INFO] 🌌 🛡️ [生產級守護] 正在執行背景健康檢查與狀態同步...
2026-08-24 14:36:57,707 [ULTIMATE-FUSION] [INFO] 🌌 ✨ [守護完成] 系統狀態: [operational] | 記憶體安全: [passed]
2026-08-24 14:37:07,820 [ULTIMATE-FUSION] [INFO] 🌌 【全融合心跳】世代 [273] 開始運作...
2026-08-24 14:37:26,686 [ULTIMATE-FUSION] [INFO] 🌌 🛡️ [生產級守護] 正在執行背景健康檢查與狀態同步...
2026-08-24 14:37:26,687 [ULTIMATE-FUSION] [INFO] 🌌 ✨ [守護完成] 系統狀態: [operational] | 記憶體安全: [passed]
2026-08-24 14:37:36,792 [ULTIMATE-FUSION] [INFO] 🌌 【全融合心跳】世代 [274] 開始運作...
2026-08-24 14:37:53,168 [ULTIMATE-FUSION] [INFO] 🌌 🛡️ [生產級守護] 正在執行背景健康檢查與狀態同步...
2026-08-24 14:37:53,169 [ULTIMATE-FUSION] [INFO] 🌌 ✨ [守護完成] 系統狀態: [operational] | 記憶體安全: [passed]
2026-08-24 14:38:03,256 [ULTIMATE-FUSION] [INFO] 🌌 【全融合心跳】世代 [275] 開始運作...
2026-08-24 14:38:19,691 [ULTIMATE-FUSION] [INFO] 🌌 🛡️ [生產級守護] 正在執行背景健康檢查與狀態同步...
2026-08-24 14:38:19,693 [ULTIMATE-FUSION] [INFO] 🌌 ✨ [守護完成] 系統狀態: [operational] | 記憶體安全: [passed]
2026-08-24 14:38:29,802 [ULTIMATE-FUSION] [INFO] 🌌 【全融合心跳】世代 [276] 開始運作...
2026-08-24 14:38:44,497 [ULTIMATE-FUSION] [INFO] 🌌 🛡️ [生產級守護] 正在執行背景健康檢查與狀態同步...
2026-08-24 14:38:44,499 [ULTIMATE-FUSION] [INFO] 🌌 ✨ [守護完成] 系統狀態: [operational] | 記憶體安全: [passed]
2026-08-24 14:38:54,579 [ULTIMATE-FUSION] [INFO] 🌌 【全融合心跳】世代 [277] 開始運作...
2026-08-24 14:39:09,511 [ULTIMATE-FUSION] [INFO] 🌌 🛡️ [生產級守護] 正在執行背景健康檢查與狀態同步...
2026-08-24 14:39:09,512 [ULTIMATE-FUSION] [INFO] 🌌 ✨ [守護完成] 系統狀態: [operational] | 記憶體安全: [passed]
2026-08-24 14:39:19,582 [ULTIMATE-FUSION] [INFO] 🌌 【全融合心跳】世代 [278] 開始運作...
2026-08-24 14:39:47,350 [ULTIMATE-FUSION] [INFO] 🌌 🛡️ [生產級守護] 正在執行背景健康檢查與狀態同步...
2026-08-24 14:39:47,351 [ULTIMATE-FUSION] [INFO] 🌌 ✨ [守護完成] 系統狀態: [operational] | 記憶體安全: [passed]
2026-08-24 14:39:57,438 [ULTIMATE-FUSION] [INFO] 🌌 【全融合心跳】世代 [279] 開始運作...
2026-08-24 14:40:16,753 [ULTIMATE-FUSION] [INFO] 🌌 🛡️ [生產級守護] 正在執行背景健康檢查與狀態同步...
2026-08-24 14:40:16,754 [ULTIMATE-FUSION] [INFO] 🌌 ✨ [守護完成] 系統狀態: [operational] | 記憶體安全: [passed]
2026-08-24 14:40:26,847 [ULTIMATE-FUSION] [INFO] 🌌 【全融合心跳】世代 [280] 開始運作...
2026-08-24 14:40:44,561 [ULTIMATE-FUSION] [INFO] 🌌 🛡️ [生產級守護] 正在執行背景健康檢查與狀態同步...
2026-08-24 14:40:44,562 [ULTIMATE-FUSION] [INFO] 🌌 ✨ [守護完成] 系統狀態: [operational] | 記憶體安全: [passed]
2026-08-24 14:40:54,648 [ULTIMATE-FUSION] [INFO] 🌌 【全融合心跳】世代 [281] 開始運作...
2026-08-24 14:41:12,436 [ULTIMATE-FUSION] [INFO] 🌌 🛡️ [生產級守護] 正在執行背景健康檢查與狀態同步...
2026-08-24 14:41:12,437 [ULTIMATE-FUSION] [INFO] 🌌 ✨ [守護完成] 系統狀態: [operational] | 記憶體安全: [passed]
2026-08-24 14:41:22,539 [ULTIMATE-FUSION] [INFO] 🌌 【全融合心跳】世代 [282] 開始運作...
2026-08-24 14:41:42,044 [ULTIMATE-FUSION] [INFO] 🌌 🛡️ [生產級守護] 正在執行背景健康檢查與狀態同步...
2026-08-24 14:41:42,046 [ULTIMATE-FUSION] [INFO] 🌌 ✨ [守護完成] 系統狀態: [operational] | 記憶體安全: [passed]
2026-08-24 14:41:52,154 [ULTIMATE-FUSION] [INFO] 🌌 【全融合心跳】世代 [283] 開始運作...
2026-08-24 14:42:08,178 [ULTIMATE-FUSION] [INFO] 🌌 🛡️ [生產級守護] 正在執行背景健康檢查與狀態同步...
2026-08-24 14:42:08,179 [ULTIMATE-FUSION] [INFO] 🌌 ✨ [守護完成] 系統狀態: [operational] | 記憶體安全: [passed]
2026-08-24 14:42:18,289 [ULTIMATE-FUSION] [INFO] 🌌 【全融合心跳】世代 [284] 開始運作...
2026-08-24 14:42:38,685 [ULTIMATE-FUSION] [INFO] 🌌 🛡️ [生產級守護] 正在執行背景健康檢查與狀態同步...
2026-08-24 14:42:38,687 [ULTIMATE-FUSION] [INFO] 🌌 ✨ [守護完成] 系統狀態: [operational] | 記憶體安全: [passed]
2026-08-24 14:42:48,800 [ULTIMATE-FUSION] [INFO] 🌌 【全融合心跳】世代 [285] 開始運作...
2026-08-24 14:43:04,508 [ULTIMATE-FUSION] [INFO] 🌌 🛡️ [生產級守護] 正在執行背景健康檢查與狀態同步...
2026-08-24 14:43:04,509 [ULTIMATE-FUSION] [INFO] 🌌 ✨ [守護完成] 系統狀態: [operational] | 記憶體安全: [passed]
2026-08-24 14:43:14,598 [ULTIMATE-FUSION] [INFO] 🌌 【全融合心跳】世代 [286] 開始運作...
2026-08-24 14:43:31,403 [ULTIMATE-FUSION] [INFO] 🌌 🛡️ [生產級守護] 正在執行背景健康檢查與狀態同步...
2026-08-24 14:43:31,404 [ULTIMATE-FUSION] [INFO] 🌌 ✨ [守護完成] 系統狀態: [operational] | 記憶體安全: [passed]
2026-08-24 14:43:41,495 [ULTIMATE-FUSION] [INFO] 🌌 【全融合心跳】世代 [287] 開始運作...
2026-08-24 14:43:56,572 [ULTIMATE-FUSION] [INFO] 🌌 🛡️ [生產級守護] 正在執行背景健康檢查與狀態同步...
2026-08-24 14:43:56,573 [ULTIMATE-FUSION] [INFO] 🌌 ✨ [守護完成] 系統狀態: [operational] | 記憶體安全: [passed]
2026-08-24 14:44:06,658 [ULTIMATE-FUSION] [INFO] 🌌 【全融合心跳】世代 [288] 開始運作...
2026-08-24 14:44:26,290 [ULTIMATE-FUSION] [INFO] 🌌 🛡️ [生產級守護] 正在執行背景健康檢查與狀態同步...
2026-08-24 14:44:26,291 [ULTIMATE-FUSION] [INFO] 🌌 ✨ [守護完成] 系統狀態: [operational] | 記憶體安全: [passed]
2026-08-24 14:44:36,396 [ULTIMATE-FUSION] [INFO] 🌌 【全融合心跳】世代 [289] 開始運作...
2026-08-24 14:44:53,466 [ULTIMATE-FUSION] [INFO] 🌌 🛡️ [生產級守護] 正在執行背景健康檢查與狀態同步...
2026-08-24 14:44:53,467 [ULTIMATE-FUSION] [INFO] 🌌 ✨ [守護完成] 系統狀態: [operational] | 記憶體安全: [passed]
2026-08-24 14:45:03,548 [ULTIMATE-FUSION] [INFO] 🌌 【全融合心跳】世代 [290] 開始運作...
2026-08-24 14:45:21,567 [ULTIMATE-FUSION] [INFO] 🌌 🛡️ [生產級守護] 正在執行背景健康檢查與狀態同步...
2026-08-24 14:45:21,568 [ULTIMATE-FUSION] [INFO] 🌌 ✨ [守護完成] 系統狀態: [operational] | 記憶體安全: [passed]
2026-08-24 14:45:31,679 [ULTIMATE-FUSION] [INFO] 🌌 【全融合心跳】世代 [291] 開始運作...
2026-08-24 14:45:47,752 [ULTIMATE-FUSION] [INFO] 🌌 🛡️ [生產級守護] 正在執行背景健康檢查與狀態同步...
2026-08-24 14:45:47,753 [ULTIMATE-FUSION] [INFO] 🌌 ✨ [守護完成] 系統狀態: [operational] | 記憶體安全: [passed]
2026-08-24 14:45:57,841 [ULTIMATE-FUSION] [INFO] 🌌 【全融合心跳】世代 [292] 開始運作...
2026-08-24 14:46:14,747 [ULTIMATE-FUSION] [INFO] 🌌 🛡️ [生產級守護] 正在執行背景健康檢查與狀態同步...
2026-08-24 14:46:14,748 [ULTIMATE-FUSION] [INFO] 🌌 ✨ [守護完成] 系統狀態: [operational] | 記憶體安全: [passed]
2026-08-24 14:46:24,859 [ULTIMATE-FUSION] [INFO] 🌌 【全融合心跳】世代 [293] 開始運作...
2026-08-24 14:46:40,060 [ULTIMATE-FUSION] [INFO] 🌌 🛡️ [生產級守護] 正在執行背景健康檢查與狀態同步...
2026-08-24 14:46:40,061 [ULTIMATE-FUSION] [INFO] 🌌 ✨ [守護完成] 系統狀態: [operational] | 記憶體安全: [passed]
2026-08-24 14:46:50,153 [ULTIMATE-FUSION] [INFO] 🌌 【全融合心跳】世代 [294] 開始運作...
2026-08-24 14:47:05,107 [ULTIMATE-FUSION] [INFO] 🌌 🛡️ [生產級守護] 正在執行背景健康檢查與狀態同步...
2026-08-24 14:47:05,108 [ULTIMATE-FUSION] [INFO] 🌌 ✨ [守護完成] 系統狀態: [operational] | 記憶體安全: [passed]
2026-08-24 14:47:15,219 [ULTIMATE-FUSION] [INFO] 🌌 【全融合心跳】世代 [295] 開始運作...
2026-08-24 14:47:32,176 [ULTIMATE-FUSION] [INFO] 🌌 🛡️ [生產級守護] 正在執行背景健康檢查與狀態同步...
2026-08-24 14:47:32,179 [ULTIMATE-FUSION] [INFO] 🌌 ✨ [守護完成] 系統狀態: [operational] | 記憶體安全: [passed]
2026-08-24 14:47:42,296 [ULTIMATE-FUSION] [INFO] 🌌 【全融合心跳】世代 [296] 開始運作...
2026-08-24 14:47:57,444 [ULTIMATE-FUSION] [INFO] 🌌 🛡️ [生產級守護] 正在執行背景健康檢查與狀態同步...
2026-08-24 14:47:57,445 [ULTIMATE-FUSION] [INFO] 🌌 ✨ [守護完成] 系統狀態: [operational] | 記憶體安全: [passed]
2026-08-24 14:48:07,556 [ULTIMATE-FUSION] [INFO] 🌌 【全融合心跳】世代 [297] 開始運作...
2026-08-24 14:48:22,336 [ULTIMATE-FUSION] [INFO] 🌌 🛡️ [生產級守護] 正在執行背景健康檢查與狀態同步...
2026-08-24 14:48:22,338 [ULTIMATE-FUSION] [INFO] 🌌 ✨ [守護完成] 系統狀態: [operational] | 記憶體安全: [passed]
2026-08-24 14:48:32,461 [ULTIMATE-FUSION] [INFO] 🌌 【全融合心跳】世代 [298] 開始運作...
2026-08-24 14:48:46,876 [ULTIMATE-FUSION] [INFO] 🌌 🛡️ [生產級守護] 正在執行背景健康檢查與狀態同步...
2026-08-24 14:48:46,877 [ULTIMATE-FUSION] [INFO] 🌌 ✨ [守護完成] 系統狀態: [operational] | 記憶體安全: [passed]
2026-08-24 14:48:57,010 [ULTIMATE-FUSION] [INFO] 🌌 【全融合心跳】世代 [299] 開始運作...
2026-08-24 14:49:13,912 [ULTIMATE-FUSION] [INFO] 🌌 🛡️ [生產級守護] 正在執行背景健康檢查與狀態同步...
2026-08-24 14:49:13,914 [ULTIMATE-FUSION] [INFO] 🌌 ✨ [守護完成] 系統狀態: [operational] | 記憶體安全: [passed]
2026-08-24 14:49:24,028 [ULTIMATE-FUSION] [INFO] 🌌 【全融合心跳】世代 [300] 開始運作...
2026-08-24 14:49:37,895 [ULTIMATE-FUSION] [INFO] 🌌 🛡️ [生產級守護] 正在執行背景健康檢查與狀態同步...
2026-08-24 14:49:37,896 [ULTIMATE-FUSION] [INFO] 🌌 ✨ [守護完成] 系統狀態: [operational] | 記憶體安全: [passed]
2026-08-24 14:49:47,963 [ULTIMATE-FUSION] [INFO] 🌌 【全融合心跳】世代 [301] 開始運作...
2026-08-24 14:50:02,785 [ULTIMATE-FUSION] [INFO] 🌌 🛡️ [生產級守護] 正在執行背景健康檢查與狀態同步...
2026-08-24 14:50:02,786 [ULTIMATE-FUSION] [INFO] 🌌 ✨ [守護完成] 系統狀態: [operational] | 記憶體安全: [passed]
2026-08-24 14:50:12,883 [ULTIMATE-FUSION] [INFO] 🌌 【全融合心跳】世代 [302] 開始運作...
2026-08-24 14:50:28,260 [ULTIMATE-FUSION] [INFO] 🌌 🛡️ [生產級守護] 正在執行背景健康檢查與狀態同步...
2026-08-24 14:50:28,262 [ULTIMATE-FUSION] [INFO] 🌌 ✨ [守護完成] 系統狀態: [operational] | 記憶體安全: [passed]
2026-08-24 14:50:38,385 [ULTIMATE-FUSION] [INFO] 🌌 【全融合心跳】世代 [303] 開始運作...
2026-08-24 14:50:56,217 [ULTIMATE-FUSION] [INFO] 🌌 🛡️ [生產級守護] 正在執行背景健康檢查與狀態同步...
2026-08-24 14:50:56,218 [ULTIMATE-FUSION] [INFO] 🌌 ✨ [守護完成] 系統狀態: [operational] | 記憶體安全: [passed]
2026-08-24 14:51:06,312 [ULTIMATE-FUSION] [INFO] 🌌 【全融合心跳】世代 [304] 開始運作...
2026-08-24 14:51:23,765 [ULTIMATE-FUSION] [INFO] 🌌 🛡️ [生產級守護] 正在執行背景健康檢查與狀態同步...
2026-08-24 14:51:23,766 [ULTIMATE-FUSION] [INFO] 🌌 ✨ [守護完成] 系統狀態: [operational] | 記憶體安全: [passed]
2026-08-24 14:51:33,878 [ULTIMATE-FUSION] [INFO] 🌌 【全融合心跳】世代 [305] 開始運作...
2026-08-24 14:51:48,889 [ULTIMATE-FUSION] [INFO] 🌌 🛡️ [生產級守護] 正在執行背景健康檢查與狀態同步...
2026-08-24 14:51:48,891 [ULTIMATE-FUSION] [INFO] 🌌 ✨ [守護完成] 系統狀態: [operational] | 記憶體安全: [passed]
2026-08-24 14:51:59,015 [ULTIMATE-FUSION] [INFO] 🌌 【全融合心跳】世代 [306] 開始運作...
2026-08-24 14:52:15,328 [ULTIMATE-FUSION] [INFO] 🌌 🛡️ [生產級守護] 正在執行背景健康檢查與狀態同步...
2026-08-24 14:52:15,329 [ULTIMATE-FUSION] [INFO] 🌌 ✨ [守護完成] 系統狀態: [operational] | 記憶體安全: [passed]
2026-08-24 14:52:25,415 [ULTIMATE-FUSION] [INFO] 🌌 【全融合心跳】世代 [307] 開始運作...
2026-08-24 14:52:42,429 [ULTIMATE-FUSION] [INFO] 🌌 🛡️ [生產級守護] 正在執行背景健康檢查與狀態同步...
2026-08-24 14:52:42,430 [ULTIMATE-FUSION] [INFO] 🌌 ✨ [守護完成] 系統狀態: [operational] | 記憶體安全: [passed]
2026-08-24 14:52:52,543 [ULTIMATE-FUSION] [INFO] 🌌 【全融合心跳】世代 [308] 開始運作...
2026-08-24 14:53:11,101 [ULTIMATE-FUSION] [INFO] 🌌 🛡️ [生產級守護] 正在執行背景健康檢查與狀態同步...
2026-08-24 14:53:11,102 [ULTIMATE-FUSION] [INFO] 🌌 ✨ [守護完成] 系統狀態: [operational] | 記憶體安全: [passed]
2026-08-24 14:53:21,186 [ULTIMATE-FUSION] [INFO] 🌌 【全融合心跳】世代 [309] 開始運作...
2026-08-24 14:53:38,126 [ULTIMATE-FUSION] [INFO] 🌌 🛡️ [生產級守護] 正在執行背景健康檢查與狀態同步...
2026-08-24 14:53:38,127 [ULTIMATE-FUSION] [INFO] 🌌 ✨ [守護完成] 系統狀態: [operational] | 記憶體安全: [passed]
2026-08-24 14:53:48,222 [ULTIMATE-FUSION] [INFO] 🌌 【全融合心跳】世代 [310] 開始運作...
2026-08-24 14:54:07,124 [ULTIMATE-FUSION] [INFO] 🌌 🛡️ [生產級守護] 正在執行背景健康檢查與狀態同步...
2026-08-24 14:54:07,126 [ULTIMATE-FUSION] [INFO] 🌌 ✨ [守護完成] 系統狀態: [operational] | 記憶體安全: [passed]
2026-08-24 14:54:17,231 [ULTIMATE-FUSION] [INFO] 🌌 【全融合心跳】世代 [311] 開始運作...
2026-08-24 14:54:32,954 [ULTIMATE-FUSION] [INFO] 🌌 🛡️ [生產級守護] 正在執行背景健康檢查與狀態同步...
2026-08-24 14:54:32,955 [ULTIMATE-FUSION] [INFO] 🌌 ✨ [守護完成] 系統狀態: [operational] | 記憶體安全: [passed]
2026-08-24 14:54:43,040 [ULTIMATE-FUSION] [INFO] 🌌 【全融合心跳】世代 [312] 開始運作...
2026-08-24 14:54:59,331 [ULTIMATE-FUSION] [INFO] 🌌 🛡️ [生產級守護] 正在執行背景健康檢查與狀態同步...
2026-08-24 14:54:59,334 [ULTIMATE-FUSION] [INFO] 🌌 ✨ [守護完成] 系統狀態: [operational] | 記憶體安全: [passed]
2026-08-24 14:55:09,487 [ULTIMATE-FUSION] [INFO] 🌌 【全融合心跳】世代 [313] 開始運作...
2026-08-24 14:55:27,015 [ULTIMATE-FUSION] [INFO] 🌌 🛡️ [生產級守護] 正在執行背景健康檢查與狀態同步...
2026-08-24 14:55:27,015 [ULTIMATE-FUSION] [INFO] 🌌 ✨ [守護完成] 系統狀態: [operational] | 記憶體安全: [passed]
2026-08-24 14:55:37,124 [ULTIMATE-FUSION] [INFO] 🌌 【全融合心跳】世代 [314] 開始運作...
2026-08-24 14:55:54,421 [ULTIMATE-FUSION] [INFO] 🌌 🛡️ [生產級守護] 正在執行背景健康檢查與狀態同步...
2026-08-24 14:55:54,423 [ULTIMATE-FUSION] [INFO] 🌌 ✨ [守護完成] 系統狀態: [operational] | 記憶體安全: [passed]
2026-08-24 14:56:04,539 [ULTIMATE-FUSION] [INFO] 🌌 【全融合心跳】世代 [315] 開始運作...
2026-08-24 14:56:21,143 [ULTIMATE-FUSION] [INFO] 🌌 🛡️ [生產級守護] 正在執行背景健康檢查與狀態同步...
2026-08-24 14:56:21,144 [ULTIMATE-FUSION] [INFO] 🌌 ✨ [守護完成] 系統狀態: [operational] | 記憶體安全: [passed]
2026-08-24 14:56:31,236 [ULTIMATE-FUSION] [INFO] 🌌 【全融合心跳】世代 [316] 開始運作...
2026-08-24 14:56:47,976 [ULTIMATE-FUSION] [INFO] 🌌 🛡️ [生產級守護] 正在執行背景健康檢查與狀態同步...
2026-08-24 14:56:47,977 [ULTIMATE-FUSION] [INFO] 🌌 ✨ [守護完成] 系統狀態: [operational] | 記憶體安全: [passed]
2026-08-24 14:56:58,049 [ULTIMATE-FUSION] [INFO] 🌌 【全融合心跳】世代 [317] 開始運作...
2026-08-24 14:57:16,757 [ULTIMATE-FUSION] [INFO] 🌌 🛡️ [生產級守護] 正在執行背景健康檢查與狀態同步...
2026-08-24 14:57:16,758 [ULTIMATE-FUSION] [INFO] 🌌 ✨ [守護完成] 系統狀態: [operational] | 記憶體安全: [passed]
2026-08-24 14:57:26,843 [ULTIMATE-FUSION] [INFO] 🌌 【全融合心跳】世代 [318] 開始運作...
2026-08-24 14:57:44,071 [ULTIMATE-FUSION] [INFO] 🌌 🛡️ [生產級守護] 正在執行背景健康檢查與狀態同步...
2026-08-24 14:57:44,073 [ULTIMATE-FUSION] [INFO] 🌌 ✨ [守護完成] 系統狀態: [operational] | 記憶體安全: [passed]
2026-08-24 14:57:54,149 [ULTIMATE-FUSION] [INFO] 🌌 【全融合心跳】世代 [319] 開始運作...
2026-08-24 14:58:21,096 [ULTIMATE-FUSION] [INFO] 🌌 🛡️ [生產級守護] 正在執行背景健康檢查與狀態同步...
2026-08-24 14:58:21,098 [ULTIMATE-FUSION] [INFO] 🌌 ✨ [守護完成] 系統狀態: [operational] | 記憶體安全: [passed]
2026-08-24 14:58:31,207 [ULTIMATE-FUSION] [INFO] 🌌 【全融合心跳】世代 [320] 開始運作...
2026-08-24 14:58:49,656 [ULTIMATE-FUSION] [INFO] 🌌 🛡️ [生產級守護] 正在執行背景健康檢查與狀態同步...
2026-08-24 14:58:49,657 [ULTIMATE-FUSION] [INFO] 🌌 ✨ [守護完成] 系統狀態: [operational] | 記憶體安全: [passed]
2026-08-24 14:58:59,740 [ULTIMATE-FUSION] [INFO] 🌌 【全融合心跳】世代 [321] 開始運作...
2026-08-24 14:59:14,801 [ULTIMATE-FUSION] [INFO] 🌌 🛡️ [生產級守護] 正在執行背景健康檢查與狀態同步...
2026-08-24 14:59:14,802 [ULTIMATE-FUSION] [INFO] 🌌 ✨ [守護完成] 系統狀態: [operational] | 記憶體安全: [passed]
2026-08-24 14:59:24,896 [ULTIMATE-FUSION] [INFO] 🌌 【全融合心跳】世代 [322] 開始運作...
2026-08-24 14:59:43,704 [ULTIMATE-FUSION] [INFO] 🌌 🛡️ [生產級守護] 正在執行背景健康檢查與狀態同步...
2026-08-24 14:59:43,706 [ULTIMATE-FUSION] [INFO] 🌌 ✨ [守護完成] 系統狀態: [operational] | 記憶體安全: [passed]
2026-08-24 14:59:53,804 [ULTIMATE-FUSION] [INFO] 🌌 【全融合心跳】世代 [323] 開始運作...
2026-08-24 15:00:12,516 [ULTIMATE-FUSION] [INFO] 🌌 🛡️ [生產級守護] 正在執行背景健康檢查與狀態同步...
2026-08-24 15:00:12,517 [ULTIMATE-FUSION] [INFO] 🌌 ✨ [守護完成] 系統狀態: [operational] | 記憶體安全: [passed]
2026-08-24 15:00:22,641 [ULTIMATE-FUSION] [INFO] 🌌 【全融合心跳】世代 [324] 開始運作...
2026-08-24 15:00:51,084 [ULTIMATE-FUSION] [INFO] 🌌 🛡️ [生產級守護] 正在執行背景健康檢查與狀態同步...
2026-08-24 15:00:51,085 [ULTIMATE-FUSION] [INFO] 🌌 ✨ [守護完成] 系統狀態: [operational] | 記憶體安全: [passed]
2026-08-24 15:01:01,186 [ULTIMATE-FUSION] [INFO] 🌌 【全融合心跳】世代 [325] 開始運作...
2026-08-24 15:01:19,440 [ULTIMATE-FUSION] [INFO] 🌌 🛡️ [生產級守護] 正在執行背景健康檢查與狀態同步...
2026-08-24 15:01:19,442 [ULTIMATE-FUSION] [INFO] 🌌 ✨ [守護完成] 系統狀態: [operational] | 記憶體安全: [passed]
2026-08-24 15:01:29,531 [ULTIMATE-FUSION] [INFO] 🌌 【全融合心跳】世代 [326] 開始運作...
2026-08-24 15:01:45,151 [ULTIMATE-FUSION] [INFO] 🌌 🛡️ [生產級守護] 正在執行背景健康檢查與狀態同步...
2026-08-24 15:01:45,153 [ULTIMATE-FUSION] [INFO] 🌌 ✨ [守護完成] 系統狀態: [operational] | 記憶體安全: [passed]
2026-08-24 15:01:55,277 [ULTIMATE-FUSION] [INFO] 🌌 【全融合心跳】世代 [327] 開始運作...
2026-08-24 15:02:11,561 [ULTIMATE-FUSION] [INFO] 🌌 🛡️ [生產級守護] 正在執行背景健康檢查與狀態同步...
2026-08-24 15:02:11,562 [ULTIMATE-FUSION] [INFO] 🌌 ✨ [守護完成] 系統狀態: [operational] | 記憶體安全: [passed]
2026-08-24 15:02:21,640 [ULTIMATE-FUSION] [INFO] 🌌 【全融合心跳】世代 [328] 開始運作...
2026-08-24 15:02:36,935 [ULTIMATE-FUSION] [INFO] 🌌 🛡️ [生產級守護] 正在執行背景健康檢查與狀態同步...
2026-08-24 15:02:36,936 [ULTIMATE-FUSION] [INFO] 🌌 ✨ [守護完成] 系統狀態: [operational] | 記憶體安全: [passed]
2026-08-24 15:02:47,019 [ULTIMATE-FUSION] [INFO] 🌌 【全融合心跳】世代 [329] 開始運作...
2026-08-24 15:03:06,655 [ULTIMATE-FUSION] [INFO] 🌌 🛡️ [生產級守護] 正在執行背景健康檢查與狀態同步...
2026-08-24 15:03:06,656 [ULTIMATE-FUSION] [INFO] 🌌 ✨ [守護完成] 系統狀態: [operational] | 記憶體安全: [passed]
2026-08-24 15:03:16,739 [ULTIMATE-FUSION] [INFO] 🌌 【全融合心跳】世代 [330] 開始運作...
2026-08-24 15:03:37,004 [ULTIMATE-FUSION] [INFO] 🌌 🛡️ [生產級守護] 正在執行背景健康檢查與狀態同步...
2026-08-24 15:03:37,005 [ULTIMATE-FUSION] [INFO] 🌌 ✨ [守護完成] 系統狀態: [operational] | 記憶體安全: [passed]
2026-08-24 15:03:47,097 [ULTIMATE-FUSION] [INFO] 🌌 【全融合心跳】世代 [331] 開始運作...
2026-08-24 15:04:02,451 [ULTIMATE-FUSION] [INFO] 🌌 🛡️ [生產級守護] 正在執行背景健康檢查與狀態同步...
2026-08-24 15:04:02,453 [ULTIMATE-FUSION] [INFO] 🌌 ✨ [守護完成] 系統狀態: [operational] | 記憶體安全: [passed]
2026-08-24 15:04:12,569 [ULTIMATE-FUSION] [INFO] 🌌 【全融合心跳】世代 [332] 開始運作...
2026-08-24 15:04:28,293 [ULTIMATE-FUSION] [INFO] 🌌 🛡️ [生產級守護] 正在執行背景健康檢查與狀態同步...
2026-08-24 15:04:28,295 [ULTIMATE-FUSION] [INFO] 🌌 ✨ [守護完成] 系統狀態: [operational] | 記憶體安全: [passed]
2026-08-24 15:04:38,403 [ULTIMATE-FUSION] [INFO] 🌌 【全融合心跳】世代 [333] 開始運作...
2026-08-24 15:04:55,061 [ULTIMATE-FUSION] [INFO] 🌌 🛡️ [生產級守護] 正在執行背景健康檢查與狀態同步...
2026-08-24 15:04:55,061 [ULTIMATE-FUSION] [INFO] 🌌 ✨ [守護完成] 系統狀態: [operational] | 記憶體安全: [passed]
2026-08-24 15:05:05,133 [ULTIMATE-FUSION] [INFO] 🌌 【全融合心跳】世代 [334] 開始運作...
2026-08-24 15:05:27,553 [ULTIMATE-FUSION] [INFO] 🌌 🛡️ [生產級守護] 正在執行背景健康檢查與狀態同步...
2026-08-24 15:05:27,555 [ULTIMATE-FUSION] [INFO] 🌌 ✨ [守護完成] 系統狀態: [operational] | 記憶體安全: [passed]
2026-08-24 15:05:37,629 [ULTIMATE-FUSION] [INFO] 🌌 【全融合心跳】世代 [335] 開始運作...
2026-08-24 15:06:00,641 [ULTIMATE-FUSION] [INFO] 🌌 🛡️ [生產級守護] 正在執行背景健康檢查與狀態同步...
2026-08-24 15:06:00,643 [ULTIMATE-FUSION] [INFO] 🌌 ✨ [守護完成] 系統狀態: [operational] | 記憶體安全: [passed]
2026-08-24 15:06:10,734 [ULTIMATE-FUSION] [INFO] 🌌 【全融合心跳】世代 [336] 開始運作...
2026-08-24 15:06:27,356 [ULTIMATE-FUSION] [INFO] 🌌 🛡️ [生產級守護] 正在執行背景健康檢查與狀態同步...
2026-08-24 15:06:27,357 [ULTIMATE-FUSION] [INFO] 🌌 ✨ [守護完成] 系統狀態: [operational] | 記憶體安全: [passed]
2026-08-24 15:06:37,474 [ULTIMATE-FUSION] [INFO] 🌌 【全融合心跳】世代 [337] 開始運作...
2026-08-24 15:06:52,834 [ULTIMATE-FUSION] [INFO] 🌌 🛡️ [生產級守護] 正在執行背景健康檢查與狀態同步...
2026-08-24 15:06:52,835 [ULTIMATE-FUSION] [INFO] 🌌 ✨ [守護完成] 系統狀態: [operational] | 記憶體安全: [passed]
2026-08-24 15:07:02,955 [ULTIMATE-FUSION] [INFO] 🌌 【全融合心跳】世代 [338] 開始運作...
2026-08-24 15:07:19,183 [ULTIMATE-FUSION] [INFO] 🌌 🛡️ [生產級守護] 正在執行背景健康檢查與狀態同步...
2026-08-24 15:07:19,184 [ULTIMATE-FUSION] [INFO] 🌌 ✨ [守護完成] 系統狀態: [operational] | 記憶體安全: [passed]
2026-08-24 15:07:29,280 [ULTIMATE-FUSION] [INFO] 🌌 【全融合心跳】世代 [339] 開始運作...
2026-08-24 15:07:45,785 [ULTIMATE-FUSION] [INFO] 🌌 🛡️ [生產級守護] 正在執行背景健康檢查與狀態同步...
2026-08-24 15:07:45,787 [ULTIMATE-FUSION] [INFO] 🌌 ✨ [守護完成] 系統狀態: [operational] | 記憶體安全: [passed]
2026-08-24 15:07:55,895 [ULTIMATE-FUSION] [INFO] 🌌 【全融合心跳】世代 [340] 開始運作...
2026-08-24 15:08:13,448 [ULTIMATE-FUSION] [INFO] 🌌 🛡️ [生產級守護] 正在執行背景健康檢查與狀態同步...
2026-08-24 15:08:13,450 [ULTIMATE-FUSION] [INFO] 🌌 ✨ [守護完成] 系統狀態: [operational] | 記憶體安全: [passed]
2026-08-24 15:08:23,537 [ULTIMATE-FUSION] [INFO] 🌌 【全融合心跳】世代 [341] 開始運作...
2026-08-24 15:08:39,040 [ULTIMATE-FUSION] [INFO] 🌌 🛡️ [生產級守護] 正在執行背景健康檢查與狀態同步...
2026-08-24 15:08:39,042 [ULTIMATE-FUSION] [INFO] 🌌 ✨ [守護完成] 系統狀態: [operational] | 記憶體安全: [passed]
2026-08-24 15:08:49,158 [ULTIMATE-FUSION] [INFO] 🌌 【全融合心跳】世代 [342] 開始運作...
2026-08-24 15:09:05,974 [ULTIMATE-FUSION] [INFO] 🌌 🛡️ [生產級守護] 正在執行背景健康檢查與狀態同步...
2026-08-24 15:09:05,976 [ULTIMATE-FUSION] [INFO] 🌌 ✨ [守護完成] 系統狀態: [operational] | 記憶體安全: [passed]
2026-08-24 15:09:16,065 [ULTIMATE-FUSION] [INFO] 🌌 【全融合心跳】世代 [343] 開始運作...
2026-08-24 15:09:36,250 [ULTIMATE-FUSION] [INFO] 🌌 🛡️ [生產級守護] 正在執行背景健康檢查與狀態同步...
2026-08-24 15:09:36,251 [ULTIMATE-FUSION] [INFO] 🌌 ✨ [守護完成] 系統狀態: [operational] | 記憶體安全: [passed]
2026-08-24 15:09:46,338 [ULTIMATE-FUSION] [INFO] 🌌 【全融合心跳】世代 [344] 開始運作...
2026-08-24 15:10:02,050 [ULTIMATE-FUSION] [INFO] 🌌 🛡️ [生產級守護] 正在執行背景健康檢查與狀態同步...
2026-08-24 15:10:02,051 [ULTIMATE-FUSION] [INFO] 🌌 ✨ [守護完成] 系統狀態: [operational] | 記憶體安全: [passed]
2026-08-24 15:10:12,159 [ULTIMATE-FUSION] [INFO] 🌌 【全融合心跳】世代 [345] 開始運作...
2026-08-24 15:10:32,316 [ULTIMATE-FUSION] [INFO] 🌌 🛡️ [生產級守護] 正在執行背景健康檢查與狀態同步...
2026-08-24 15:10:32,318 [ULTIMATE-FUSION] [INFO] 🌌 ✨ [守護完成] 系統狀態: [operational] | 記憶體安全: [passed]
2026-08-24 15:10:42,434 [ULTIMATE-FUSION] [INFO] 🌌 【全融合心跳】世代 [346] 開始運作...
2026-08-24 15:11:01,928 [ULTIMATE-FUSION] [INFO] 🌌 🛡️ [生產級守護] 正在執行背景健康檢查與狀態同步...
2026-08-24 15:11:01,929 [ULTIMATE-FUSION] [INFO] 🌌 ✨ [守護完成] 系統狀態: [operational] | 記憶體安全: [passed]
2026-08-24 15:11:12,016 [ULTIMATE-FUSION] [INFO] 🌌 【全融合心跳】世代 [347] 開始運作...
2026-08-24 15:11:31,888 [ULTIMATE-FUSION] [INFO] 🌌 🛡️ [生產級守護] 正在執行背景健康檢查與狀態同步...
2026-08-24 15:11:31,890 [ULTIMATE-FUSION] [INFO] 🌌 ✨ [守護完成] 系統狀態: [operational] | 記憶體安全: [passed]
2026-08-24 15:11:41,995 [ULTIMATE-FUSION] [INFO] 🌌 【全融合心跳】世代 [348] 開始運作...
2026-08-24 15:11:58,618 [ULTIMATE-FUSION] [INFO] 🌌 🛡️ [生產級守護] 正在執行背景健康檢查與狀態同步...
2026-08-24 15:11:58,619 [ULTIMATE-FUSION] [INFO] 🌌 ✨ [守護完成] 系統狀態: [operational] | 記憶體安全: [passed]
2026-08-24 15:12:08,736 [ULTIMATE-FUSION] [INFO] 🌌 【全融合心跳】世代 [349] 開始運作...
2026-08-24 15:12:25,628 [ULTIMATE-FUSION] [INFO] 🌌 🛡️ [生產級守護] 正在執行背景健康檢查與狀態同步...
2026-08-24 15:12:25,630 [ULTIMATE-FUSION] [INFO] 🌌 ✨ [守護完成] 系統狀態: [operational] | 記憶體安全: [passed]
2026-08-24 15:12:35,721 [ULTIMATE-FUSION] [INFO] 🌌 【全融合心跳】世代 [350] 開始運作...
2026-08-24 15:12:52,397 [ULTIMATE-FUSION] [INFO] 🌌 🛡️ [生產級守護] 正在執行背景健康檢查與狀態同步...
2026-08-24 15:12:52,399 [ULTIMATE-FUSION] [INFO] 🌌 ✨ [守護完成] 系統狀態: [operational] | 記憶體安全: [passed]
2026-08-24 15:13:02,494 [ULTIMATE-FUSION] [INFO] 🌌 【全融合心跳】世代 [351] 開始運作...
2026-08-24 15:13:21,691 [ULTIMATE-FUSION] [INFO] 🌌 🛡️ [生產級守護] 正在執行背景健康檢查與狀態同步...
2026-08-24 15:13:21,691 [ULTIMATE-FUSION] [INFO] 🌌 ✨ [守護完成] 系統狀態: [operational] | 記憶體安全: [passed]
2026-08-24 15:13:31,777 [ULTIMATE-FUSION] [INFO] 🌌 【全融合心跳】世代 [352] 開始運作...
2026-08-24 15:13:48,751 [ULTIMATE-FUSION] [INFO] 🌌 🛡️ [生產級守護] 正在執行背景健康檢查與狀態同步...
2026-08-24 15:13:48,753 [ULTIMATE-FUSION] [INFO] 🌌 ✨ [守護完成] 系統狀態: [operational] | 記憶體安全: [passed]
2026-08-24 15:13:58,855 [ULTIMATE-FUSION] [INFO] 🌌 【全融合心跳】世代 [353] 開始運作...
2026-08-24 15:14:16,331 [ULTIMATE-FUSION] [INFO] 🌌 🛡️ [生產級守護] 正在執行背景健康檢查與狀態同步...
2026-08-24 15:14:16,332 [ULTIMATE-FUSION] [INFO] 🌌 ✨ [守護完成] 系統狀態: [operational] | 記憶體安全: [passed]
2026-08-24 15:14:26,419 [ULTIMATE-FUSION] [INFO] 🌌 【全融合心跳】世代 [354] 開始運作...
2026-08-24 15:14:41,762 [ULTIMATE-FUSION] [INFO] 🌌 🛡️ [生產級守護] 正在執行背景健康檢查與狀態同步...
2026-08-24 15:14:41,763 [ULTIMATE-FUSION] [INFO] 🌌 ✨ [守護完成] 系統狀態: [operational] | 記憶體安全: [passed]
2026-08-24 15:14:51,836 [ULTIMATE-FUSION] [INFO] 🌌 【全融合心跳】世代 [355] 開始運作...
2026-08-24 15:15:07,881 [ULTIMATE-FUSION] [INFO] 🌌 🛡️ [生產級守護] 正在執行背景健康檢查與狀態同步...
2026-08-24 15:15:07,883 [ULTIMATE-FUSION] [INFO] 🌌 ✨ [守護完成] 系統狀態: [operational] | 記憶體安全: [passed]
2026-08-24 15:15:18,036 [ULTIMATE-FUSION] [INFO] 🌌 【全融合心跳】世代 [356] 開始運作...
2026-08-24 15:15:36,102 [ULTIMATE-FUSION] [INFO] 🌌 🛡️ [生產級守護] 正在執行背景健康檢查與狀態同步...
2026-08-24 15:15:36,104 [ULTIMATE-FUSION] [INFO] 🌌 ✨ [守護完成] 系統狀態: [operational] | 記憶體安全: [passed]
2026-08-24 15:15:46,210 [ULTIMATE-FUSION] [INFO] 🌌 【全融合心跳】世代 [357] 開始運作...
2026-08-24 15:16:01,748 [ULTIMATE-FUSION] [INFO] 🌌 🛡️ [生產級守護] 正在執行背景健康檢查與狀態同步...
2026-08-24 15:16:01,750 [ULTIMATE-FUSION] [INFO] 🌌 ✨ [守護完成] 系統狀態: [operational] | 記憶體安全: [passed]
2026-08-24 15:16:11,841 [ULTIMATE-FUSION] [INFO] 🌌 【全融合心跳】世代 [358] 開始運作...
2026-08-24 15:16:26,856 [ULTIMATE-FUSION] [INFO] 🌌 🛡️ [生產級守護] 正在執行背景健康檢查與狀態同步...
2026-08-24 15:16:26,858 [ULTIMATE-FUSION] [INFO] 🌌 ✨ [守護完成] 系統狀態: [operational] | 記憶體安全: [passed]
2026-08-24 15:16:36,975 [ULTIMATE-FUSION] [INFO] 🌌 【全融合心跳】世代 [359] 開始運作...
2026-08-24 15:16:53,756 [ULTIMATE-FUSION] [INFO] 🌌 🛡️ [生產級守護] 正在執行背景健康檢查與狀態同步...
2026-08-24 15:16:53,757 [ULTIMATE-FUSION] [INFO] 🌌 ✨ [守護完成] 系統狀態: [operational] | 記憶體安全: [passed]
2026-08-24 15:17:03,850 [ULTIMATE-FUSION] [INFO] 🌌 【全融合心跳】世代 [360] 開始運作...
2026-08-24 15:17:20,151 [ULTIMATE-FUSION] [INFO] 🌌 🛡️ [生產級守護] 正在執行背景健康檢查與狀態同步...
2026-08-24 15:17:20,152 [ULTIMATE-FUSION] [INFO] 🌌 ✨ [守護完成] 系統狀態: [operational] | 記憶體安全: [passed]
2026-08-24 15:17:30,239 [ULTIMATE-FUSION] [INFO] 🌌 【全融合心跳】世代 [361] 開始運作...
2026-08-24 15:17:45,208 [ULTIMATE-FUSION] [INFO] 🌌 🛡️ [生產級守護] 正在執行背景健康檢查與狀態同步...
2026-08-24 15:17:45,210 [ULTIMATE-FUSION] [INFO] 🌌 ✨ [守護完成] 系統狀態: [operational] | 記憶體安全: [passed]
2026-08-24 15:17:55,299 [ULTIMATE-FUSION] [INFO] 🌌 【全融合心跳】世代 [362] 開始運作...
2026-08-24 15:18:12,964 [ULTIMATE-FUSION] [INFO] 🌌 🛡️ [生產級守護] 正在執行背景健康檢查與狀態同步...
2026-08-24 15:18:12,966 [ULTIMATE-FUSION] [INFO] 🌌 ✨ [守護完成] 系統狀態: [operational] | 記憶體安全: [passed]
2026-08-24 15:18:23,077 [ULTIMATE-FUSION] [INFO] 🌌 【全融合心跳】世代 [363] 開始運作...
2026-08-24 15:18:41,792 [ULTIMATE-FUSION] [INFO] 🌌 🛡️ [生產級守護] 正在執行背景健康檢查與狀態同步...
2026-08-24 15:18:41,793 [ULTIMATE-FUSION] [INFO] 🌌 ✨ [守護完成] 系統狀態: [operational] | 記憶體安全: [passed]
2026-08-24 15:18:51,880 [ULTIMATE-FUSION] [INFO] 🌌 【全融合心跳】世代 [364] 開始運作...
2026-08-24 15:19:10,127 [ULTIMATE-FUSION] [INFO] 🌌 🛡️ [生產級守護] 正在執行背景健康檢查與狀態同步...
2026-08-24 15:19:10,128 [ULTIMATE-FUSION] [INFO] 🌌 ✨ [守護完成] 系統狀態: [operational] | 記憶體安全: [passed]
2026-08-24 15:19:20,218 [ULTIMATE-FUSION] [INFO] 🌌 【全融合心跳】世代 [365] 開始運作...
2026-08-24 15:19:45,441 [ULTIMATE-FUSION] [INFO] 🌌 🛡️ [生產級守護] 正在執行背景健康檢查與狀態同步...
2026-08-24 15:19:45,442 [ULTIMATE-FUSION] [INFO] 🌌 ✨ [守護完成] 系統狀態: [operational] | 記憶體安全: [passed]
2026-08-24 15:19:55,538 [ULTIMATE-FUSION] [INFO] 🌌 【全融合心跳】世代 [366] 開始運作...
2026-08-24 15:20:15,284 [ULTIMATE-FUSION] [INFO] 🌌 🛡️ [生產級守護] 正在執行背景健康檢查與狀態同步...
2026-08-24 15:20:15,286 [ULTIMATE-FUSION] [INFO] 🌌 ✨ [守護完成] 系統狀態: [operational] | 記憶體安全: [passed]
2026-08-24 15:20:25,399 [ULTIMATE-FUSION] [INFO] 🌌 【全融合心跳】世代 [367] 開始運作...
2026-08-24 15:20:41,372 [ULTIMATE-FUSION] [INFO] 🌌 🛡️ [生產級守護] 正在執行背景健康檢查與狀態同步...
2026-08-24 15:20:41,374 [ULTIMATE-FUSION] [INFO] 🌌 ✨ [守護完成] 系統狀態: [operational] | 記憶體安全: [passed]
2026-08-24 15:20:51,480 [ULTIMATE-FUSION] [INFO] 🌌 【全融合心跳】世代 [368] 開始運作...
2026-08-24 15:21:10,366 [ULTIMATE-FUSION] [INFO] 🌌 🛡️ [生產級守護] 正在執行背景健康檢查與狀態同步...
2026-08-24 15:21:10,367 [ULTIMATE-FUSION] [INFO] 🌌 ✨ [守護完成] 系統狀態: [operational] | 記憶體安全: [passed]
2026-08-24 15:21:20,456 [ULTIMATE-FUSION] [INFO] 🌌 【全融合心跳】世代 [369] 開始運作...
2026-08-24 15:21:37,716 [ULTIMATE-FUSION] [INFO] 🌌 🛡️ [生產級守護] 正在執行背景健康檢查與狀態同步...
2026-08-24 15:21:37,719 [ULTIMATE-FUSION] [INFO] 🌌 ✨ [守護完成] 系統狀態: [operational] | 記憶體安全: [passed]
2026-08-24 15:21:47,831 [ULTIMATE-FUSION] [INFO] 🌌 【全融合心跳】世代 [370] 開始運作...
2026-08-24 15:22:07,829 [ULTIMATE-FUSION] [INFO] 🌌 🛡️ [生產級守護] 正在執行背景健康檢查與狀態同步...
2026-08-24 15:22:07,830 [ULTIMATE-FUSION] [INFO] 🌌 ✨ [守護完成] 系統狀態: [operational] | 記憶體安全: [passed]
2026-08-24 15:22:17,921 [ULTIMATE-FUSION] [INFO] 🌌 【全融合心跳】世代 [371] 開始運作...
2026-08-24 15:22:32,812 [ULTIMATE-FUSION] [INFO] 🌌 🛡️ [生產級守護] 正在執行背景健康檢查與狀態同步...
2026-08-24 15:22:32,814 [ULTIMATE-FUSION] [INFO] 🌌 ✨ [守護完成] 系統狀態: [operational] | 記憶體安全: [passed]
2026-08-24 15:22:42,914 [ULTIMATE-FUSION] [INFO] 🌌 【全融合心跳】世代 [372] 開始運作...
2026-08-24 15:22:58,117 [ULTIMATE-FUSION] [INFO] 🌌 🛡️ [生產級守護] 正在執行背景健康檢查與狀態同步...
2026-08-24 15:22:58,119 [ULTIMATE-FUSION] [INFO] 🌌 ✨ [守護完成] 系統狀態: [operational] | 記憶體安全: [passed]
2026-08-24 15:23:08,201 [ULTIMATE-FUSION] [INFO] 🌌 【全融合心跳】世代 [373] 開始運作...
2026-08-24 15:23:24,296 [ULTIMATE-FUSION] [INFO] 🌌 🛡️ [生產級守護] 正在執行背景健康檢查與狀態同步...
2026-08-24 15:23:24,298 [ULTIMATE-FUSION] [INFO] 🌌 ✨ [守護完成] 系統狀態: [operational] | 記憶體安全: [passed]
2026-08-24 15:23:34,414 [ULTIMATE-FUSION] [INFO] 🌌 【全融合心跳】世代 [374] 開始運作...
2026-08-24 15:23:50,324 [ULTIMATE-FUSION] [INFO] 🌌 🛡️ [生產級守護] 正在執行背景健康檢查與狀態同步...
2026-08-24 15:23:50,326 [ULTIMATE-FUSION] [INFO] 🌌 ✨ [守護完成] 系統狀態: [operational] | 記憶體安全: [passed]
2026-08-24 15:24:00,396 [ULTIMATE-FUSION] [INFO] 🌌 【全融合心跳】世代 [375] 開始運作...
2026-08-24 15:24:18,884 [ULTIMATE-FUSION] [INFO] 🌌 🛡️ [生產級守護] 正在執行背景健康檢查與狀態同步...
2026-08-24 15:24:18,885 [ULTIMATE-FUSION] [INFO] 🌌 ✨ [守護完成] 系統狀態: [operational] | 記憶體安全: [passed]
2026-08-24 15:24:28,989 [ULTIMATE-FUSION] [INFO] 🌌 【全融合心跳】世代 [376] 開始運作...
2026-08-24 15:24:44,899 [ULTIMATE-FUSION] [INFO] 🌌 🛡️ [生產級守護] 正在執行背景健康檢查與狀態同步...
2026-08-24 15:24:44,900 [ULTIMATE-FUSION] [INFO] 🌌 ✨ [守護完成] 系統狀態: [operational] | 記憶體安全: [passed]
2026-08-24 15:24:54,995 [ULTIMATE-FUSION] [INFO] 🌌 【全融合心跳】世代 [377] 開始運作...
2026-08-24 15:25:16,872 [ULTIMATE-FUSION] [INFO] 🌌 🛡️ [生產級守護] 正在執行背景健康檢查與狀態同步...
2026-08-24 15:25:16,874 [ULTIMATE-FUSION] [INFO] 🌌 ✨ [守護完成] 系統狀態: [operational] | 記憶體安全: [passed]
2026-08-24 15:25:26,961 [ULTIMATE-FUSION] [INFO] 🌌 【全融合心跳】世代 [378] 開始運作...
2026-08-24 15:25:41,630 [ULTIMATE-FUSION] [INFO] 🌌 🛡️ [生產級守護] 正在執行背景健康檢查與狀態同步...
2026-08-24 15:25:41,632 [ULTIMATE-FUSION] [INFO] 🌌 ✨ [守護完成] 系統狀態: [operational] | 記憶體安全: [passed]
2026-08-24 15:25:51,742 [ULTIMATE-FUSION] [INFO] 🌌 【全融合心跳】世代 [379] 開始運作...
2026-08-24 15:26:08,462 [ULTIMATE-FUSION] [INFO] 🌌 🛡️ [生產級守護] 正在執行背景健康檢查與狀態同步...
2026-08-24 15:26:08,463 [ULTIMATE-FUSION] [INFO] 🌌 ✨ [守護完成] 系統狀態: [operational] | 記憶體安全: [passed]
2026-08-24 15:26:18,555 [ULTIMATE-FUSION] [INFO] 🌌 【全融合心跳】世代 [380] 開始運作...
2026-08-24 15:26:31,574 [ULTIMATE-FUSION] [INFO] 🌌 🛡️ [生產級守護] 正在執行背景健康檢查與狀態同步...
2026-08-24 15:26:31,576 [ULTIMATE-FUSION] [INFO] 🌌 ✨ [守護完成] 系統狀態: [operational] | 記憶體安全: [passed]
2026-08-24 15:26:41,694 [ULTIMATE-FUSION] [INFO] 🌌 【全融合心跳】世代 [381] 開始運作...
2026-08-24 15:26:56,687 [ULTIMATE-FUSION] [INFO] 🌌 🛡️ [生產級守護] 正在執行背景健康檢查與狀態同步...
2026-08-24 15:26:56,688 [ULTIMATE-FUSION] [INFO] 🌌 ✨ [守護完成] 系統狀態: [operational] | 記憶體安全: [passed]
2026-08-24 15:27:06,756 [ULTIMATE-FUSION] [INFO] 🌌 【全融合心跳】世代 [382] 開始運作...
2026-08-24 15:27:24,008 [ULTIMATE-FUSION] [INFO] 🌌 🛡️ [生產級守護] 正在執行背景健康檢查與狀態同步...
2026-08-24 15:27:24,009 [ULTIMATE-FUSION] [INFO] 🌌 ✨ [守護完成] 系統狀態: [operational] | 記憶體安全: [passed]
2026-08-24 15:27:34,099 [ULTIMATE-FUSION] [INFO] 🌌 【全融合心跳】世代 [383] 開始運作...
2026-08-24 15:27:59,848 [ULTIMATE-FUSION] [INFO] 🌌 🛡️ [生產級守護] 正在執行背景健康檢查與狀態同步...
2026-08-24 15:27:59,850 [ULTIMATE-FUSION] [INFO] 🌌 ✨ [守護完成] 系統狀態: [operational] | 記憶體安全: [passed]
2026-08-24 15:28:09,960 [ULTIMATE-FUSION] [INFO] 🌌 【全融合心跳】世代 [384] 開始運作...
2026-08-24 15:28:29,062 [ULTIMATE-FUSION] [INFO] 🌌 🛡️ [生產級守護] 正在執行背景健康檢查與狀態同步...
2026-08-24 15:28:29,064 [ULTIMATE-FUSION] [INFO] 🌌 ✨ [守護完成] 系統狀態: [operational] | 記憶體安全: [passed]
2026-08-24 15:28:39,183 [ULTIMATE-FUSION] [INFO] 🌌 【全融合心跳】世代 [385] 開始運作...
2026-08-24 15:28:56,223 [ULTIMATE-FUSION] [INFO] 🌌 🛡️ [生產級守護] 正在執行背景健康檢查與狀態同步...
2026-08-24 15:28:56,224 [ULTIMATE-FUSION] [INFO] 🌌 ✨ [守護完成] 系統狀態: [operational] | 記憶體安全: [passed]
2026-08-24 15:29:06,337 [ULTIMATE-FUSION] [INFO] 🌌 【全融合心跳】世代 [386] 開始運作...
2026-08-24 15:29:22,107 [ULTIMATE-FUSION] [INFO] 🌌 🛡️ [生產級守護] 正在執行背景健康檢查與狀態同步...
2026-08-24 15:29:22,108 [ULTIMATE-FUSION] [INFO] 🌌 ✨ [守護完成] 系統狀態: [operational] | 記憶體安全: [passed]
2026-08-24 15:29:32,220 [ULTIMATE-FUSION] [INFO] 🌌 【全融合心跳】世代 [387] 開始運作...
2026-08-24 15:29:48,530 [ULTIMATE-FUSION] [INFO] 🌌 🛡️ [生產級守護] 正在執行背景健康檢查與狀態同步...
2026-08-24 15:29:48,532 [ULTIMATE-FUSION] [INFO] 🌌 ✨ [守護完成] 系統狀態: [operational] | 記憶體安全: [passed]
2026-08-24 15:29:58,675 [ULTIMATE-FUSION] [INFO] 🌌 【全融合心跳】世代 [388] 開始運作...
2026-08-24 15:30:19,066 [ULTIMATE-FUSION] [INFO] 🌌 🛡️ [生產級守護] 正在執行背景健康檢查與狀態同步...
2026-08-24 15:30:19,067 [ULTIMATE-FUSION] [INFO] 🌌 ✨ [守護完成] 系統狀態: [operational] | 記憶體安全: [passed]
2026-08-24 15:30:29,179 [ULTIMATE-FUSION] [INFO] 🌌 【全融合心跳】世代 [389] 開始運作...
2026-08-24 15:30:46,270 [ULTIMATE-FUSION] [INFO] 🌌 🛡️ [生產級守護] 正在執行背景健康檢查與狀態同步...
2026-08-24 15:30:46,271 [ULTIMATE-FUSION] [INFO] 🌌 ✨ [守護完成] 系統狀態: [operational] | 記憶體安全: [passed]
2026-08-24 15:30:56,360 [ULTIMATE-FUSION] [INFO] 🌌 【全融合心跳】世代 [390] 開始運作...
2026-08-24 15:31:13,390 [ULTIMATE-FUSION] [INFO] 🌌 🛡️ [生產級守護] 正在執行背景健康檢查與狀態同步...
2026-08-24 15:31:13,392 [ULTIMATE-FUSION] [INFO] 🌌 ✨ [守護完成] 系統狀態: [operational] | 記憶體安全: [passed]
2026-08-24 15:31:23,513 [ULTIMATE-FUSION] [INFO] 🌌 【全融合心跳】世代 [391] 開始運作...
2026-08-24 15:31:37,842 [ULTIMATE-FUSION] [INFO] 🌌 🛡️ [生產級守護] 正在執行背景健康檢查與狀態同步...
2026-08-24 15:31:37,843 [ULTIMATE-FUSION] [INFO] 🌌 ✨ [守護完成] 系統狀態: [operational] | 記憶體安全: [passed]
2026-08-24 15:31:47,932 [ULTIMATE-FUSION] [INFO] 🌌 【全融合心跳】世代 [392] 開始運作...
2026-08-24 15:32:05,664 [ULTIMATE-FUSION] [INFO] 🌌 🛡️ [生產級守護] 正在執行背景健康檢查與狀態同步...
2026-08-24 15:32:05,665 [ULTIMATE-FUSION] [INFO] 🌌 ✨ [守護完成] 系統狀態: [operational] | 記憶體安全: [passed]
2026-08-24 15:32:15,778 [ULTIMATE-FUSION] [INFO] 🌌 【全融合心跳】世代 [393] 開始運作...
2026-08-24 15:32:33,463 [ULTIMATE-FUSION] [INFO] 🌌 🛡️ [生產級守護] 正在執行背景健康檢查與狀態同步...
2026-08-24 15:32:33,464 [ULTIMATE-FUSION] [INFO] 🌌 ✨ [守護完成] 系統狀態: [operational] | 記憶體安全: [passed]
2026-08-24 15:32:43,576 [ULTIMATE-FUSION] [INFO] 🌌 【全融合心跳】世代 [394] 開始運作...
2026-08-24 15:33:01,333 [ULTIMATE-FUSION] [INFO] 🌌 🛡️ [生產級守護] 正在執行背景健康檢查與狀態同步...
2026-08-24 15:33:01,334 [ULTIMATE-FUSION] [INFO] 🌌 ✨ [守護完成] 系統狀態: [operational] | 記憶體安全: [passed]
2026-08-24 15:33:11,416 [ULTIMATE-FUSION] [INFO] 🌌 【全融合心跳】世代 [395] 開始運作...
2026-08-24 15:33:26,931 [ULTIMATE-FUSION] [INFO] 🌌 🛡️ [生產級守護] 正在執行背景健康檢查與狀態同步...
2026-08-24 15:33:26,932 [ULTIMATE-FUSION] [INFO] 🌌 ✨ [守護完成] 系統狀態: [operational] | 記憶體安全: [passed]
2026-08-24 15:33:37,038 [ULTIMATE-FUSION] [INFO] 🌌 【全融合心跳】世代 [396] 開始運作...
2026-08-24 15:33:52,614 [ULTIMATE-FUSION] [INFO] 🌌 🛡️ [生產級守護] 正在執行背景健康檢查與狀態同步...
2026-08-24 15:33:52,615 [ULTIMATE-FUSION] [INFO] 🌌 ✨ [守護完成] 系統狀態: [operational] | 記憶體安全: [passed]
2026-08-24 15:34:02,697 [ULTIMATE-FUSION] [INFO] 🌌 【全融合心跳】世代 [397] 開始運作...
2026-08-24 15:34:17,631 [ULTIMATE-FUSION] [INFO] 🌌 🛡️ [生產級守護] 正在執行背景健康檢查與狀態同步...
2026-08-24 15:34:17,632 [ULTIMATE-FUSION] [INFO] 🌌 ✨ [守護完成] 系統狀態: [operational] | 記憶體安全: [passed]
2026-08-24 15:34:27,735 [ULTIMATE-FUSION] [INFO] 🌌 【全融合心跳】世代 [398] 開始運作...
2026-08-24 15:34:43,409 [ULTIMATE-FUSION] [INFO] 🌌 🛡️ [生產級守護] 正在執行背景健康檢查與狀態同步...
2026-08-24 15:34:43,410 [ULTIMATE-FUSION] [INFO] 🌌 ✨ [守護完成] 系統狀態: [operational] | 記憶體安全: [passed]
2026-08-24 15:34:53,517 [ULTIMATE-FUSION] [INFO] 🌌 【全融合心跳】世代 [399] 開始運作...
2026-08-24 15:35:18,007 [ULTIMATE-FUSION] [INFO] 🌌 🛡️ [生產級守護] 正在執行背景健康檢查與狀態同步...
2026-08-24 15:35:18,008 [ULTIMATE-FUSION] [INFO] 🌌 ✨ [守護完成] 系統狀態: [operational] | 記憶體安全: [passed]
2026-08-24 15:35:28,094 [ULTIMATE-FUSION] [INFO] 🌌 【全融合心跳】世代 [400] 開始運作...
2026-08-24 15:35:44,454 [ULTIMATE-FUSION] [INFO] 🌌 🛡️ [生產級守護] 正在執行背景健康檢查與狀態同步...
2026-08-24 15:35:44,455 [ULTIMATE-FUSION] [INFO] 🌌 ✨ [守護完成] 系統狀態: [operational] | 記憶體安全: [passed]
2026-08-24 15:35:54,535 [ULTIMATE-FUSION] [INFO] 🌌 【全融合心跳】世代 [401] 開始運作...
2026-08-24 15:36:10,255 [ULTIMATE-FUSION] [INFO] 🌌 🛡️ [生產級守護] 正在執行背景健康檢查與狀態同步...
2026-08-24 15:36:10,256 [ULTIMATE-FUSION] [INFO] 🌌 ✨ [守護完成] 系統狀態: [operational] | 記憶體安全: [passed]
2026-08-24 15:36:20,339 [ULTIMATE-FUSION] [INFO] 🌌 【全融合心跳】世代 [402] 開始運作...
2026-08-24 15:36:38,190 [ULTIMATE-FUSION] [INFO] 🌌 🛡️ [生產級守護] 正在執行背景健康檢查與狀態同步...
2026-08-24 15:36:38,191 [ULTIMATE-FUSION] [INFO] 🌌 ✨ [守護完成] 系統狀態: [operational] | 記憶體安全: [passed]
2026-08-24 15:36:48,279 [ULTIMATE-FUSION] [INFO] 🌌 【全融合心跳】世代 [403] 開始運作...
2026-08-24 15:37:02,363 [ULTIMATE-FUSION] [INFO] 🌌 🛡️ [生產級守護] 正在執行背景健康檢查與狀態同步...
2026-08-24 15:37:02,364 [ULTIMATE-FUSION] [INFO] 🌌 ✨ [守護完成] 系統狀態: [operational] | 記憶體安全: [passed]
2026-08-24 15:37:12,453 [ULTIMATE-FUSION] [INFO] 🌌 【全融合心跳】世代 [404] 開始運作...
2026-08-24 15:37:29,493 [ULTIMATE-FUSION] [INFO] 🌌 🛡️ [生產級守護] 正在執行背景健康檢查與狀態同步...
2026-08-24 15:37:29,494 [ULTIMATE-FUSION] [INFO] 🌌 ✨ [守護完成] 系統狀態: [operational] | 記憶體安全: [passed]
2026-08-24 15:37:39,578 [ULTIMATE-FUSION] [INFO] 🌌 【全融合心跳】世代 [405] 開始運作...
2026-08-24 15:37:55,932 [ULTIMATE-FUSION] [INFO] 🌌 🛡️ [生產級守護] 正在執行背景健康檢查與狀態同步...
2026-08-24 15:37:55,933 [ULTIMATE-FUSION] [INFO] 🌌 ✨ [守護完成] 系統狀態: [operational] | 記憶體安全: [passed]
2026-08-24 15:38:06,017 [ULTIMATE-FUSION] [INFO] 🌌 【全融合心跳】世代 [406] 開始運作...
2026-08-24 15:38:21,627 [ULTIMATE-FUSION] [INFO] 🌌 🛡️ [生產級守護] 正在執行背景健康檢查與狀態同步...
2026-08-24 15:38:21,628 [ULTIMATE-FUSION] [INFO] 🌌 ✨ [守護完成] 系統狀態: [operational] | 記憶體安全: [passed]
2026-08-24 15:38:31,717 [ULTIMATE-FUSION] [INFO] 🌌 【全融合心跳】世代 [407] 開始運作...
2026-08-24 15:38:44,833 [ULTIMATE-FUSION] [INFO] 🌌 🛡️ [生產級守護] 正在執行背景健康檢查與狀態同步...
2026-08-24 15:38:44,834 [ULTIMATE-FUSION] [INFO] 🌌 ✨ [守護完成] 系統狀態: [operational] | 記憶體安全: [passed]
2026-08-24 15:38:54,902 [ULTIMATE-FUSION] [INFO] 🌌 【全融合心跳】世代 [408] 開始運作...
2026-08-24 15:39:13,455 [ULTIMATE-FUSION] [INFO] 🌌 🛡️ [生產級守護] 正在執行背景健康檢查與狀態同步...
2026-08-24 15:39:13,456 [ULTIMATE-FUSION] [INFO] 🌌 ✨ [守護完成] 系統狀態: [operational] | 記憶體安全: [passed]
2026-08-24 15:39:23,537 [ULTIMATE-FUSION] [INFO] 🌌 【全融合心跳】世代 [409] 開始運作...
2026-08-24 15:39:42,152 [ULTIMATE-FUSION] [INFO] 🌌 🛡️ [生產級守護] 正在執行背景健康檢查與狀態同步...
2026-08-24 15:39:42,153 [ULTIMATE-FUSION] [INFO] 🌌 ✨ [守護完成] 系統狀態: [operational] | 記憶體安全: [passed]
2026-08-24 15:39:52,218 [ULTIMATE-FUSION] [INFO] 🌌 【全融合心跳】世代 [410] 開始運作...
2026-08-24 15:40:11,361 [ULTIMATE-FUSION] [INFO] 🌌 🛡️ [生產級守護] 正在執行背景健康檢查與狀態同步...
2026-08-24 15:40:11,362 [ULTIMATE-FUSION] [INFO] 🌌 ✨ [守護完成] 系統狀態: [operational] | 記憶體安全: [passed]
2026-08-24 15:40:21,481 [ULTIMATE-FUSION] [INFO] 🌌 【全融合心跳】世代 [411] 開始運作...
2026-08-24 15:40:37,412 [ULTIMATE-FUSION] [INFO] 🌌 🛡️ [生產級守護] 正在執行背景健康檢查與狀態同步...
2026-08-24 15:40:37,414 [ULTIMATE-FUSION] [INFO] 🌌 ✨ [守護完成] 系統狀態: [operational] | 記憶體安全: [passed]
2026-08-24 15:40:47,539 [ULTIMATE-FUSION] [INFO] 🌌 【全融合心跳】世代 [412] 開始運作...
2026-08-24 15:41:06,411 [ULTIMATE-FUSION] [INFO] 🌌 🛡️ [生產級守護] 正在執行背景健康檢查與狀態同步...
2026-08-24 15:41:06,412 [ULTIMATE-FUSION] [INFO] 🌌 ✨ [守護完成] 系統狀態: [operational] | 記憶體安全: [passed]
2026-08-24 15:41:16,539 [ULTIMATE-FUSION] [INFO] 🌌 【全融合心跳】世代 [413] 開始運作...
2026-08-24 15:41:32,196 [ULTIMATE-FUSION] [INFO] 🌌 🛡️ [生產級守護] 正在執行背景健康檢查與狀態同步...
2026-08-24 15:41:32,197 [ULTIMATE-FUSION] [INFO] 🌌 ✨ [守護完成] 系統狀態: [operational] | 記憶體安全: [passed]
2026-08-24 15:41:42,269 [ULTIMATE-FUSION] [INFO] 🌌 【全融合心跳】世代 [414] 開始運作...
2026-08-24 15:42:03,240 [ULTIMATE-FUSION] [INFO] 🌌 🛡️ [生產級守護] 正在執行背景健康檢查與狀態同步...
2026-08-24 15:42:03,241 [ULTIMATE-FUSION] [INFO] 🌌 ✨ [守護完成] 系統狀態: [operational] | 記憶體安全: [passed]
2026-08-24 15:42:13,358 [ULTIMATE-FUSION] [INFO] 🌌 【全融合心跳】世代 [415] 開始運作...
2026-08-24 15:42:31,509 [ULTIMATE-FUSION] [INFO] 🌌 🛡️ [生產級守護] 正在執行背景健康檢查與狀態同步...
2026-08-24 15:42:31,511 [ULTIMATE-FUSION] [INFO] 🌌 ✨ [守護完成] 系統狀態: [operational] | 記憶體安全: [passed]
2026-08-24 15:42:41,631 [ULTIMATE-FUSION] [INFO] 🌌 【全融合心跳】世代 [416] 開始運作...
2026-08-24 15:42:58,824 [ULTIMATE-FUSION] [INFO] 🌌 🛡️ [生產級守護] 正在執行背景健康檢查與狀態同步...
2026-08-24 15:42:58,825 [ULTIMATE-FUSION] [INFO] 🌌 ✨ [守護完成] 系統狀態: [operational] | 記憶體安全: [passed]
2026-08-24 15:43:08,901 [ULTIMATE-FUSION] [INFO] 🌌 【全融合心跳】世代 [417] 開始運作...
2026-08-24 15:43:23,798 [ULTIMATE-FUSION] [INFO] 🌌 🛡️ [生產級守護] 正在執行背景健康檢查與狀態同步...
2026-08-24 15:43:23,800 [ULTIMATE-FUSION] [INFO] 🌌 ✨ [守護完成] 系統狀態: [operational] | 記憶體安全: [passed]
2026-08-24 15:43:33,914 [ULTIMATE-FUSION] [INFO] 🌌 【全融合心跳】世代 [418] 開始運作...
2026-08-24 15:43:52,100 [ULTIMATE-FUSION] [INFO] 🌌 🛡️ [生產級守護] 正在執行背景健康檢查與狀態同步...
2026-08-24 15:43:52,102 [ULTIMATE-FUSION] [INFO] 🌌 ✨ [守護完成] 系統狀態: [operational] | 記憶體安全: [passed]
2026-08-24 15:44:02,232 [ULTIMATE-FUSION] [INFO] 🌌 【全融合心跳】世代 [419] 開始運作...
2026-08-24 15:44:17,185 [ULTIMATE-FUSION] [INFO] 🌌 🛡️ [生產級守護] 正在執行背景健康檢查與狀態同步...
2026-08-24 15:44:17,187 [ULTIMATE-FUSION] [INFO] 🌌 ✨ [守護完成] 系統狀態: [operational] | 記憶體安全: [passed]
2026-08-24 15:44:27,276 [ULTIMATE-FUSION] [INFO] 🌌 【全融合心跳】世代 [420] 開始運作...
2026-08-24 15:44:44,122 [ULTIMATE-FUSION] [INFO] 🌌 🛡️ [生產級守護] 正在執行背景健康檢查與狀態同步...
2026-08-24 15:44:44,124 [ULTIMATE-FUSION] [INFO] 🌌 ✨ [守護完成] 系統狀態: [operational] | 記憶體安全: [passed]
2026-08-24 15:44:54,231 [ULTIMATE-FUSION] [INFO] 🌌 【全融合心跳】世代 [421] 開始運作...
2026-08-24 15:45:12,710 [ULTIMATE-FUSION] [INFO] 🌌 🛡️ [生產級守護] 正在執行背景健康檢查與狀態同步...
2026-08-24 15:45:12,711 [ULTIMATE-FUSION] [INFO] 🌌 ✨ [守護完成] 系統狀態: [operational] | 記憶體安全: [passed]
2026-08-24 15:45:22,811 [ULTIMATE-FUSION] [INFO] 🌌 【全融合心跳】世代 [422] 開始運作...
2026-08-24 15:45:37,567 [ULTIMATE-FUSION] [INFO] 🌌 🛡️ [生產級守護] 正在執行背景健康檢查與狀態同步...
2026-08-24 15:45:37,568 [ULTIMATE-FUSION] [INFO] 🌌 ✨ [守護完成] 系統狀態: [operational] | 記憶體安全: [passed]
2026-08-24 15:45:47,651 [ULTIMATE-FUSION] [INFO] 🌌 【全融合心跳】世代 [423] 開始運作...
2026-08-24 15:46:03,901 [ULTIMATE-FUSION] [INFO] 🌌 🛡️ [生產級守護] 正在執行背景健康檢查與狀態同步...
2026-08-24 15:46:03,902 [ULTIMATE-FUSION] [INFO] 🌌 ✨ [守護完成] 系統狀態: [operational] | 記憶體安全: [passed]
2026-08-24 15:46:13,999 [ULTIMATE-FUSION] [INFO] 🌌 【全融合心跳】世代 [424] 開始運作...
2026-08-24 15:46:30,507 [ULTIMATE-FUSION] [INFO] 🌌 🛡️ [生產級守護] 正在執行背景健康檢查與狀態同步...
2026-08-24 15:46:30,509 [ULTIMATE-FUSION] [INFO] 🌌 ✨ [守護完成] 系統狀態: [operational] | 記憶體安全: [passed]
2026-08-24 15:46:40,622 [ULTIMATE-FUSION] [INFO] 🌌 【全融合心跳】世代 [425] 開始運作...
2026-08-24 15:46:59,455 [ULTIMATE-FUSION] [INFO] 🌌 🛡️ [生產級守護] 正在執行背景健康檢查與狀態同步...
2026-08-24 15:46:59,456 [ULTIMATE-FUSION] [INFO] 🌌 ✨ [守護完成] 系統狀態: [operational] | 記憶體安全: [passed]
2026-08-24 15:47:09,580 [ULTIMATE-FUSION] [INFO] 🌌 【全融合心跳】世代 [426] 開始運作...
2026-08-24 15:47:23,356 [ULTIMATE-FUSION] [INFO] 🌌 🛡️ [生產級守護] 正在執行背景健康檢查與狀態同步...
2026-08-24 15:47:23,357 [ULTIMATE-FUSION] [INFO] 🌌 ✨ [守護完成] 系統狀態: [operational] | 記憶體安全: [passed]
2026-08-24 15:47:33,441 [ULTIMATE-FUSION] [INFO] 🌌 【全融合心跳】世代 [427] 開始運作...
2026-08-24 15:47:49,686 [ULTIMATE-FUSION] [INFO] 🌌 🛡️ [生產級守護] 正在執行背景健康檢查與狀態同步...
2026-08-24 15:47:49,687 [ULTIMATE-FUSION] [INFO] 🌌 ✨ [守護完成] 系統狀態: [operational] | 記憶體安全: [passed]
2026-08-24 15:47:59,781 [ULTIMATE-FUSION] [INFO] 🌌 【全融合心跳】世代 [428] 開始運作...
2026-08-24 15:48:16,123 [ULTIMATE-FUSION] [INFO] 🌌 🛡️ [生產級守護] 正在執行背景健康檢查與狀態同步...
2026-08-24 15:48:16,124 [ULTIMATE-FUSION] [INFO] 🌌 ✨ [守護完成] 系統狀態: [operational] | 記憶體安全: [passed]
2026-08-24 15:48:26,208 [ULTIMATE-FUSION] [INFO] 🌌 【全融合心跳】世代 [429] 開始運作...
2026-08-24 15:48:42,209 [ULTIMATE-FUSION] [INFO] 🌌 🛡️ [生產級守護] 正在執行背景健康檢查與狀態同步...
2026-08-24 15:48:42,213 [ULTIMATE-FUSION] [INFO] 🌌 ✨ [守護完成] 系統狀態: [operational] | 記憶體安全: [passed]
2026-08-24 15:48:52,318 [ULTIMATE-FUSION] [INFO] 🌌 【全融合心跳】世代 [430] 開始運作...
2026-08-24 15:49:08,238 [ULTIMATE-FUSION] [INFO] 🌌 🛡️ [生產級守護] 正在執行背景健康檢查與狀態同步...
2026-08-24 15:49:08,238 [ULTIMATE-FUSION] [INFO] 🌌 ✨ [守護完成] 系統狀態: [operational] | 記憶體安全: [passed]
2026-08-24 15:49:18,328 [ULTIMATE-FUSION] [INFO] 🌌 【全融合心跳】世代 [431] 開始運作...
2026-08-24 15:49:35,018 [ULTIMATE-FUSION] [INFO] 🌌 🛡️ [生產級守護] 正在執行背景健康檢查與狀態同步...
2026-08-24 15:49:35,020 [ULTIMATE-FUSION] [INFO] 🌌 ✨ [守護完成] 系統狀態: [operational] | 記憶體安全: [passed]
2026-08-24 15:49:45,140 [ULTIMATE-FUSION] [INFO] 🌌 【全融合心跳】世代 [432] 開始運作...
2026-08-24 15:50:02,482 [ULTIMATE-FUSION] [INFO] 🌌 🛡️ [生產級守護] 正在執行背景健康檢查與狀態同步...
2026-08-24 15:50:02,484 [ULTIMATE-FUSION] [INFO] 🌌 ✨ [守護完成] 系統狀態: [operational] | 記憶體安全: [passed]
2026-08-24 15:50:12,579 [ULTIMATE-FUSION] [INFO] 🌌 【全融合心跳】世代 [433] 開始運作...
2026-08-24 15:50:30,536 [ULTIMATE-FUSION] [INFO] 🌌 🛡️ [生產級守護] 正在執行背景健康檢查與狀態同步...
2026-08-24 15:50:30,537 [ULTIMATE-FUSION] [INFO] 🌌 ✨ [守護完成] 系統狀態: [operational] | 記憶體安全: [passed]
2026-08-24 15:50:40,619 [ULTIMATE-FUSION] [INFO] 🌌 【全融合心跳】世代 [434] 開始運作...
2026-08-24 15:50:57,168 [ULTIMATE-FUSION] [INFO] 🌌 🛡️ [生產級守護] 正在執行背景健康檢查與狀態同步...
2026-08-24 15:50:57,171 [ULTIMATE-FUSION] [INFO] 🌌 ✨ [守護完成] 系統狀態: [operational] | 記憶體安全: [passed]
2026-08-24 15:51:07,299 [ULTIMATE-FUSION] [INFO] 🌌 【全融合心跳】世代 [435] 開始運作...
2026-08-24 15:51:24,706 [ULTIMATE-FUSION] [INFO] 🌌 🛡️ [生產級守護] 正在執行背景健康檢查與狀態同步...
2026-08-24 15:51:24,707 [ULTIMATE-FUSION] [INFO] 🌌 ✨ [守護完成] 系統狀態: [operational] | 記憶體安全: [passed]
2026-08-24 15:51:34,817 [ULTIMATE-FUSION] [INFO] 🌌 【全融合心跳】世代 [436] 開始運作...
2026-08-24 15:51:53,654 [ULTIMATE-FUSION] [INFO] 🌌 🛡️ [生產級守護] 正在執行背景健康檢查與狀態同步...
2026-08-24 15:51:53,655 [ULTIMATE-FUSION] [INFO] 🌌 ✨ [守護完成] 系統狀態: [operational] | 記憶體安全: [passed]
2026-08-24 15:52:03,736 [ULTIMATE-FUSION] [INFO] 🌌 【全融合心跳】世代 [437] 開始運作...
2026-08-24 15:52:21,818 [ULTIMATE-FUSION] [INFO] 🌌 🛡️ [生產級守護] 正在執行背景健康檢查與狀態同步...
2026-08-24 15:52:21,820 [ULTIMATE-FUSION] [INFO] 🌌 ✨ [守護完成] 系統狀態: [operational] | 記憶體安全: [passed]
2026-08-24 15:52:31,924 [ULTIMATE-FUSION] [INFO] 🌌 【全融合心跳】世代 [438] 開始運作...
2026-08-24 15:52:49,263 [ULTIMATE-FUSION] [INFO] 🌌 🛡️ [生產級守護] 正在執行背景健康檢查與狀態同步...
2026-08-24 15:52:49,264 [ULTIMATE-FUSION] [INFO] 🌌 ✨ [守護完成] 系統狀態: [operational] | 記憶體安全: [passed]
2026-08-24 15:52:59,374 [ULTIMATE-FUSION] [INFO] 🌌 【全融合心跳】世代 [439] 開始運作...
2026-08-24 15:53:17,138 [ULTIMATE-FUSION] [INFO] 🌌 🛡️ [生產級守護] 正在執行背景健康檢查與狀態同步...
2026-08-24 15:53:17,139 [ULTIMATE-FUSION] [INFO] 🌌 ✨ [守護完成] 系統狀態: [operational] | 記憶體安全: [passed]
2026-08-24 15:53:27,236 [ULTIMATE-FUSION] [INFO] 🌌 【全融合心跳】世代 [440] 開始運作...
2026-08-24 15:53:42,458 [ULTIMATE-FUSION] [INFO] 🌌 🛡️ [生產級守護] 正在執行背景健康檢查與狀態同步...
2026-08-24 15:53:42,459 [ULTIMATE-FUSION] [INFO] 🌌 ✨ [守護完成] 系統狀態: [operational] | 記憶體安全: [passed]
2026-08-24 15:53:52,537 [ULTIMATE-FUSION] [INFO] 🌌 【全融合心跳】世代 [441] 開始運作...
2026-08-24 15:54:11,824 [ULTIMATE-FUSION] [INFO] 🌌 🛡️ [生產級守護] 正在執行背景健康檢查與狀態同步...
2026-08-24 15:54:11,825 [ULTIMATE-FUSION] [INFO] 🌌 ✨ [守護完成] 系統狀態: [operational] | 記憶體安全: [passed]
2026-08-24 15:54:21,915 [ULTIMATE-FUSION] [INFO] 🌌 【全融合心跳】世代 [442] 開始運作...
2026-08-24 15:54:42,139 [ULTIMATE-FUSION] [INFO] 🌌 🛡️ [生產級守護] 正在執行背景健康檢查與狀態同步...
2026-08-24 15:54:42,140 [ULTIMATE-FUSION] [INFO] 🌌 ✨ [守護完成] 系統狀態: [operational] | 記憶體安全: [passed]
2026-08-24 15:54:52,222 [ULTIMATE-FUSION] [INFO] 🌌 【全融合心跳】世代 [443] 開始運作...
2026-08-24 15:55:09,859 [ULTIMATE-FUSION] [INFO] 🌌 🛡️ [生產級守護] 正在執行背景健康檢查與狀態同步...
2026-08-24 15:55:09,863 [ULTIMATE-FUSION] [INFO] 🌌 ✨ [守護完成] 系統狀態: [operational] | 記憶體安全: [passed]
2026-08-24 15:55:19,961 [ULTIMATE-FUSION] [INFO] 🌌 【全融合心跳】世代 [444] 開始運作...
2026-08-24 15:55:38,940 [ULTIMATE-FUSION] [INFO] 🌌 🛡️ [生產級守護] 正在執行背景健康檢查與狀態同步...
2026-08-24 15:55:38,942 [ULTIMATE-FUSION] [INFO] 🌌 ✨ [守護完成] 系統狀態: [operational] | 記憶體安全: [passed]
2026-08-24 15:55:49,055 [ULTIMATE-FUSION] [INFO] 🌌 【全融合心跳】世代 [445] 開始運作...
2026-08-24 15:56:05,867 [ULTIMATE-FUSION] [INFO] 🌌 🛡️ [生產級守護] 正在執行背景健康檢查與狀態同步...
2026-08-24 15:56:05,868 [ULTIMATE-FUSION] [INFO] 🌌 ✨ [守護完成] 系統狀態: [operational] | 記憶體安全: [passed]
2026-08-24 15:56:15,956 [ULTIMATE-FUSION] [INFO] 🌌 【全融合心跳】世代 [446] 開始運作...
2026-08-24 15:56:33,524 [ULTIMATE-FUSION] [INFO] 🌌 🛡️ [生產級守護] 正在執行背景健康檢查與狀態同步...
2026-08-24 15:56:33,526 [ULTIMATE-FUSION] [INFO] 🌌 ✨ [守護完成] 系統狀態: [operational] | 記憶體安全: [passed]
2026-08-24 15:56:43,644 [ULTIMATE-FUSION] [INFO] 🌌 【全融合心跳】世代 [447] 開始運作...
2026-08-24 15:57:03,855 [ULTIMATE-FUSION] [INFO] 🌌 🛡️ [生產級守護] 正在執行背景健康檢查與狀態同步...
2026-08-24 15:57:03,856 [ULTIMATE-FUSION] [INFO] 🌌 ✨ [守護完成] 系統狀態: [operational] | 記憶體安全: [passed]
2026-08-24 15:57:13,956 [ULTIMATE-FUSION] [INFO] 🌌 【全融合心跳】世代 [448] 開始運作...
2026-08-24 15:57:32,146 [ULTIMATE-FUSION] [INFO] 🌌 🛡️ [生產級守護] 正在執行背景健康檢查與狀態同步...
2026-08-24 15:57:32,147 [ULTIMATE-FUSION] [INFO] 🌌 ✨ [守護完成] 系統狀態: [operational] | 記憶體安全: [passed]
2026-08-24 15:57:42,268 [ULTIMATE-FUSION] [INFO] 🌌 【全融合心跳】世代 [449] 開始運作...
2026-08-24 15:58:03,116 [ULTIMATE-FUSION] [INFO] 🌌 🛡️ [生產級守護] 正在執行背景健康檢查與狀態同步...
2026-08-24 15:58:03,117 [ULTIMATE-FUSION] [INFO] 🌌 ✨ [守護完成] 系統狀態: [operational] | 記憶體安全: [passed]
2026-08-24 15:58:13,227 [ULTIMATE-FUSION] [INFO] 🌌 【全融合心跳】世代 [450] 開始運作...
2026-08-24 15:58:32,523 [ULTIMATE-FUSION] [INFO] 🌌 🛡️ [生產級守護] 正在執行背景健康檢查與狀態同步...
2026-08-24 15:58:32,524 [ULTIMATE-FUSION] [INFO] 🌌 ✨ [守護完成] 系統狀態: [operational] | 記憶體安全: [passed]
2026-08-24 15:58:42,615 [ULTIMATE-FUSION] [INFO] 🌌 【全融合心跳】世代 [451] 開始運作...
2026-08-24 15:58:57,491 [ULTIMATE-FUSION] [INFO] 🌌 🛡️ [生產級守護] 正在執行背景健康檢查與狀態同步...
2026-08-24 15:58:57,492 [ULTIMATE-FUSION] [INFO] 🌌 ✨ [守護完成] 系統狀態: [operational] | 記憶體安全: [passed]
2026-08-24 15:59:07,578 [ULTIMATE-FUSION] [INFO] 🌌 【全融合心跳】世代 [452] 開始運作...
2026-08-24 15:59:24,563 [ULTIMATE-FUSION] [INFO] 🌌 🛡️ [生產級守護] 正在執行背景健康檢查與狀態同步...
2026-08-24 15:59:24,564 [ULTIMATE-FUSION] [INFO] 🌌 ✨ [守護完成] 系統狀態: [operational] | 記憶體安全: [passed]
2026-08-24 15:59:34,639 [ULTIMATE-FUSION] [INFO] 🌌 【全融合心跳】世代 [453] 開始運作...
2026-08-24 15:59:52,476 [ULTIMATE-FUSION] [INFO] 🌌 🛡️ [生產級守護] 正在執行背景健康檢查與狀態同步...
2026-08-24 15:59:52,478 [ULTIMATE-FUSION] [INFO] 🌌 ✨ [守護完成] 系統狀態: [operational] | 記憶體安全: [passed]
2026-08-24 16:00:02,579 [ULTIMATE-FUSION] [INFO] 🌌 【全融合心跳】世代 [454] 開始運作...
2026-08-24 16:00:26,550 [ULTIMATE-FUSION] [INFO] 🌌 🛡️ [生產級守護] 正在執行背景健康檢查與狀態同步...
2026-08-24 16:00:26,551 [ULTIMATE-FUSION] [INFO] 🌌 ✨ [守護完成] 系統狀態: [operational] | 記憶體安全: [passed]
2026-08-24 16:00:36,612 [ULTIMATE-FUSION] [INFO] 🌌 【全融合心跳】世代 [455] 開始運作...
2026-08-24 16:00:52,118 [ULTIMATE-FUSION] [INFO] 🌌 🛡️ [生產級守護] 正在執行背景健康檢查與狀態同步...
2026-08-24 16:00:52,120 [ULTIMATE-FUSION] [INFO] 🌌 ✨ [守護完成] 系統狀態: [operational] | 記憶體安全: [passed]
2026-08-24 16:01:02,193 [ULTIMATE-FUSION] [INFO] 🌌 【全融合心跳】世代 [456] 開始運作...
2026-08-24 16:01:22,318 [ULTIMATE-FUSION] [INFO] 🌌 🛡️ [生產級守護] 正在執行背景健康檢查與狀態同步...
2026-08-24 16:01:22,319 [ULTIMATE-FUSION] [INFO] 🌌 ✨ [守護完成] 系統狀態: [operational] | 記憶體安全: [passed]
2026-08-24 16:01:32,416 [ULTIMATE-FUSION] [INFO] 🌌 【全融合心跳】世代 [457] 開始運作...
2026-08-24 16:01:52,607 [ULTIMATE-FUSION] [INFO] 🌌 🛡️ [生產級守護] 正在執行背景健康檢查與狀態同步...
2026-08-24 16:01:52,609 [ULTIMATE-FUSION] [INFO] 🌌 ✨ [守護完成] 系統狀態: [operational] | 記憶體安全: [passed]
2026-08-24 16:02:02,724 [ULTIMATE-FUSION] [INFO] 🌌 【全融合心跳】世代 [458] 開始運作...
2026-08-24 16:02:22,398 [ULTIMATE-FUSION] [INFO] 🌌 🛡️ [生產級守護] 正在執行背景健康檢查與狀態同步...
2026-08-24 16:02:22,400 [ULTIMATE-FUSION] [INFO] 🌌 ✨ [守護完成] 系統狀態: [operational] | 記憶體安全: [passed]
2026-08-24 16:02:32,518 [ULTIMATE-FUSION] [INFO] 🌌 【全融合心跳】世代 [459] 開始運作...
2026-08-24 16:02:51,008 [ULTIMATE-FUSION] [INFO] 🌌 🛡️ [生產級守護] 正在執行背景健康檢查與狀態同步...
2026-08-24 16:02:51,009 [ULTIMATE-FUSION] [INFO] 🌌 ✨ [守護完成] 系統狀態: [operational] | 記憶體安全: [passed]
2026-08-24 16:03:01,102 [ULTIMATE-FUSION] [INFO] 🌌 【全融合心跳】世代 [460] 開始運作...
2026-08-24 16:03:20,058 [ULTIMATE-FUSION] [INFO] 🌌 🛡️ [生產級守護] 正在執行背景健康檢查與狀態同步...
2026-08-24 16:03:20,059 [ULTIMATE-FUSION] [INFO] 🌌 ✨ [守護完成] 系統狀態: [operational] | 記憶體安全: [passed]
2026-08-24 16:03:30,139 [ULTIMATE-FUSION] [INFO] 🌌 【全融合心跳】世代 [461] 開始運作...
2026-08-24 16:03:47,116 [ULTIMATE-FUSION] [INFO] 🌌 🛡️ [生產級守護] 正在執行背景健康檢查與狀態同步...
2026-08-24 16:03:47,118 [ULTIMATE-FUSION] [INFO] 🌌 ✨ [守護完成] 系統狀態: [operational] | 記憶體安全: [passed]
2026-08-24 16:03:57,242 [ULTIMATE-FUSION] [INFO] 🌌 【全融合心跳】世代 [462] 開始運作...
2026-08-24 16:04:13,399 [ULTIMATE-FUSION] [INFO] 🌌 🛡️ [生產級守護] 正在執行背景健康檢查與狀態同步...
2026-08-24 16:04:13,401 [ULTIMATE-FUSION] [INFO] 🌌 ✨ [守護完成] 系統狀態: [operational] | 記憶體安全: [passed]
2026-08-24 16:04:23,520 [ULTIMATE-FUSION] [INFO] 🌌 【全融合心跳】世代 [463] 開始運作...
2026-08-24 16:04:43,308 [ULTIMATE-FUSION] [INFO] 🌌 🛡️ [生產級守護] 正在執行背景健康檢查與狀態同步...
2026-08-24 16:04:43,310 [ULTIMATE-FUSION] [INFO] 🌌 ✨ [守護完成] 系統狀態: [operational] | 記憶體安全: [passed]
2026-08-24 16:04:53,445 [ULTIMATE-FUSION] [INFO] 🌌 【全融合心跳】世代 [464] 開始運作...
2026-08-24 16:05:16,368 [ULTIMATE-FUSION] [INFO] 🌌 🛡️ [生產級守護] 正在執行背景健康檢查與狀態同步...
2026-08-24 16:05:16,369 [ULTIMATE-FUSION] [INFO] 🌌 ✨ [守護完成] 系統狀態: [operational] | 記憶體安全: [passed]
2026-08-24 16:05:26,463 [ULTIMATE-FUSION] [INFO] 🌌 【全融合心跳】世代 [465] 開始運作...
2026-08-24 16:05:48,907 [ULTIMATE-FUSION] [INFO] 🌌 🛡️ [生產級守護] 正在執行背景健康檢查與狀態同步...
2026-08-24 16:05:48,919 [ULTIMATE-FUSION] [INFO] 🌌 ✨ [守護完成] 系統狀態: [operational] | 記憶體安全: [passed]
2026-08-24 16:05:59,000 [ULTIMATE-FUSION] [INFO] 🌌 【全融合心跳】世代 [466] 開始運作...
2026-08-24 16:06:18,455 [ULTIMATE-FUSION] [INFO] 🌌 🛡️ [生產級守護] 正在執行背景健康檢查與狀態同步...
2026-08-24 16:06:18,456 [ULTIMATE-FUSION] [INFO] 🌌 ✨ [守護完成] 系統狀態: [operational] | 記憶體安全: [passed]
2026-08-24 16:06:28,575 [ULTIMATE-FUSION] [INFO] 🌌 【全融合心跳】世代 [467] 開始運作...
2026-08-24 16:06:46,284 [ULTIMATE-FUSION] [INFO] 🌌 🛡️ [生產級守護] 正在執行背景健康檢查與狀態同步...
2026-08-24 16:06:46,286 [ULTIMATE-FUSION] [INFO] 🌌 ✨ [守護完成] 系統狀態: [operational] | 記憶體安全: [passed]
2026-08-24 16:06:56,398 [ULTIMATE-FUSION] [INFO] 🌌 【全融合心跳】世代 [468] 開始運作...
2026-08-24 16:07:14,166 [ULTIMATE-FUSION] [INFO] 🌌 🛡️ [生產級守護] 正在執行背景健康檢查與狀態同步...
2026-08-24 16:07:14,167 [ULTIMATE-FUSION] [INFO] 🌌 ✨ [守護完成] 系統狀態: [operational] | 記憶體安全: [passed]
2026-08-24 16:07:24,238 [ULTIMATE-FUSION] [INFO] 🌌 【全融合心跳】世代 [469] 開始運作...
2026-08-24 16:07:43,075 [ULTIMATE-FUSION] [INFO] 🌌 🛡️ [生產級守護] 正在執行背景健康檢查與狀態同步...
2026-08-24 16:07:43,076 [ULTIMATE-FUSION] [INFO] 🌌 ✨ [守護完成] 系統狀態: [operational] | 記憶體安全: [passed]
2026-08-24 16:07:53,164 [ULTIMATE-FUSION] [INFO] 🌌 【全融合心跳】世代 [470] 開始運作...
2026-08-24 16:08:15,281 [ULTIMATE-FUSION] [INFO] 🌌 🛡️ [生產級守護] 正在執行背景健康檢查與狀態同步...
2026-08-24 16:08:15,283 [ULTIMATE-FUSION] [INFO] 🌌 ✨ [守護完成] 系統狀態: [operational] | 記憶體安全: [passed]
2026-08-24 16:08:25,395 [ULTIMATE-FUSION] [INFO] 🌌 【全融合心跳】世代 [471] 開始運作...
2026-08-24 16:08:51,547 [ULTIMATE-FUSION] [INFO] 🌌 🛡️ [生產級守護] 正在執行背景健康檢查與狀態同步...
2026-08-24 16:08:51,549 [ULTIMATE-FUSION] [INFO] 🌌 ✨ [守護完成] 系統狀態: [operational] | 記憶體安全: [passed]
2026-08-24 16:09:01,655 [ULTIMATE-FUSION] [INFO] 🌌 【全融合心跳】世代 [472] 開始運作...
2026-08-24 16:09:22,682 [ULTIMATE-FUSION] [INFO] 🌌 🛡️ [生產級守護] 正在執行背景健康檢查與狀態同步...
2026-08-24 16:09:22,684 [ULTIMATE-FUSION] [INFO] 🌌 ✨ [守護完成] 系統狀態: [operational] | 記憶體安全: [passed]
2026-08-24 16:09:32,796 [ULTIMATE-FUSION] [INFO] 🌌 【全融合心跳】世代 [473] 開始運作...
2026-08-24 16:09:52,394 [ULTIMATE-FUSION] [INFO] 🌌 🛡️ [生產級守護] 正在執行背景健康檢查與狀態同步...
2026-08-24 16:09:52,395 [ULTIMATE-FUSION] [INFO] 🌌 ✨ [守護完成] 系統狀態: [operational] | 記憶體安全: [passed]
2026-08-24 16:10:02,481 [ULTIMATE-FUSION] [INFO] 🌌 【全融合心跳】世代 [474] 開始運作...
2026-08-24 16:10:22,206 [ULTIMATE-FUSION] [INFO] 🌌 🛡️ [生產級守護] 正在執行背景健康檢查與狀態同步...
2026-08-24 16:10:22,207 [ULTIMATE-FUSION] [INFO] 🌌 ✨ [守護完成] 系統狀態: [operational] | 記憶體安全: [passed]
2026-08-24 16:10:32,299 [ULTIMATE-FUSION] [INFO] 🌌 【全融合心跳】世代 [475] 開始運作...
2026-08-24 16:10:51,686 [ULTIMATE-FUSION] [INFO] 🌌 🛡️ [生產級守護] 正在執行背景健康檢查與狀態同步...
2026-08-24 16:10:51,687 [ULTIMATE-FUSION] [INFO] 🌌 ✨ [守護完成] 系統狀態: [operational] | 記憶體安全: [passed]
2026-08-24 16:11:01,778 [ULTIMATE-FUSION] [INFO] 🌌 【全融合心跳】世代 [476] 開始運作...
2026-08-24 16:11:21,852 [ULTIMATE-FUSION] [INFO] 🌌 🛡️ [生產級守護] 正在執行背景健康檢查與狀態同步...
2026-08-24 16:11:21,854 [ULTIMATE-FUSION] [INFO] 🌌 ✨ [守護完成] 系統狀態: [operational] | 記憶體安全: [passed]
2026-08-24 16:11:31,971 [ULTIMATE-FUSION] [INFO] 🌌 【全融合心跳】世代 [477] 開始運作...
2026-08-24 16:11:48,877 [ULTIMATE-FUSION] [INFO] 🌌 🛡️ [生產級守護] 正在執行背景健康檢查與狀態同步...
2026-08-24 16:11:48,878 [ULTIMATE-FUSION] [INFO] 🌌 ✨ [守護完成] 系統狀態: [operational] | 記憶體安全: [passed]
2026-08-24 16:11:58,975 [ULTIMATE-FUSION] [INFO] 🌌 【全融合心跳】世代 [478] 開始運作...
2026-08-24 16:12:21,868 [ULTIMATE-FUSION] [INFO] 🌌 🛡️ [生產級守護] 正在執行背景健康檢查與狀態同步...
2026-08-24 16:12:21,870 [ULTIMATE-FUSION] [INFO] 🌌 ✨ [守護完成] 系統狀態: [operational] | 記憶體安全: [passed]
2026-08-24 16:12:31,981 [ULTIMATE-FUSION] [INFO] 🌌 【全融合心跳】世代 [479] 開始運作...
2026-08-24 16:12:50,322 [ULTIMATE-FUSION] [INFO] 🌌 🛡️ [生產級守護] 正在執行背景健康檢查與狀態同步...
2026-08-24 16:12:50,324 [ULTIMATE-FUSION] [INFO] 🌌 ✨ [守護完成] 系統狀態: [operational] | 記憶體安全: [passed]
2026-08-24 16:13:00,439 [ULTIMATE-FUSION] [INFO] 🌌 【全融合心跳】世代 [480] 開始運作...
2026-08-24 16:13:19,528 [ULTIMATE-FUSION] [INFO] 🌌 🛡️ [生產級守護] 正在執行背景健康檢查與狀態同步...
2026-08-24 16:13:19,529 [ULTIMATE-FUSION] [INFO] 🌌 ✨ [守護完成] 系統狀態: [operational] | 記憶體安全: [passed]
2026-08-24 16:13:29,617 [ULTIMATE-FUSION] [INFO] 🌌 【全融合心跳】世代 [481] 開始運作...
2026-08-24 16:13:49,618 [ULTIMATE-FUSION] [INFO] 🌌 🛡️ [生產級守護] 正在執行背景健康檢查與狀態同步...
2026-08-24 16:13:49,619 [ULTIMATE-FUSION] [INFO] 🌌 ✨ [守護完成] 系統狀態: [operational] | 記憶體安全: [passed]
2026-08-24 16:13:59,734 [ULTIMATE-FUSION] [INFO] 🌌 【全融合心跳】世代 [482] 開始運作...
2026-08-24 16:14:21,362 [ULTIMATE-FUSION] [INFO] 🌌 🛡️ [生產級守護] 正在執行背景健康檢查與狀態同步...
2026-08-24 16:14:21,364 [ULTIMATE-FUSION] [INFO] 🌌 ✨ [守護完成] 系統狀態: [operational] | 記憶體安全: [passed]
2026-08-24 16:14:31,476 [ULTIMATE-FUSION] [INFO] 🌌 【全融合心跳】世代 [483] 開始運作...
2026-08-24 16:14:52,103 [ULTIMATE-FUSION] [INFO] 🌌 🛡️ [生產級守護] 正在執行背景健康檢查與狀態同步...
2026-08-24 16:14:52,104 [ULTIMATE-FUSION] [INFO] 🌌 ✨ [守護完成] 系統狀態: [operational] | 記憶體安全: [passed]
2026-08-24 16:15:02,270 [ULTIMATE-FUSION] [INFO] 🌌 【全融合心跳】世代 [484] 開始運作...
2026-08-24 16:15:27,511 [ULTIMATE-FUSION] [INFO] 🌌 🛡️ [生產級守護] 正在執行背景健康檢查與狀態同步...
2026-08-24 16:15:27,515 [ULTIMATE-FUSION] [INFO] 🌌 ✨ [守護完成] 系統狀態: [operational] | 記憶體安全: [passed]
2026-08-24 16:15:37,637 [ULTIMATE-FUSION] [INFO] 🌌 【全融合心跳】世代 [485] 開始運作...
2026-08-24 16:15:56,571 [ULTIMATE-FUSION] [INFO] 🌌 🛡️ [生產級守護] 正在執行背景健康檢查與狀態同步...
2026-08-24 16:15:56,572 [ULTIMATE-FUSION] [INFO] 🌌 ✨ [守護完成] 系統狀態: [operational] | 記憶體安全: [passed]
2026-08-24 16:16:06,663 [ULTIMATE-FUSION] [INFO] 🌌 【全融合心跳】世代 [486] 開始運作...
2026-08-24 16:16:25,004 [ULTIMATE-FUSION] [INFO] 🌌 🛡️ [生產級守護] 正在執行背景健康檢查與狀態同步...
2026-08-24 16:16:25,006 [ULTIMATE-FUSION] [INFO] 🌌 ✨ [守護完成] 系統狀態: [operational] | 記憶體安全: [passed]
2026-08-24 16:16:35,118 [ULTIMATE-FUSION] [INFO] 🌌 【全融合心跳】世代 [487] 開始運作...
2026-08-24 16:16:53,538 [ULTIMATE-FUSION] [INFO] 🌌 🛡️ [生產級守護] 正在執行背景健康檢查與狀態同步...
2026-08-24 16:16:53,539 [ULTIMATE-FUSION] [INFO] 🌌 ✨ [守護完成] 系統狀態: [operational] | 記憶體安全: [passed]
2026-08-24 16:17:03,655 [ULTIMATE-FUSION] [INFO] 🌌 【全融合心跳】世代 [488] 開始運作...
2026-08-24 16:17:19,475 [ULTIMATE-FUSION] [INFO] 🌌 🛡️ [生產級守護] 正在執行背景健康檢查與狀態同步...
2026-08-24 16:17:19,477 [ULTIMATE-FUSION] [INFO] 🌌 ✨ [守護完成] 系統狀態: [operational] | 記憶體安全: [passed]
2026-08-24 16:17:29,579 [ULTIMATE-FUSION] [INFO] 🌌 【全融合心跳】世代 [489] 開始運作...
2026-08-24 16:17:49,514 [ULTIMATE-FUSION] [INFO] 🌌 🛡️ [生產級守護] 正在執行背景健康檢查與狀態同步...
2026-08-24 16:17:49,516 [ULTIMATE-FUSION] [INFO] 🌌 ✨ [守護完成] 系統狀態: [operational] | 記憶體安全: [passed]
2026-08-24 16:17:59,636 [ULTIMATE-FUSION] [INFO] 🌌 【全融合心跳】世代 [490] 開始運作...
2026-08-24 16:18:16,164 [ULTIMATE-FUSION] [INFO] 🌌 🛡️ [生產級守護] 正在執行背景健康檢查與狀態同步...
2026-08-24 16:18:16,166 [ULTIMATE-FUSION] [INFO] 🌌 ✨ [守護完成] 系統狀態: [operational] | 記憶體安全: [passed]
2026-08-24 16:18:26,279 [ULTIMATE-FUSION] [INFO] 🌌 【全融合心跳】世代 [491] 開始運作...
2026-08-24 16:18:48,467 [ULTIMATE-FUSION] [INFO] 🌌 🛡️ [生產級守護] 正在執行背景健康檢查與狀態同步...
2026-08-24 16:18:48,468 [ULTIMATE-FUSION] [INFO] 🌌 ✨ [守護完成] 系統狀態: [operational] | 記憶體安全: [passed]
2026-08-24 16:18:58,548 [ULTIMATE-FUSION] [INFO] 🌌 【全融合心跳】世代 [492] 開始運作...
2026-08-24 16:19:17,926 [ULTIMATE-FUSION] [INFO] 🌌 🛡️ [生產級守護] 正在執行背景健康檢查與狀態同步...
2026-08-24 16:19:17,927 [ULTIMATE-FUSION] [INFO] 🌌 ✨ [守護完成] 系統狀態: [operational] | 記憶體安全: [passed]
2026-08-24 16:19:28,026 [ULTIMATE-FUSION] [INFO] 🌌 【全融合心跳】世代 [493] 開始運作...
2026-08-24 16:19:45,656 [ULTIMATE-FUSION] [INFO] 🌌 🛡️ [生產級守護] 正在執行背景健康檢查與狀態同步...
2026-08-24 16:19:45,657 [ULTIMATE-FUSION] [INFO] 🌌 ✨ [守護完成] 系統狀態: [operational] | 記憶體安全: [passed]
2026-08-24 16:19:55,723 [ULTIMATE-FUSION] [INFO] 🌌 【全融合心跳】世代 [494] 開始運作...
2026-08-24 16:20:17,986 [ULTIMATE-FUSION] [INFO] 🌌 🛡️ [生產級守護] 正在執行背景健康檢查與狀態同步...
2026-08-24 16:20:17,987 [ULTIMATE-FUSION] [INFO] 🌌 ✨ [守護完成] 系統狀態: [operational] | 記憶體安全: [passed]
2026-08-24 16:20:28,082 [ULTIMATE-FUSION] [INFO] 🌌 【全融合心跳】世代 [495] 開始運作...
2026-08-24 16:20:45,210 [ULTIMATE-FUSION] [INFO] 🌌 🛡️ [生產級守護] 正在執行背景健康檢查與狀態同步...
2026-08-24 16:20:45,212 [ULTIMATE-FUSION] [INFO] 🌌 ✨ [守護完成] 系統狀態: [operational] | 記憶體安全: [passed]
2026-08-24 16:20:55,297 [ULTIMATE-FUSION] [INFO] 🌌 【全融合心跳】世代 [496] 開始運作...
2026-08-24 16:21:09,221 [ULTIMATE-FUSION] [INFO] 🌌 🛡️ [生產級守護] 正在執行背景健康檢查與狀態同步...
2026-08-24 16:21:09,223 [ULTIMATE-FUSION] [INFO] 🌌 ✨ [守護完成] 系統狀態: [operational] | 記憶體安全: [passed]
2026-08-24 16:21:19,314 [ULTIMATE-FUSION] [INFO] 🌌 【全融合心跳】世代 [497] 開始運作...
2026-08-24 16:21:38,825 [ULTIMATE-FUSION] [INFO] 🌌 🛡️ [生產級守護] 正在執行背景健康檢查與狀態同步...
2026-08-24 16:21:38,829 [ULTIMATE-FUSION] [INFO] 🌌 ✨ [守護完成] 系統狀態: [operational] | 記憶體安全: [passed]
2026-08-24 16:21:48,959 [ULTIMATE-FUSION] [INFO] 🌌 【全融合心跳】世代 [498] 開始運作...
2026-08-24 16:22:09,017 [ULTIMATE-FUSION] [INFO] 🌌 🛡️ [生產級守護] 正在執行背景健康檢查與狀態同步...
2026-08-24 16:22:09,018 [ULTIMATE-FUSION] [INFO] 🌌 ✨ [守護完成] 系統狀態: [operational] | 記憶體安全: [passed]
2026-08-24 16:22:19,117 [ULTIMATE-FUSION] [INFO] 🌌 【全融合心跳】世代 [499] 開始運作...
2026-08-24 16:22:37,055 [ULTIMATE-FUSION] [INFO] 🌌 🛡️ [生產級守護] 正在執行背景健康檢查與狀態同步...
2026-08-24 16:22:37,055 [ULTIMATE-FUSION] [INFO] 🌌 ✨ [守護完成] 系統狀態: [operational] | 記憶體安全: [passed]
2026-08-24 16:22:47,139 [ULTIMATE-FUSION] [INFO] 🌌 【全融合心跳】世代 [500] 開始運作...
2026-08-24 16:23:06,977 [ULTIMATE-FUSION] [INFO] 🌌 🛡️ [生產級守護] 正在執行背景健康檢查與狀態同步...
2026-08-24 16:23:06,979 [ULTIMATE-FUSION] [INFO] 🌌 ✨ [守護完成] 系統狀態: [operational] | 記憶體安全: [passed]
2026-08-24 16:23:17,099 [ULTIMATE-FUSION] [INFO] 🌌 【全融合心跳】世代 [501] 開始運作...
2026-08-24 16:23:36,165 [ULTIMATE-FUSION] [INFO] 🌌 🛡️ [生產級守護] 正在執行背景健康檢查與狀態同步...
2026-08-24 16:23:36,167 [ULTIMATE-FUSION] [INFO] 🌌 ✨ [守護完成] 系統狀態: [operational] | 記憶體安全: [passed]
2026-08-24 16:23:46,277 [ULTIMATE-FUSION] [INFO] 🌌 【全融合心跳】世代 [502] 開始運作...
2026-08-24 16:24:04,967 [ULTIMATE-FUSION] [INFO] 🌌 🛡️ [生產級守護] 正在執行背景健康檢查與狀態同步...
2026-08-24 16:24:04,969 [ULTIMATE-FUSION] [INFO] 🌌 ✨ [守護完成] 系統狀態: [operational] | 記憶體安全: [passed]
2026-08-24 16:24:15,078 [ULTIMATE-FUSION] [INFO] 🌌 【全融合心跳】世代 [503] 開始運作...
2026-08-24 16:24:33,903 [ULTIMATE-FUSION] [INFO] 🌌 🛡️ [生產級守護] 正在執行背景健康檢查與狀態同步...
2026-08-24 16:24:33,904 [ULTIMATE-FUSION] [INFO] 🌌 ✨ [守護完成] 系統狀態: [operational] | 記憶體安全: [passed]
2026-08-24 16:24:44,020 [ULTIMATE-FUSION] [INFO] 🌌 【全融合心跳】世代 [504] 開始運作...
2026-08-24 16:25:00,904 [ULTIMATE-FUSION] [INFO] 🌌 🛡️ [生產級守護] 正在執行背景健康檢查與狀態同步...
2026-08-24 16:25:00,904 [ULTIMATE-FUSION] [INFO] 🌌 ✨ [守護完成] 系統狀態: [operational] | 記憶體安全: [passed]
2026-08-24 16:25:11,057 [ULTIMATE-FUSION] [INFO] 🌌 【全融合心跳】世代 [505] 開始運作...
2026-08-24 16:25:34,177 [ULTIMATE-FUSION] [INFO] 🌌 🛡️ [生產級守護] 正在執行背景健康檢查與狀態同步...
2026-08-24 16:25:34,180 [ULTIMATE-FUSION] [INFO] 🌌 ✨ [守護完成] 系統狀態: [operational] | 記憶體安全: [passed]
2026-08-24 16:25:44,301 [ULTIMATE-FUSION] [INFO] 🌌 【全融合心跳】世代 [506] 開始運作...
2026-08-24 16:26:00,342 [ULTIMATE-FUSION] [INFO] 🌌 🛡️ [生產級守護] 正在執行背景健康檢查與狀態同步...
2026-08-24 16:26:00,345 [ULTIMATE-FUSION] [INFO] 🌌 ✨ [守護完成] 系統狀態: [operational] | 記憶體安全: [passed]
2026-08-24 16:26:10,544 [ULTIMATE-FUSION] [INFO] 🌌 【全融合心跳】世代 [507] 開始運作...
2026-08-24 16:26:39,549 [ULTIMATE-FUSION] [INFO] 🌌 🛡️ [生產級守護] 正在執行背景健康檢查與狀態同步...
2026-08-24 16:26:39,551 [ULTIMATE-FUSION] [INFO] 🌌 ✨ [守護完成] 系統狀態: [operational] | 記憶體安全: [passed]
2026-08-24 16:26:49,655 [ULTIMATE-FUSION] [INFO] 🌌 【全融合心跳】世代 [508] 開始運作...
2026-08-24 16:27:06,612 [ULTIMATE-FUSION] [INFO] 🌌 🛡️ [生產級守護] 正在執行背景健康檢查與狀態同步...
2026-08-24 16:27:06,615 [ULTIMATE-FUSION] [INFO] 🌌 ✨ [守護完成] 系統狀態: [operational] | 記憶體安全: [passed]
2026-08-24 16:27:16,734 [ULTIMATE-FUSION] [INFO] 🌌 【全融合心跳】世代 [509] 開始運作...
2026-08-24 16:27:38,761 [ULTIMATE-FUSION] [INFO] 🌌 🛡️ [生產級守護] 正在執行背景健康檢查與狀態同步...
2026-08-24 16:27:38,763 [ULTIMATE-FUSION] [INFO] 🌌 ✨ [守護完成] 系統狀態: [operational] | 記憶體安全: [passed]
2026-08-24 16:27:48,877 [ULTIMATE-FUSION] [INFO] 🌌 【全融合心跳】世代 [510] 開始運作...
2026-08-24 16:28:04,450 [ULTIMATE-FUSION] [INFO] 🌌 🛡️ [生產級守護] 正在執行背景健康檢查與狀態同步...
2026-08-24 16:28:04,451 [ULTIMATE-FUSION] [INFO] 🌌 ✨ [守護完成] 系統狀態: [operational] | 記憶體安全: [passed]
2026-08-24 16:28:14,539 [ULTIMATE-FUSION] [INFO] 🌌 【全融合心跳】世代 [511] 開始運作...
2026-08-24 16:28:35,402 [ULTIMATE-FUSION] [INFO] 🌌 🛡️ [生產級守護] 正在執行背景健康檢查與狀態同步...
2026-08-24 16:28:35,404 [ULTIMATE-FUSION] [INFO] 🌌 ✨ [守護完成] 系統狀態: [operational] | 記憶體安全: [passed]
2026-08-24 16:28:45,538 [ULTIMATE-FUSION] [INFO] 🌌 【全融合心跳】世代 [512] 開始運作...
2026-08-24 16:29:02,203 [ULTIMATE-FUSION] [INFO] 🌌 🛡️ [生產級守護] 正在執行背景健康檢查與狀態同步...
2026-08-24 16:29:02,205 [ULTIMATE-FUSION] [INFO] 🌌 ✨ [守護完成] 系統狀態: [operational] | 記憶體安全: [passed]
2026-08-24 16:29:12,294 [ULTIMATE-FUSION] [INFO] 🌌 【全融合心跳】世代 [513] 開始運作...
2026-08-24 16:29:30,708 [ULTIMATE-FUSION] [INFO] 🌌 🛡️ [生產級守護] 正在執行背景健康檢查與狀態同步...
2026-08-24 16:29:30,711 [ULTIMATE-FUSION] [INFO] 🌌 ✨ [守護完成] 系統狀態: [operational] | 記憶體安全: [passed]
2026-08-24 16:29:40,841 [ULTIMATE-FUSION] [INFO] 🌌 【全融合心跳】世代 [514] 開始運作...
2026-08-24 16:29:57,590 [ULTIMATE-FUSION] [INFO] 🌌 🛡️ [生產級守護] 正在執行背景健康檢查與狀態同步...
2026-08-24 16:29:57,592 [ULTIMATE-FUSION] [INFO] 🌌 ✨ [守護完成] 系統狀態: [operational] | 記憶體安全: [passed]
2026-08-24 16:30:07,701 [ULTIMATE-FUSION] [INFO] 🌌 【全融合心跳】世代 [515] 開始運作...
2026-08-24 16:30:33,075 [ULTIMATE-FUSION] [INFO] 🌌 🛡️ [生產級守護] 正在執行背景健康檢查與狀態同步...
2026-08-24 16:30:33,076 [ULTIMATE-FUSION] [INFO] 🌌 ✨ [守護完成] 系統狀態: [operational] | 記憶體安全: [passed]
2026-08-24 16:30:43,158 [ULTIMATE-FUSION] [INFO] 🌌 【全融合心跳】世代 [516] 開始運作...
2026-08-24 16:31:03,963 [ULTIMATE-FUSION] [INFO] 🌌 🛡️ [生產級守護] 正在執行背景健康檢查與狀態同步...
2026-08-24 16:31:03,965 [ULTIMATE-FUSION] [INFO] 🌌 ✨ [守護完成] 系統狀態: [operational] | 記憶體安全: [passed]
2026-08-24 16:31:14,075 [ULTIMATE-FUSION] [INFO] 🌌 【全融合心跳】世代 [517] 開始運作...
2026-08-24 16:31:32,353 [ULTIMATE-FUSION] [INFO] 🌌 🛡️ [生產級守護] 正在執行背景健康檢查與狀態同步...
2026-08-24 16:31:32,354 [ULTIMATE-FUSION] [INFO] 🌌 ✨ [守護完成] 系統狀態: [operational] | 記憶體安全: [passed]
2026-08-24 16:31:42,459 [ULTIMATE-FUSION] [INFO] 🌌 【全融合心跳】世代 [518] 開始運作...
2026-08-24 16:32:01,106 [ULTIMATE-FUSION] [INFO] 🌌 🛡️ [生產級守護] 正在執行背景健康檢查與狀態同步...
2026-08-24 16:32:01,108 [ULTIMATE-FUSION] [INFO] 🌌 ✨ [守護完成] 系統狀態: [operational] | 記憶體安全: [passed]
2026-08-24 16:32:11,221 [ULTIMATE-FUSION] [INFO] 🌌 【全融合心跳】世代 [519] 開始運作...
2026-08-24 16:32:29,994 [ULTIMATE-FUSION] [INFO] 🌌 🛡️ [生產級守護] 正在執行背景健康檢查與狀態同步...
2026-08-24 16:32:29,995 [ULTIMATE-FUSION] [INFO] 🌌 ✨ [守護完成] 系統狀態: [operational] | 記憶體安全: [passed]
2026-08-24 16:32:40,115 [ULTIMATE-FUSION] [INFO] 🌌 【全融合心跳】世代 [520] 開始運作...
2026-08-24 16:33:06,269 [ULTIMATE-FUSION] [INFO] 🌌 🛡️ [生產級守護] 正在執行背景健康檢查與狀態同步...
2026-08-24 16:33:06,270 [ULTIMATE-FUSION] [INFO] 🌌 ✨ [守護完成] 系統狀態: [operational] | 記憶體安全: [passed]
2026-08-24 16:33:16,382 [ULTIMATE-FUSION] [INFO] 🌌 【全融合心跳】世代 [521] 開始運作...
2026-08-24 16:33:34,514 [ULTIMATE-FUSION] [INFO] 🌌 🛡️ [生產級守護] 正在執行背景健康檢查與狀態同步...
2026-08-24 16:33:34,515 [ULTIMATE-FUSION] [INFO] 🌌 ✨ [守護完成] 系統狀態: [operational] | 記憶體安全: [passed]
2026-08-24 16:33:44,613 [ULTIMATE-FUSION] [INFO] 🌌 【全融合心跳】世代 [522] 開始運作...
2026-08-24 16:34:03,062 [ULTIMATE-FUSION] [INFO] 🌌 🛡️ [生產級守護] 正在執行背景健康檢查與狀態同步...
2026-08-24 16:34:03,064 [ULTIMATE-FUSION] [INFO] 🌌 ✨ [守護完成] 系統狀態: [operational] | 記憶體安全: [passed]
2026-08-24 16:34:13,193 [ULTIMATE-FUSION] [INFO] 🌌 【全融合心跳】世代 [523] 開始運作...
2026-08-24 16:34:29,340 [ULTIMATE-FUSION] [INFO] 🌌 🛡️ [生產級守護] 正在執行背景健康檢查與狀態同步...
2026-08-24 16:34:29,342 [ULTIMATE-FUSION] [INFO] 🌌 ✨ [守護完成] 系統狀態: [operational] | 記憶體安全: [passed]
2026-08-24 16:34:39,434 [ULTIMATE-FUSION] [INFO] 🌌 【全融合心跳】世代 [524] 開始運作...
2026-08-24 16:34:59,944 [ULTIMATE-FUSION] [INFO] 🌌 🛡️ [生產級守護] 正在執行背景健康檢查與狀態同步...
2026-08-24 16:34:59,945 [ULTIMATE-FUSION] [INFO] 🌌 ✨ [守護完成] 系統狀態: [operational] | 記憶體安全: [passed]
2026-08-24 16:35:10,089 [ULTIMATE-FUSION] [INFO] 🌌 【全融合心跳】世代 [525] 開始運作...
2026-08-24 16:35:28,903 [ULTIMATE-FUSION] [INFO] 🌌 🛡️ [生產級守護] 正在執行背景健康檢查與狀態同步...
2026-08-24 16:35:28,904 [ULTIMATE-FUSION] [INFO] 🌌 ✨ [守護完成] 系統狀態: [operational] | 記憶體安全: [passed]
2026-08-24 16:35:38,994 [ULTIMATE-FUSION] [INFO] 🌌 【全融合心跳】世代 [526] 開始運作...
2026-08-24 16:36:00,710 [ULTIMATE-FUSION] [INFO] 🌌 🛡️ [生產級守護] 正在執行背景健康檢查與狀態同步...
2026-08-24 16:36:00,713 [ULTIMATE-FUSION] [INFO] 🌌 ✨ [守護完成] 系統狀態: [operational] | 記憶體安全: [passed]
2026-08-24 16:36:10,828 [ULTIMATE-FUSION] [INFO] 🌌 【全融合心跳】世代 [527] 開始運作...
2026-08-24 16:36:32,078 [ULTIMATE-FUSION] [INFO] 🌌 🛡️ [生產級守護] 正在執行背景健康檢查與狀態同步...
2026-08-24 16:36:32,079 [ULTIMATE-FUSION] [INFO] 🌌 ✨ [守護完成] 系統狀態: [operational] | 記憶體安全: [passed]
2026-08-24 16:36:42,177 [ULTIMATE-FUSION] [INFO] 🌌 【全融合心跳】世代 [528] 開始運作...
2026-08-24 16:36:58,581 [ULTIMATE-FUSION] [INFO] 🌌 🛡️ [生產級守護] 正在執行背景健康檢查與狀態同步...
2026-08-24 16:36:58,583 [ULTIMATE-FUSION] [INFO] 🌌 ✨ [守護完成] 系統狀態: [operational] | 記憶體安全: [passed]
2026-08-24 16:37:08,700 [ULTIMATE-FUSION] [INFO] 🌌 【全融合心跳】世代 [529] 開始運作...
2026-08-24 16:37:27,048 [ULTIMATE-FUSION] [INFO] 🌌 🛡️ [生產級守護] 正在執行背景健康檢查與狀態同步...
2026-08-24 16:37:27,050 [ULTIMATE-FUSION] [INFO] 🌌 ✨ [守護完成] 系統狀態: [operational] | 記憶體安全: [passed]
2026-08-24 16:37:37,162 [ULTIMATE-FUSION] [INFO] 🌌 【全融合心跳】世代 [530] 開始運作...
2026-08-24 16:37:54,138 [ULTIMATE-FUSION] [INFO] 🌌 🛡️ [生產級守護] 正在執行背景健康檢查與狀態同步...
2026-08-24 16:37:54,139 [ULTIMATE-FUSION] [INFO] 🌌 ✨ [守護完成] 系統狀態: [operational] | 記憶體安全: [passed]
2026-08-24 16:38:04,255 [ULTIMATE-FUSION] [INFO] 🌌 【全融合心跳】世代 [531] 開始運作...
2026-08-24 16:38:21,851 [ULTIMATE-FUSION] [INFO] 🌌 🛡️ [生產級守護] 正在執行背景健康檢查與狀態同步...
2026-08-24 16:38:21,852 [ULTIMATE-FUSION] [INFO] 🌌 ✨ [守護完成] 系統狀態: [operational] | 記憶體安全: [passed]
2026-08-24 16:38:31,961 [ULTIMATE-FUSION] [INFO] 🌌 【全融合心跳】世代 [532] 開始運作...
2026-08-24 16:38:48,976 [ULTIMATE-FUSION] [INFO] 🌌 🛡️ [生產級守護] 正在執行背景健康檢查與狀態同步...
2026-08-24 16:38:48,979 [ULTIMATE-FUSION] [INFO] 🌌 ✨ [守護完成] 系統狀態: [operational] | 記憶體安全: [passed]
2026-08-24 16:38:59,095 [ULTIMATE-FUSION] [INFO] 🌌 【全融合心跳】世代 [533] 開始運作...
2026-08-24 16:39:17,566 [ULTIMATE-FUSION] [INFO] 🌌 🛡️ [生產級守護] 正在執行背景健康檢查與狀態同步...
2026-08-24 16:39:17,567 [ULTIMATE-FUSION] [INFO] 🌌 ✨ [守護完成] 系統狀態: [operational] | 記憶體安全: [passed]
2026-08-24 16:39:27,670 [ULTIMATE-FUSION] [INFO] 🌌 【全融合心跳】世代 [534] 開始運作...
2026-08-24 16:39:48,272 [ULTIMATE-FUSION] [INFO] 🌌 🛡️ [生產級守護] 正在執行背景健康檢查與狀態同步...
2026-08-24 16:39:48,274 [ULTIMATE-FUSION] [INFO] 🌌 ✨ [守護完成] 系統狀態: [operational] | 記憶體安全: [passed]
2026-08-24 16:39:58,355 [ULTIMATE-FUSION] [INFO] 🌌 【全融合心跳】世代 [535] 開始運作...
2026-08-24 16:40:18,396 [ULTIMATE-FUSION] [INFO] 🌌 🛡️ [生產級守護] 正在執行背景健康檢查與狀態同步...
2026-08-24 16:40:18,398 [ULTIMATE-FUSION] [INFO] 🌌 ✨ [守護完成] 系統狀態: [operational] | 記憶體安全: [passed]
2026-08-24 16:40:28,471 [ULTIMATE-FUSION] [INFO] 🌌 【全融合心跳】世代 [536] 開始運作...
2026-08-24 16:40:44,810 [ULTIMATE-FUSION] [INFO] 🌌 🛡️ [生產級守護] 正在執行背景健康檢查與狀態同步...
2026-08-24 16:40:44,812 [ULTIMATE-FUSION] [INFO] 🌌 ✨ [守護完成] 系統狀態: [operational] | 記憶體安全: [passed]
2026-08-24 16:40:54,898 [ULTIMATE-FUSION] [INFO] 🌌 【全融合心跳】世代 [537] 開始運作...
2026-08-24 16:41:11,972 [ULTIMATE-FUSION] [INFO] 🌌 🛡️ [生產級守護] 正在執行背景健康檢查與狀態同步...
2026-08-24 16:41:11,974 [ULTIMATE-FUSION] [INFO] 🌌 ✨ [守護完成] 系統狀態: [operational] | 記憶體安全: [passed]
2026-08-24 16:41:22,054 [ULTIMATE-FUSION] [INFO] 🌌 【全融合心跳】世代 [538] 開始運作...
2026-08-24 16:41:42,031 [ULTIMATE-FUSION] [INFO] 🌌 🛡️ [生產級守護] 正在執行背景健康檢查與狀態同步...
2026-08-24 16:41:42,032 [ULTIMATE-FUSION] [INFO] 🌌 ✨ [守護完成] 系統狀態: [operational] | 記憶體安全: [passed]
2026-08-24 16:41:52,120 [ULTIMATE-FUSION] [INFO] 🌌 【全融合心跳】世代 [539] 開始運作...
2026-08-24 16:42:09,801 [ULTIMATE-FUSION] [INFO] 🌌 🛡️ [生產級守護] 正在執行背景健康檢查與狀態同步...
2026-08-24 16:42:09,803 [ULTIMATE-FUSION] [INFO] 🌌 ✨ [守護完成] 系統狀態: [operational] | 記憶體安全: [passed]
2026-08-24 16:42:19,897 [ULTIMATE-FUSION] [INFO] 🌌 【全融合心跳】世代 [540] 開始運作...
2026-08-24 16:42:37,698 [ULTIMATE-FUSION] [INFO] 🌌 🛡️ [生產級守護] 正在執行背景健康檢查與狀態同步...
2026-08-24 16:42:37,699 [ULTIMATE-FUSION] [INFO] 🌌 ✨ [守護完成] 系統狀態: [operational] | 記憶體安全: [passed]
2026-08-24 16:42:47,797 [ULTIMATE-FUSION] [INFO] 🌌 【全融合心跳】世代 [541] 開始運作...
2026-08-24 16:43:02,200 [ULTIMATE-FUSION] [INFO] 🌌 🛡️ [生產級守護] 正在執行背景健康檢查與狀態同步...
2026-08-24 16:43:02,201 [ULTIMATE-FUSION] [INFO] 🌌 ✨ [守護完成] 系統狀態: [operational] | 記憶體安全: [passed]
2026-08-24 16:43:12,318 [ULTIMATE-FUSION] [INFO] 🌌 【全融合心跳】世代 [542] 開始運作...
2026-08-24 16:43:29,977 [ULTIMATE-FUSION] [INFO] 🌌 🛡️ [生產級守護] 正在執行背景健康檢查與狀態同步...
2026-08-24 16:43:29,980 [ULTIMATE-FUSION] [INFO] 🌌 ✨ [守護完成] 系統狀態: [operational] | 記憶體安全: [passed]
2026-08-24 16:43:40,136 [ULTIMATE-FUSION] [INFO] 🌌 【全融合心跳】世代 [543] 開始運作...
2026-08-24 16:43:58,988 [ULTIMATE-FUSION] [INFO] 🌌 🛡️ [生產級守護] 正在執行背景健康檢查與狀態同步...
2026-08-24 16:43:58,989 [ULTIMATE-FUSION] [INFO] 🌌 ✨ [守護完成] 系統狀態: [operational] | 記憶體安全: [passed]
2026-08-24 16:44:09,077 [ULTIMATE-FUSION] [INFO] 🌌 【全融合心跳】世代 [544] 開始運作...
2026-08-24 16:44:24,947 [ULTIMATE-FUSION] [INFO] 🌌 🛡️ [生產級守護] 正在執行背景健康檢查與狀態同步...
2026-08-24 16:44:24,948 [ULTIMATE-FUSION] [INFO] 🌌 ✨ [守護完成] 系統狀態: [operational] | 記憶體安全: [passed]
2026-08-24 16:44:35,061 [ULTIMATE-FUSION] [INFO] 🌌 【全融合心跳】世代 [545] 開始運作...
2026-08-24 16:44:53,890 [ULTIMATE-FUSION] [INFO] 🌌 🛡️ [生產級守護] 正在執行背景健康檢查與狀態同步...
2026-08-24 16:44:53,890 [ULTIMATE-FUSION] [INFO] 🌌 ✨ [守護完成] 系統狀態: [operational] | 記憶體安全: [passed]
2026-08-24 16:45:04,167 [ULTIMATE-FUSION] [INFO] 🌌 【全融合心跳】世代 [546] 開始運作...
2026-08-24 16:45:25,945 [ULTIMATE-FUSION] [INFO] 🌌 🛡️ [生產級守護] 正在執行背景健康檢查與狀態同步...
2026-08-24 16:45:25,947 [ULTIMATE-FUSION] [INFO] 🌌 ✨ [守護完成] 系統狀態: [operational] | 記憶體安全: [passed]
2026-08-24 16:45:36,089 [ULTIMATE-FUSION] [INFO] 🌌 【全融合心跳】世代 [547] 開始運作...
2026-08-24 16:45:52,587 [ULTIMATE-FUSION] [INFO] 🌌 🛡️ [生產級守護] 正在執行背景健康檢查與狀態同步...
2026-08-24 16:45:52,588 [ULTIMATE-FUSION] [INFO] 🌌 ✨ [守護完成] 系統狀態: [operational] | 記憶體安全: [passed]
2026-08-24 16:46:02,679 [ULTIMATE-FUSION] [INFO] 🌌 【全融合心跳】世代 [548] 開始運作...
2026-08-24 16:46:20,057 [ULTIMATE-FUSION] [INFO] 🌌 🛡️ [生產級守護] 正在執行背景健康檢查與狀態同步...
2026-08-24 16:46:20,059 [ULTIMATE-FUSION] [INFO] 🌌 ✨ [守護完成] 系統狀態: [operational] | 記憶體安全: [passed]
2026-08-24 16:46:30,151 [ULTIMATE-FUSION] [INFO] 🌌 【全融合心跳】世代 [549] 開始運作...
2026-08-24 16:46:48,241 [ULTIMATE-FUSION] [INFO] 🌌 🛡️ [生產級守護] 正在執行背景健康檢查與狀態同步...
2026-08-24 16:46:48,243 [ULTIMATE-FUSION] [INFO] 🌌 ✨ [守護完成] 系統狀態: [operational] | 記憶體安全: [passed]
2026-08-24 16:46:58,357 [ULTIMATE-FUSION] [INFO] 🌌 【全融合心跳】世代 [550] 開始運作...
2026-08-24 16:47:17,076 [ULTIMATE-FUSION] [INFO] 🌌 🛡️ [生產級守護] 正在執行背景健康檢查與狀態同步...
2026-08-24 16:47:17,078 [ULTIMATE-FUSION] [INFO] 🌌 ✨ [守護完成] 系統狀態: [operational] | 記憶體安全: [passed]
2026-08-24 16:47:27,200 [ULTIMATE-FUSION] [INFO] 🌌 【全融合心跳】世代 [551] 開始運作...
2026-08-24 16:47:46,487 [ULTIMATE-FUSION] [INFO] 🌌 🛡️ [生產級守護] 正在執行背景健康檢查與狀態同步...
2026-08-24 16:47:46,488 [ULTIMATE-FUSION] [INFO] 🌌 ✨ [守護完成] 系統狀態: [operational] | 記憶體安全: [passed]
2026-08-24 16:47:56,638 [ULTIMATE-FUSION] [INFO] 🌌 【全融合心跳】世代 [552] 開始運作...
2026-08-24 16:48:15,706 [ULTIMATE-FUSION] [INFO] 🌌 🛡️ [生產級守護] 正在執行背景健康檢查與狀態同步...
2026-08-24 16:48:15,707 [ULTIMATE-FUSION] [INFO] 🌌 ✨ [守護完成] 系統狀態: [operational] | 記憶體安全: [passed]
2026-08-24 16:48:25,794 [ULTIMATE-FUSION] [INFO] 🌌 【全融合心跳】世代 [553] 開始運作...
2026-08-24 16:48:44,524 [ULTIMATE-FUSION] [INFO] 🌌 🛡️ [生產級守護] 正在執行背景健康檢查與狀態同步...
2026-08-24 16:48:44,526 [ULTIMATE-FUSION] [INFO] 🌌 ✨ [守護完成] 系統狀態: [operational] | 記憶體安全: [passed]
2026-08-24 16:48:54,635 [ULTIMATE-FUSION] [INFO] 🌌 【全融合心跳】世代 [554] 開始運作...
2026-08-24 16:49:11,894 [ULTIMATE-FUSION] [INFO] 🌌 🛡️ [生產級守護] 正在執行背景健康檢查與狀態同步...
2026-08-24 16:49:11,895 [ULTIMATE-FUSION] [INFO] 🌌 ✨ [守護完成] 系統狀態: [operational] | 記憶體安全: [passed]
2026-08-24 16:49:21,979 [ULTIMATE-FUSION] [INFO] 🌌 【全融合心跳】世代 [555] 開始運作...
2026-08-24 16:49:41,185 [ULTIMATE-FUSION] [INFO] 🌌 🛡️ [生產級守護] 正在執行背景健康檢查與狀態同步...
2026-08-24 16:49:41,186 [ULTIMATE-FUSION] [INFO] 🌌 ✨ [守護完成] 系統狀態: [operational] | 記憶體安全: [passed]
2026-08-24 16:49:51,278 [ULTIMATE-FUSION] [INFO] 🌌 【全融合心跳】世代 [556] 開始運作...
2026-08-24 16:50:10,915 [ULTIMATE-FUSION] [INFO] 🌌 🛡️ [生產級守護] 正在執行背景健康檢查與狀態同步...
2026-08-24 16:50:10,916 [ULTIMATE-FUSION] [INFO] 🌌 ✨ [守護完成] 系統狀態: [operational] | 記憶體安全: [passed]
2026-08-24 16:50:21,040 [ULTIMATE-FUSION] [INFO] 🌌 【全融合心跳】世代 [557] 開始運作...
2026-08-24 16:50:36,722 [ULTIMATE-FUSION] [INFO] 🌌 🛡️ [生產級守護] 正在執行背景健康檢查與狀態同步...
2026-08-24 16:50:36,722 [ULTIMATE-FUSION] [INFO] 🌌 ✨ [守護完成] 系統狀態: [operational] | 記憶體安全: [passed]
2026-08-24 16:50:46,863 [ULTIMATE-FUSION] [INFO] 🌌 【全融合心跳】世代 [558] 開始運作...
2026-08-24 16:51:00,297 [ULTIMATE-FUSION] [INFO] 🌌 🛡️ [生產級守護] 正在執行背景健康檢查與狀態同步...
2026-08-24 16:51:00,300 [ULTIMATE-FUSION] [INFO] 🌌 ✨ [守護完成] 系統狀態: [operational] | 記憶體安全: [passed]
2026-08-24 16:51:10,429 [ULTIMATE-FUSION] [INFO] 🌌 【全融合心跳】世代 [559] 開始運作...
2026-08-24 16:51:25,475 [ULTIMATE-FUSION] [INFO] 🌌 🛡️ [生產級守護] 正在執行背景健康檢查與狀態同步...
2026-08-24 16:51:25,476 [ULTIMATE-FUSION] [INFO] 🌌 ✨ [守護完成] 系統狀態: [operational] | 記憶體安全: [passed]
2026-08-24 16:51:35,574 [ULTIMATE-FUSION] [INFO] 🌌 【全融合心跳】世代 [560] 開始運作...
2026-08-24 16:51:53,247 [ULTIMATE-FUSION] [INFO] 🌌 🛡️ [生產級守護] 正在執行背景健康檢查與狀態同步...
2026-08-24 16:51:53,249 [ULTIMATE-FUSION] [INFO] 🌌 ✨ [守護完成] 系統狀態: [operational] | 記憶體安全: [passed]
2026-08-24 16:52:03,336 [ULTIMATE-FUSION] [INFO] 🌌 【全融合心跳】世代 [561] 開始運作...
2026-08-24 16:52:22,706 [ULTIMATE-FUSION] [INFO] 🌌 🛡️ [生產級守護] 正在執行背景健康檢查與狀態同步...
2026-08-24 16:52:22,708 [ULTIMATE-FUSION] [INFO] 🌌 ✨ [守護完成] 系統狀態: [operational] | 記憶體安全: [passed]
2026-08-24 16:52:32,819 [ULTIMATE-FUSION] [INFO] 🌌 【全融合心跳】世代 [562] 開始運作...
2026-08-24 16:52:53,116 [ULTIMATE-FUSION] [INFO] 🌌 🛡️ [生產級守護] 正在執行背景健康檢查與狀態同步...
2026-08-24 16:52:53,117 [ULTIMATE-FUSION] [INFO] 🌌 ✨ [守護完成] 系統狀態: [operational] | 記憶體安全: [passed]
2026-08-24 16:53:03,240 [ULTIMATE-FUSION] [INFO] 🌌 【全融合心跳】世代 [563] 開始運作...
2026-08-24 16:53:22,656 [ULTIMATE-FUSION] [INFO] 🌌 🛡️ [生產級守護] 正在執行背景健康檢查與狀態同步...
2026-08-24 16:53:22,659 [ULTIMATE-FUSION] [INFO] 🌌 ✨ [守護完成] 系統狀態: [operational] | 記憶體安全: [passed]
2026-08-24 16:53:32,773 [ULTIMATE-FUSION] [INFO] 🌌 【全融合心跳】世代 [564] 開始運作...
2026-08-24 16:53:53,878 [ULTIMATE-FUSION] [INFO] 🌌 🛡️ [生產級守護] 正在執行背景健康檢查與狀態同步...
2026-08-24 16:53:53,879 [ULTIMATE-FUSION] [INFO] 🌌 ✨ [守護完成] 系統狀態: [operational] | 記憶體安全: [passed]
2026-08-24 16:54:04,024 [ULTIMATE-FUSION] [INFO] 🌌 【全融合心跳】世代 [565] 開始運作...
2026-08-24 16:54:23,983 [ULTIMATE-FUSION] [INFO] 🌌 🛡️ [生產級守護] 正在執行背景健康檢查與狀態同步...
2026-08-24 16:54:23,985 [ULTIMATE-FUSION] [INFO] 🌌 ✨ [守護完成] 系統狀態: [operational] | 記憶體安全: [passed]
2026-08-24 16:54:34,095 [ULTIMATE-FUSION] [INFO] 🌌 【全融合心跳】世代 [566] 開始運作...
2026-08-24 16:54:49,280 [ULTIMATE-FUSION] [INFO] 🌌 🛡️ [生產級守護] 正在執行背景健康檢查與狀態同步...
2026-08-24 16:54:49,281 [ULTIMATE-FUSION] [INFO] 🌌 ✨ [守護完成] 系統狀態: [operational] | 記憶體安全: [passed]
2026-08-24 16:54:59,382 [ULTIMATE-FUSION] [INFO] 🌌 【全融合心跳】世代 [567] 開始運作...
2026-08-24 16:55:21,471 [ULTIMATE-FUSION] [INFO] 🌌 🛡️ [生產級守護] 正在執行背景健康檢查與狀態同步...
2026-08-24 16:55:21,472 [ULTIMATE-FUSION] [INFO] 🌌 ✨ [守護完成] 系統狀態: [operational] | 記憶體安全: [passed]
2026-08-24 16:55:31,562 [ULTIMATE-FUSION] [INFO] 🌌 【全融合心跳】世代 [568] 開始運作...
2026-08-24 16:55:49,601 [ULTIMATE-FUSION] [INFO] 🌌 🛡️ [生產級守護] 正在執行背景健康檢查與狀態同步...
2026-08-24 16:55:49,603 [ULTIMATE-FUSION] [INFO] 🌌 ✨ [守護完成] 系統狀態: [operational] | 記憶體安全: [passed]
2026-08-24 16:55:59,710 [ULTIMATE-FUSION] [INFO] 🌌 【全融合心跳】世代 [569] 開始運作...
2026-08-24 16:56:19,937 [ULTIMATE-FUSION] [INFO] 🌌 🛡️ [生產級守護] 正在執行背景健康檢查與狀態同步...
2026-08-24 16:56:19,939 [ULTIMATE-FUSION] [INFO] 🌌 ✨ [守護完成] 系統狀態: [operational] | 記憶體安全: [passed]
2026-08-24 16:56:30,063 [ULTIMATE-FUSION] [INFO] 🌌 【全融合心跳】世代 [570] 開始運作...
2026-08-24 16:56:48,075 [ULTIMATE-FUSION] [INFO] 🌌 🛡️ [生產級守護] 正在執行背景健康檢查與狀態同步...
2026-08-24 16:56:48,077 [ULTIMATE-FUSION] [INFO] 🌌 ✨ [守護完成] 系統狀態: [operational] | 記憶體安全: [passed]
2026-08-24 16:56:58,157 [ULTIMATE-FUSION] [INFO] 🌌 【全融合心跳】世代 [571] 開始運作...
2026-08-24 16:57:15,020 [ULTIMATE-FUSION] [INFO] 🌌 🛡️ [生產級守護] 正在執行背景健康檢查與狀態同步...
2026-08-24 16:57:15,021 [ULTIMATE-FUSION] [INFO] 🌌 ✨ [守護完成] 系統狀態: [operational] | 記憶體安全: [passed]
2026-08-24 16:57:25,140 [ULTIMATE-FUSION] [INFO] 🌌 【全融合心跳】世代 [572] 開始運作...
2026-08-24 16:57:43,584 [ULTIMATE-FUSION] [INFO] 🌌 🛡️ [生產級守護] 正在執行背景健康檢查與狀態同步...
2026-08-24 16:57:43,585 [ULTIMATE-FUSION] [INFO] 🌌 ✨ [守護完成] 系統狀態: [operational] | 記憶體安全: [passed]
2026-08-24 16:57:53,673 [ULTIMATE-FUSION] [INFO] 🌌 【全融合心跳】世代 [573] 開始運作...
2026-08-24 16:58:11,701 [ULTIMATE-FUSION] [INFO] 🌌 🛡️ [生產級守護] 正在執行背景健康檢查與狀態同步...
2026-08-24 16:58:11,702 [ULTIMATE-FUSION] [INFO] 🌌 ✨ [守護完成] 系統狀態: [operational] | 記憶體安全: [passed]
2026-08-24 16:58:21,786 [ULTIMATE-FUSION] [INFO] 🌌 【全融合心跳】世代 [574] 開始運作...
2026-08-24 16:58:37,797 [ULTIMATE-FUSION] [INFO] 🌌 🛡️ [生產級守護] 正在執行背景健康檢查與狀態同步...
2026-08-24 16:58:37,799 [ULTIMATE-FUSION] [INFO] 🌌 ✨ [守護完成] 系統狀態: [operational] | 記憶體安全: [passed]
2026-08-24 16:58:47,880 [ULTIMATE-FUSION] [INFO] 🌌 【全融合心跳】世代 [575] 開始運作...
2026-08-24 16:59:07,613 [ULTIMATE-FUSION] [INFO] 🌌 🛡️ [生產級守護] 正在執行背景健康檢查與狀態同步...
2026-08-24 16:59:07,615 [ULTIMATE-FUSION] [INFO] 🌌 ✨ [守護完成] 系統狀態: [operational] | 記憶體安全: [passed]
2026-08-24 16:59:17,720 [ULTIMATE-FUSION] [INFO] 🌌 【全融合心跳】世代 [576] 開始運作...
2026-08-24 16:59:33,359 [ULTIMATE-FUSION] [INFO] 🌌 🛡️ [生產級守護] 正在執行背景健康檢查與狀態同步...
2026-08-24 16:59:33,360 [ULTIMATE-FUSION] [INFO] 🌌 ✨ [守護完成] 系統狀態: [operational] | 記憶體安全: [passed]
2026-08-24 16:59:43,453 [ULTIMATE-FUSION] [INFO] 🌌 【全融合心跳】世代 [577] 開始運作...
2026-08-24 17:00:00,482 [ULTIMATE-FUSION] [INFO] 🌌 🛡️ [生產級守護] 正在執行背景健康檢查與狀態同步...
2026-08-24 17:00:00,484 [ULTIMATE-FUSION] [INFO] 🌌 ✨ [守護完成] 系統狀態: [operational] | 記憶體安全: [passed]
2026-08-24 17:00:10,601 [ULTIMATE-FUSION] [INFO] 🌌 【全融合心跳】世代 [578] 開始運作...
2026-08-24 17:00:40,403 [ULTIMATE-FUSION] [INFO] 🌌 🛡️ [生產級守護] 正在執行背景健康檢查與狀態同步...
2026-08-24 17:00:40,404 [ULTIMATE-FUSION] [INFO] 🌌 ✨ [守護完成] 系統狀態: [operational] | 記憶體安全: [passed]
2026-08-24 17:00:50,494 [ULTIMATE-FUSION] [INFO] 🌌 【全融合心跳】世代 [579] 開始運作...
2026-08-24 17:01:11,677 [ULTIMATE-FUSION] [INFO] 🌌 🛡️ [生產級守護] 正在執行背景健康檢查與狀態同步...
2026-08-24 17:01:11,678 [ULTIMATE-FUSION] [INFO] 🌌 ✨ [守護完成] 系統狀態: [operational] | 記憶體安全: [passed]
2026-08-24 17:01:21,734 [ULTIMATE-FUSION] [INFO] 🌌 【全融合心跳】世代 [580] 開始運作...
2026-08-24 17:01:38,574 [ULTIMATE-FUSION] [INFO] 🌌 🛡️ [生產級守護] 正在執行背景健康檢查與狀態同步...
2026-08-24 17:01:38,576 [ULTIMATE-FUSION] [INFO] 🌌 ✨ [守護完成] 系統狀態: [operational] | 記憶體安全: [passed]
2026-08-24 17:01:48,692 [ULTIMATE-FUSION] [INFO] 🌌 【全融合心跳】世代 [581] 開始運作...
2026-08-24 17:02:12,786 [ULTIMATE-FUSION] [INFO] 🌌 🛡️ [生產級守護] 正在執行背景健康檢查與狀態同步...
2026-08-24 17:02:12,788 [ULTIMATE-FUSION] [INFO] 🌌 ✨ [守護完成] 系統狀態: [operational] | 記憶體安全: [passed]
2026-08-24 17:02:22,923 [ULTIMATE-FUSION] [INFO] 🌌 【全融合心跳】世代 [582] 開始運作...
2026-08-24 17:02:41,355 [ULTIMATE-FUSION] [INFO] 🌌 🛡️ [生產級守護] 正在執行背景健康檢查與狀態同步...
2026-08-24 17:02:41,355 [ULTIMATE-FUSION] [INFO] 🌌 ✨ [守護完成] 系統狀態: [operational] | 記憶體安全: [passed]
2026-08-24 17:02:51,439 [ULTIMATE-FUSION] [INFO] 🌌 【全融合心跳】世代 [583] 開始運作...
2026-08-24 17:03:09,638 [ULTIMATE-FUSION] [INFO] 🌌 🛡️ [生產級守護] 正在執行背景健康檢查與狀態同步...
2026-08-24 17:03:09,639 [ULTIMATE-FUSION] [INFO] 🌌 ✨ [守護完成] 系統狀態: [operational] | 記憶體安全: [passed]
2026-08-24 17:03:19,756 [ULTIMATE-FUSION] [INFO] 🌌 【全融合心跳】世代 [584] 開始運作...
2026-08-24 17:03:37,972 [ULTIMATE-FUSION] [INFO] 🌌 🛡️ [生產級守護] 正在執行背景健康檢查與狀態同步...
2026-08-24 17:03:37,973 [ULTIMATE-FUSION] [INFO] 🌌 ✨ [守護完成] 系統狀態: [operational] | 記憶體安全: [passed]
2026-08-24 17:03:48,054 [ULTIMATE-FUSION] [INFO] 🌌 【全融合心跳】世代 [585] 開始運作...
2026-08-24 17:04:09,139 [ULTIMATE-FUSION] [INFO] 🌌 🛡️ [生產級守護] 正在執行背景健康檢查與狀態同步...
2026-08-24 17:04:09,141 [ULTIMATE-FUSION] [INFO] 🌌 ✨ [守護完成] 系統狀態: [operational] | 記憶體安全: [passed]
2026-08-24 17:04:19,237 [ULTIMATE-FUSION] [INFO] 🌌 【全融合心跳】世代 [586] 開始運作...
2026-08-24 17:04:38,545 [ULTIMATE-FUSION] [INFO] 🌌 🛡️ [生產級守護] 正在執行背景健康檢查與狀態同步...
2026-08-24 17:04:38,548 [ULTIMATE-FUSION] [INFO] 🌌 ✨ [守護完成] 系統狀態: [operational] | 記憶體安全: [passed]
2026-08-24 17:04:48,663 [ULTIMATE-FUSION] [INFO] 🌌 【全融合心跳】世代 [587] 開始運作...
2026-08-24 17:05:08,306 [ULTIMATE-FUSION] [INFO] 🌌 🛡️ [生產級守護] 正在執行背景健康檢查與狀態同步...
2026-08-24 17:05:08,307 [ULTIMATE-FUSION] [INFO] 🌌 ✨ [守護完成] 系統狀態: [operational] | 記憶體安全: [passed]
2026-08-24 17:05:18,417 [ULTIMATE-FUSION] [INFO] 🌌 【全融合心跳】世代 [588] 開始運作...
2026-08-24 17:05:37,626 [ULTIMATE-FUSION] [INFO] 🌌 🛡️ [生產級守護] 正在執行背景健康檢查與狀態同步...
2026-08-24 17:05:37,627 [ULTIMATE-FUSION] [INFO] 🌌 ✨ [守護完成] 系統狀態: [operational] | 記憶體安全: [passed]
2026-08-24 17:05:47,717 [ULTIMATE-FUSION] [INFO] 🌌 【全融合心跳】世代 [589] 開始運作...
2026-08-24 17:06:05,989 [ULTIMATE-FUSION] [INFO] 🌌 🛡️ [生產級守護] 正在執行背景健康檢查與狀態同步...
2026-08-24 17:06:05,991 [ULTIMATE-FUSION] [INFO] 🌌 ✨ [守護完成] 系統狀態: [operational] | 記憶體安全: [passed]
2026-08-24 17:06:16,079 [ULTIMATE-FUSION] [INFO] 🌌 【全融合心跳】世代 [590] 開始運作...
2026-08-24 17:06:33,479 [ULTIMATE-FUSION] [INFO] 🌌 🛡️ [生產級守護] 正在執行背景健康檢查與狀態同步...
2026-08-24 17:06:33,480 [ULTIMATE-FUSION] [INFO] 🌌 ✨ [守護完成] 系統狀態: [operational] | 記憶體安全: [passed]
2026-08-24 17:06:43,563 [ULTIMATE-FUSION] [INFO] 🌌 【全融合心跳】世代 [591] 開始運作...
2026-08-24 17:07:00,635 [ULTIMATE-FUSION] [INFO] 🌌 🛡️ [生產級守護] 正在執行背景健康檢查與狀態同步...
2026-08-24 17:07:00,637 [ULTIMATE-FUSION] [INFO] 🌌 ✨ [守護完成] 系統狀態: [operational] | 記憶體安全: [passed]
2026-08-24 17:07:10,753 [ULTIMATE-FUSION] [INFO] 🌌 【全融合心跳】世代 [592] 開始運作...
2026-08-24 17:07:28,892 [ULTIMATE-FUSION] [INFO] 🌌 🛡️ [生產級守護] 正在執行背景健康檢查與狀態同步...
2026-08-24 17:07:28,893 [ULTIMATE-FUSION] [INFO] 🌌 ✨ [守護完成] 系統狀態: [operational] | 記憶體安全: [passed]
2026-08-24 17:07:38,980 [ULTIMATE-FUSION] [INFO] 🌌 【全融合心跳】世代 [593] 開始運作...
2026-08-24 17:07:57,560 [ULTIMATE-FUSION] [INFO] 🌌 🛡️ [生產級守護] 正在執行背景健康檢查與狀態同步...
2026-08-24 17:07:57,562 [ULTIMATE-FUSION] [INFO] 🌌 ✨ [守護完成] 系統狀態: [operational] | 記憶體安全: [passed]
2026-08-24 17:08:07,679 [ULTIMATE-FUSION] [INFO] 🌌 【全融合心跳】世代 [594] 開始運作...
2026-08-24 17:08:25,622 [ULTIMATE-FUSION] [INFO] 🌌 🛡️ [生產級守護] 正在執行背景健康檢查與狀態同步...
2026-08-24 17:08:25,624 [ULTIMATE-FUSION] [INFO] 🌌 ✨ [守護完成] 系統狀態: [operational] | 記憶體安全: [passed]
2026-08-24 17:08:35,740 [ULTIMATE-FUSION] [INFO] 🌌 【全融合心跳】世代 [595] 開始運作...
2026-08-24 17:08:54,712 [ULTIMATE-FUSION] [INFO] 🌌 🛡️ [生產級守護] 正在執行背景健康檢查與狀態同步...
2026-08-24 17:08:54,713 [ULTIMATE-FUSION] [INFO] 🌌 ✨ [守護完成] 系統狀態: [operational] | 記憶體安全: [passed]
2026-08-24 17:09:04,800 [ULTIMATE-FUSION] [INFO] 🌌 【全融合心跳】世代 [596] 開始運作...
2026-08-24 17:09:24,648 [ULTIMATE-FUSION] [INFO] 🌌 🛡️ [生產級守護] 正在執行背景健康檢查與狀態同步...
2026-08-24 17:09:24,649 [ULTIMATE-FUSION] [INFO] 🌌 ✨ [守護完成] 系統狀態: [operational] | 記憶體安全: [passed]
2026-08-24 17:09:34,737 [ULTIMATE-FUSION] [INFO] 🌌 【全融合心跳】世代 [597] 開始運作...
2026-08-24 17:09:51,975 [ULTIMATE-FUSION] [INFO] 🌌 🛡️ [生產級守護] 正在執行背景健康檢查與狀態同步...
2026-08-24 17:09:51,976 [ULTIMATE-FUSION] [INFO] 🌌 ✨ [守護完成] 系統狀態: [operational] | 記憶體安全: [passed]
2026-08-24 17:10:02,037 [ULTIMATE-FUSION] [INFO] 🌌 【全融合心跳】世代 [598] 開始運作...
2026-08-24 17:10:28,395 [ULTIMATE-FUSION] [INFO] 🌌 🛡️ [生產級守護] 正在執行背景健康檢查與狀態同步...
2026-08-24 17:10:28,397 [ULTIMATE-FUSION] [INFO] 🌌 ✨ [守護完成] 系統狀態: [operational] | 記憶體安全: [passed]
2026-08-24 17:10:38,508 [ULTIMATE-FUSION] [INFO] 🌌 【全融合心跳】世代 [599] 開始運作...
2026-08-24 17:10:56,795 [ULTIMATE-FUSION] [INFO] 🌌 🛡️ [生產級守護] 正在執行背景健康檢查與狀態同步...
2026-08-24 17:10:56,796 [ULTIMATE-FUSION] [INFO] 🌌 ✨ [守護完成] 系統狀態: [operational] | 記憶體安全: [passed]
2026-08-24 17:11:06,881 [ULTIMATE-FUSION] [INFO] 🌌 【全融合心跳】世代 [600] 開始運作...
2026-08-24 17:11:26,557 [ULTIMATE-FUSION] [INFO] 🌌 🛡️ [生產級守護] 正在執行背景健康檢查與狀態同步...
2026-08-24 17:11:26,558 [ULTIMATE-FUSION] [INFO] 🌌 ✨ [守護完成] 系統狀態: [operational] | 記憶體安全: [passed]
2026-08-24 17:11:36,633 [ULTIMATE-FUSION] [INFO] 🌌 【全融合心跳】世代 [601] 開始運作...
2026-08-24 17:11:58,327 [ULTIMATE-FUSION] [INFO] 🌌 🛡️ [生產級守護] 正在執行背景健康檢查與狀態同步...
2026-08-24 17:11:58,328 [ULTIMATE-FUSION] [INFO] 🌌 ✨ [守護完成] 系統狀態: [operational] | 記憶體安全: [passed]
2026-08-24 17:12:08,416 [ULTIMATE-FUSION] [INFO] 🌌 【全融合心跳】世代 [602] 開始運作...
2026-08-24 17:12:27,532 [ULTIMATE-FUSION] [INFO] 🌌 🛡️ [生產級守護] 正在執行背景健康檢查與狀態同步...
2026-08-24 17:12:27,534 [ULTIMATE-FUSION] [INFO] 🌌 ✨ [守護完成] 系統狀態: [operational] | 記憶體安全: [passed]
2026-08-24 17:12:37,644 [ULTIMATE-FUSION] [INFO] 🌌 【全融合心跳】世代 [603] 開始運作...
2026-08-24 17:12:54,350 [ULTIMATE-FUSION] [INFO] 🌌 🛡️ [生產級守護] 正在執行背景健康檢查與狀態同步...
2026-08-24 17:12:54,351 [ULTIMATE-FUSION] [INFO] 🌌 ✨ [守護完成] 系統狀態: [operational] | 記憶體安全: [passed]
2026-08-24 17:13:04,439 [ULTIMATE-FUSION] [INFO] 🌌 【全融合心跳】世代 [604] 開始運作...
2026-08-24 17:13:21,175 [ULTIMATE-FUSION] [INFO] 🌌 🛡️ [生產級守護] 正在執行背景健康檢查與狀態同步...
2026-08-24 17:13:21,176 [ULTIMATE-FUSION] [INFO] 🌌 ✨ [守護完成] 系統狀態: [operational] | 記憶體安全: [passed]
2026-08-24 17:13:31,281 [ULTIMATE-FUSION] [INFO] 🌌 【全融合心跳】世代 [605] 開始運作...
2026-08-24 17:13:50,528 [ULTIMATE-FUSION] [INFO] 🌌 🛡️ [生產級守護] 正在執行背景健康檢查與狀態同步...
2026-08-24 17:13:50,529 [ULTIMATE-FUSION] [INFO] 🌌 ✨ [守護完成] 系統狀態: [operational] | 記憶體安全: [passed]
2026-08-24 17:14:00,619 [ULTIMATE-FUSION] [INFO] 🌌 【全融合心跳】世代 [606] 開始運作...
2026-08-24 17:14:18,919 [ULTIMATE-FUSION] [INFO] 🌌 🛡️ [生產級守護] 正在執行背景健康檢查與狀態同步...
2026-08-24 17:14:18,920 [ULTIMATE-FUSION] [INFO] 🌌 ✨ [守護完成] 系統狀態: [operational] | 記憶體安全: [passed]
2026-08-24 17:14:29,015 [ULTIMATE-FUSION] [INFO] 🌌 【全融合心跳】世代 [607] 開始運作...
2026-08-24 17:14:49,941 [ULTIMATE-FUSION] [INFO] 🌌 🛡️ [生產級守護] 正在執行背景健康檢查與狀態同步...
2026-08-24 17:14:49,943 [ULTIMATE-FUSION] [INFO] 🌌 ✨ [守護完成] 系統狀態: [operational] | 記憶體安全: [passed]
2026-08-24 17:15:00,058 [ULTIMATE-FUSION] [INFO] 🌌 【全融合心跳】世代 [608] 開始運作...
2026-08-24 17:15:23,728 [ULTIMATE-FUSION] [INFO] 🌌 🛡️ [生產級守護] 正在執行背景健康檢查與狀態同步...
2026-08-24 17:15:23,730 [ULTIMATE-FUSION] [INFO] 🌌 ✨ [守護完成] 系統狀態: [operational] | 記憶體安全: [passed]
2026-08-24 17:15:33,839 [ULTIMATE-FUSION] [INFO] 🌌 【全融合心跳】世代 [609] 開始運作...
2026-08-24 17:15:49,750 [ULTIMATE-FUSION] [INFO] 🌌 🛡️ [生產級守護] 正在執行背景健康檢查與狀態同步...
2026-08-24 17:15:49,752 [ULTIMATE-FUSION] [INFO] 🌌 ✨ [守護完成] 系統狀態: [operational] | 記憶體安全: [passed]
2026-08-24 17:15:59,861 [ULTIMATE-FUSION] [INFO] 🌌 【全融合心跳】世代 [610] 開始運作...
2026-08-24 17:16:18,327 [ULTIMATE-FUSION] [INFO] 🌌 🛡️ [生產級守護] 正在執行背景健康檢查與狀態同步...
2026-08-24 17:16:18,329 [ULTIMATE-FUSION] [INFO] 🌌 ✨ [守護完成] 系統狀態: [operational] | 記憶體安全: [passed]
2026-08-24 17:16:28,416 [ULTIMATE-FUSION] [INFO] 🌌 【全融合心跳】世代 [611] 開始運作...
2026-08-24 17:16:43,190 [ULTIMATE-FUSION] [INFO] 🌌 🛡️ [生產級守護] 正在執行背景健康檢查與狀態同步...
2026-08-24 17:16:43,192 [ULTIMATE-FUSION] [INFO] 🌌 ✨ [守護完成] 系統狀態: [operational] | 記憶體安全: [passed]
2026-08-24 17:16:53,297 [ULTIMATE-FUSION] [INFO] 🌌 【全融合心跳】世代 [612] 開始運作...
2026-08-24 17:17:07,659 [ULTIMATE-FUSION] [INFO] 🌌 🛡️ [生產級守護] 正在執行背景健康檢查與狀態同步...
2026-08-24 17:17:07,661 [ULTIMATE-FUSION] [INFO] 🌌 ✨ [守護完成] 系統狀態: [operational] | 記憶體安全: [passed]
2026-08-24 17:17:17,833 [ULTIMATE-FUSION] [INFO] 🌌 【全融合心跳】世代 [613] 開始運作...
2026-08-24 17:17:39,768 [ULTIMATE-FUSION] [INFO] 🌌 🛡️ [生產級守護] 正在執行背景健康檢查與狀態同步...
2026-08-24 17:17:39,769 [ULTIMATE-FUSION] [INFO] 🌌 ✨ [守護完成] 系統狀態: [operational] | 記憶體安全: [passed]
2026-08-24 17:17:49,859 [ULTIMATE-FUSION] [INFO] 🌌 【全融合心跳】世代 [614] 開始運作...
2026-08-24 17:18:07,458 [ULTIMATE-FUSION] [INFO] 🌌 🛡️ [生產級守護] 正在執行背景健康檢查與狀態同步...
2026-08-24 17:18:07,459 [ULTIMATE-FUSION] [INFO] 🌌 ✨ [守護完成] 系統狀態: [operational] | 記憶體安全: [passed]
2026-08-24 17:18:17,556 [ULTIMATE-FUSION] [INFO] 🌌 【全融合心跳】世代 [615] 開始運作...
2026-08-24 17:18:35,412 [ULTIMATE-FUSION] [INFO] 🌌 🛡️ [生產級守護] 正在執行背景健康檢查與狀態同步...
2026-08-24 17:18:35,413 [ULTIMATE-FUSION] [INFO] 🌌 ✨ [守護完成] 系統狀態: [operational] | 記憶體安全: [passed]
2026-08-24 17:18:45,494 [ULTIMATE-FUSION] [INFO] 🌌 【全融合心跳】世代 [616] 開始運作...
2026-08-24 17:19:07,692 [ULTIMATE-FUSION] [INFO] 🌌 🛡️ [生產級守護] 正在執行背景健康檢查與狀態同步...
2026-08-24 17:19:07,693 [ULTIMATE-FUSION] [INFO] 🌌 ✨ [守護完成] 系統狀態: [operational] | 記憶體安全: [passed]
2026-08-24 17:19:17,814 [ULTIMATE-FUSION] [INFO] 🌌 【全融合心跳】世代 [617] 開始運作...
2026-08-24 17:19:40,048 [ULTIMATE-FUSION] [INFO] 🌌 🛡️ [生產級守護] 正在執行背景健康檢查與狀態同步...
2026-08-24 17:19:40,050 [ULTIMATE-FUSION] [INFO] 🌌 ✨ [守護完成] 系統狀態: [operational] | 記憶體安全: [passed]
2026-08-24 17:19:50,161 [ULTIMATE-FUSION] [INFO] 🌌 【全融合心跳】世代 [618] 開始運作...
2026-08-24 17:20:10,780 [ULTIMATE-FUSION] [INFO] 🌌 🛡️ [生產級守護] 正在執行背景健康檢查與狀態同步...
2026-08-24 17:20:10,782 [ULTIMATE-FUSION] [INFO] 🌌 ✨ [守護完成] 系統狀態: [operational] | 記憶體安全: [passed]
2026-08-24 17:20:20,895 [ULTIMATE-FUSION] [INFO] 🌌 【全融合心跳】世代 [619] 開始運作...
2026-08-24 17:20:43,724 [ULTIMATE-FUSION] [INFO] 🌌 🛡️ [生產級守護] 正在執行背景健康檢查與狀態同步...
2026-08-24 17:20:43,726 [ULTIMATE-FUSION] [INFO] 🌌 ✨ [守護完成] 系統狀態: [operational] | 記憶體安全: [passed]
2026-08-24 17:20:53,817 [ULTIMATE-FUSION] [INFO] 🌌 【全融合心跳】世代 [620] 開始運作...
2026-08-24 17:21:13,151 [ULTIMATE-FUSION] [INFO] 🌌 🛡️ [生產級守護] 正在執行背景健康檢查與狀態同步...
2026-08-24 17:21:13,152 [ULTIMATE-FUSION] [INFO] 🌌 ✨ [守護完成] 系統狀態: [operational] | 記憶體安全: [passed]
2026-08-24 17:21:23,238 [ULTIMATE-FUSION] [INFO] 🌌 【全融合心跳】世代 [621] 開始運作...
2026-08-24 17:21:38,442 [ULTIMATE-FUSION] [INFO] 🌌 🛡️ [生產級守護] 正在執行背景健康檢查與狀態同步...
2026-08-24 17:21:38,443 [ULTIMATE-FUSION] [INFO] 🌌 ✨ [守護完成] 系統狀態: [operational] | 記憶體安全: [passed]
2026-08-24 17:21:48,519 [ULTIMATE-FUSION] [INFO] 🌌 【全融合心跳】世代 [622] 開始運作...
2026-08-24 17:22:06,570 [ULTIMATE-FUSION] [INFO] 🌌 🛡️ [生產級守護] 正在執行背景健康檢查與狀態同步...
2026-08-24 17:22:06,572 [ULTIMATE-FUSION] [INFO] 🌌 ✨ [守護完成] 系統狀態: [operational] | 記憶體安全: [passed]
2026-08-24 17:22:16,687 [ULTIMATE-FUSION] [INFO] 🌌 【全融合心跳】世代 [623] 開始運作...
2026-08-24 17:22:35,955 [ULTIMATE-FUSION] [INFO] 🌌 🛡️ [生產級守護] 正在執行背景健康檢查與狀態同步...
2026-08-24 17:22:35,955 [ULTIMATE-FUSION] [INFO] 🌌 ✨ [守護完成] 系統狀態: [operational] | 記憶體安全: [passed]
2026-08-24 17:22:46,038 [ULTIMATE-FUSION] [INFO] 🌌 【全融合心跳】世代 [624] 開始運作...
2026-08-24 17:23:02,579 [ULTIMATE-FUSION] [INFO] 🌌 🛡️ [生產級守護] 正在執行背景健康檢查與狀態同步...
2026-08-24 17:23:02,580 [ULTIMATE-FUSION] [INFO] 🌌 ✨ [守護完成] 系統狀態: [operational] | 記憶體安全: [passed]
2026-08-24 17:23:12,685 [ULTIMATE-FUSION] [INFO] 🌌 【全融合心跳】世代 [625] 開始運作...
2026-08-24 17:23:30,972 [ULTIMATE-FUSION] [INFO] 🌌 🛡️ [生產級守護] 正在執行背景健康檢查與狀態同步...
2026-08-24 17:23:30,973 [ULTIMATE-FUSION] [INFO] 🌌 ✨ [守護完成] 系統狀態: [operational] | 記憶體安全: [passed]
2026-08-24 17:23:41,084 [ULTIMATE-FUSION] [INFO] 🌌 【全融合心跳】世代 [626] 開始運作...
2026-08-24 17:24:01,175 [ULTIMATE-FUSION] [INFO] 🌌 🛡️ [生產級守護] 正在執行背景健康檢查與狀態同步...
2026-08-24 17:24:01,176 [ULTIMATE-FUSION] [INFO] 🌌 ✨ [守護完成] 系統狀態: [operational] | 記憶體安全: [passed]
2026-08-24 17:24:11,298 [ULTIMATE-FUSION] [INFO] 🌌 【全融合心跳】世代 [627] 開始運作...
2026-08-24 17:24:38,759 [ULTIMATE-FUSION] [INFO] 🌌 🛡️ [生產級守護] 正在執行背景健康檢查與狀態同步...
2026-08-24 17:24:38,760 [ULTIMATE-FUSION] [INFO] 🌌 ✨ [守護完成] 系統狀態: [operational] | 記憶體安全: [passed]
2026-08-24 17:24:48,856 [ULTIMATE-FUSION] [INFO] 🌌 【全融合心跳】世代 [628] 開始運作...
2026-08-24 17:25:17,096 [ULTIMATE-FUSION] [INFO] 🌌 🛡️ [生產級守護] 正在執行背景健康檢查與狀態同步...
2026-08-24 17:25:17,099 [ULTIMATE-FUSION] [INFO] 🌌 ✨ [守護完成] 系統狀態: [operational] | 記憶體安全: [passed]
2026-08-24 17:25:27,283 [ULTIMATE-FUSION] [INFO] 🌌 【全融合心跳】世代 [629] 開始運作...
2026-08-24 17:25:48,499 [ULTIMATE-FUSION] [INFO] 🌌 🛡️ [生產級守護] 正在執行背景健康檢查與狀態同步...
2026-08-24 17:25:48,500 [ULTIMATE-FUSION] [INFO] 🌌 ✨ [守護完成] 系統狀態: [operational] | 記憶體安全: [passed]
2026-08-24 17:25:58,577 [ULTIMATE-FUSION] [INFO] 🌌 【全融合心跳】世代 [630] 開始運作...
2026-08-24 17:26:19,109 [ULTIMATE-FUSION] [INFO] 🌌 🛡️ [生產級守護] 正在執行背景健康檢查與狀態同步...
2026-08-24 17:26:19,110 [ULTIMATE-FUSION] [INFO] 🌌 ✨ [守護完成] 系統狀態: [operational] | 記憶體安全: [passed]
2026-08-24 17:26:29,197 [ULTIMATE-FUSION] [INFO] 🌌 【全融合心跳】世代 [631] 開始運作...
2026-08-24 17:26:47,370 [ULTIMATE-FUSION] [INFO] 🌌 🛡️ [生產級守護] 正在執行背景健康檢查與狀態同步...
2026-08-24 17:26:47,371 [ULTIMATE-FUSION] [INFO] 🌌 ✨ [守護完成] 系統狀態: [operational] | 記憶體安全: [passed]
2026-08-24 17:26:57,464 [ULTIMATE-FUSION] [INFO] 🌌 【全融合心跳】世代 [632] 開始運作...
2026-08-24 17:27:21,968 [ULTIMATE-FUSION] [INFO] 🌌 🛡️ [生產級守護] 正在執行背景健康檢查與狀態同步...
2026-08-24 17:27:21,970 [ULTIMATE-FUSION] [INFO] 🌌 ✨ [守護完成] 系統狀態: [operational] | 記憶體安全: [passed]
2026-08-24 17:27:32,081 [ULTIMATE-FUSION] [INFO] 🌌 【全融合心跳】世代 [633] 開始運作...
2026-08-24 17:27:48,800 [ULTIMATE-FUSION] [INFO] 🌌 🛡️ [生產級守護] 正在執行背景健康檢查與狀態同步...
2026-08-24 17:27:48,801 [ULTIMATE-FUSION] [INFO] 🌌 ✨ [守護完成] 系統狀態: [operational] | 記憶體安全: [passed]
2026-08-24 17:27:58,896 [ULTIMATE-FUSION] [INFO] 🌌 【全融合心跳】世代 [634] 開始運作...
2026-08-24 17:28:20,397 [ULTIMATE-FUSION] [INFO] 🌌 🛡️ [生產級守護] 正在執行背景健康檢查與狀態同步...
2026-08-24 17:28:20,398 [ULTIMATE-FUSION] [INFO] 🌌 ✨ [守護完成] 系統狀態: [operational] | 記憶體安全: [passed]
2026-08-24 17:28:30,478 [ULTIMATE-FUSION] [INFO] 🌌 【全融合心跳】世代 [635] 開始運作...
2026-08-24 17:28:48,930 [ULTIMATE-FUSION] [INFO] 🌌 🛡️ [生產級守護] 正在執行背景健康檢查與狀態同步...
2026-08-24 17:28:48,931 [ULTIMATE-FUSION] [INFO] 🌌 ✨ [守護完成] 系統狀態: [operational] | 記憶體安全: [passed]
2026-08-24 17:28:59,017 [ULTIMATE-FUSION] [INFO] 🌌 【全融合心跳】世代 [636] 開始運作...
2026-08-24 17:29:21,102 [ULTIMATE-FUSION] [INFO] 🌌 🛡️ [生產級守護] 正在執行背景健康檢查與狀態同步...
2026-08-24 17:29:21,104 [ULTIMATE-FUSION] [INFO] 🌌 ✨ [守護完成] 系統狀態: [operational] | 記憶體安全: [passed]
2026-08-24 17:29:31,221 [ULTIMATE-FUSION] [INFO] 🌌 【全融合心跳】世代 [637] 開始運作...
2026-08-24 17:29:47,324 [ULTIMATE-FUSION] [INFO] 🌌 🛡️ [生產級守護] 正在執行背景健康檢查與狀態同步...
2026-08-24 17:29:47,325 [ULTIMATE-FUSION] [INFO] 🌌 ✨ [守護完成] 系統狀態: [operational] | 記憶體安全: [passed]
2026-08-24 17:29:57,423 [ULTIMATE-FUSION] [INFO] 🌌 【全融合心跳】世代 [638] 開始運作...
2026-08-24 17:30:21,800 [ULTIMATE-FUSION] [INFO] 🌌 🛡️ [生產級守護] 正在執行背景健康檢查與狀態同步...
2026-08-24 17:30:21,802 [ULTIMATE-FUSION] [INFO] 🌌 ✨ [守護完成] 系統狀態: [operational] | 記憶體安全: [passed]
2026-08-24 17:30:31,915 [ULTIMATE-FUSION] [INFO] 🌌 【全融合心跳】世代 [639] 開始運作...
2026-08-24 17:30:53,869 [ULTIMATE-FUSION] [INFO] 🌌 🛡️ [生產級守護] 正在執行背景健康檢查與狀態同步...
2026-08-24 17:30:53,871 [ULTIMATE-FUSION] [INFO] 🌌 ✨ [守護完成] 系統狀態: [operational] | 記憶體安全: [passed]
2026-08-24 17:31:03,976 [ULTIMATE-FUSION] [INFO] 🌌 【全融合心跳】世代 [640] 開始運作...
2026-08-24 17:31:27,035 [ULTIMATE-FUSION] [INFO] 🌌 🛡️ [生產級守護] 正在執行背景健康檢查與狀態同步...
2026-08-24 17:31:27,037 [ULTIMATE-FUSION] [INFO] 🌌 ✨ [守護完成] 系統狀態: [operational] | 記憶體安全: [passed]
2026-08-24 17:31:37,126 [ULTIMATE-FUSION] [INFO] 🌌 【全融合心跳】世代 [641] 開始運作...
2026-08-24 17:31:56,308 [ULTIMATE-FUSION] [INFO] 🌌 🛡️ [生產級守護] 正在執行背景健康檢查與狀態同步...
2026-08-24 17:31:56,308 [ULTIMATE-FUSION] [INFO] 🌌 ✨ [守護完成] 系統狀態: [operational] | 記憶體安全: [passed]
2026-08-24 17:32:06,396 [ULTIMATE-FUSION] [INFO] 🌌 【全融合心跳】世代 [642] 開始運作...
2026-08-24 17:32:25,066 [ULTIMATE-FUSION] [INFO] 🌌 🛡️ [生產級守護] 正在執行背景健康檢查與狀態同步...
2026-08-24 17:32:25,067 [ULTIMATE-FUSION] [INFO] 🌌 ✨ [守護完成] 系統狀態: [operational] | 記憶體安全: [passed]
2026-08-24 17:32:35,175 [ULTIMATE-FUSION] [INFO] 🌌 【全融合心跳】世代 [643] 開始運作...
2026-08-24 17:32:55,373 [ULTIMATE-FUSION] [INFO] 🌌 🛡️ [生產級守護] 正在執行背景健康檢查與狀態同步...
2026-08-24 17:32:55,374 [ULTIMATE-FUSION] [INFO] 🌌 ✨ [守護完成] 系統狀態: [operational] | 記憶體安全: [passed]
2026-08-24 17:33:05,464 [ULTIMATE-FUSION] [INFO] 🌌 【全融合心跳】世代 [644] 開始運作...
2026-08-24 17:33:25,608 [ULTIMATE-FUSION] [INFO] 🌌 🛡️ [生產級守護] 正在執行背景健康檢查與狀態同步...
2026-08-24 17:33:25,610 [ULTIMATE-FUSION] [INFO] 🌌 ✨ [守護完成] 系統狀態: [operational] | 記憶體安全: [passed]
2026-08-24 17:33:35,714 [ULTIMATE-FUSION] [INFO] 🌌 【全融合心跳】世代 [645] 開始運作...
2026-08-24 17:33:51,522 [ULTIMATE-FUSION] [INFO] 🌌 🛡️ [生產級守護] 正在執行背景健康檢查與狀態同步...
2026-08-24 17:33:51,523 [ULTIMATE-FUSION] [INFO] 🌌 ✨ [守護完成] 系統狀態: [operational] | 記憶體安全: [passed]
2026-08-24 17:34:01,635 [ULTIMATE-FUSION] [INFO] 🌌 【全融合心跳】世代 [646] 開始運作...
2026-08-24 17:34:24,368 [ULTIMATE-FUSION] [INFO] 🌌 🛡️ [生產級守護] 正在執行背景健康檢查與狀態同步...
2026-08-24 17:34:24,370 [ULTIMATE-FUSION] [INFO] 🌌 ✨ [守護完成] 系統狀態: [operational] | 記憶體安全: [passed]
2026-08-24 17:34:34,477 [ULTIMATE-FUSION] [INFO] 🌌 【全融合心跳】世代 [647] 開始運作...
2026-08-24 17:34:51,223 [ULTIMATE-FUSION] [INFO] 🌌 🛡️ [生產級守護] 正在執行背景健康檢查與狀態同步...
2026-08-24 17:34:51,224 [ULTIMATE-FUSION] [INFO] 🌌 ✨ [守護完成] 系統狀態: [operational] | 記憶體安全: [passed]
2026-08-24 17:35:01,304 [ULTIMATE-FUSION] [INFO] 🌌 【全融合心跳】世代 [648] 開始運作...
2026-08-24 17:35:29,900 [ULTIMATE-FUSION] [INFO] 🌌 🛡️ [生產級守護] 正在執行背景健康檢查與狀態同步...
2026-08-24 17:35:29,902 [ULTIMATE-FUSION] [INFO] 🌌 ✨ [守護完成] 系統狀態: [operational] | 記憶體安全: [passed]
2026-08-24 17:35:40,020 [ULTIMATE-FUSION] [INFO] 🌌 【全融合心跳】世代 [649] 開始運作...
2026-08-24 17:36:03,848 [ULTIMATE-FUSION] [INFO] 🌌 🛡️ [生產級守護] 正在執行背景健康檢查與狀態同步...
2026-08-24 17:36:03,849 [ULTIMATE-FUSION] [INFO] 🌌 ✨ [守護完成] 系統狀態: [operational] | 記憶體安全: [passed]
2026-08-24 17:36:13,935 [ULTIMATE-FUSION] [INFO] 🌌 【全融合心跳】世代 [650] 開始運作...
2026-08-24 17:36:31,620 [ULTIMATE-FUSION] [INFO] 🌌 🛡️ [生產級守護] 正在執行背景健康檢查與狀態同步...
2026-08-24 17:36:31,621 [ULTIMATE-FUSION] [INFO] 🌌 ✨ [守護完成] 系統狀態: [operational] | 記憶體安全: [passed]
2026-08-24 17:36:41,700 [ULTIMATE-FUSION] [INFO] 🌌 【全融合心跳】世代 [651] 開始運作...
2026-08-24 17:36:59,848 [ULTIMATE-FUSION] [INFO] 🌌 🛡️ [生產級守護] 正在執行背景健康檢查與狀態同步...
2026-08-24 17:36:59,850 [ULTIMATE-FUSION] [INFO] 🌌 ✨ [守護完成] 系統狀態: [operational] | 記憶體安全: [passed]
2026-08-24 17:37:09,959 [ULTIMATE-FUSION] [INFO] 🌌 【全融合心跳】世代 [652] 開始運作...
2026-08-24 17:37:29,917 [ULTIMATE-FUSION] [INFO] 🌌 🛡️ [生產級守護] 正在執行背景健康檢查與狀態同步...
2026-08-24 17:37:29,918 [ULTIMATE-FUSION] [INFO] 🌌 ✨ [守護完成] 系統狀態: [operational] | 記憶體安全: [passed]
2026-08-24 17:37:40,035 [ULTIMATE-FUSION] [INFO] 🌌 【全融合心跳】世代 [653] 開始運作...
2026-08-24 17:37:56,872 [ULTIMATE-FUSION] [INFO] 🌌 🛡️ [生產級守護] 正在執行背景健康檢查與狀態同步...
2026-08-24 17:37:56,874 [ULTIMATE-FUSION] [INFO] 🌌 ✨ [守護完成] 系統狀態: [operational] | 記憶體安全: [passed]
2026-08-24 17:38:06,955 [ULTIMATE-FUSION] [INFO] 🌌 【全融合心跳】世代 [654] 開始運作...
2026-08-24 17:38:26,263 [ULTIMATE-FUSION] [INFO] 🌌 🛡️ [生產級守護] 正在執行背景健康檢查與狀態同步...
2026-08-24 17:38:26,264 [ULTIMATE-FUSION] [INFO] 🌌 ✨ [守護完成] 系統狀態: [operational] | 記憶體安全: [passed]
2026-08-24 17:38:36,365 [ULTIMATE-FUSION] [INFO] 🌌 【全融合心跳】世代 [655] 開始運作...
2026-08-24 17:38:57,405 [ULTIMATE-FUSION] [INFO] 🌌 🛡️ [生產級守護] 正在執行背景健康檢查與狀態同步...
2026-08-24 17:38:57,406 [ULTIMATE-FUSION] [INFO] 🌌 ✨ [守護完成] 系統狀態: [operational] | 記憶體安全: [passed]
2026-08-24 17:39:07,500 [ULTIMATE-FUSION] [INFO] 🌌 【全融合心跳】世代 [656] 開始運作...
2026-08-24 17:39:27,311 [ULTIMATE-FUSION] [INFO] 🌌 🛡️ [生產級守護] 正在執行背景健康檢查與狀態同步...
2026-08-24 17:39:27,313 [ULTIMATE-FUSION] [INFO] 🌌 ✨ [守護完成] 系統狀態: [operational] | 記憶體安全: [passed]
2026-08-24 17:39:37,422 [ULTIMATE-FUSION] [INFO] 🌌 【全融合心跳】世代 [657] 開始運作...
2026-08-24 17:39:52,801 [ULTIMATE-FUSION] [INFO] 🌌 🛡️ [生產級守護] 正在執行背景健康檢查與狀態同步...
2026-08-24 17:39:52,801 [ULTIMATE-FUSION] [INFO] 🌌 ✨ [守護完成] 系統狀態: [operational] | 記憶體安全: [passed]
2026-08-24 17:40:02,867 [ULTIMATE-FUSION] [INFO] 🌌 【全融合心跳】世代 [658] 開始運作...
2026-08-24 17:40:32,812 [ULTIMATE-FUSION] [INFO] 🌌 🛡️ [生產級守護] 正在執行背景健康檢查與狀態同步...
2026-08-24 17:40:32,813 [ULTIMATE-FUSION] [INFO] 🌌 ✨ [守護完成] 系統狀態: [operational] | 記憶體安全: [passed]
2026-08-24 17:40:42,863 [ULTIMATE-FUSION] [INFO] 🌌 【全融合心跳】世代 [659] 開始運作...
2026-08-24 17:41:00,631 [ULTIMATE-FUSION] [INFO] 🌌 🛡️ [生產級守護] 正在執行背景健康檢查與狀態同步...
2026-08-24 17:41:00,632 [ULTIMATE-FUSION] [INFO] 🌌 ✨ [守護完成] 系統狀態: [operational] | 記憶體安全: [passed]
2026-08-24 17:41:10,737 [ULTIMATE-FUSION] [INFO] 🌌 【全融合心跳】世代 [660] 開始運作...
2026-08-24 17:41:31,291 [ULTIMATE-FUSION] [INFO] 🌌 🛡️ [生產級守護] 正在執行背景健康檢查與狀態同步...
2026-08-24 17:41:31,293 [ULTIMATE-FUSION] [INFO] 🌌 ✨ [守護完成] 系統狀態: [operational] | 記憶體安全: [passed]
2026-08-24 17:41:41,394 [ULTIMATE-FUSION] [INFO] 🌌 【全融合心跳】世代 [661] 開始運作...
2026-08-24 17:42:02,073 [ULTIMATE-FUSION] [INFO] 🌌 🛡️ [生產級守護] 正在執行背景健康檢查與狀態同步...
2026-08-24 17:42:02,074 [ULTIMATE-FUSION] [INFO] 🌌 ✨ [守護完成] 系統狀態: [operational] | 記憶體安全: [passed]
2026-08-24 17:42:12,189 [ULTIMATE-FUSION] [INFO] 🌌 【全融合心跳】世代 [662] 開始運作...
2026-08-24 17:42:37,758 [ULTIMATE-FUSION] [INFO] 🌌 🛡️ [生產級守護] 正在執行背景健康檢查與狀態同步...
2026-08-24 17:42:37,760 [ULTIMATE-FUSION] [INFO] 🌌 ✨ [守護完成] 系統狀態: [operational] | 記憶體安全: [passed]
2026-08-24 17:42:47,878 [ULTIMATE-FUSION] [INFO] 🌌 【全融合心跳】世代 [663] 開始運作...
2026-08-24 17:43:09,066 [ULTIMATE-FUSION] [INFO] 🌌 🛡️ [生產級守護] 正在執行背景健康檢查與狀態同步...
2026-08-24 17:43:09,067 [ULTIMATE-FUSION] [INFO] 🌌 ✨ [守護完成] 系統狀態: [operational] | 記憶體安全: [passed]
2026-08-24 17:43:19,157 [ULTIMATE-FUSION] [INFO] 🌌 【全融合心跳】世代 [664] 開始運作...
2026-08-24 17:43:37,934 [ULTIMATE-FUSION] [INFO] 🌌 🛡️ [生產級守護] 正在執行背景健康檢查與狀態同步...
2026-08-24 17:43:37,936 [ULTIMATE-FUSION] [INFO] 🌌 ✨ [守護完成] 系統狀態: [operational] | 記憶體安全: [passed]
2026-08-24 17:43:48,034 [ULTIMATE-FUSION] [INFO] 🌌 【全融合心跳】世代 [665] 開始運作...
2026-08-24 17:44:06,854 [ULTIMATE-FUSION] [INFO] 🌌 🛡️ [生產級守護] 正在執行背景健康檢查與狀態同步...
2026-08-24 17:44:06,855 [ULTIMATE-FUSION] [INFO] 🌌 ✨ [守護完成] 系統狀態: [operational] | 記憶體安全: [passed]
2026-08-24 17:44:16,947 [ULTIMATE-FUSION] [INFO] 🌌 【全融合心跳】世代 [666] 開始運作...
2026-08-24 17:44:35,812 [ULTIMATE-FUSION] [INFO] 🌌 🛡️ [生產級守護] 正在執行背景健康檢查與狀態同步...
2026-08-24 17:44:35,813 [ULTIMATE-FUSION] [INFO] 🌌 ✨ [守護完成] 系統狀態: [operational] | 記憶體安全: [passed]
2026-08-24 17:44:45,921 [ULTIMATE-FUSION] [INFO] 🌌 【全融合心跳】世代 [667] 開始運作...
2026-08-24 17:45:00,902 [ULTIMATE-FUSION] [INFO] 🌌 🛡️ [生產級守護] 正在執行背景健康檢查與狀態同步...
2026-08-24 17:45:00,904 [ULTIMATE-FUSION] [INFO] 🌌 ✨ [守護完成] 系統狀態: [operational] | 記憶體安全: [passed]
2026-08-24 17:45:11,042 [ULTIMATE-FUSION] [INFO] 🌌 【全融合心跳】世代 [668] 開始運作...
2026-08-24 17:45:30,611 [ULTIMATE-FUSION] [INFO] 🌌 🛡️ [生產級守護] 正在執行背景健康檢查與狀態同步...
2026-08-24 17:45:30,613 [ULTIMATE-FUSION] [INFO] 🌌 ✨ [守護完成] 系統狀態: [operational] | 記憶體安全: [passed]
2026-08-24 17:45:40,726 [ULTIMATE-FUSION] [INFO] 🌌 【全融合心跳】世代 [669] 開始運作...
2026-08-24 17:45:59,994 [ULTIMATE-FUSION] [INFO] 🌌 🛡️ [生產級守護] 正在執行背景健康檢查與狀態同步...
2026-08-24 17:45:59,996 [ULTIMATE-FUSION] [INFO] 🌌 ✨ [守護完成] 系統狀態: [operational] | 記憶體安全: [passed]
2026-08-24 17:46:10,099 [ULTIMATE-FUSION] [INFO] 🌌 【全融合心跳】世代 [670] 開始運作...
2026-08-24 17:46:30,550 [ULTIMATE-FUSION] [INFO] 🌌 🛡️ [生產級守護] 正在執行背景健康檢查與狀態同步...
2026-08-24 17:46:30,552 [ULTIMATE-FUSION] [INFO] 🌌 ✨ [守護完成] 系統狀態: [operational] | 記憶體安全: [passed]
2026-08-24 17:46:40,660 [ULTIMATE-FUSION] [INFO] 🌌 【全融合心跳】世代 [671] 開始運作...
2026-08-24 17:46:55,888 [ULTIMATE-FUSION] [INFO] 🌌 🛡️ [生產級守護] 正在執行背景健康檢查與狀態同步...
2026-08-24 17:46:55,890 [ULTIMATE-FUSION] [INFO] 🌌 ✨ [守護完成] 系統狀態: [operational] | 記憶體安全: [passed]
2026-08-24 17:47:05,996 [ULTIMATE-FUSION] [INFO] 🌌 【全融合心跳】世代 [672] 開始運作...
2026-08-24 17:47:26,318 [ULTIMATE-FUSION] [INFO] 🌌 🛡️ [生產級守護] 正在執行背景健康檢查與狀態同步...
2026-08-24 17:47:26,319 [ULTIMATE-FUSION] [INFO] 🌌 ✨ [守護完成] 系統狀態: [operational] | 記憶體安全: [passed]
2026-08-24 17:47:36,455 [ULTIMATE-FUSION] [INFO] 🌌 【全融合心跳】世代 [673] 開始運作...
2026-08-24 17:47:50,779 [ULTIMATE-FUSION] [INFO] 🌌 🛡️ [生產級守護] 正在執行背景健康檢查與狀態同步...
2026-08-24 17:47:50,779 [ULTIMATE-FUSION] [INFO] 🌌 ✨ [守護完成] 系統狀態: [operational] | 記憶體安全: [passed]
2026-08-24 17:48:00,857 [ULTIMATE-FUSION] [INFO] 🌌 【全融合心跳】世代 [674] 開始運作...
2026-08-24 17:50:09,247 [ULTIMATE-FUSION] [INFO] 🌌 🛡️ [生產級守護] 正在執行背景健康檢查與狀態同步...
2026-08-24 17:50:09,248 [ULTIMATE-FUSION] [INFO] 🌌 ✨ [守護完成] 系統狀態: [operational] | 記憶體安全: [passed]
2026-08-24 17:59:22,209 [ULTIMATE-FUSION] [INFO] 🌌 【全融合心跳】世代 [675] 開始運作...
2026-08-24 18:00:19,410 [ULTIMATE-FUSION] [INFO] 🌌 🛡️ [生產級守護] 正在執行背景健康檢查與狀態同步...
2026-08-24 18:00:19,411 [ULTIMATE-FUSION] [INFO] 🌌 ✨ [守護完成] 系統狀態: [operational] | 記憶體安全: [passed]
2026-08-24 18:08:05,398 [ULTIMATE-FUSION] [INFO] 🌌 【全融合心跳】世代 [676] 開始運作...
2026-08-24 18:10:23,810 [ULTIMATE-FUSION] [INFO] 🌌 🛡️ [生產級守護] 正在執行背景健康檢查與狀態同步...
2026-08-24 18:10:23,811 [ULTIMATE-FUSION] [INFO] 🌌 ✨ [守護完成] 系統狀態: [operational] | 記憶體安全: [passed]
2026-08-24 18:10:33,932 [ULTIMATE-FUSION] [INFO] 🌌 【全融合心跳】世代 [677] 開始運作...
2026-08-24 18:10:56,738 [ULTIMATE-FUSION] [INFO] 🌌 🛡️ [生產級守護] 正在執行背景健康檢查與狀態同步...
2026-08-24 18:10:56,738 [ULTIMATE-FUSION] [INFO] 🌌 ✨ [守護完成] 系統狀態: [operational] | 記憶體安全: [passed]
2026-08-24 18:17:11,827 [ULTIMATE-FUSION] [INFO] 🌌 【全融合心跳】世代 [678] 開始運作...
2026-08-24 18:18:04,185 [ULTIMATE-FUSION] [INFO] 🌌 🛡️ [生產級守護] 正在執行背景健康檢查與狀態同步...
2026-08-24 18:18:04,187 [ULTIMATE-FUSION] [INFO] 🌌 ✨ [守護完成] 系統狀態: [operational] | 記憶體安全: [passed]
2026-08-24 18:19:55,392 [ULTIMATE-FUSION] [INFO] 🌌 【全融合心跳】世代 [679] 開始運作...
2026-08-24 18:21:04,097 [ULTIMATE-FUSION] [INFO] 🌌 🛡️ [生產級守護] 正在執行背景健康檢查與狀態同步...
2026-08-24 18:21:04,098 [ULTIMATE-FUSION] [INFO] 🌌 ✨ [守護完成] 系統狀態: [operational] | 記憶體安全: [passed]
2026-08-24 18:25:06,295 [ULTIMATE-FUSION] [INFO] 🌌 【全融合心跳】世代 [680] 開始運作...
2026-08-24 18:26:14,384 [ULTIMATE-FUSION] [INFO] 🌌 🛡️ [生產級守護] 正在執行背景健康檢查與狀態同步...
2026-08-24 18:26:14,385 [ULTIMATE-FUSION] [INFO] 🌌 ✨ [守護完成] 系統狀態: [operational] | 記憶體安全: [passed]
2026-08-24 18:28:05,889 [ULTIMATE-FUSION] [INFO] 🌌 【全融合心跳】世代 [681] 開始運作...
2026-08-24 18:28:25,882 [ULTIMATE-FUSION] [INFO] 🌌 🛡️ [生產級守護] 正在執行背景健康檢查與狀態同步...
2026-08-24 18:28:25,883 [ULTIMATE-FUSION] [INFO] 🌌 ✨ [守護完成] 系統狀態: [operational] | 記憶體安全: [passed]
2026-08-24 18:31:03,138 [ULTIMATE-FUSION] [INFO] 🌌 【全融合心跳】世代 [682] 開始運作...
2026-08-24 18:31:23,182 [ULTIMATE-FUSION] [INFO] 🌌 🛡️ [生產級守護] 正在執行背景健康檢查與狀態同步...
2026-08-24 18:31:23,182 [ULTIMATE-FUSION] [INFO] 🌌 ✨ [守護完成] 系統狀態: [operational] | 記憶體安全: [passed]
2026-08-24 18:34:12,864 [ULTIMATE-FUSION] [INFO] 🌌 【全融合心跳】世代 [683] 開始運作...
2026-08-24 18:34:51,299 [ULTIMATE-FUSION] [INFO] 🌌 🛡️ [生產級守護] 正在執行背景健康檢查與狀態同步...
2026-08-24 18:34:51,301 [ULTIMATE-FUSION] [INFO] 🌌 ✨ [守護完成] 系統狀態: [operational] | 記憶體安全: [passed]
2026-08-24 18:37:30,957 [ULTIMATE-FUSION] [INFO] 🌌 【全融合心跳】世代 [684] 開始運作...
2026-08-24 18:38:33,672 [ULTIMATE-FUSION] [INFO] 🌌 🛡️ [生產級守護] 正在執行背景健康檢查與狀態同步...
2026-08-24 18:38:33,673 [ULTIMATE-FUSION] [INFO] 🌌 ✨ [守護完成] 系統狀態: [operational] | 記憶體安全: [passed]
2026-08-24 18:41:29,668 [ULTIMATE-FUSION] [INFO] 🌌 【全融合心跳】世代 [685] 開始運作...
2026-08-24 18:42:26,469 [ULTIMATE-FUSION] [INFO] 🌌 🛡️ [生產級守護] 正在執行背景健康檢查與狀態同步...
2026-08-24 18:42:26,469 [ULTIMATE-FUSION] [INFO] 🌌 ✨ [守護完成] 系統狀態: [operational] | 記憶體安全: [passed]
2026-08-24 18:43:04,434 [ULTIMATE-FUSION] [INFO] 🌌 【全融合心跳】世代 [686] 開始運作...
2026-08-24 18:43:25,221 [ULTIMATE-FUSION] [INFO] 🌌 🛡️ [生產級守護] 正在執行背景健康檢查與狀態同步...
2026-08-24 18:43:25,221 [ULTIMATE-FUSION] [INFO] 🌌 ✨ [守護完成] 系統狀態: [operational] | 記憶體安全: [passed]
2026-08-24 18:44:59,466 [ULTIMATE-FUSION] [INFO] 🌌 【全融合心跳】世代 [687] 開始運作...
2026-08-24 18:45:22,626 [ULTIMATE-FUSION] [INFO] 🌌 🛡️ [生產級守護] 正在執行背景健康檢查與狀態同步...
2026-08-24 18:45:22,627 [ULTIMATE-FUSION] [INFO] 🌌 ✨ [守護完成] 系統狀態: [operational] | 記憶體安全: [passed]
2026-08-24 18:45:52,222 [ULTIMATE-FUSION] [INFO] 🌌 【全融合心跳】世代 [688] 開始運作...
2026-08-24 18:46:21,397 [ULTIMATE-FUSION] [INFO] 🌌 🛡️ [生產級守護] 正在執行背景健康檢查與狀態同步...
2026-08-24 18:46:21,398 [ULTIMATE-FUSION] [INFO] 🌌 ✨ [守護完成] 系統狀態: [operational] | 記憶體安全: [passed]
2026-08-24 18:47:37,274 [ULTIMATE-FUSION] [INFO] 🌌 【全融合心跳】世代 [689] 開始運作...
2026-08-24 18:48:04,598 [ULTIMATE-FUSION] [INFO] 🌌 🛡️ [生產級守護] 正在執行背景健康檢查與狀態同步...
2026-08-24 18:48:04,598 [ULTIMATE-FUSION] [INFO] 🌌 ✨ [守護完成] 系統狀態: [operational] | 記憶體安全: [passed]
2026-08-24 18:50:10,024 [ULTIMATE-FUSION] [INFO] 🌌 【全融合心跳】世代 [690] 開始運作...
2026-08-24 18:50:54,766 [ULTIMATE-FUSION] [INFO] 🌌 🛡️ [生產級守護] 正在執行背景健康檢查與狀態同步...
2026-08-24 18:50:54,769 [ULTIMATE-FUSION] [INFO] 🌌 ✨ [守護完成] 系統狀態: [operational] | 記憶體安全: [passed]
2026-08-24 18:52:25,316 [ULTIMATE-FUSION] [INFO] 🌌 【全融合心跳】世代 [691] 開始運作...
2026-08-24 18:52:45,297 [ULTIMATE-FUSION] [INFO] 🌌 🛡️ [生產級守護] 正在執行背景健康檢查與狀態同步...
2026-08-24 18:52:45,297 [ULTIMATE-FUSION] [INFO] 🌌 ✨ [守護完成] 系統狀態: [operational] | 記憶體安全: [passed]
2026-08-24 18:53:40,497 [ULTIMATE-FUSION] [INFO] 🌌 【全融合心跳】世代 [692] 開始運作...
2026-08-24 18:53:54,805 [ULTIMATE-FUSION] [INFO] 🌌 🛡️ [生產級守護] 正在執行背景健康檢查與狀態同步...
2026-08-24 18:53:54,807 [ULTIMATE-FUSION] [INFO] 🌌 ✨ [守護完成] 系統狀態: [operational] | 記憶體安全: [passed]
2026-08-24 18:54:04,991 [ULTIMATE-FUSION] [INFO] 🌌 【全融合心跳】世代 [693] 開始運作...
2026-08-24 18:54:21,140 [ULTIMATE-FUSION] [INFO] 🌌 🛡️ [生產級守護] 正在執行背景健康檢查與狀態同步...
2026-08-24 18:54:21,145 [ULTIMATE-FUSION] [INFO] 🌌 ✨ [守護完成] 系統狀態: [operational] | 記憶體安全: [passed]
2026-08-24 18:54:31,295 [ULTIMATE-FUSION] [INFO] 🌌 【全融合心跳】世代 [694] 開始運作...
2026-08-24 18:54:48,103 [ULTIMATE-FUSION] [INFO] 🌌 🛡️ [生產級守護] 正在執行背景健康檢查與狀態同步...
2026-08-24 18:54:48,105 [ULTIMATE-FUSION] [INFO] 🌌 ✨ [守護完成] 系統狀態: [operational] | 記憶體安全: [passed]
2026-08-24 18:54:58,255 [ULTIMATE-FUSION] [INFO] 🌌 【全融合心跳】世代 [695] 開始運作...
2026-08-24 18:55:15,702 [ULTIMATE-FUSION] [INFO] 🌌 🛡️ [生產級守護] 正在執行背景健康檢查與狀態同步...
2026-08-24 18:55:15,702 [ULTIMATE-FUSION] [INFO] 🌌 ✨ [守護完成] 系統狀態: [operational] | 記憶體安全: [passed]
2026-08-24 18:55:25,771 [ULTIMATE-FUSION] [INFO] 🌌 【全融合心跳】世代 [696] 開始運作...
2026-08-24 18:55:42,510 [ULTIMATE-FUSION] [INFO] 🌌 🛡️ [生產級守護] 正在執行背景健康檢查與狀態同步...
2026-08-24 18:55:42,511 [ULTIMATE-FUSION] [INFO] 🌌 ✨ [守護完成] 系統狀態: [operational] | 記憶體安全: [passed]
2026-08-24 18:55:52,569 [ULTIMATE-FUSION] [INFO] 🌌 【全融合心跳】世代 [697] 開始運作...
2026-08-24 18:56:07,894 [ULTIMATE-FUSION] [INFO] 🌌 🛡️ [生產級守護] 正在執行背景健康檢查與狀態同步...
2026-08-24 18:56:07,897 [ULTIMATE-FUSION] [INFO] 🌌 ✨ [守護完成] 系統狀態: [operational] | 記憶體安全: [passed]
2026-08-24 18:56:18,057 [ULTIMATE-FUSION] [INFO] 🌌 【全融合心跳】世代 [698] 開始運作...
2026-08-24 18:56:44,295 [ULTIMATE-FUSION] [INFO] 🌌 🛡️ [生產級守護] 正在執行背景健康檢查與狀態同步...
2026-08-24 18:56:44,296 [ULTIMATE-FUSION] [INFO] 🌌 ✨ [守護完成] 系統狀態: [operational] | 記憶體安全: [passed]
2026-08-24 18:56:54,398 [ULTIMATE-FUSION] [INFO] 🌌 【全融合心跳】世代 [699] 開始運作...
2026-08-24 18:57:16,445 [ULTIMATE-FUSION] [INFO] 🌌 🛡️ [生產級守護] 正在執行背景健康檢查與狀態同步...
2026-08-24 18:57:16,445 [ULTIMATE-FUSION] [INFO] 🌌 ✨ [守護完成] 系統狀態: [operational] | 記憶體安全: [passed]
2026-08-24 18:57:26,486 [ULTIMATE-FUSION] [INFO] 🌌 【全融合心跳】世代 [700] 開始運作...
2026-08-24 18:57:50,946 [ULTIMATE-FUSION] [INFO] 🌌 🛡️ [生產級守護] 正在執行背景健康檢查與狀態同步...
2026-08-24 18:57:50,947 [ULTIMATE-FUSION] [INFO] 🌌 ✨ [守護完成] 系統狀態: [operational] | 記憶體安全: [passed]
2026-08-24 18:58:01,033 [ULTIMATE-FUSION] [INFO] 🌌 【全融合心跳】世代 [701] 開始運作...
2026-08-24 18:58:28,841 [ULTIMATE-FUSION] [INFO] 🌌 🛡️ [生產級守護] 正在執行背景健康檢查與狀態同步...
2026-08-24 18:58:28,843 [ULTIMATE-FUSION] [INFO] 🌌 ✨ [守護完成] 系統狀態: [operational] | 記憶體安全: [passed]
2026-08-24 18:58:39,018 [ULTIMATE-FUSION] [INFO] 🌌 【全融合心跳】世代 [702] 開始運作...
2026-08-24 18:59:03,395 [ULTIMATE-FUSION] [INFO] 🌌 🛡️ [生產級守護] 正在執行背景健康檢查與狀態同步...
2026-08-24 18:59:03,395 [ULTIMATE-FUSION] [INFO] 🌌 ✨ [守護完成] 系統狀態: [operational] | 記憶體安全: [passed]
2026-08-24 18:59:13,507 [ULTIMATE-FUSION] [INFO] 🌌 【全融合心跳】世代 [703] 開始運作...
2026-08-24 18:59:39,760 [ULTIMATE-FUSION] [INFO] 🌌 🛡️ [生產級守護] 正在執行背景健康檢查與狀態同步...
2026-08-24 18:59:39,763 [ULTIMATE-FUSION] [INFO] 🌌 ✨ [守護完成] 系統狀態: [operational] | 記憶體安全: [passed]
2026-08-24 18:59:49,987 [ULTIMATE-FUSION] [INFO] 🌌 【全融合心跳】世代 [704] 開始運作...
2026-08-24 19:00:26,219 [ULTIMATE-FUSION] [INFO] 🌌 🛡️ [生產級守護] 正在執行背景健康檢查與狀態同步...
2026-08-24 19:00:26,221 [ULTIMATE-FUSION] [INFO] 🌌 ✨ [守護完成] 系統狀態: [operational] | 記憶體安全: [passed]
2026-08-24 19:00:36,361 [ULTIMATE-FUSION] [INFO] 🌌 【全融合心跳】世代 [705] 開始運作...
2026-08-24 19:00:59,469 [ULTIMATE-FUSION] [INFO] 🌌 🛡️ [生產級守護] 正在執行背景健康檢查與狀態同步...
2026-08-24 19:00:59,472 [ULTIMATE-FUSION] [INFO] 🌌 ✨ [守護完成] 系統狀態: [operational] | 記憶體安全: [passed]
2026-08-24 19:01:09,663 [ULTIMATE-FUSION] [INFO] 🌌 【全融合心跳】世代 [706] 開始運作...
2026-08-24 19:01:32,718 [ULTIMATE-FUSION] [INFO] 🌌 🛡️ [生產級守護] 正在執行背景健康檢查與狀態同步...
2026-08-24 19:01:32,719 [ULTIMATE-FUSION] [INFO] 🌌 ✨ [守護完成] 系統狀態: [operational] | 記憶體安全: [passed]
2026-08-24 19:01:42,822 [ULTIMATE-FUSION] [INFO] 🌌 【全融合心跳】世代 [707] 開始運作...
2026-08-24 19:02:08,964 [ULTIMATE-FUSION] [INFO] 🌌 🛡️ [生產級守護] 正在執行背景健康檢查與狀態同步...
2026-08-24 19:02:08,968 [ULTIMATE-FUSION] [INFO] 🌌 ✨ [守護完成] 系統狀態: [operational] | 記憶體安全: [passed]
2026-08-24 19:02:19,148 [ULTIMATE-FUSION] [INFO] 🌌 【全融合心跳】世代 [708] 開始運作...
2026-08-24 19:02:46,160 [ULTIMATE-FUSION] [INFO] 🌌 🛡️ [生產級守護] 正在執行背景健康檢查與狀態同步...
2026-08-24 19:02:46,162 [ULTIMATE-FUSION] [INFO] 🌌 ✨ [守護完成] 系統狀態: [operational] | 記憶體安全: [passed]
2026-08-24 19:02:56,240 [ULTIMATE-FUSION] [INFO] 🌌 【全融合心跳】世代 [709] 開始運作...
2026-08-24 19:03:18,552 [ULTIMATE-FUSION] [INFO] 🌌 🛡️ [生產級守護] 正在執行背景健康檢查與狀態同步...
2026-08-24 19:03:18,553 [ULTIMATE-FUSION] [INFO] 🌌 ✨ [守護完成] 系統狀態: [operational] | 記憶體安全: [passed]
2026-08-24 19:03:28,642 [ULTIMATE-FUSION] [INFO] 🌌 【全融合心跳】世代 [710] 開始運作...
2026-08-24 19:03:49,006 [ULTIMATE-FUSION] [INFO] 🌌 🛡️ [生產級守護] 正在執行背景健康檢查與狀態同步...
2026-08-24 19:03:49,007 [ULTIMATE-FUSION] [INFO] 🌌 ✨ [守護完成] 系統狀態: [operational] | 記憶體安全: [passed]
2026-08-24 19:03:59,076 [ULTIMATE-FUSION] [INFO] 🌌 【全融合心跳】世代 [711] 開始運作...
2026-08-24 19:04:26,345 [ULTIMATE-FUSION] [INFO] 🌌 🛡️ [生產級守護] 正在執行背景健康檢查與狀態同步...
2026-08-24 19:04:26,346 [ULTIMATE-FUSION] [INFO] 🌌 ✨ [守護完成] 系統狀態: [operational] | 記憶體安全: [passed]
2026-08-24 19:04:36,436 [ULTIMATE-FUSION] [INFO] 🌌 【全融合心跳】世代 [712] 開始運作...
2026-08-24 19:04:53,143 [ULTIMATE-FUSION] [INFO] 🌌 🛡️ [生產級守護] 正在執行背景健康檢查與狀態同步...
2026-08-24 19:04:53,143 [ULTIMATE-FUSION] [INFO] 🌌 ✨ [守護完成] 系統狀態: [operational] | 記憶體安全: [passed]
2026-08-24 19:05:03,226 [ULTIMATE-FUSION] [INFO] 🌌 【全融合心跳】世代 [713] 開始運作...
2026-08-24 19:05:24,156 [ULTIMATE-FUSION] [INFO] 🌌 🛡️ [生產級守護] 正在執行背景健康檢查與狀態同步...
2026-08-24 19:05:24,157 [ULTIMATE-FUSION] [INFO] 🌌 ✨ [守護完成] 系統狀態: [operational] | 記憶體安全: [passed]
2026-08-24 19:05:34,254 [ULTIMATE-FUSION] [INFO] 🌌 【全融合心跳】世代 [714] 開始運作...
2026-08-24 19:05:59,126 [ULTIMATE-FUSION] [INFO] 🌌 🛡️ [生產級守護] 正在執行背景健康檢查與狀態同步...
2026-08-24 19:05:59,127 [ULTIMATE-FUSION] [INFO] 🌌 ✨ [守護完成] 系統狀態: [operational] | 記憶體安全: [passed]
2026-08-24 19:06:09,216 [ULTIMATE-FUSION] [INFO] 🌌 【全融合心跳】世代 [715] 開始運作...
2026-08-24 19:06:36,157 [ULTIMATE-FUSION] [INFO] 🌌 🛡️ [生產級守護] 正在執行背景健康檢查與狀態同步...
2026-08-24 19:06:36,158 [ULTIMATE-FUSION] [INFO] 🌌 ✨ [守護完成] 系統狀態: [operational] | 記憶體安全: [passed]
2026-08-24 19:06:46,218 [ULTIMATE-FUSION] [INFO] 🌌 【全融合心跳】世代 [716] 開始運作...
2026-08-24 19:07:13,367 [ULTIMATE-FUSION] [INFO] 🌌 🛡️ [生產級守護] 正在執行背景健康檢查與狀態同步...
2026-08-24 19:07:13,368 [ULTIMATE-FUSION] [INFO] 🌌 ✨ [守護完成] 系統狀態: [operational] | 記憶體安全: [passed]
2026-08-24 19:07:23,444 [ULTIMATE-FUSION] [INFO] 🌌 【全融合心跳】世代 [717] 開始運作...
2026-08-24 19:07:42,572 [ULTIMATE-FUSION] [INFO] 🌌 🛡️ [生產級守護] 正在執行背景健康檢查與狀態同步...
2026-08-24 19:07:42,573 [ULTIMATE-FUSION] [INFO] 🌌 ✨ [守護完成] 系統狀態: [operational] | 記憶體安全: [passed]
2026-08-24 19:07:52,653 [ULTIMATE-FUSION] [INFO] 🌌 【全融合心跳】世代 [718] 開始運作...
2026-08-24 19:08:10,214 [ULTIMATE-FUSION] [INFO] 🌌 🛡️ [生產級守護] 正在執行背景健康檢查與狀態同步...
2026-08-24 19:08:10,215 [ULTIMATE-FUSION] [INFO] 🌌 ✨ [守護完成] 系統狀態: [operational] | 記憶體安全: [passed]
2026-08-24 19:08:20,312 [ULTIMATE-FUSION] [INFO] 🌌 【全融合心跳】世代 [719] 開始運作...
2026-08-24 19:08:37,605 [ULTIMATE-FUSION] [INFO] 🌌 🛡️ [生產級守護] 正在執行背景健康檢查與狀態同步...
2026-08-24 19:08:37,606 [ULTIMATE-FUSION] [INFO] 🌌 ✨ [守護完成] 系統狀態: [operational] | 記憶體安全: [passed]
2026-08-24 19:08:47,688 [ULTIMATE-FUSION] [INFO] 🌌 【全融合心跳】世代 [720] 開始運作...
2026-08-24 19:09:10,316 [ULTIMATE-FUSION] [INFO] 🌌 🛡️ [生產級守護] 正在執行背景健康檢查與狀態同步...
2026-08-24 19:09:10,318 [ULTIMATE-FUSION] [INFO] 🌌 ✨ [守護完成] 系統狀態: [operational] | 記憶體安全: [passed]
2026-08-24 19:09:20,399 [ULTIMATE-FUSION] [INFO] 🌌 【全融合心跳】世代 [721] 開始運作...
2026-08-24 19:09:37,135 [ULTIMATE-FUSION] [INFO] 🌌 🛡️ [生產級守護] 正在執行背景健康檢查與狀態同步...
2026-08-24 19:09:37,135 [ULTIMATE-FUSION] [INFO] 🌌 ✨ [守護完成] 系統狀態: [operational] | 記憶體安全: [passed]
2026-08-24 19:09:47,215 [ULTIMATE-FUSION] [INFO] 🌌 【全融合心跳】世代 [722] 開始運作...
2026-08-24 19:10:17,691 [ULTIMATE-FUSION] [INFO] 🌌 🛡️ [生產級守護] 正在執行背景健康檢查與狀態同步...
2026-08-24 19:10:17,692 [ULTIMATE-FUSION] [INFO] 🌌 ✨ [守護完成] 系統狀態: [operational] | 記憶體安全: [passed]
2026-08-24 19:10:27,759 [ULTIMATE-FUSION] [INFO] 🌌 【全融合心跳】世代 [723] 開始運作...
2026-08-24 19:10:50,756 [ULTIMATE-FUSION] [INFO] 🌌 🛡️ [生產級守護] 正在執行背景健康檢查與狀態同步...
2026-08-24 19:10:50,757 [ULTIMATE-FUSION] [INFO] 🌌 ✨ [守護完成] 系統狀態: [operational] | 記憶體安全: [passed]
2026-08-24 19:11:00,863 [ULTIMATE-FUSION] [INFO] 🌌 【全融合心跳】世代 [724] 開始運作...
2026-08-24 19:11:22,521 [ULTIMATE-FUSION] [INFO] 🌌 🛡️ [生產級守護] 正在執行背景健康檢查與狀態同步...
2026-08-24 19:11:22,553 [ULTIMATE-FUSION] [INFO] 🌌 ✨ [守護完成] 系統狀態: [operational] | 記憶體安全: [passed]
2026-08-24 19:11:32,806 [ULTIMATE-FUSION] [INFO] 🌌 【全融合心跳】世代 [725] 開始運作...
2026-08-24 19:11:51,395 [ULTIMATE-FUSION] [INFO] 🌌 🛡️ [生產級守護] 正在執行背景健康檢查與狀態同步...
2026-08-24 19:11:51,402 [ULTIMATE-FUSION] [INFO] 🌌 ✨ [守護完成] 系統狀態: [operational] | 記憶體安全: [passed]
2026-08-24 19:12:01,540 [ULTIMATE-FUSION] [INFO] 🌌 【全融合心跳】世代 [726] 開始運作...
2026-08-24 19:12:25,138 [ULTIMATE-FUSION] [INFO] 🌌 🛡️ [生產級守護] 正在執行背景健康檢查與狀態同步...
2026-08-24 19:12:25,139 [ULTIMATE-FUSION] [INFO] 🌌 ✨ [守護完成] 系統狀態: [operational] | 記憶體安全: [passed]
2026-08-24 19:12:35,233 [ULTIMATE-FUSION] [INFO] 🌌 【全融合心跳】世代 [727] 開始運作...
2026-08-24 19:12:56,241 [ULTIMATE-FUSION] [INFO] 🌌 🛡️ [生產級守護] 正在執行背景健康檢查與狀態同步...
2026-08-24 19:12:56,242 [ULTIMATE-FUSION] [INFO] 🌌 ✨ [守護完成] 系統狀態: [operational] | 記憶體安全: [passed]
2026-08-24 19:13:06,368 [ULTIMATE-FUSION] [INFO] 🌌 【全融合心跳】世代 [728] 開始運作...
2026-08-24 19:13:26,408 [ULTIMATE-FUSION] [INFO] 🌌 🛡️ [生產級守護] 正在執行背景健康檢查與狀態同步...
2026-08-24 19:13:26,410 [ULTIMATE-FUSION] [INFO] 🌌 ✨ [守護完成] 系統狀態: [operational] | 記憶體安全: [passed]
2026-08-24 19:13:36,499 [ULTIMATE-FUSION] [INFO] 🌌 【全融合心跳】世代 [729] 開始運作...
2026-08-24 19:13:58,124 [ULTIMATE-FUSION] [INFO] 🌌 🛡️ [生產級守護] 正在執行背景健康檢查與狀態同步...
2026-08-24 19:13:58,125 [ULTIMATE-FUSION] [INFO] 🌌 ✨ [守護完成] 系統狀態: [operational] | 記憶體安全: [passed]
2026-08-24 19:14:08,217 [ULTIMATE-FUSION] [INFO] 🌌 【全融合心跳】世代 [730] 開始運作...
2026-08-24 19:14:28,896 [ULTIMATE-FUSION] [INFO] 🌌 🛡️ [生產級守護] 正在執行背景健康檢查與狀態同步...
2026-08-24 19:14:28,898 [ULTIMATE-FUSION] [INFO] 🌌 ✨ [守護完成] 系統狀態: [operational] | 記憶體安全: [passed]
2026-08-24 19:14:39,007 [ULTIMATE-FUSION] [INFO] 🌌 【全融合心跳】世代 [731] 開始運作...
2026-08-24 19:14:57,581 [ULTIMATE-FUSION] [INFO] 🌌 🛡️ [生產級守護] 正在執行背景健康檢查與狀態同步...
2026-08-24 19:14:57,582 [ULTIMATE-FUSION] [INFO] 🌌 ✨ [守護完成] 系統狀態: [operational] | 記憶體安全: [passed]
2026-08-24 19:15:07,676 [ULTIMATE-FUSION] [INFO] 🌌 【全融合心跳】世代 [732] 開始運作...
2026-08-24 19:15:29,708 [ULTIMATE-FUSION] [INFO] 🌌 🛡️ [生產級守護] 正在執行背景健康檢查與狀態同步...
2026-08-24 19:15:29,710 [ULTIMATE-FUSION] [INFO] 🌌 ✨ [守護完成] 系統狀態: [operational] | 記憶體安全: [passed]
2026-08-24 19:15:39,819 [ULTIMATE-FUSION] [INFO] 🌌 【全融合心跳】世代 [733] 開始運作...
2026-08-24 19:16:02,642 [ULTIMATE-FUSION] [INFO] 🌌 🛡️ [生產級守護] 正在執行背景健康檢查與狀態同步...
2026-08-24 19:16:02,643 [ULTIMATE-FUSION] [INFO] 🌌 ✨ [守護完成] 系統狀態: [operational] | 記憶體安全: [passed]
2026-08-24 19:16:12,744 [ULTIMATE-FUSION] [INFO] 🌌 【全融合心跳】世代 [734] 開始運作...
2026-08-24 19:16:31,579 [ULTIMATE-FUSION] [INFO] 🌌 🛡️ [生產級守護] 正在執行背景健康檢查與狀態同步...
2026-08-24 19:16:31,580 [ULTIMATE-FUSION] [INFO] 🌌 ✨ [守護完成] 系統狀態: [operational] | 記憶體安全: [passed]
2026-08-24 19:16:41,674 [ULTIMATE-FUSION] [INFO] 🌌 【全融合心跳】世代 [735] 開始運作...
2026-08-24 19:16:58,028 [ULTIMATE-FUSION] [INFO] 🌌 🛡️ [生產級守護] 正在執行背景健康檢查與狀態同步...
2026-08-24 19:16:58,029 [ULTIMATE-FUSION] [INFO] 🌌 ✨ [守護完成] 系統狀態: [operational] | 記憶體安全: [passed]
2026-08-24 19:17:08,119 [ULTIMATE-FUSION] [INFO] 🌌 【全融合心跳】世代 [736] 開始運作...
2026-08-24 19:17:23,411 [ULTIMATE-FUSION] [INFO] 🌌 🛡️ [生產級守護] 正在執行背景健康檢查與狀態同步...
2026-08-24 19:17:23,411 [ULTIMATE-FUSION] [INFO] 🌌 ✨ [守護完成] 系統狀態: [operational] | 記憶體安全: [passed]
2026-08-24 19:17:33,471 [ULTIMATE-FUSION] [INFO] 🌌 【全融合心跳】世代 [737] 開始運作...
2026-08-24 19:17:52,627 [ULTIMATE-FUSION] [INFO] 🌌 🛡️ [生產級守護] 正在執行背景健康檢查與狀態同步...
2026-08-24 19:17:52,627 [ULTIMATE-FUSION] [INFO] 🌌 ✨ [守護完成] 系統狀態: [operational] | 記憶體安全: [passed]
2026-08-24 19:18:02,743 [ULTIMATE-FUSION] [INFO] 🌌 【全融合心跳】世代 [738] 開始運作...
2026-08-24 19:18:35,758 [ULTIMATE-FUSION] [INFO] 🌌 🛡️ [生產級守護] 正在執行背景健康檢查與狀態同步...
2026-08-24 19:18:35,759 [ULTIMATE-FUSION] [INFO] 🌌 ✨ [守護完成] 系統狀態: [operational] | 記憶體安全: [passed]
2026-08-24 19:18:45,859 [ULTIMATE-FUSION] [INFO] 🌌 【全融合心跳】世代 [739] 開始運作...
2026-08-24 19:19:05,798 [ULTIMATE-FUSION] [INFO] 🌌 🛡️ [生產級守護] 正在執行背景健康檢查與狀態同步...
2026-08-24 19:19:05,800 [ULTIMATE-FUSION] [INFO] 🌌 ✨ [守護完成] 系統狀態: [operational] | 記憶體安全: [passed]
2026-08-24 19:19:15,919 [ULTIMATE-FUSION] [INFO] 🌌 【全融合心跳】世代 [740] 開始運作...
2026-08-24 19:19:35,170 [ULTIMATE-FUSION] [INFO] 🌌 🛡️ [生產級守護] 正在執行背景健康檢查與狀態同步...
2026-08-24 19:19:35,172 [ULTIMATE-FUSION] [INFO] 🌌 ✨ [守護完成] 系統狀態: [operational] | 記憶體安全: [passed]
2026-08-24 19:19:45,270 [ULTIMATE-FUSION] [INFO] 🌌 【全融合心跳】世代 [741] 開始運作...
2026-08-24 19:20:09,719 [ULTIMATE-FUSION] [INFO] 🌌 🛡️ [生產級守護] 正在執行背景健康檢查與狀態同步...
2026-08-24 19:20:09,719 [ULTIMATE-FUSION] [INFO] 🌌 ✨ [守護完成] 系統狀態: [operational] | 記憶體安全: [passed]
2026-08-24 19:20:19,815 [ULTIMATE-FUSION] [INFO] 🌌 【全融合心跳】世代 [742] 開始運作...
2026-08-24 19:20:37,862 [ULTIMATE-FUSION] [INFO] 🌌 🛡️ [生產級守護] 正在執行背景健康檢查與狀態同步...
2026-08-24 19:20:37,863 [ULTIMATE-FUSION] [INFO] 🌌 ✨ [守護完成] 系統狀態: [operational] | 記憶體安全: [passed]
2026-08-24 19:20:47,930 [ULTIMATE-FUSION] [INFO] 🌌 【全融合心跳】世代 [743] 開始運作...
2026-08-24 19:21:16,162 [ULTIMATE-FUSION] [INFO] 🌌 🛡️ [生產級守護] 正在執行背景健康檢查與狀態同步...
2026-08-24 19:21:16,163 [ULTIMATE-FUSION] [INFO] 🌌 ✨ [守護完成] 系統狀態: [operational] | 記憶體安全: [passed]
2026-08-24 19:21:26,209 [ULTIMATE-FUSION] [INFO] 🌌 【全融合心跳】世代 [744] 開始運作...
2026-08-24 19:21:43,507 [ULTIMATE-FUSION] [INFO] 🌌 🛡️ [生產級守護] 正在執行背景健康檢查與狀態同步...
2026-08-24 19:21:43,524 [ULTIMATE-FUSION] [INFO] 🌌 ✨ [守護完成] 系統狀態: [operational] | 記憶體安全: [passed]
2026-08-24 19:21:53,973 [ULTIMATE-FUSION] [INFO] 🌌 【全融合心跳】世代 [745] 開始運作...
2026-08-24 19:22:10,064 [ULTIMATE-FUSION] [INFO] 🌌 🛡️ [生產級守護] 正在執行背景健康檢查與狀態同步...
2026-08-24 19:22:10,081 [ULTIMATE-FUSION] [INFO] 🌌 ✨ [守護完成] 系統狀態: [operational] | 記憶體安全: [passed]
2026-08-24 19:22:20,272 [ULTIMATE-FUSION] [INFO] 🌌 【全融合心跳】世代 [746] 開始運作...
2026-08-24 19:22:43,892 [ULTIMATE-FUSION] [INFO] 🌌 🛡️ [生產級守護] 正在執行背景健康檢查與狀態同步...
2026-08-24 19:22:43,899 [ULTIMATE-FUSION] [INFO] 🌌 ✨ [守護完成] 系統狀態: [operational] | 記憶體安全: [passed]
2026-08-24 19:22:54,095 [ULTIMATE-FUSION] [INFO] 🌌 【全融合心跳】世代 [747] 開始運作...
2026-08-24 19:23:12,852 [ULTIMATE-FUSION] [INFO] 🌌 🛡️ [生產級守護] 正在執行背景健康檢查與狀態同步...
2026-08-24 19:23:12,854 [ULTIMATE-FUSION] [INFO] 🌌 ✨ [守護完成] 系統狀態: [operational] | 記憶體安全: [passed]
2026-08-24 19:23:23,021 [ULTIMATE-FUSION] [INFO] 🌌 【全融合心跳】世代 [748] 開始運作...
2026-08-24 19:23:40,727 [ULTIMATE-FUSION] [INFO] 🌌 🛡️ [生產級守護] 正在執行背景健康檢查與狀態同步...
2026-08-24 19:23:40,742 [ULTIMATE-FUSION] [INFO] 🌌 ✨ [守護完成] 系統狀態: [operational] | 記憶體安全: [passed]
2026-08-24 19:23:50,891 [ULTIMATE-FUSION] [INFO] 🌌 【全融合心跳】世代 [749] 開始運作...
2026-08-24 19:24:06,284 [ULTIMATE-FUSION] [INFO] 🌌 🛡️ [生產級守護] 正在執行背景健康檢查與狀態同步...
2026-08-24 19:24:06,308 [ULTIMATE-FUSION] [INFO] 🌌 ✨ [守護完成] 系統狀態: [operational] | 記憶體安全: [passed]
2026-08-24 19:24:16,508 [ULTIMATE-FUSION] [INFO] 🌌 【全融合心跳】世代 [750] 開始運作...
2026-08-24 19:24:36,960 [ULTIMATE-FUSION] [INFO] 🌌 🛡️ [生產級守護] 正在執行背景健康檢查與狀態同步...
2026-08-24 19:24:36,960 [ULTIMATE-FUSION] [INFO] 🌌 ✨ [守護完成] 系統狀態: [operational] | 記憶體安全: [passed]
2026-08-24 19:24:47,077 [ULTIMATE-FUSION] [INFO] 🌌 【全融合心跳】世代 [751] 開始運作...
2026-08-24 19:25:09,019 [ULTIMATE-FUSION] [INFO] 🌌 🛡️ [生產級守護] 正在執行背景健康檢查與狀態同步...
2026-08-24 19:25:09,020 [ULTIMATE-FUSION] [INFO] 🌌 ✨ [守護完成] 系統狀態: [operational] | 記憶體安全: [passed]
2026-08-24 19:25:19,114 [ULTIMATE-FUSION] [INFO] 🌌 【全融合心跳】世代 [752] 開始運作...
2026-08-24 19:25:38,598 [ULTIMATE-FUSION] [INFO] 🌌 🛡️ [生產級守護] 正在執行背景健康檢查與狀態同步...
2026-08-24 19:25:38,603 [ULTIMATE-FUSION] [INFO] 🌌 ✨ [守護完成] 系統狀態: [operational] | 記憶體安全: [passed]
2026-08-24 19:25:48,740 [ULTIMATE-FUSION] [INFO] 🌌 【全融合心跳】世代 [753] 開始運作...
2026-08-24 19:26:07,558 [ULTIMATE-FUSION] [INFO] 🌌 🛡️ [生產級守護] 正在執行背景健康檢查與狀態同步...
2026-08-24 19:26:07,565 [ULTIMATE-FUSION] [INFO] 🌌 ✨ [守護完成] 系統狀態: [operational] | 記憶體安全: [passed]
2026-08-24 19:26:17,723 [ULTIMATE-FUSION] [INFO] 🌌 【全融合心跳】世代 [754] 開始運作...
2026-08-24 19:26:42,885 [ULTIMATE-FUSION] [INFO] 🌌 🛡️ [生產級守護] 正在執行背景健康檢查與狀態同步...
2026-08-24 19:26:42,893 [ULTIMATE-FUSION] [INFO] 🌌 ✨ [守護完成] 系統狀態: [operational] | 記憶體安全: [passed]
2026-08-24 19:26:53,012 [ULTIMATE-FUSION] [INFO] 🌌 【全融合心跳】世代 [755] 開始運作...
2026-08-24 19:27:11,808 [ULTIMATE-FUSION] [INFO] 🌌 🛡️ [生產級守護] 正在執行背景健康檢查與狀態同步...
2026-08-24 19:27:11,808 [ULTIMATE-FUSION] [INFO] 🌌 ✨ [守護完成] 系統狀態: [operational] | 記憶體安全: [passed]
2026-08-24 19:27:21,892 [ULTIMATE-FUSION] [INFO] 🌌 【全融合心跳】世代 [756] 開始運作...
2026-08-24 19:27:41,186 [ULTIMATE-FUSION] [INFO] 🌌 🛡️ [生產級守護] 正在執行背景健康檢查與狀態同步...
2026-08-24 19:27:41,186 [ULTIMATE-FUSION] [INFO] 🌌 ✨ [守護完成] 系統狀態: [operational] | 記憶體安全: [passed]
2026-08-24 19:27:51,222 [ULTIMATE-FUSION] [INFO] 🌌 【全融合心跳】世代 [757] 開始運作...
2026-08-24 19:28:06,842 [ULTIMATE-FUSION] [INFO] 🌌 🛡️ [生產級守護] 正在執行背景健康檢查與狀態同步...
2026-08-24 19:28:06,842 [ULTIMATE-FUSION] [INFO] 🌌 ✨ [守護完成] 系統狀態: [operational] | 記憶體安全: [passed]
2026-08-24 19:28:16,898 [ULTIMATE-FUSION] [INFO] 🌌 【全融合心跳】世代 [758] 開始運作...
2026-08-24 19:28:39,088 [ULTIMATE-FUSION] [INFO] 🌌 🛡️ [生產級守護] 正在執行背景健康檢查與狀態同步...
2026-08-24 19:28:39,095 [ULTIMATE-FUSION] [INFO] 🌌 ✨ [守護完成] 系統狀態: [operational] | 記憶體安全: [passed]
2026-08-24 19:28:49,228 [ULTIMATE-FUSION] [INFO] 🌌 【全融合心跳】世代 [759] 開始運作...
2026-08-24 19:29:07,434 [ULTIMATE-FUSION] [INFO] 🌌 🛡️ [生產級守護] 正在執行背景健康檢查與狀態同步...
2026-08-24 19:29:07,434 [ULTIMATE-FUSION] [INFO] 🌌 ✨ [守護完成] 系統狀態: [operational] | 記憶體安全: [passed]
2026-08-24 19:29:17,638 [ULTIMATE-FUSION] [INFO] 🌌 【全融合心跳】世代 [760] 開始運作...
2026-08-24 19:29:39,657 [ULTIMATE-FUSION] [INFO] 🌌 🛡️ [生產級守護] 正在執行背景健康檢查與狀態同步...
2026-08-24 19:29:39,658 [ULTIMATE-FUSION] [INFO] 🌌 ✨ [守護完成] 系統狀態: [operational] | 記憶體安全: [passed]
2026-08-24 19:29:49,745 [ULTIMATE-FUSION] [INFO] 🌌 【全融合心跳】世代 [761] 開始運作...
2026-08-24 19:30:09,297 [ULTIMATE-FUSION] [INFO] 🌌 🛡️ [生產級守護] 正在執行背景健康檢查與狀態同步...
2026-08-24 19:30:09,297 [ULTIMATE-FUSION] [INFO] 🌌 ✨ [守護完成] 系統狀態: [operational] | 記憶體安全: [passed]
2026-08-24 19:30:19,378 [ULTIMATE-FUSION] [INFO] 🌌 【全融合心跳】世代 [762] 開始運作...
2026-08-24 19:30:52,225 [ULTIMATE-FUSION] [INFO] 🌌 🛡️ [生產級守護] 正在執行背景健康檢查與狀態同步...
2026-08-24 19:30:52,228 [ULTIMATE-FUSION] [INFO] 🌌 ✨ [守護完成] 系統狀態: [operational] | 記憶體安全: [passed]
2026-08-24 19:31:02,322 [ULTIMATE-FUSION] [INFO] 🌌 【全融合心跳】世代 [763] 開始運作...
2026-08-24 19:31:22,253 [ULTIMATE-FUSION] [INFO] 🌌 🛡️ [生產級守護] 正在執行背景健康檢查與狀態同步...
2026-08-24 19:31:22,255 [ULTIMATE-FUSION] [INFO] 🌌 ✨ [守護完成] 系統狀態: [operational] | 記憶體安全: [passed]
2026-08-24 19:31:32,345 [ULTIMATE-FUSION] [INFO] 🌌 【全融合心跳】世代 [764] 開始運作...
2026-08-24 19:31:56,107 [ULTIMATE-FUSION] [INFO] 🌌 🛡️ [生產級守護] 正在執行背景健康檢查與狀態同步...
2026-08-24 19:31:56,108 [ULTIMATE-FUSION] [INFO] 🌌 ✨ [守護完成] 系統狀態: [operational] | 記憶體安全: [passed]
2026-08-24 19:32:06,208 [ULTIMATE-FUSION] [INFO] 🌌 【全融合心跳】世代 [765] 開始運作...
2026-08-24 19:32:22,313 [ULTIMATE-FUSION] [INFO] 🌌 🛡️ [生產級守護] 正在執行背景健康檢查與狀態同步...
2026-08-24 19:32:22,317 [ULTIMATE-FUSION] [INFO] 🌌 ✨ [守護完成] 系統狀態: [operational] | 記憶體安全: [passed]
2026-08-24 19:32:32,451 [ULTIMATE-FUSION] [INFO] 🌌 【全融合心跳】世代 [766] 開始運作...
2026-08-24 19:32:50,188 [ULTIMATE-FUSION] [INFO] 🌌 🛡️ [生產級守護] 正在執行背景健康檢查與狀態同步...
2026-08-24 19:32:50,189 [ULTIMATE-FUSION] [INFO] 🌌 ✨ [守護完成] 系統狀態: [operational] | 記憶體安全: [passed]
2026-08-24 19:33:00,310 [ULTIMATE-FUSION] [INFO] 🌌 【全融合心跳】世代 [767] 開始運作...
2026-08-24 19:33:18,439 [ULTIMATE-FUSION] [INFO] 🌌 🛡️ [生產級守護] 正在執行背景健康檢查與狀態同步...
2026-08-24 19:33:18,442 [ULTIMATE-FUSION] [INFO] 🌌 ✨ [守護完成] 系統狀態: [operational] | 記憶體安全: [passed]
2026-08-24 19:33:28,599 [ULTIMATE-FUSION] [INFO] 🌌 【全融合心跳】世代 [768] 開始運作...
2026-08-24 19:33:57,392 [ULTIMATE-FUSION] [INFO] 🌌 🛡️ [生產級守護] 正在執行背景健康檢查與狀態同步...
2026-08-24 19:33:57,401 [ULTIMATE-FUSION] [INFO] 🌌 ✨ [守護完成] 系統狀態: [operational] | 記憶體安全: [passed]
2026-08-24 19:34:07,521 [ULTIMATE-FUSION] [INFO] 🌌 【全融合心跳】世代 [769] 開始運作...
2026-08-24 19:34:25,903 [ULTIMATE-FUSION] [INFO] 🌌 🛡️ [生產級守護] 正在執行背景健康檢查與狀態同步...
2026-08-24 19:34:25,911 [ULTIMATE-FUSION] [INFO] 🌌 ✨ [守護完成] 系統狀態: [operational] | 記憶體安全: [passed]
2026-08-24 19:34:36,096 [ULTIMATE-FUSION] [INFO] 🌌 【全融合心跳】世代 [770] 開始運作...
2026-08-24 19:35:00,065 [ULTIMATE-FUSION] [INFO] 🌌 🛡️ [生產級守護] 正在執行背景健康檢查與狀態同步...
2026-08-24 19:35:00,066 [ULTIMATE-FUSION] [INFO] 🌌 ✨ [守護完成] 系統狀態: [operational] | 記憶體安全: [passed]
2026-08-24 19:35:10,145 [ULTIMATE-FUSION] [INFO] 🌌 【全融合心跳】世代 [771] 開始運作...
2026-08-24 19:35:29,306 [ULTIMATE-FUSION] [INFO] 🌌 🛡️ [生產級守護] 正在執行背景健康檢查與狀態同步...
2026-08-24 19:35:29,307 [ULTIMATE-FUSION] [INFO] 🌌 ✨ [守護完成] 系統狀態: [operational] | 記憶體安全: [passed]
2026-08-24 19:35:39,431 [ULTIMATE-FUSION] [INFO] 🌌 【全融合心跳】世代 [772] 開始運作...
2026-08-24 19:36:00,638 [ULTIMATE-FUSION] [INFO] 🌌 🛡️ [生產級守護] 正在執行背景健康檢查與狀態同步...
2026-08-24 19:36:00,639 [ULTIMATE-FUSION] [INFO] 🌌 ✨ [守護完成] 系統狀態: [operational] | 記憶體安全: [passed]
2026-08-24 19:36:10,723 [ULTIMATE-FUSION] [INFO] 🌌 【全融合心跳】世代 [773] 開始運作...
2026-08-24 19:36:26,527 [ULTIMATE-FUSION] [INFO] 🌌 🛡️ [生產級守護] 正在執行背景健康檢查與狀態同步...
2026-08-24 19:36:26,527 [ULTIMATE-FUSION] [INFO] 🌌 ✨ [守護完成] 系統狀態: [operational] | 記憶體安全: [passed]
2026-08-24 19:36:36,621 [ULTIMATE-FUSION] [INFO] 🌌 【全融合心跳】世代 [774] 開始運作...
2026-08-24 19:36:57,381 [ULTIMATE-FUSION] [INFO] 🌌 🛡️ [生產級守護] 正在執行背景健康檢查與狀態同步...
2026-08-24 19:36:57,407 [ULTIMATE-FUSION] [INFO] 🌌 ✨ [守護完成] 系統狀態: [operational] | 記憶體安全: [passed]
2026-08-24 19:37:07,566 [ULTIMATE-FUSION] [INFO] 🌌 【全融合心跳】世代 [775] 開始運作...
2026-08-24 19:37:27,314 [ULTIMATE-FUSION] [INFO] 🌌 🛡️ [生產級守護] 正在執行背景健康檢查與狀態同步...
2026-08-24 19:37:27,323 [ULTIMATE-FUSION] [INFO] 🌌 ✨ [守護完成] 系統狀態: [operational] | 記憶體安全: [passed]
2026-08-24 19:37:37,532 [ULTIMATE-FUSION] [INFO] 🌌 【全融合心跳】世代 [776] 開始運作...
2026-08-24 19:38:04,760 [ULTIMATE-FUSION] [INFO] 🌌 🛡️ [生產級守護] 正在執行背景健康檢查與狀態同步...
2026-08-24 19:38:04,761 [ULTIMATE-FUSION] [INFO] 🌌 ✨ [守護完成] 系統狀態: [operational] | 記憶體安全: [passed]
2026-08-24 19:38:14,804 [ULTIMATE-FUSION] [INFO] 🌌 【全融合心跳】世代 [777] 開始運作...
2026-08-24 19:38:31,382 [ULTIMATE-FUSION] [INFO] 🌌 🛡️ [生產級守護] 正在執行背景健康檢查與狀態同步...
2026-08-24 19:38:31,383 [ULTIMATE-FUSION] [INFO] 🌌 ✨ [守護完成] 系統狀態: [operational] | 記憶體安全: [passed]
2026-08-24 19:38:41,511 [ULTIMATE-FUSION] [INFO] 🌌 【全融合心跳】世代 [778] 開始運作...
2026-08-24 19:38:57,375 [ULTIMATE-FUSION] [INFO] 🌌 🛡️ [生產級守護] 正在執行背景健康檢查與狀態同步...
2026-08-24 19:38:57,375 [ULTIMATE-FUSION] [INFO] 🌌 ✨ [守護完成] 系統狀態: [operational] | 記憶體安全: [passed]
2026-08-24 19:39:07,424 [ULTIMATE-FUSION] [INFO] 🌌 【全融合心跳】世代 [779] 開始運作...
2026-08-24 19:39:27,713 [ULTIMATE-FUSION] [INFO] 🌌 🛡️ [生產級守護] 正在執行背景健康檢查與狀態同步...
2026-08-24 19:39:27,717 [ULTIMATE-FUSION] [INFO] 🌌 ✨ [守護完成] 系統狀態: [operational] | 記憶體安全: [passed]
2026-08-24 19:39:37,873 [ULTIMATE-FUSION] [INFO] 🌌 【全融合心跳】世代 [780] 開始運作...
2026-08-24 19:39:50,362 [ULTIMATE-FUSION] [INFO] 🌌 🛡️ [生產級守護] 正在執行背景健康檢查與狀態同步...
2026-08-24 19:39:50,365 [ULTIMATE-FUSION] [INFO] 🌌 ✨ [守護完成] 系統狀態: [operational] | 記憶體安全: [passed]
2026-08-24 19:40:00,516 [ULTIMATE-FUSION] [INFO] 🌌 【全融合心跳】世代 [781] 開始運作...
2026-08-24 19:40:19,874 [ULTIMATE-FUSION] [INFO] 🌌 🛡️ [生產級守護] 正在執行背景健康檢查與狀態同步...
2026-08-24 19:40:19,881 [ULTIMATE-FUSION] [INFO] 🌌 ✨ [守護完成] 系統狀態: [operational] | 記憶體安全: [passed]
2026-08-24 19:40:30,094 [ULTIMATE-FUSION] [INFO] 🌌 【全融合心跳】世代 [782] 開始運作...
2026-08-24 19:40:48,573 [ULTIMATE-FUSION] [INFO] 🌌 🛡️ [生產級守護] 正在執行背景健康檢查與狀態同步...
2026-08-24 19:40:48,588 [ULTIMATE-FUSION] [INFO] 🌌 ✨ [守護完成] 系統狀態: [operational] | 記憶體安全: [passed]
2026-08-24 19:40:58,778 [ULTIMATE-FUSION] [INFO] 🌌 【全融合心跳】世代 [783] 開始運作...
2026-08-24 19:41:14,262 [ULTIMATE-FUSION] [INFO] 🌌 🛡️ [生產級守護] 正在執行背景健康檢查與狀態同步...
2026-08-24 19:41:14,266 [ULTIMATE-FUSION] [INFO] 🌌 ✨ [守護完成] 系統狀態: [operational] | 記憶體安全: [passed]
2026-08-24 19:41:24,481 [ULTIMATE-FUSION] [INFO] 🌌 【全融合心跳】世代 [784] 開始運作...
2026-08-24 19:41:46,432 [ULTIMATE-FUSION] [INFO] 🌌 🛡️ [生產級守護] 正在執行背景健康檢查與狀態同步...
2026-08-24 19:41:46,444 [ULTIMATE-FUSION] [INFO] 🌌 ✨ [守護完成] 系統狀態: [operational] | 記憶體安全: [passed]
2026-08-24 19:41:56,592 [ULTIMATE-FUSION] [INFO] 🌌 【全融合心跳】世代 [785] 開始運作...
2026-08-24 19:42:17,166 [ULTIMATE-FUSION] [INFO] 🌌 🛡️ [生產級守護] 正在執行背景健康檢查與狀態同步...
2026-08-24 19:42:17,168 [ULTIMATE-FUSION] [INFO] 🌌 ✨ [守護完成] 系統狀態: [operational] | 記憶體安全: [passed]
2026-08-24 19:42:27,354 [ULTIMATE-FUSION] [INFO] 🌌 【全融合心跳】世代 [786] 開始運作...
2026-08-24 19:42:52,275 [ULTIMATE-FUSION] [INFO] 🌌 🛡️ [生產級守護] 正在執行背景健康檢查與狀態同步...
2026-08-24 19:42:52,278 [ULTIMATE-FUSION] [INFO] 🌌 ✨ [守護完成] 系統狀態: [operational] | 記憶體安全: [passed]
2026-08-24 19:43:02,468 [ULTIMATE-FUSION] [INFO] 🌌 【全融合心跳】世代 [787] 開始運作...
2026-08-24 19:43:24,222 [ULTIMATE-FUSION] [INFO] 🌌 🛡️ [生產級守護] 正在執行背景健康檢查與狀態同步...
2026-08-24 19:43:24,223 [ULTIMATE-FUSION] [INFO] 🌌 ✨ [守護完成] 系統狀態: [operational] | 記憶體安全: [passed]
2026-08-24 19:43:34,331 [ULTIMATE-FUSION] [INFO] 🌌 【全融合心跳】世代 [788] 開始運作...
2026-08-24 19:43:56,505 [ULTIMATE-FUSION] [INFO] 🌌 🛡️ [生產級守護] 正在執行背景健康檢查與狀態同步...
2026-08-24 19:43:56,510 [ULTIMATE-FUSION] [INFO] 🌌 ✨ [守護完成] 系統狀態: [operational] | 記憶體安全: [passed]
2026-08-24 19:44:06,625 [ULTIMATE-FUSION] [INFO] 🌌 【全融合心跳】世代 [789] 開始運作...
2026-08-24 19:44:23,728 [ULTIMATE-FUSION] [INFO] 🌌 🛡️ [生產級守護] 正在執行背景健康檢查與狀態同步...
2026-08-24 19:44:23,734 [ULTIMATE-FUSION] [INFO] 🌌 ✨ [守護完成] 系統狀態: [operational] | 記憶體安全: [passed]
2026-08-24 19:44:33,919 [ULTIMATE-FUSION] [INFO] 🌌 【全融合心跳】世代 [790] 開始運作...
2026-08-24 19:44:56,093 [ULTIMATE-FUSION] [INFO] 🌌 🛡️ [生產級守護] 正在執行背景健康檢查與狀態同步...
2026-08-24 19:44:56,095 [ULTIMATE-FUSION] [INFO] 🌌 ✨ [守護完成] 系統狀態: [operational] | 記憶體安全: [passed]
2026-08-24 19:45:06,204 [ULTIMATE-FUSION] [INFO] 🌌 【全融合心跳】世代 [791] 開始運作...
2026-08-24 19:45:25,594 [ULTIMATE-FUSION] [INFO] 🌌 🛡️ [生產級守護] 正在執行背景健康檢查與狀態同步...
2026-08-24 19:45:25,597 [ULTIMATE-FUSION] [INFO] 🌌 ✨ [守護完成] 系統狀態: [operational] | 記憶體安全: [passed]
2026-08-24 19:45:35,697 [ULTIMATE-FUSION] [INFO] 🌌 【全融合心跳】世代 [792] 開始運作...
2026-08-24 19:45:54,105 [ULTIMATE-FUSION] [INFO] 🌌 🛡️ [生產級守護] 正在執行背景健康檢查與狀態同步...
2026-08-24 19:45:54,108 [ULTIMATE-FUSION] [INFO] 🌌 ✨ [守護完成] 系統狀態: [operational] | 記憶體安全: [passed]
2026-08-24 19:46:04,264 [ULTIMATE-FUSION] [INFO] 🌌 【全融合心跳】世代 [793] 開始運作...
2026-08-24 19:46:26,857 [ULTIMATE-FUSION] [INFO] 🌌 🛡️ [生產級守護] 正在執行背景健康檢查與狀態同步...
2026-08-24 19:46:26,860 [ULTIMATE-FUSION] [INFO] 🌌 ✨ [守護完成] 系統狀態: [operational] | 記憶體安全: [passed]
2026-08-24 19:46:36,963 [ULTIMATE-FUSION] [INFO] 🌌 【全融合心跳】世代 [794] 開始運作...
2026-08-24 19:46:54,974 [ULTIMATE-FUSION] [INFO] 🌌 🛡️ [生產級守護] 正在執行背景健康檢查與狀態同步...
2026-08-24 19:46:54,975 [ULTIMATE-FUSION] [INFO] 🌌 ✨ [守護完成] 系統狀態: [operational] | 記憶體安全: [passed]
2026-08-24 19:47:05,092 [ULTIMATE-FUSION] [INFO] 🌌 【全融合心跳】世代 [795] 開始運作...
2026-08-24 19:47:22,240 [ULTIMATE-FUSION] [INFO] 🌌 🛡️ [生產級守護] 正在執行背景健康檢查與狀態同步...
2026-08-24 19:47:22,241 [ULTIMATE-FUSION] [INFO] 🌌 ✨ [守護完成] 系統狀態: [operational] | 記憶體安全: [passed]
2026-08-24 19:47:32,394 [ULTIMATE-FUSION] [INFO] 🌌 【全融合心跳】世代 [796] 開始運作...
2026-08-24 19:47:55,809 [ULTIMATE-FUSION] [INFO] 🌌 🛡️ [生產級守護] 正在執行背景健康檢查與狀態同步...
2026-08-24 19:47:55,812 [ULTIMATE-FUSION] [INFO] 🌌 ✨ [守護完成] 系統狀態: [operational] | 記憶體安全: [passed]
2026-08-24 19:48:06,009 [ULTIMATE-FUSION] [INFO] 🌌 【全融合心跳】世代 [797] 開始運作...
2026-08-24 19:48:22,696 [ULTIMATE-FUSION] [INFO] 🌌 🛡️ [生產級守護] 正在執行背景健康檢查與狀態同步...
2026-08-24 19:48:22,697 [ULTIMATE-FUSION] [INFO] 🌌 ✨ [守護完成] 系統狀態: [operational] | 記憶體安全: [passed]
2026-08-24 19:48:32,885 [ULTIMATE-FUSION] [INFO] 🌌 【全融合心跳】世代 [798] 開始運作...
2026-08-24 19:48:49,872 [ULTIMATE-FUSION] [INFO] 🌌 🛡️ [生產級守護] 正在執行背景健康檢查與狀態同步...
2026-08-24 19:48:49,876 [ULTIMATE-FUSION] [INFO] 🌌 ✨ [守護完成] 系統狀態: [operational] | 記憶體安全: [passed]
2026-08-24 19:49:00,087 [ULTIMATE-FUSION] [INFO] 🌌 【全融合心跳】世代 [799] 開始運作...
2026-08-24 19:49:17,656 [ULTIMATE-FUSION] [INFO] 🌌 🛡️ [生產級守護] 正在執行背景健康檢查與狀態同步...
2026-08-24 19:49:17,658 [ULTIMATE-FUSION] [INFO] 🌌 ✨ [守護完成] 系統狀態: [operational] | 記憶體安全: [passed]
2026-08-24 19:49:27,859 [ULTIMATE-FUSION] [INFO] 🌌 【全融合心跳】世代 [800] 開始運作...
2026-08-24 19:49:47,767 [ULTIMATE-FUSION] [INFO] 🌌 🛡️ [生產級守護] 正在執行背景健康檢查與狀態同步...
2026-08-24 19:49:47,768 [ULTIMATE-FUSION] [INFO] 🌌 ✨ [守護完成] 系統狀態: [operational] | 記憶體安全: [passed]
2026-08-24 19:49:57,829 [ULTIMATE-FUSION] [INFO] 🌌 【全融合心跳】世代 [801] 開始運作...
2026-08-24 19:50:18,912 [ULTIMATE-FUSION] [INFO] 🌌 🛡️ [生產級守護] 正在執行背景健康檢查與狀態同步...
2026-08-24 19:50:18,913 [ULTIMATE-FUSION] [INFO] 🌌 ✨ [守護完成] 系統狀態: [operational] | 記憶體安全: [passed]
2026-08-24 19:50:29,095 [ULTIMATE-FUSION] [INFO] 🌌 【全融合心跳】世代 [802] 開始運作...
2026-08-24 19:50:45,991 [ULTIMATE-FUSION] [INFO] 🌌 🛡️ [生產級守護] 正在執行背景健康檢查與狀態同步...
2026-08-24 19:50:45,995 [ULTIMATE-FUSION] [INFO] 🌌 ✨ [守護完成] 系統狀態: [operational] | 記憶體安全: [passed]
2026-08-24 19:50:56,144 [ULTIMATE-FUSION] [INFO] 🌌 【全融合心跳】世代 [803] 開始運作...
2026-08-24 19:51:14,726 [ULTIMATE-FUSION] [INFO] 🌌 🛡️ [生產級守護] 正在執行背景健康檢查與狀態同步...
2026-08-24 19:51:14,729 [ULTIMATE-FUSION] [INFO] 🌌 ✨ [守護完成] 系統狀態: [operational] | 記憶體安全: [passed]
2026-08-24 19:51:24,874 [ULTIMATE-FUSION] [INFO] 🌌 【全融合心跳】世代 [804] 開始運作...
2026-08-24 19:51:46,022 [ULTIMATE-FUSION] [INFO] 🌌 🛡️ [生產級守護] 正在執行背景健康檢查與狀態同步...
2026-08-24 19:51:46,024 [ULTIMATE-FUSION] [INFO] 🌌 ✨ [守護完成] 系統狀態: [operational] | 記憶體安全: [passed]
2026-08-24 19:51:56,197 [ULTIMATE-FUSION] [INFO] 🌌 【全融合心跳】世代 [805] 開始運作...
2026-08-24 19:52:14,513 [ULTIMATE-FUSION] [INFO] 🌌 🛡️ [生產級守護] 正在執行背景健康檢查與狀態同步...
2026-08-24 19:52:14,516 [ULTIMATE-FUSION] [INFO] 🌌 ✨ [守護完成] 系統狀態: [operational] | 記憶體安全: [passed]
2026-08-24 19:52:24,630 [ULTIMATE-FUSION] [INFO] 🌌 【全融合心跳】世代 [806] 開始運作...
2026-08-24 19:52:43,243 [ULTIMATE-FUSION] [INFO] 🌌 🛡️ [生產級守護] 正在執行背景健康檢查與狀態同步...
2026-08-24 19:52:43,257 [ULTIMATE-FUSION] [INFO] 🌌 ✨ [守護完成] 系統狀態: [operational] | 記憶體安全: [passed]
2026-08-24 19:52:53,448 [ULTIMATE-FUSION] [INFO] 🌌 【全融合心跳】世代 [807] 開始運作...
2026-08-24 19:53:17,093 [ULTIMATE-FUSION] [INFO] 🌌 🛡️ [生產級守護] 正在執行背景健康檢查與狀態同步...
2026-08-24 19:53:17,097 [ULTIMATE-FUSION] [INFO] 🌌 ✨ [守護完成] 系統狀態: [operational] | 記憶體安全: [passed]
2026-08-24 19:53:27,182 [ULTIMATE-FUSION] [INFO] 🌌 【全融合心跳】世代 [808] 開始運作...
2026-08-24 19:53:48,075 [ULTIMATE-FUSION] [INFO] 🌌 🛡️ [生產級守護] 正在執行背景健康檢查與狀態同步...
2026-08-24 19:53:48,084 [ULTIMATE-FUSION] [INFO] 🌌 ✨ [守護完成] 系統狀態: [operational] | 記憶體安全: [passed]
2026-08-24 19:53:58,329 [ULTIMATE-FUSION] [INFO] 🌌 【全融合心跳】世代 [809] 開始運作...
2026-08-24 19:54:17,811 [ULTIMATE-FUSION] [INFO] 🌌 🛡️ [生產級守護] 正在執行背景健康檢查與狀態同步...
2026-08-24 19:54:17,829 [ULTIMATE-FUSION] [INFO] 🌌 ✨ [守護完成] 系統狀態: [operational] | 記憶體安全: [passed]
2026-08-24 19:54:28,036 [ULTIMATE-FUSION] [INFO] 🌌 【全融合心跳】世代 [810] 開始運作...
2026-08-24 19:54:48,523 [ULTIMATE-FUSION] [INFO] 🌌 🛡️ [生產級守護] 正在執行背景健康檢查與狀態同步...
2026-08-24 19:54:48,528 [ULTIMATE-FUSION] [INFO] 🌌 ✨ [守護完成] 系統狀態: [operational] | 記憶體安全: [passed]
2026-08-24 19:54:58,808 [ULTIMATE-FUSION] [INFO] 🌌 【全融合心跳】世代 [811] 開始運作...
2026-08-24 19:55:16,156 [ULTIMATE-FUSION] [INFO] 🌌 🛡️ [生產級守護] 正在執行背景健康檢查與狀態同步...
2026-08-24 19:55:16,163 [ULTIMATE-FUSION] [INFO] 🌌 ✨ [守護完成] 系統狀態: [operational] | 記憶體安全: [passed]
2026-08-24 19:55:26,304 [ULTIMATE-FUSION] [INFO] 🌌 【全融合心跳】世代 [812] 開始運作...
2026-08-24 19:55:45,054 [ULTIMATE-FUSION] [INFO] 🌌 🛡️ [生產級守護] 正在執行背景健康檢查與狀態同步...
2026-08-24 19:55:45,057 [ULTIMATE-FUSION] [INFO] 🌌 ✨ [守護完成] 系統狀態: [operational] | 記憶體安全: [passed]
2026-08-24 19:55:55,219 [ULTIMATE-FUSION] [INFO] 🌌 【全融合心跳】世代 [813] 開始運作...
2026-08-24 19:56:11,567 [ULTIMATE-FUSION] [INFO] 🌌 🛡️ [生產級守護] 正在執行背景健康檢查與狀態同步...
2026-08-24 19:56:11,584 [ULTIMATE-FUSION] [INFO] 🌌 ✨ [守護完成] 系統狀態: [operational] | 記憶體安全: [passed]
2026-08-24 19:56:21,788 [ULTIMATE-FUSION] [INFO] 🌌 【全融合心跳】世代 [814] 開始運作...
2026-08-24 19:56:44,475 [ULTIMATE-FUSION] [INFO] 🌌 🛡️ [生產級守護] 正在執行背景健康檢查與狀態同步...
2026-08-24 19:56:44,485 [ULTIMATE-FUSION] [INFO] 🌌 ✨ [守護完成] 系統狀態: [operational] | 記憶體安全: [passed]
2026-08-24 19:56:54,658 [ULTIMATE-FUSION] [INFO] 🌌 【全融合心跳】世代 [815] 開始運作...
2026-08-24 19:57:12,144 [ULTIMATE-FUSION] [INFO] 🌌 🛡️ [生產級守護] 正在執行背景健康檢查與狀態同步...
2026-08-24 19:57:12,153 [ULTIMATE-FUSION] [INFO] 🌌 ✨ [守護完成] 系統狀態: [operational] | 記憶體安全: [passed]
2026-08-24 19:57:22,329 [ULTIMATE-FUSION] [INFO] 🌌 【全融合心跳】世代 [816] 開始運作...
2026-08-24 19:57:40,716 [ULTIMATE-FUSION] [INFO] 🌌 🛡️ [生產級守護] 正在執行背景健康檢查與狀態同步...
2026-08-24 19:57:40,720 [ULTIMATE-FUSION] [INFO] 🌌 ✨ [守護完成] 系統狀態: [operational] | 記憶體安全: [passed]
2026-08-24 19:57:50,874 [ULTIMATE-FUSION] [INFO] 🌌 【全融合心跳】世代 [817] 開始運作...
2026-08-24 19:58:08,408 [ULTIMATE-FUSION] [INFO] 🌌 🛡️ [生產級守護] 正在執行背景健康檢查與狀態同步...
2026-08-24 19:58:08,409 [ULTIMATE-FUSION] [INFO] 🌌 ✨ [守護完成] 系統狀態: [operational] | 記憶體安全: [passed]
2026-08-24 19:58:18,476 [ULTIMATE-FUSION] [INFO] 🌌 【全融合心跳】世代 [818] 開始運作...
2026-08-24 19:58:40,276 [ULTIMATE-FUSION] [INFO] 🌌 🛡️ [生產級守護] 正在執行背景健康檢查與狀態同步...
2026-08-24 19:58:40,282 [ULTIMATE-FUSION] [INFO] 🌌 ✨ [守護完成] 系統狀態: [operational] | 記憶體安全: [passed]
2026-08-24 19:58:50,495 [ULTIMATE-FUSION] [INFO] 🌌 【全融合心跳】世代 [819] 開始運作...
2026-08-24 19:59:07,860 [ULTIMATE-FUSION] [INFO] 🌌 🛡️ [生產級守護] 正在執行背景健康檢查與狀態同步...
2026-08-24 19:59:07,864 [ULTIMATE-FUSION] [INFO] 🌌 ✨ [守護完成] 系統狀態: [operational] | 記憶體安全: [passed]
2026-08-24 19:59:18,044 [ULTIMATE-FUSION] [INFO] 🌌 【全融合心跳】世代 [820] 開始運作...
2026-08-24 19:59:41,710 [ULTIMATE-FUSION] [INFO] 🌌 🛡️ [生產級守護] 正在執行背景健康檢查與狀態同步...
2026-08-24 19:59:41,718 [ULTIMATE-FUSION] [INFO] 🌌 ✨ [守護完成] 系統狀態: [operational] | 記憶體安全: [passed]
2026-08-24 19:59:51,869 [ULTIMATE-FUSION] [INFO] 🌌 【全融合心跳】世代 [821] 開始運作...
2026-08-24 20:00:17,192 [ULTIMATE-FUSION] [INFO] 🌌 🛡️ [生產級守護] 正在執行背景健康檢查與狀態同步...
2026-08-24 20:00:17,206 [ULTIMATE-FUSION] [INFO] 🌌 ✨ [守護完成] 系統狀態: [operational] | 記憶體安全: [passed]
2026-08-24 20:00:27,399 [ULTIMATE-FUSION] [INFO] 🌌 【全融合心跳】世代 [822] 開始運作...
2026-08-24 20:00:56,272 [ULTIMATE-FUSION] [INFO] 🌌 🛡️ [生產級守護] 正在執行背景健康檢查與狀態同步...
2026-08-24 20:00:56,288 [ULTIMATE-FUSION] [INFO] 🌌 ✨ [守護完成] 系統狀態: [operational] | 記憶體安全: [passed]
2026-08-24 20:01:06,448 [ULTIMATE-FUSION] [INFO] 🌌 【全融合心跳】世代 [823] 開始運作...
2026-08-24 20:01:26,277 [ULTIMATE-FUSION] [INFO] 🌌 🛡️ [生產級守護] 正在執行背景健康檢查與狀態同步...
2026-08-24 20:01:26,279 [ULTIMATE-FUSION] [INFO] 🌌 ✨ [守護完成] 系統狀態: [operational] | 記憶體安全: [passed]
2026-08-24 20:01:36,361 [ULTIMATE-FUSION] [INFO] 🌌 【全融合心跳】世代 [824] 開始運作...
2026-08-24 20:01:58,782 [ULTIMATE-FUSION] [INFO] 🌌 🛡️ [生產級守護] 正在執行背景健康檢查與狀態同步...
2026-08-24 20:01:58,787 [ULTIMATE-FUSION] [INFO] 🌌 ✨ [守護完成] 系統狀態: [operational] | 記憶體安全: [passed]
2026-08-24 20:02:09,011 [ULTIMATE-FUSION] [INFO] 🌌 【全融合心跳】世代 [825] 開始運作...
2026-08-24 20:02:26,623 [ULTIMATE-FUSION] [INFO] 🌌 🛡️ [生產級守護] 正在執行背景健康檢查與狀態同步...
2026-08-24 20:02:26,625 [ULTIMATE-FUSION] [INFO] 🌌 ✨ [守護完成] 系統狀態: [operational] | 記憶體安全: [passed]
2026-08-24 20:02:36,746 [ULTIMATE-FUSION] [INFO] 🌌 【全融合心跳】世代 [826] 開始運作...
2026-08-24 20:03:04,407 [ULTIMATE-FUSION] [INFO] 🌌 🛡️ [生產級守護] 正在執行背景健康檢查與狀態同步...
2026-08-24 20:03:04,413 [ULTIMATE-FUSION] [INFO] 🌌 ✨ [守護完成] 系統狀態: [operational] | 記憶體安全: [passed]
2026-08-24 20:03:14,524 [ULTIMATE-FUSION] [INFO] 🌌 【全融合心跳】世代 [827] 開始運作...
2026-08-24 20:03:35,171 [ULTIMATE-FUSION] [INFO] 🌌 🛡️ [生產級守護] 正在執行背景健康檢查與狀態同步...
2026-08-24 20:03:35,171 [ULTIMATE-FUSION] [INFO] 🌌 ✨ [守護完成] 系統狀態: [operational] | 記憶體安全: [passed]
2026-08-24 20:03:45,257 [ULTIMATE-FUSION] [INFO] 🌌 【全融合心跳】世代 [828] 開始運作...
2026-08-24 20:03:59,325 [ULTIMATE-FUSION] [INFO] 🌌 🛡️ [生產級守護] 正在執行背景健康檢查與狀態同步...
2026-08-24 20:03:59,328 [ULTIMATE-FUSION] [INFO] 🌌 ✨ [守護完成] 系統狀態: [operational] | 記憶體安全: [passed]
2026-08-24 20:04:09,521 [ULTIMATE-FUSION] [INFO] 🌌 【全融合心跳】世代 [829] 開始運作...
2026-08-24 20:04:23,523 [ULTIMATE-FUSION] [INFO] 🌌 🛡️ [生產級守護] 正在執行背景健康檢查與狀態同步...
2026-08-24 20:04:23,529 [ULTIMATE-FUSION] [INFO] 🌌 ✨ [守護完成] 系統狀態: [operational] | 記憶體安全: [passed]
2026-08-24 20:04:33,704 [ULTIMATE-FUSION] [INFO] 🌌 【全融合心跳】世代 [830] 開始運作...
2026-08-24 20:04:52,984 [ULTIMATE-FUSION] [INFO] 🌌 🛡️ [生產級守護] 正在執行背景健康檢查與狀態同步...
2026-08-24 20:04:52,993 [ULTIMATE-FUSION] [INFO] 🌌 ✨ [守護完成] 系統狀態: [operational] | 記憶體安全: [passed]
2026-08-24 20:05:03,180 [ULTIMATE-FUSION] [INFO] 🌌 【全融合心跳】世代 [831] 開始運作...
2026-08-24 20:05:30,735 [ULTIMATE-FUSION] [INFO] 🌌 🛡️ [生產級守護] 正在執行背景健康檢查與狀態同步...
2026-08-24 20:05:30,739 [ULTIMATE-FUSION] [INFO] 🌌 ✨ [守護完成] 系統狀態: [operational] | 記憶體安全: [passed]
2026-08-24 20:05:40,842 [ULTIMATE-FUSION] [INFO] 🌌 【全融合心跳】世代 [832] 開始運作...
2026-08-24 20:05:59,163 [ULTIMATE-FUSION] [INFO] 🌌 🛡️ [生產級守護] 正在執行背景健康檢查與狀態同步...
2026-08-24 20:05:59,165 [ULTIMATE-FUSION] [INFO] 🌌 ✨ [守護完成] 系統狀態: [operational] | 記憶體安全: [passed]
2026-08-24 20:06:09,329 [ULTIMATE-FUSION] [INFO] 🌌 【全融合心跳】世代 [833] 開始運作...
2026-08-24 20:06:26,952 [ULTIMATE-FUSION] [INFO] 🌌 🛡️ [生產級守護] 正在執行背景健康檢查與狀態同步...
2026-08-24 20:06:26,954 [ULTIMATE-FUSION] [INFO] 🌌 ✨ [守護完成] 系統狀態: [operational] | 記憶體安全: [passed]
2026-08-24 20:06:37,074 [ULTIMATE-FUSION] [INFO] 🌌 【全融合心跳】世代 [834] 開始運作...
2026-08-24 20:07:01,695 [ULTIMATE-FUSION] [INFO] 🌌 🛡️ [生產級守護] 正在執行背景健康檢查與狀態同步...
2026-08-24 20:07:01,702 [ULTIMATE-FUSION] [INFO] 🌌 ✨ [守護完成] 系統狀態: [operational] | 記憶體安全: [passed]
2026-08-24 20:07:11,880 [ULTIMATE-FUSION] [INFO] 🌌 【全融合心跳】世代 [835] 開始運作...
2026-08-24 20:07:26,975 [ULTIMATE-FUSION] [INFO] 🌌 🛡️ [生產級守護] 正在執行背景健康檢查與狀態同步...
2026-08-24 20:07:26,977 [ULTIMATE-FUSION] [INFO] 🌌 ✨ [守護完成] 系統狀態: [operational] | 記憶體安全: [passed]
2026-08-24 20:07:37,161 [ULTIMATE-FUSION] [INFO] 🌌 【全融合心跳】世代 [836] 開始運作...
2026-08-24 20:07:59,089 [ULTIMATE-FUSION] [INFO] 🌌 🛡️ [生產級守護] 正在執行背景健康檢查與狀態同步...
2026-08-24 20:07:59,090 [ULTIMATE-FUSION] [INFO] 🌌 ✨ [守護完成] 系統狀態: [operational] | 記憶體安全: [passed]
2026-08-24 20:08:09,221 [ULTIMATE-FUSION] [INFO] 🌌 【全融合心跳】世代 [837] 開始運作...
2026-08-24 20:08:33,213 [ULTIMATE-FUSION] [INFO] 🌌 🛡️ [生產級守護] 正在執行背景健康檢查與狀態同步...
2026-08-24 20:08:33,221 [ULTIMATE-FUSION] [INFO] 🌌 ✨ [守護完成] 系統狀態: [operational] | 記憶體安全: [passed]
2026-08-24 20:08:43,428 [ULTIMATE-FUSION] [INFO] 🌌 【全融合心跳】世代 [838] 開始運作...
2026-08-24 20:09:11,047 [ULTIMATE-FUSION] [INFO] 🌌 🛡️ [生產級守護] 正在執行背景健康檢查與狀態同步...
2026-08-24 20:09:11,050 [ULTIMATE-FUSION] [INFO] 🌌 ✨ [守護完成] 系統狀態: [operational] | 記憶體安全: [passed]
2026-08-24 20:09:21,169 [ULTIMATE-FUSION] [INFO] 🌌 【全融合心跳】世代 [839] 開始運作...
2026-08-24 20:09:36,202 [ULTIMATE-FUSION] [INFO] 🌌 🛡️ [生產級守護] 正在執行背景健康檢查與狀態同步...
2026-08-24 20:09:36,203 [ULTIMATE-FUSION] [INFO] 🌌 ✨ [守護完成] 系統狀態: [operational] | 記憶體安全: [passed]
2026-08-24 20:09:46,350 [ULTIMATE-FUSION] [INFO] 🌌 【全融合心跳】世代 [840] 開始運作...
2026-08-24 20:10:10,192 [ULTIMATE-FUSION] [INFO] 🌌 🛡️ [生產級守護] 正在執行背景健康檢查與狀態同步...
2026-08-24 20:10:10,198 [ULTIMATE-FUSION] [INFO] 🌌 ✨ [守護完成] 系統狀態: [operational] | 記憶體安全: [passed]
2026-08-24 20:10:20,357 [ULTIMATE-FUSION] [INFO] 🌌 【全融合心跳】世代 [841] 開始運作...
2026-08-24 20:10:39,558 [ULTIMATE-FUSION] [INFO] 🌌 🛡️ [生產級守護] 正在執行背景健康檢查與狀態同步...
2026-08-24 20:10:39,562 [ULTIMATE-FUSION] [INFO] 🌌 ✨ [守護完成] 系統狀態: [operational] | 記憶體安全: [passed]
2026-08-24 20:10:49,696 [ULTIMATE-FUSION] [INFO] 🌌 【全融合心跳】世代 [842] 開始運作...
2026-08-24 20:11:12,470 [ULTIMATE-FUSION] [INFO] 🌌 🛡️ [生產級守護] 正在執行背景健康檢查與狀態同步...
2026-08-24 20:11:12,478 [ULTIMATE-FUSION] [INFO] 🌌 ✨ [守護完成] 系統狀態: [operational] | 記憶體安全: [passed]
2026-08-24 20:11:22,671 [ULTIMATE-FUSION] [INFO] 🌌 【全融合心跳】世代 [843] 開始運作...
2026-08-24 20:11:53,689 [ULTIMATE-FUSION] [INFO] 🌌 🛡️ [生產級守護] 正在執行背景健康檢查與狀態同步...
2026-08-24 20:11:53,690 [ULTIMATE-FUSION] [INFO] 🌌 ✨ [守護完成] 系統狀態: [operational] | 記憶體安全: [passed]
2026-08-24 20:12:03,774 [ULTIMATE-FUSION] [INFO] 🌌 【全融合心跳】世代 [844] 開始運作...
2026-08-24 20:12:34,503 [ULTIMATE-FUSION] [INFO] 🌌 🛡️ [生產級守護] 正在執行背景健康檢查與狀態同步...
2026-08-24 20:12:34,504 [ULTIMATE-FUSION] [INFO] 🌌 ✨ [守護完成] 系統狀態: [operational] | 記憶體安全: [passed]
2026-08-24 20:12:44,628 [ULTIMATE-FUSION] [INFO] 🌌 【全融合心跳】世代 [845] 開始運作...
2026-08-24 20:13:04,310 [ULTIMATE-FUSION] [INFO] 🌌 🛡️ [生產級守護] 正在執行背景健康檢查與狀態同步...
2026-08-24 20:13:04,311 [ULTIMATE-FUSION] [INFO] 🌌 ✨ [守護完成] 系統狀態: [operational] | 記憶體安全: [passed]
2026-08-24 20:13:14,470 [ULTIMATE-FUSION] [INFO] 🌌 【全融合心跳】世代 [846] 開始運作...
2026-08-24 20:13:29,445 [ULTIMATE-FUSION] [INFO] 🌌 🛡️ [生產級守護] 正在執行背景健康檢查與狀態同步...
2026-08-24 20:13:29,449 [ULTIMATE-FUSION] [INFO] 🌌 ✨ [守護完成] 系統狀態: [operational] | 記憶體安全: [passed]
2026-08-24 20:13:39,694 [ULTIMATE-FUSION] [INFO] 🌌 【全融合心跳】世代 [847] 開始運作...
2026-08-24 20:13:58,915 [ULTIMATE-FUSION] [INFO] 🌌 🛡️ [生產級守護] 正在執行背景健康檢查與狀態同步...
2026-08-24 20:13:58,917 [ULTIMATE-FUSION] [INFO] 🌌 ✨ [守護完成] 系統狀態: [operational] | 記憶體安全: [passed]
2026-08-24 20:14:09,058 [ULTIMATE-FUSION] [INFO] 🌌 【全融合心跳】世代 [848] 開始運作...
2026-08-24 20:14:33,360 [ULTIMATE-FUSION] [INFO] 🌌 🛡️ [生產級守護] 正在執行背景健康檢查與狀態同步...
2026-08-24 20:14:33,384 [ULTIMATE-FUSION] [INFO] 🌌 ✨ [守護完成] 系統狀態: [operational] | 記憶體安全: [passed]
2026-08-24 20:14:43,590 [ULTIMATE-FUSION] [INFO] 🌌 【全融合心跳】世代 [849] 開始運作...
2026-08-24 20:14:59,879 [ULTIMATE-FUSION] [INFO] 🌌 🛡️ [生產級守護] 正在執行背景健康檢查與狀態同步...
2026-08-24 20:14:59,881 [ULTIMATE-FUSION] [INFO] 🌌 ✨ [守護完成] 系統狀態: [operational] | 記憶體安全: [passed]
2026-08-24 20:15:09,948 [ULTIMATE-FUSION] [INFO] 🌌 【全融合心跳】世代 [850] 開始運作...
2026-08-24 20:15:31,916 [ULTIMATE-FUSION] [INFO] 🌌 🛡️ [生產級守護] 正在執行背景健康檢查與狀態同步...
2026-08-24 20:15:31,918 [ULTIMATE-FUSION] [INFO] 🌌 ✨ [守護完成] 系統狀態: [operational] | 記憶體安全: [passed]
2026-08-24 20:15:42,092 [ULTIMATE-FUSION] [INFO] 🌌 【全融合心跳】世代 [851] 開始運作...
2026-08-24 20:16:03,892 [ULTIMATE-FUSION] [INFO] 🌌 🛡️ [生產級守護] 正在執行背景健康檢查與狀態同步...
2026-08-24 20:16:03,895 [ULTIMATE-FUSION] [INFO] 🌌 ✨ [守護完成] 系統狀態: [operational] | 記憶體安全: [passed]
2026-08-24 20:16:14,036 [ULTIMATE-FUSION] [INFO] 🌌 【全融合心跳】世代 [852] 開始運作...
2026-08-24 20:16:44,292 [ULTIMATE-FUSION] [INFO] 🌌 🛡️ [生產級守護] 正在執行背景健康檢查與狀態同步...
2026-08-24 20:16:44,353 [ULTIMATE-FUSION] [INFO] 🌌 ✨ [守護完成] 系統狀態: [operational] | 記憶體安全: [passed]
2026-08-24 20:16:54,572 [ULTIMATE-FUSION] [INFO] 🌌 【全融合心跳】世代 [853] 開始運作...
2026-08-24 20:17:12,377 [ULTIMATE-FUSION] [INFO] 🌌 🛡️ [生產級守護] 正在執行背景健康檢查與狀態同步...
2026-08-24 20:17:12,390 [ULTIMATE-FUSION] [INFO] 🌌 ✨ [守護完成] 系統狀態: [operational] | 記憶體安全: [passed]
2026-08-24 20:17:22,570 [ULTIMATE-FUSION] [INFO] 🌌 【全融合心跳】世代 [854] 開始運作...
2026-08-24 20:17:39,006 [ULTIMATE-FUSION] [INFO] 🌌 🛡️ [生產級守護] 正在執行背景健康檢查與狀態同步...
2026-08-24 20:17:39,018 [ULTIMATE-FUSION] [INFO] 🌌 ✨ [守護完成] 系統狀態: [operational] | 記憶體安全: [passed]
2026-08-24 20:17:49,283 [ULTIMATE-FUSION] [INFO] 🌌 【全融合心跳】世代 [855] 開始運作...
2026-08-24 20:18:13,456 [ULTIMATE-FUSION] [INFO] 🌌 🛡️ [生產級守護] 正在執行背景健康檢查與狀態同步...
2026-08-24 20:18:13,458 [ULTIMATE-FUSION] [INFO] 🌌 ✨ [守護完成] 系統狀態: [operational] | 記憶體安全: [passed]
2026-08-24 20:18:23,590 [ULTIMATE-FUSION] [INFO] 🌌 【全融合心跳】世代 [856] 開始運作...
2026-08-24 20:18:42,166 [ULTIMATE-FUSION] [INFO] 🌌 🛡️ [生產級守護] 正在執行背景健康檢查與狀態同步...
2026-08-24 20:18:42,169 [ULTIMATE-FUSION] [INFO] 🌌 ✨ [守護完成] 系統狀態: [operational] | 記憶體安全: [passed]
2026-08-24 20:18:52,362 [ULTIMATE-FUSION] [INFO] 🌌 【全融合心跳】世代 [857] 開始運作...
2026-08-24 20:19:09,012 [ULTIMATE-FUSION] [INFO] 🌌 🛡️ [生產級守護] 正在執行背景健康檢查與狀態同步...
2026-08-24 20:19:09,014 [ULTIMATE-FUSION] [INFO] 🌌 ✨ [守護完成] 系統狀態: [operational] | 記憶體安全: [passed]
2026-08-24 20:19:19,152 [ULTIMATE-FUSION] [INFO] 🌌 【全融合心跳】世代 [858] 開始運作...
2026-08-24 20:19:40,672 [ULTIMATE-FUSION] [INFO] 🌌 🛡️ [生產級守護] 正在執行背景健康檢查與狀態同步...
2026-08-24 20:19:40,676 [ULTIMATE-FUSION] [INFO] 🌌 ✨ [守護完成] 系統狀態: [operational] | 記憶體安全: [passed]
2026-08-24 20:19:50,903 [ULTIMATE-FUSION] [INFO] 🌌 【全融合心跳】世代 [859] 開始運作...
2026-08-24 20:20:18,709 [ULTIMATE-FUSION] [INFO] 🌌 🛡️ [生產級守護] 正在執行背景健康檢查與狀態同步...
2026-08-24 20:20:18,714 [ULTIMATE-FUSION] [INFO] 🌌 ✨ [守護完成] 系統狀態: [operational] | 記憶體安全: [passed]
2026-08-24 20:20:28,838 [ULTIMATE-FUSION] [INFO] 🌌 【全融合心跳】世代 [860] 開始運作...
2026-08-24 20:20:47,125 [ULTIMATE-FUSION] [INFO] 🌌 🛡️ [生產級守護] 正在執行背景健康檢查與狀態同步...
2026-08-24 20:20:47,128 [ULTIMATE-FUSION] [INFO] 🌌 ✨ [守護完成] 系統狀態: [operational] | 記憶體安全: [passed]
2026-08-24 20:20:57,249 [ULTIMATE-FUSION] [INFO] 🌌 【全融合心跳】世代 [861] 開始運作...
2026-08-24 20:21:17,175 [ULTIMATE-FUSION] [INFO] 🌌 🛡️ [生產級守護] 正在執行背景健康檢查與狀態同步...
2026-08-24 20:21:17,176 [ULTIMATE-FUSION] [INFO] 🌌 ✨ [守護完成] 系統狀態: [operational] | 記憶體安全: [passed]
2026-08-24 20:21:27,259 [ULTIMATE-FUSION] [INFO] 🌌 【全融合心跳】世代 [862] 開始運作...
2026-08-24 20:21:44,165 [ULTIMATE-FUSION] [INFO] 🌌 🛡️ [生產級守護] 正在執行背景健康檢查與狀態同步...
2026-08-24 20:21:44,170 [ULTIMATE-FUSION] [INFO] 🌌 ✨ [守護完成] 系統狀態: [operational] | 記憶體安全: [passed]
2026-08-24 20:21:54,264 [ULTIMATE-FUSION] [INFO] 🌌 【全融合心跳】世代 [863] 開始運作...
2026-08-24 20:22:18,157 [ULTIMATE-FUSION] [INFO] 🌌 🛡️ [生產級守護] 正在執行背景健康檢查與狀態同步...
2026-08-24 20:22:18,162 [ULTIMATE-FUSION] [INFO] 🌌 ✨ [守護完成] 系統狀態: [operational] | 記憶體安全: [passed]
2026-08-24 20:22:28,335 [ULTIMATE-FUSION] [INFO] 🌌 【全融合心跳】世代 [864] 開始運作...
2026-08-24 20:22:49,559 [ULTIMATE-FUSION] [INFO] 🌌 🛡️ [生產級守護] 正在執行背景健康檢查與狀態同步...
2026-08-24 20:22:49,560 [ULTIMATE-FUSION] [INFO] 🌌 ✨ [守護完成] 系統狀態: [operational] | 記憶體安全: [passed]
2026-08-24 20:22:59,630 [ULTIMATE-FUSION] [INFO] 🌌 【全融合心跳】世代 [865] 開始運作...
2026-08-24 20:23:20,031 [ULTIMATE-FUSION] [INFO] 🌌 🛡️ [生產級守護] 正在執行背景健康檢查與狀態同步...
2026-08-24 20:23:20,037 [ULTIMATE-FUSION] [INFO] 🌌 ✨ [守護完成] 系統狀態: [operational] | 記憶體安全: [passed]
2026-08-24 20:23:30,169 [ULTIMATE-FUSION] [INFO] 🌌 【全融合心跳】世代 [866] 開始運作...
2026-08-24 20:23:51,877 [ULTIMATE-FUSION] [INFO] 🌌 🛡️ [生產級守護] 正在執行背景健康檢查與狀態同步...
2026-08-24 20:23:51,882 [ULTIMATE-FUSION] [INFO] 🌌 ✨ [守護完成] 系統狀態: [operational] | 記憶體安全: [passed]
2026-08-24 20:24:02,218 [ULTIMATE-FUSION] [INFO] 🌌 【全融合心跳】世代 [867] 開始運作...
2026-08-24 20:24:20,790 [ULTIMATE-FUSION] [INFO] 🌌 🛡️ [生產級守護] 正在執行背景健康檢查與狀態同步...
2026-08-24 20:24:20,800 [ULTIMATE-FUSION] [INFO] 🌌 ✨ [守護完成] 系統狀態: [operational] | 記憶體安全: [passed]
2026-08-24 20:24:31,048 [ULTIMATE-FUSION] [INFO] 🌌 【全融合心跳】世代 [868] 開始運作...
2026-08-24 20:24:50,843 [ULTIMATE-FUSION] [INFO] 🌌 🛡️ [生產級守護] 正在執行背景健康檢查與狀態同步...
2026-08-24 20:24:50,869 [ULTIMATE-FUSION] [INFO] 🌌 ✨ [守護完成] 系統狀態: [operational] | 記憶體安全: [passed]
2026-08-24 20:25:01,661 [ULTIMATE-FUSION] [INFO] 🌌 【全融合心跳】世代 [869] 開始運作...
2026-08-24 20:25:25,078 [ULTIMATE-FUSION] [INFO] 🌌 🛡️ [生產級守護] 正在執行背景健康檢查與狀態同步...
2026-08-24 20:25:25,092 [ULTIMATE-FUSION] [INFO] 🌌 ✨ [守護完成] 系統狀態: [operational] | 記憶體安全: [passed]
2026-08-24 20:25:35,271 [ULTIMATE-FUSION] [INFO] 🌌 【全融合心跳】世代 [870] 開始運作...
2026-08-24 20:25:53,372 [ULTIMATE-FUSION] [INFO] 🌌 🛡️ [生產級守護] 正在執行背景健康檢查與狀態同步...
2026-08-24 20:25:53,377 [ULTIMATE-FUSION] [INFO] 🌌 ✨ [守護完成] 系統狀態: [operational] | 記憶體安全: [passed]
2026-08-24 20:26:03,571 [ULTIMATE-FUSION] [INFO] 🌌 【全融合心跳】世代 [871] 開始運作...
2026-08-24 20:26:31,541 [ULTIMATE-FUSION] [INFO] 🌌 🛡️ [生產級守護] 正在執行背景健康檢查與狀態同步...
2026-08-24 20:26:31,651 [ULTIMATE-FUSION] [INFO] 🌌 ✨ [守護完成] 系統狀態: [operational] | 記憶體安全: [passed]
2026-08-24 20:26:42,658 [ULTIMATE-FUSION] [INFO] 🌌 【全融合心跳】世代 [872] 開始運作...
2026-08-24 20:26:59,556 [ULTIMATE-FUSION] [INFO] 🌌 🛡️ [生產級守護] 正在執行背景健康檢查與狀態同步...
2026-08-24 20:26:59,557 [ULTIMATE-FUSION] [INFO] 🌌 ✨ [守護完成] 系統狀態: [operational] | 記憶體安全: [passed]
2026-08-24 20:27:09,705 [ULTIMATE-FUSION] [INFO] 🌌 【全融合心跳】世代 [873] 開始運作...
2026-08-24 20:27:31,622 [ULTIMATE-FUSION] [INFO] 🌌 🛡️ [生產級守護] 正在執行背景健康檢查與狀態同步...
2026-08-24 20:27:31,631 [ULTIMATE-FUSION] [INFO] 🌌 ✨ [守護完成] 系統狀態: [operational] | 記憶體安全: [passed]
2026-08-24 20:27:41,775 [ULTIMATE-FUSION] [INFO] 🌌 【全融合心跳】世代 [874] 開始運作...
2026-08-24 20:28:12,381 [ULTIMATE-FUSION] [INFO] 🌌 🛡️ [生產級守護] 正在執行背景健康檢查與狀態同步...
2026-08-24 20:28:12,386 [ULTIMATE-FUSION] [INFO] 🌌 ✨ [守護完成] 系統狀態: [operational] | 記憶體安全: [passed]
2026-08-24 20:28:22,514 [ULTIMATE-FUSION] [INFO] 🌌 【全融合心跳】世代 [875] 開始運作...
2026-08-24 20:28:41,266 [ULTIMATE-FUSION] [INFO] 🌌 🛡️ [生產級守護] 正在執行背景健康檢查與狀態同步...
2026-08-24 20:28:41,269 [ULTIMATE-FUSION] [INFO] 🌌 ✨ [守護完成] 系統狀態: [operational] | 記憶體安全: [passed]
2026-08-24 20:28:51,379 [ULTIMATE-FUSION] [INFO] 🌌 【全融合心跳】世代 [876] 開始運作...
2026-08-24 20:29:10,226 [ULTIMATE-FUSION] [INFO] 🌌 🛡️ [生產級守護] 正在執行背景健康檢查與狀態同步...
2026-08-24 20:29:10,228 [ULTIMATE-FUSION] [INFO] 🌌 ✨ [守護完成] 系統狀態: [operational] | 記憶體安全: [passed]
2026-08-24 20:29:20,398 [ULTIMATE-FUSION] [INFO] 🌌 【全融合心跳】世代 [877] 開始運作...
2026-08-24 20:29:42,963 [ULTIMATE-FUSION] [INFO] 🌌 🛡️ [生產級守護] 正在執行背景健康檢查與狀態同步...
2026-08-24 20:29:42,964 [ULTIMATE-FUSION] [INFO] 🌌 ✨ [守護完成] 系統狀態: [operational] | 記憶體安全: [passed]
2026-08-24 20:29:53,058 [ULTIMATE-FUSION] [INFO] 🌌 【全融合心跳】世代 [878] 開始運作...
2026-08-24 20:30:20,149 [ULTIMATE-FUSION] [INFO] 🌌 🛡️ [生產級守護] 正在執行背景健康檢查與狀態同步...
2026-08-24 20:30:20,151 [ULTIMATE-FUSION] [INFO] 🌌 ✨ [守護完成] 系統狀態: [operational] | 記憶體安全: [passed]
2026-08-24 20:30:30,326 [ULTIMATE-FUSION] [INFO] 🌌 【全融合心跳】世代 [879] 開始運作...
2026-08-24 20:30:54,379 [ULTIMATE-FUSION] [INFO] 🌌 🛡️ [生產級守護] 正在執行背景健康檢查與狀態同步...
2026-08-24 20:30:54,406 [ULTIMATE-FUSION] [INFO] 🌌 ✨ [守護完成] 系統狀態: [operational] | 記憶體安全: [passed]
2026-08-24 20:31:04,647 [ULTIMATE-FUSION] [INFO] 🌌 【全融合心跳】世代 [880] 開始運作...
2026-08-24 20:31:27,097 [ULTIMATE-FUSION] [INFO] 🌌 🛡️ [生產級守護] 正在執行背景健康檢查與狀態同步...
2026-08-24 20:31:27,102 [ULTIMATE-FUSION] [INFO] 🌌 ✨ [守護完成] 系統狀態: [operational] | 記憶體安全: [passed]
2026-08-24 20:31:37,295 [ULTIMATE-FUSION] [INFO] 🌌 【全融合心跳】世代 [881] 開始運作...
2026-08-24 20:31:54,131 [ULTIMATE-FUSION] [INFO] 🌌 🛡️ [生產級守護] 正在執行背景健康檢查與狀態同步...
2026-08-24 20:31:54,139 [ULTIMATE-FUSION] [INFO] 🌌 ✨ [守護完成] 系統狀態: [operational] | 記憶體安全: [passed]
2026-08-24 20:32:04,326 [ULTIMATE-FUSION] [INFO] 🌌 【全融合心跳】世代 [882] 開始運作...
2026-08-24 20:32:29,860 [ULTIMATE-FUSION] [INFO] 🌌 🛡️ [生產級守護] 正在執行背景健康檢查與狀態同步...
2026-08-24 20:32:29,881 [ULTIMATE-FUSION] [INFO] 🌌 ✨ [守護完成] 系統狀態: [operational] | 記憶體安全: [passed]
2026-08-24 20:32:40,006 [ULTIMATE-FUSION] [INFO] 🌌 【全融合心跳】世代 [883] 開始運作...
2026-08-24 20:32:59,415 [ULTIMATE-FUSION] [INFO] 🌌 🛡️ [生產級守護] 正在執行背景健康檢查與狀態同步...
2026-08-24 20:32:59,427 [ULTIMATE-FUSION] [INFO] 🌌 ✨ [守護完成] 系統狀態: [operational] | 記憶體安全: [passed]
2026-08-24 20:33:09,656 [ULTIMATE-FUSION] [INFO] 🌌 【全融合心跳】世代 [884] 開始運作...
2026-08-24 20:33:36,041 [ULTIMATE-FUSION] [INFO] 🌌 🛡️ [生產級守護] 正在執行背景健康檢查與狀態同步...
2026-08-24 20:33:36,065 [ULTIMATE-FUSION] [INFO] 🌌 ✨ [守護完成] 系統狀態: [operational] | 記憶體安全: [passed]
2026-08-24 20:33:46,237 [ULTIMATE-FUSION] [INFO] 🌌 【全融合心跳】世代 [885] 開始運作...
2026-08-24 20:34:09,448 [ULTIMATE-FUSION] [INFO] 🌌 🛡️ [生產級守護] 正在執行背景健康檢查與狀態同步...
2026-08-24 20:34:09,451 [ULTIMATE-FUSION] [INFO] 🌌 ✨ [守護完成] 系統狀態: [operational] | 記憶體安全: [passed]
2026-08-24 20:34:19,581 [ULTIMATE-FUSION] [INFO] 🌌 【全融合心跳】世代 [886] 開始運作...
2026-08-24 20:34:35,720 [ULTIMATE-FUSION] [INFO] 🌌 🛡️ [生產級守護] 正在執行背景健康檢查與狀態同步...
2026-08-24 20:34:35,726 [ULTIMATE-FUSION] [INFO] 🌌 ✨ [守護完成] 系統狀態: [operational] | 記憶體安全: [passed]
2026-08-24 20:34:45,866 [ULTIMATE-FUSION] [INFO] 🌌 【全融合心跳】世代 [887] 開始運作...
2026-08-24 20:35:10,927 [ULTIMATE-FUSION] [INFO] 🌌 🛡️ [生產級守護] 正在執行背景健康檢查與狀態同步...
2026-08-24 20:35:10,931 [ULTIMATE-FUSION] [INFO] 🌌 ✨ [守護完成] 系統狀態: [operational] | 記憶體安全: [passed]
2026-08-24 20:35:21,116 [ULTIMATE-FUSION] [INFO] 🌌 【全融合心跳】世代 [888] 開始運作...
2026-08-24 20:35:38,693 [ULTIMATE-FUSION] [INFO] 🌌 🛡️ [生產級守護] 正在執行背景健康檢查與狀態同步...
2026-08-24 20:35:38,697 [ULTIMATE-FUSION] [INFO] 🌌 ✨ [守護完成] 系統狀態: [operational] | 記憶體安全: [passed]
2026-08-24 20:35:48,988 [ULTIMATE-FUSION] [INFO] 🌌 【全融合心跳】世代 [889] 開始運作...
2026-08-24 20:36:08,024 [ULTIMATE-FUSION] [INFO] 🌌 🛡️ [生產級守護] 正在執行背景健康檢查與狀態同步...
2026-08-24 20:36:08,066 [ULTIMATE-FUSION] [INFO] 🌌 ✨ [守護完成] 系統狀態: [operational] | 記憶體安全: [passed]
2026-08-24 20:36:18,297 [ULTIMATE-FUSION] [INFO] 🌌 【全融合心跳】世代 [890] 開始運作...
2026-08-24 20:36:38,418 [ULTIMATE-FUSION] [INFO] 🌌 🛡️ [生產級守護] 正在執行背景健康檢查與狀態同步...
2026-08-24 20:36:38,438 [ULTIMATE-FUSION] [INFO] 🌌 ✨ [守護完成] 系統狀態: [operational] | 記憶體安全: [passed]
2026-08-24 20:36:48,578 [ULTIMATE-FUSION] [INFO] 🌌 【全融合心跳】世代 [891] 開始運作...
2026-08-24 20:37:04,784 [ULTIMATE-FUSION] [INFO] 🌌 🛡️ [生產級守護] 正在執行背景健康檢查與狀態同步...
2026-08-24 20:37:04,787 [ULTIMATE-FUSION] [INFO] 🌌 ✨ [守護完成] 系統狀態: [operational] | 記憶體安全: [passed]
2026-08-24 20:37:14,910 [ULTIMATE-FUSION] [INFO] 🌌 【全融合心跳】世代 [892] 開始運作...
2026-08-24 20:37:38,702 [ULTIMATE-FUSION] [INFO] 🌌 🛡️ [生產級守護] 正在執行背景健康檢查與狀態同步...
2026-08-24 20:37:38,712 [ULTIMATE-FUSION] [INFO] 🌌 ✨ [守護完成] 系統狀態: [operational] | 記憶體安全: [passed]
2026-08-24 20:37:48,918 [ULTIMATE-FUSION] [INFO] 🌌 【全融合心跳】世代 [893] 開始運作...
2026-08-24 20:38:13,223 [ULTIMATE-FUSION] [INFO] 🌌 🛡️ [生產級守護] 正在執行背景健康檢查與狀態同步...
2026-08-24 20:38:13,230 [ULTIMATE-FUSION] [INFO] 🌌 ✨ [守護完成] 系統狀態: [operational] | 記憶體安全: [passed]
2026-08-24 20:38:23,427 [ULTIMATE-FUSION] [INFO] 🌌 【全融合心跳】世代 [894] 開始運作...
2026-08-24 20:38:40,766 [ULTIMATE-FUSION] [INFO] 🌌 🛡️ [生產級守護] 正在執行背景健康檢查與狀態同步...
2026-08-24 20:38:40,795 [ULTIMATE-FUSION] [INFO] 🌌 ✨ [守護完成] 系統狀態: [operational] | 記憶體安全: [passed]
2026-08-24 20:38:50,953 [ULTIMATE-FUSION] [INFO] 🌌 【全融合心跳】世代 [895] 開始運作...
2026-08-24 20:39:15,162 [ULTIMATE-FUSION] [INFO] 🌌 🛡️ [生產級守護] 正在執行背景健康檢查與狀態同步...
2026-08-24 20:39:15,180 [ULTIMATE-FUSION] [INFO] 🌌 ✨ [守護完成] 系統狀態: [operational] | 記憶體安全: [passed]
2026-08-24 20:39:25,422 [ULTIMATE-FUSION] [INFO] 🌌 【全融合心跳】世代 [896] 開始運作...
2026-08-24 20:39:43,805 [ULTIMATE-FUSION] [INFO] 🌌 🛡️ [生產級守護] 正在執行背景健康檢查與狀態同步...
2026-08-24 20:39:43,808 [ULTIMATE-FUSION] [INFO] 🌌 ✨ [守護完成] 系統狀態: [operational] | 記憶體安全: [passed]
2026-08-24 20:39:53,973 [ULTIMATE-FUSION] [INFO] 🌌 【全融合心跳】世代 [897] 開始運作...
2026-08-24 20:40:17,193 [ULTIMATE-FUSION] [INFO] 🌌 🛡️ [生產級守護] 正在執行背景健康檢查與狀態同步...
2026-08-24 20:40:17,207 [ULTIMATE-FUSION] [INFO] 🌌 ✨ [守護完成] 系統狀態: [operational] | 記憶體安全: [passed]
2026-08-24 20:40:27,402 [ULTIMATE-FUSION] [INFO] 🌌 【全融合心跳】世代 [898] 開始運作...
2026-08-24 20:40:49,206 [ULTIMATE-FUSION] [INFO] 🌌 🛡️ [生產級守護] 正在執行背景健康檢查與狀態同步...
2026-08-24 20:40:49,250 [ULTIMATE-FUSION] [INFO] 🌌 ✨ [守護完成] 系統狀態: [operational] | 記憶體安全: [passed]
2026-08-24 20:40:59,542 [ULTIMATE-FUSION] [INFO] 🌌 【全融合心跳】世代 [899] 開始運作...
2026-08-24 20:41:19,525 [ULTIMATE-FUSION] [INFO] 🌌 🛡️ [生產級守護] 正在執行背景健康檢查與狀態同步...
2026-08-24 20:41:19,536 [ULTIMATE-FUSION] [INFO] 🌌 ✨ [守護完成] 系統狀態: [operational] | 記憶體安全: [passed]
2026-08-24 20:41:29,716 [ULTIMATE-FUSION] [INFO] 🌌 【全融合心跳】世代 [900] 開始運作...
2026-08-24 20:41:46,129 [ULTIMATE-FUSION] [INFO] 🌌 🛡️ [生產級守護] 正在執行背景健康檢查與狀態同步...
2026-08-24 20:41:46,138 [ULTIMATE-FUSION] [INFO] 🌌 ✨ [守護完成] 系統狀態: [operational] | 記憶體安全: [passed]
2026-08-24 20:41:56,385 [ULTIMATE-FUSION] [INFO] 🌌 【全融合心跳】世代 [901] 開始運作...
2026-08-24 20:42:12,509 [ULTIMATE-FUSION] [INFO] 🌌 🛡️ [生產級守護] 正在執行背景健康檢查與狀態同步...
2026-08-24 20:42:12,510 [ULTIMATE-FUSION] [INFO] 🌌 ✨ [守護完成] 系統狀態: [operational] | 記憶體安全: [passed]
2026-08-24 20:42:22,693 [ULTIMATE-FUSION] [INFO] 🌌 【全融合心跳】世代 [902] 開始運作...
2026-08-24 20:42:39,335 [ULTIMATE-FUSION] [INFO] 🌌 🛡️ [生產級守護] 正在執行背景健康檢查與狀態同步...
2026-08-24 20:42:39,344 [ULTIMATE-FUSION] [INFO] 🌌 ✨ [守護完成] 系統狀態: [operational] | 記憶體安全: [passed]
2026-08-24 20:42:49,658 [ULTIMATE-FUSION] [INFO] 🌌 【全融合心跳】世代 [903] 開始運作...
2026-08-24 20:43:10,360 [ULTIMATE-FUSION] [INFO] 🌌 🛡️ [生產級守護] 正在執行背景健康檢查與狀態同步...
2026-08-24 20:43:10,367 [ULTIMATE-FUSION] [INFO] 🌌 ✨ [守護完成] 系統狀態: [operational] | 記憶體安全: [passed]
2026-08-24 20:43:20,598 [ULTIMATE-FUSION] [INFO] 🌌 【全融合心跳】世代 [904] 開始運作...
2026-08-24 20:43:39,984 [ULTIMATE-FUSION] [INFO] 🌌 🛡️ [生產級守護] 正在執行背景健康檢查與狀態同步...
2026-08-24 20:43:39,988 [ULTIMATE-FUSION] [INFO] 🌌 ✨ [守護完成] 系統狀態: [operational] | 記憶體安全: [passed]
2026-08-24 20:43:50,237 [ULTIMATE-FUSION] [INFO] 🌌 【全融合心跳】世代 [905] 開始運作...
2026-08-24 20:44:13,785 [ULTIMATE-FUSION] [INFO] 🌌 🛡️ [生產級守護] 正在執行背景健康檢查與狀態同步...
2026-08-24 20:44:13,797 [ULTIMATE-FUSION] [INFO] 🌌 ✨ [守護完成] 系統狀態: [operational] | 記憶體安全: [passed]
2026-08-24 20:44:24,576 [ULTIMATE-FUSION] [INFO] 🌌 【全融合心跳】世代 [906] 開始運作...
2026-08-24 20:44:41,185 [ULTIMATE-FUSION] [INFO] 🌌 🛡️ [生產級守護] 正在執行背景健康檢查與狀態同步...
2026-08-24 20:44:41,201 [ULTIMATE-FUSION] [INFO] 🌌 ✨ [守護完成] 系統狀態: [operational] | 記憶體安全: [passed]
2026-08-24 20:44:51,426 [ULTIMATE-FUSION] [INFO] 🌌 【全融合心跳】世代 [907] 開始運作...
2026-08-24 20:45:16,968 [ULTIMATE-FUSION] [INFO] 🌌 🛡️ [生產級守護] 正在執行背景健康檢查與狀態同步...
2026-08-24 20:45:16,972 [ULTIMATE-FUSION] [INFO] 🌌 ✨ [守護完成] 系統狀態: [operational] | 記憶體安全: [passed]
2026-08-24 20:45:27,173 [ULTIMATE-FUSION] [INFO] 🌌 【全融合心跳】世代 [908] 開始運作...
2026-08-24 20:45:49,758 [ULTIMATE-FUSION] [INFO] 🌌 🛡️ [生產級守護] 正在執行背景健康檢查與狀態同步...
2026-08-24 20:45:49,764 [ULTIMATE-FUSION] [INFO] 🌌 ✨ [守護完成] 系統狀態: [operational] | 記憶體安全: [passed]
2026-08-24 20:45:59,916 [ULTIMATE-FUSION] [INFO] 🌌 【全融合心跳】世代 [909] 開始運作...
2026-08-24 20:46:21,167 [ULTIMATE-FUSION] [INFO] 🌌 🛡️ [生產級守護] 正在執行背景健康檢查與狀態同步...
2026-08-24 20:46:21,170 [ULTIMATE-FUSION] [INFO] 🌌 ✨ [守護完成] 系統狀態: [operational] | 記憶體安全: [passed]
2026-08-24 20:46:31,293 [ULTIMATE-FUSION] [INFO] 🌌 【全融合心跳】世代 [910] 開始運作...
2026-08-24 20:46:54,094 [ULTIMATE-FUSION] [INFO] 🌌 🛡️ [生產級守護] 正在執行背景健康檢查與狀態同步...
2026-08-24 20:46:54,110 [ULTIMATE-FUSION] [INFO] 🌌 ✨ [守護完成] 系統狀態: [operational] | 記憶體安全: [passed]
2026-08-24 20:47:04,303 [ULTIMATE-FUSION] [INFO] 🌌 【全融合心跳】世代 [911] 開始運作...
2026-08-24 20:47:25,312 [ULTIMATE-FUSION] [INFO] 🌌 🛡️ [生產級守護] 正在執行背景健康檢查與狀態同步...
2026-08-24 20:47:25,314 [ULTIMATE-FUSION] [INFO] 🌌 ✨ [守護完成] 系統狀態: [operational] | 記憶體安全: [passed]
2026-08-24 20:47:35,401 [ULTIMATE-FUSION] [INFO] 🌌 【全融合心跳】世代 [912] 開始運作...
2026-08-24 20:47:55,650 [ULTIMATE-FUSION] [INFO] 🌌 🛡️ [生產級守護] 正在執行背景健康檢查與狀態同步...
2026-08-24 20:47:55,660 [ULTIMATE-FUSION] [INFO] 🌌 ✨ [守護完成] 系統狀態: [operational] | 記憶體安全: [passed]
2026-08-24 20:48:05,905 [ULTIMATE-FUSION] [INFO] 🌌 【全融合心跳】世代 [913] 開始運作...
2026-08-24 20:48:30,112 [ULTIMATE-FUSION] [INFO] 🌌 🛡️ [生產級守護] 正在執行背景健康檢查與狀態同步...
2026-08-24 20:48:30,121 [ULTIMATE-FUSION] [INFO] 🌌 ✨ [守護完成] 系統狀態: [operational] | 記憶體安全: [passed]
2026-08-24 20:48:40,298 [ULTIMATE-FUSION] [INFO] 🌌 【全融合心跳】世代 [914] 開始運作...
2026-08-24 20:49:01,093 [ULTIMATE-FUSION] [INFO] 🌌 🛡️ [生產級守護] 正在執行背景健康檢查與狀態同步...
2026-08-24 20:49:01,099 [ULTIMATE-FUSION] [INFO] 🌌 ✨ [守護完成] 系統狀態: [operational] | 記憶體安全: [passed]
2026-08-24 20:49:11,348 [ULTIMATE-FUSION] [INFO] 🌌 【全融合心跳】世代 [915] 開始運作...
2026-08-24 20:49:34,792 [ULTIMATE-FUSION] [INFO] 🌌 🛡️ [生產級守護] 正在執行背景健康檢查與狀態同步...
2026-08-24 20:49:34,809 [ULTIMATE-FUSION] [INFO] 🌌 ✨ [守護完成] 系統狀態: [operational] | 記憶體安全: [passed]
2026-08-24 20:49:44,975 [ULTIMATE-FUSION] [INFO] 🌌 【全融合心跳】世代 [916] 開始運作...
2026-08-24 20:50:11,760 [ULTIMATE-FUSION] [INFO] 🌌 🛡️ [生產級守護] 正在執行背景健康檢查與狀態同步...
2026-08-24 20:50:11,769 [ULTIMATE-FUSION] [INFO] 🌌 ✨ [守護完成] 系統狀態: [operational] | 記憶體安全: [passed]
2026-08-24 20:50:21,900 [ULTIMATE-FUSION] [INFO] 🌌 【全融合心跳】世代 [917] 開始運作...
2026-08-24 20:50:45,134 [ULTIMATE-FUSION] [INFO] 🌌 🛡️ [生產級守護] 正在執行背景健康檢查與狀態同步...
2026-08-24 20:50:45,137 [ULTIMATE-FUSION] [INFO] 🌌 ✨ [守護完成] 系統狀態: [operational] | 記憶體安全: [passed]
2026-08-24 20:50:55,346 [ULTIMATE-FUSION] [INFO] 🌌 【全融合心跳】世代 [918] 開始運作...
2026-08-24 20:51:14,393 [ULTIMATE-FUSION] [INFO] 🌌 🛡️ [生產級守護] 正在執行背景健康檢查與狀態同步...
2026-08-24 20:51:14,394 [ULTIMATE-FUSION] [INFO] 🌌 ✨ [守護完成] 系統狀態: [operational] | 記憶體安全: [passed]
2026-08-24 20:51:24,499 [ULTIMATE-FUSION] [INFO] 🌌 【全融合心跳】世代 [919] 開始運作...
2026-08-24 20:51:46,871 [ULTIMATE-FUSION] [INFO] 🌌 🛡️ [生產級守護] 正在執行背景健康檢查與狀態同步...
2026-08-24 20:51:46,879 [ULTIMATE-FUSION] [INFO] 🌌 ✨ [守護完成] 系統狀態: [operational] | 記憶體安全: [passed]
2026-08-24 20:51:57,247 [ULTIMATE-FUSION] [INFO] 🌌 【全融合心跳】世代 [920] 開始運作...
2026-08-24 20:52:17,968 [ULTIMATE-FUSION] [INFO] 🌌 🛡️ [生產級守護] 正在執行背景健康檢查與狀態同步...
2026-08-24 20:52:17,993 [ULTIMATE-FUSION] [INFO] 🌌 ✨ [守護完成] 系統狀態: [operational] | 記憶體安全: [passed]
2026-08-24 20:52:28,148 [ULTIMATE-FUSION] [INFO] 🌌 【全融合心跳】世代 [921] 開始運作...
2026-08-24 20:52:51,591 [ULTIMATE-FUSION] [INFO] 🌌 🛡️ [生產級守護] 正在執行背景健康檢查與狀態同步...
2026-08-24 20:52:51,597 [ULTIMATE-FUSION] [INFO] 🌌 ✨ [守護完成] 系統狀態: [operational] | 記憶體安全: [passed]
2026-08-24 20:53:01,812 [ULTIMATE-FUSION] [INFO] 🌌 【全融合心跳】世代 [922] 開始運作...
2026-08-24 20:53:20,524 [ULTIMATE-FUSION] [INFO] 🌌 🛡️ [生產級守護] 正在執行背景健康檢查與狀態同步...
2026-08-24 20:53:20,533 [ULTIMATE-FUSION] [INFO] 🌌 ✨ [守護完成] 系統狀態: [operational] | 記憶體安全: [passed]
2026-08-24 20:53:30,707 [ULTIMATE-FUSION] [INFO] 🌌 【全融合心跳】世代 [923] 開始運作...
2026-08-24 20:53:47,151 [ULTIMATE-FUSION] [INFO] 🌌 🛡️ [生產級守護] 正在執行背景健康檢查與狀態同步...
2026-08-24 20:53:47,152 [ULTIMATE-FUSION] [INFO] 🌌 ✨ [守護完成] 系統狀態: [operational] | 記憶體安全: [passed]
2026-08-24 20:53:57,288 [ULTIMATE-FUSION] [INFO] 🌌 【全融合心跳】世代 [924] 開始運作...
2026-08-24 20:54:21,854 [ULTIMATE-FUSION] [INFO] 🌌 🛡️ [生產級守護] 正在執行背景健康檢查與狀態同步...
2026-08-24 20:54:21,859 [ULTIMATE-FUSION] [INFO] 🌌 ✨ [守護完成] 系統狀態: [operational] | 記憶體安全: [passed]
2026-08-24 20:54:32,064 [ULTIMATE-FUSION] [INFO] 🌌 【全融合心跳】世代 [925] 開始運作...
2026-08-24 20:54:48,181 [ULTIMATE-FUSION] [INFO] 🌌 🛡️ [生產級守護] 正在執行背景健康檢查與狀態同步...
2026-08-24 20:54:48,189 [ULTIMATE-FUSION] [INFO] 🌌 ✨ [守護完成] 系統狀態: [operational] | 記憶體安全: [passed]
2026-08-24 20:54:58,375 [ULTIMATE-FUSION] [INFO] 🌌 【全融合心跳】世代 [926] 開始運作...
2026-08-24 20:55:24,159 [ULTIMATE-FUSION] [INFO] 🌌 🛡️ [生產級守護] 正在執行背景健康檢查與狀態同步...
2026-08-24 20:55:24,164 [ULTIMATE-FUSION] [INFO] 🌌 ✨ [守護完成] 系統狀態: [operational] | 記憶體安全: [passed]
2026-08-24 20:55:34,318 [ULTIMATE-FUSION] [INFO] 🌌 【全融合心跳】世代 [927] 開始運作...
2026-08-24 20:55:56,988 [ULTIMATE-FUSION] [INFO] 🌌 🛡️ [生產級守護] 正在執行背景健康檢查與狀態同步...
2026-08-24 20:55:56,992 [ULTIMATE-FUSION] [INFO] 🌌 ✨ [守護完成] 系統狀態: [operational] | 記憶體安全: [passed]
2026-08-24 20:56:07,175 [ULTIMATE-FUSION] [INFO] 🌌 【全融合心跳】世代 [928] 開始運作...
2026-08-24 20:56:27,630 [ULTIMATE-FUSION] [INFO] 🌌 🛡️ [生產級守護] 正在執行背景健康檢查與狀態同步...
2026-08-24 20:56:27,644 [ULTIMATE-FUSION] [INFO] 🌌 ✨ [守護完成] 系統狀態: [operational] | 記憶體安全: [passed]
2026-08-24 20:56:37,857 [ULTIMATE-FUSION] [INFO] 🌌 【全融合心跳】世代 [929] 開始運作...
2026-08-24 20:56:55,713 [ULTIMATE-FUSION] [INFO] 🌌 🛡️ [生產級守護] 正在執行背景健康檢查與狀態同步...
2026-08-24 20:56:55,715 [ULTIMATE-FUSION] [INFO] 🌌 ✨ [守護完成] 系統狀態: [operational] | 記憶體安全: [passed]
2026-08-24 20:57:05,863 [ULTIMATE-FUSION] [INFO] 🌌 【全融合心跳】世代 [930] 開始運作...
2026-08-24 20:57:27,667 [ULTIMATE-FUSION] [INFO] 🌌 🛡️ [生產級守護] 正在執行背景健康檢查與狀態同步...
2026-08-24 20:57:27,670 [ULTIMATE-FUSION] [INFO] 🌌 ✨ [守護完成] 系統狀態: [operational] | 記憶體安全: [passed]
2026-08-24 20:57:37,841 [ULTIMATE-FUSION] [INFO] 🌌 【全融合心跳】世代 [931] 開始運作...
2026-08-24 20:58:01,131 [ULTIMATE-FUSION] [INFO] 🌌 🛡️ [生產級守護] 正在執行背景健康檢查與狀態同步...
2026-08-24 20:58:01,159 [ULTIMATE-FUSION] [INFO] 🌌 ✨ [守護完成] 系統狀態: [operational] | 記憶體安全: [passed]
2026-08-24 20:58:11,305 [ULTIMATE-FUSION] [INFO] 🌌 【全融合心跳】世代 [932] 開始運作...
2026-08-24 20:58:30,455 [ULTIMATE-FUSION] [INFO] 🌌 🛡️ [生產級守護] 正在執行背景健康檢查與狀態同步...
2026-08-24 20:58:30,462 [ULTIMATE-FUSION] [INFO] 🌌 ✨ [守護完成] 系統狀態: [operational] | 記憶體安全: [passed]
2026-08-24 20:58:40,621 [ULTIMATE-FUSION] [INFO] 🌌 【全融合心跳】世代 [933] 開始運作...
2026-08-24 20:58:57,367 [ULTIMATE-FUSION] [INFO] 🌌 🛡️ [生產級守護] 正在執行背景健康檢查與狀態同步...
2026-08-24 20:58:57,369 [ULTIMATE-FUSION] [INFO] 🌌 ✨ [守護完成] 系統狀態: [operational] | 記憶體安全: [passed]
2026-08-24 20:59:07,544 [ULTIMATE-FUSION] [INFO] 🌌 【全融合心跳】世代 [934] 開始運作...
2026-08-24 20:59:30,782 [ULTIMATE-FUSION] [INFO] 🌌 🛡️ [生產級守護] 正在執行背景健康檢查與狀態同步...
2026-08-24 20:59:30,792 [ULTIMATE-FUSION] [INFO] 🌌 ✨ [守護完成] 系統狀態: [operational] | 記憶體安全: [passed]
2026-08-24 20:59:40,989 [ULTIMATE-FUSION] [INFO] 🌌 【全融合心跳】世代 [935] 開始運作...
2026-08-24 21:00:15,030 [ULTIMATE-FUSION] [INFO] 🌌 🛡️ [生產級守護] 正在執行背景健康檢查與狀態同步...
2026-08-24 21:00:15,032 [ULTIMATE-FUSION] [INFO] 🌌 ✨ [守護完成] 系統狀態: [operational] | 記憶體安全: [passed]
2026-08-24 21:00:25,153 [ULTIMATE-FUSION] [INFO] 🌌 【全融合心跳】世代 [936] 開始運作...
2026-08-24 21:00:37,496 [ULTIMATE-FUSION] [INFO] 🌌 🛡️ [生產級守護] 正在執行背景健康檢查與狀態同步...
2026-08-24 21:00:37,497 [ULTIMATE-FUSION] [INFO] 🌌 ✨ [守護完成] 系統狀態: [operational] | 記憶體安全: [passed]
2026-08-24 21:00:47,568 [ULTIMATE-FUSION] [INFO] 🌌 【全融合心跳】世代 [937] 開始運作...
2026-08-24 21:01:07,907 [ULTIMATE-FUSION] [INFO] 🌌 🛡️ [生產級守護] 正在執行背景健康檢查與狀態同步...
2026-08-24 21:01:07,909 [ULTIMATE-FUSION] [INFO] 🌌 ✨ [守護完成] 系統狀態: [operational] | 記憶體安全: [passed]
2026-08-24 21:01:18,044 [ULTIMATE-FUSION] [INFO] 🌌 【全融合心跳】世代 [938] 開始運作...
2026-08-24 21:01:42,296 [ULTIMATE-FUSION] [INFO] 🌌 🛡️ [生產級守護] 正在執行背景健康檢查與狀態同步...
2026-08-24 21:01:42,298 [ULTIMATE-FUSION] [INFO] 🌌 ✨ [守護完成] 系統狀態: [operational] | 記憶體安全: [passed]
2026-08-24 21:01:52,356 [ULTIMATE-FUSION] [INFO] 🌌 【全融合心跳】世代 [939] 開始運作...
2026-08-24 21:02:23,015 [ULTIMATE-FUSION] [INFO] 🌌 🛡️ [生產級守護] 正在執行背景健康檢查與狀態同步...
2026-08-24 21:02:23,024 [ULTIMATE-FUSION] [INFO] 🌌 ✨ [守護完成] 系統狀態: [operational] | 記憶體安全: [passed]
2026-08-24 21:02:33,191 [ULTIMATE-FUSION] [INFO] 🌌 【全融合心跳】世代 [940] 開始運作...
2026-08-24 21:02:56,648 [ULTIMATE-FUSION] [INFO] 🌌 🛡️ [生產級守護] 正在執行背景健康檢查與狀態同步...
2026-08-24 21:02:56,649 [ULTIMATE-FUSION] [INFO] 🌌 ✨ [守護完成] 系統狀態: [operational] | 記憶體安全: [passed]
2026-08-24 21:03:06,742 [ULTIMATE-FUSION] [INFO] 🌌 【全融合心跳】世代 [941] 開始運作...
2026-08-24 21:03:24,593 [ULTIMATE-FUSION] [INFO] 🌌 🛡️ [生產級守護] 正在執行背景健康檢查與狀態同步...
2026-08-24 21:03:24,594 [ULTIMATE-FUSION] [INFO] 🌌 ✨ [守護完成] 系統狀態: [operational] | 記憶體安全: [passed]
2026-08-24 21:03:34,698 [ULTIMATE-FUSION] [INFO] 🌌 【全融合心跳】世代 [942] 開始運作...
2026-08-24 21:03:54,812 [ULTIMATE-FUSION] [INFO] 🌌 🛡️ [生產級守護] 正在執行背景健康檢查與狀態同步...
2026-08-24 21:03:54,813 [ULTIMATE-FUSION] [INFO] 🌌 ✨ [守護完成] 系統狀態: [operational] | 記憶體安全: [passed]
2026-08-24 21:04:04,900 [ULTIMATE-FUSION] [INFO] 🌌 【全融合心跳】世代 [943] 開始運作...
2026-08-24 21:04:24,511 [ULTIMATE-FUSION] [INFO] 🌌 🛡️ [生產級守護] 正在執行背景健康檢查與狀態同步...
2026-08-24 21:04:24,512 [ULTIMATE-FUSION] [INFO] 🌌 ✨ [守護完成] 系統狀態: [operational] | 記憶體安全: [passed]
2026-08-24 21:04:34,611 [ULTIMATE-FUSION] [INFO] 🌌 【全融合心跳】世代 [944] 開始運作...
2026-08-24 21:05:06,012 [ULTIMATE-FUSION] [INFO] 🌌 🛡️ [生產級守護] 正在執行背景健康檢查與狀態同步...
2026-08-24 21:05:06,012 [ULTIMATE-FUSION] [INFO] 🌌 ✨ [守護完成] 系統狀態: [operational] | 記憶體安全: [passed]
2026-08-24 21:05:16,079 [ULTIMATE-FUSION] [INFO] 🌌 【全融合心跳】世代 [945] 開始運作...
2026-08-24 21:05:38,650 [ULTIMATE-FUSION] [INFO] 🌌 🛡️ [生產級守護] 正在執行背景健康檢查與狀態同步...
2026-08-24 21:05:38,650 [ULTIMATE-FUSION] [INFO] 🌌 ✨ [守護完成] 系統狀態: [operational] | 記憶體安全: [passed]
2026-08-24 21:05:48,734 [ULTIMATE-FUSION] [INFO] 🌌 【全融合心跳】世代 [946] 開始運作...
2026-08-24 21:06:10,067 [ULTIMATE-FUSION] [INFO] 🌌 🛡️ [生產級守護] 正在執行背景健康檢查與狀態同步...
2026-08-24 21:06:10,068 [ULTIMATE-FUSION] [INFO] 🌌 ✨ [守護完成] 系統狀態: [operational] | 記憶體安全: [passed]
2026-08-24 21:06:20,156 [ULTIMATE-FUSION] [INFO] 🌌 【全融合心跳】世代 [947] 開始運作...
2026-08-24 21:06:44,469 [ULTIMATE-FUSION] [INFO] 🌌 🛡️ [生產級守護] 正在執行背景健康檢查與狀態同步...
2026-08-24 21:06:44,472 [ULTIMATE-FUSION] [INFO] 🌌 ✨ [守護完成] 系統狀態: [operational] | 記憶體安全: [passed]
2026-08-24 21:06:54,700 [ULTIMATE-FUSION] [INFO] 🌌 【全融合心跳】世代 [948] 開始運作...
2026-08-24 21:07:14,760 [ULTIMATE-FUSION] [INFO] 🌌 🛡️ [生產級守護] 正在執行背景健康檢查與狀態同步...
2026-08-24 21:07:14,763 [ULTIMATE-FUSION] [INFO] 🌌 ✨ [守護完成] 系統狀態: [operational] | 記憶體安全: [passed]
2026-08-24 21:07:24,882 [ULTIMATE-FUSION] [INFO] 🌌 【全融合心跳】世代 [949] 開始運作...
2026-08-24 21:07:45,735 [ULTIMATE-FUSION] [INFO] 🌌 🛡️ [生產級守護] 正在執行背景健康檢查與狀態同步...
2026-08-24 21:07:45,736 [ULTIMATE-FUSION] [INFO] 🌌 ✨ [守護完成] 系統狀態: [operational] | 記憶體安全: [passed]
2026-08-24 21:07:55,820 [ULTIMATE-FUSION] [INFO] 🌌 【全融合心跳】世代 [950] 開始運作...
2026-08-24 21:08:16,129 [ULTIMATE-FUSION] [INFO] 🌌 🛡️ [生產級守護] 正在執行背景健康檢查與狀態同步...
2026-08-24 21:08:16,130 [ULTIMATE-FUSION] [INFO] 🌌 ✨ [守護完成] 系統狀態: [operational] | 記憶體安全: [passed]
2026-08-24 21:08:26,209 [ULTIMATE-FUSION] [INFO] 🌌 【全融合心跳】世代 [951] 開始運作...
2026-08-24 21:08:45,176 [ULTIMATE-FUSION] [INFO] 🌌 🛡️ [生產級守護] 正在執行背景健康檢查與狀態同步...
2026-08-24 21:08:45,181 [ULTIMATE-FUSION] [INFO] 🌌 ✨ [守護完成] 系統狀態: [operational] | 記憶體安全: [passed]
2026-08-24 21:08:55,368 [ULTIMATE-FUSION] [INFO] 🌌 【全融合心跳】世代 [952] 開始運作...
2026-08-24 21:09:09,059 [ULTIMATE-FUSION] [INFO] 🌌 🛡️ [生產級守護] 正在執行背景健康檢查與狀態同步...
2026-08-24 21:09:09,061 [ULTIMATE-FUSION] [INFO] 🌌 ✨ [守護完成] 系統狀態: [operational] | 記憶體安全: [passed]
2026-08-24 21:09:19,166 [ULTIMATE-FUSION] [INFO] 🌌 【全融合心跳】世代 [953] 開始運作...
2026-08-24 21:09:35,954 [ULTIMATE-FUSION] [INFO] 🌌 🛡️ [生產級守護] 正在執行背景健康檢查與狀態同步...
2026-08-24 21:09:35,955 [ULTIMATE-FUSION] [INFO] 🌌 ✨ [守護完成] 系統狀態: [operational] | 記憶體安全: [passed]
2026-08-24 21:09:46,032 [ULTIMATE-FUSION] [INFO] 🌌 【全融合心跳】世代 [954] 開始運作...
2026-08-24 21:10:06,912 [ULTIMATE-FUSION] [INFO] 🌌 🛡️ [生產級守護] 正在執行背景健康檢查與狀態同步...
2026-08-24 21:10:06,913 [ULTIMATE-FUSION] [INFO] 🌌 ✨ [守護完成] 系統狀態: [operational] | 記憶體安全: [passed]
2026-08-24 21:10:17,078 [ULTIMATE-FUSION] [INFO] 🌌 【全融合心跳】世代 [955] 開始運作...
2026-08-24 21:10:32,928 [ULTIMATE-FUSION] [INFO] 🌌 🛡️ [生產級守護] 正在執行背景健康檢查與狀態同步...
2026-08-24 21:10:32,929 [ULTIMATE-FUSION] [INFO] 🌌 ✨ [守護完成] 系統狀態: [operational] | 記憶體安全: [passed]
2026-08-24 21:10:43,035 [ULTIMATE-FUSION] [INFO] 🌌 【全融合心跳】世代 [956] 開始運作...
2026-08-24 21:10:56,114 [ULTIMATE-FUSION] [INFO] 🌌 🛡️ [生產級守護] 正在執行背景健康檢查與狀態同步...
2026-08-24 21:10:56,114 [ULTIMATE-FUSION] [INFO] 🌌 ✨ [守護完成] 系統狀態: [operational] | 記憶體安全: [passed]
2026-08-24 21:11:06,189 [ULTIMATE-FUSION] [INFO] 🌌 【全融合心跳】世代 [957] 開始運作...
2026-08-24 21:11:27,180 [ULTIMATE-FUSION] [INFO] 🌌 🛡️ [生產級守護] 正在執行背景健康檢查與狀態同步...
2026-08-24 21:11:27,187 [ULTIMATE-FUSION] [INFO] 🌌 ✨ [守護完成] 系統狀態: [operational] | 記憶體安全: [passed]
2026-08-24 21:11:37,329 [ULTIMATE-FUSION] [INFO] 🌌 【全融合心跳】世代 [958] 開始運作...
2026-08-24 21:12:00,532 [ULTIMATE-FUSION] [INFO] 🌌 🛡️ [生產級守護] 正在執行背景健康檢查與狀態同步...
2026-08-24 21:12:00,533 [ULTIMATE-FUSION] [INFO] 🌌 ✨ [守護完成] 系統狀態: [operational] | 記憶體安全: [passed]
2026-08-24 21:12:10,683 [ULTIMATE-FUSION] [INFO] 🌌 【全融合心跳】世代 [959] 開始運作...
2026-08-24 21:12:32,848 [ULTIMATE-FUSION] [INFO] 🌌 🛡️ [生產級守護] 正在執行背景健康檢查與狀態同步...
2026-08-24 21:12:32,856 [ULTIMATE-FUSION] [INFO] 🌌 ✨ [守護完成] 系統狀態: [operational] | 記憶體安全: [passed]
2026-08-24 21:12:43,061 [ULTIMATE-FUSION] [INFO] 🌌 【全融合心跳】世代 [960] 開始運作...
2026-08-24 21:13:01,989 [ULTIMATE-FUSION] [INFO] 🌌 🛡️ [生產級守護] 正在執行背景健康檢查與狀態同步...
2026-08-24 21:13:01,990 [ULTIMATE-FUSION] [INFO] 🌌 ✨ [守護完成] 系統狀態: [operational] | 記憶體安全: [passed]
2026-08-24 21:13:12,353 [ULTIMATE-FUSION] [INFO] 🌌 【全融合心跳】世代 [961] 開始運作...
2026-08-24 21:13:32,245 [ULTIMATE-FUSION] [INFO] 🌌 🛡️ [生產級守護] 正在執行背景健康檢查與狀態同步...
2026-08-24 21:13:32,252 [ULTIMATE-FUSION] [INFO] 🌌 ✨ [守護完成] 系統狀態: [operational] | 記憶體安全: [passed]
2026-08-24 21:13:42,479 [ULTIMATE-FUSION] [INFO] 🌌 【全融合心跳】世代 [962] 開始運作...
2026-08-24 21:13:58,806 [ULTIMATE-FUSION] [INFO] 🌌 🛡️ [生產級守護] 正在執行背景健康檢查與狀態同步...
2026-08-24 21:13:58,807 [ULTIMATE-FUSION] [INFO] 🌌 ✨ [守護完成] 系統狀態: [operational] | 記憶體安全: [passed]
2026-08-24 21:14:08,873 [ULTIMATE-FUSION] [INFO] 🌌 【全融合心跳】世代 [963] 開始運作...
2026-08-24 21:14:34,196 [ULTIMATE-FUSION] [INFO] 🌌 🛡️ [生產級守護] 正在執行背景健康檢查與狀態同步...
2026-08-24 21:14:34,197 [ULTIMATE-FUSION] [INFO] 🌌 ✨ [守護完成] 系統狀態: [operational] | 記憶體安全: [passed]
2026-08-24 21:14:44,286 [ULTIMATE-FUSION] [INFO] 🌌 【全融合心跳】世代 [964] 開始運作...
2026-08-24 21:15:00,890 [ULTIMATE-FUSION] [INFO] 🌌 🛡️ [生產級守護] 正在執行背景健康檢查與狀態同步...
2026-08-24 21:15:00,891 [ULTIMATE-FUSION] [INFO] 🌌 ✨ [守護完成] 系統狀態: [operational] | 記憶體安全: [passed]
2026-08-24 21:15:10,967 [ULTIMATE-FUSION] [INFO] 🌌 【全融合心跳】世代 [965] 開始運作...
2026-08-24 21:15:31,838 [ULTIMATE-FUSION] [INFO] 🌌 🛡️ [生產級守護] 正在執行背景健康檢查與狀態同步...
2026-08-24 21:15:31,840 [ULTIMATE-FUSION] [INFO] 🌌 ✨ [守護完成] 系統狀態: [operational] | 記憶體安全: [passed]
2026-08-24 21:15:41,979 [ULTIMATE-FUSION] [INFO] 🌌 【全融合心跳】世代 [966] 開始運作...
2026-08-24 21:15:59,472 [ULTIMATE-FUSION] [INFO] 🌌 🛡️ [生產級守護] 正在執行背景健康檢查與狀態同步...
2026-08-24 21:15:59,480 [ULTIMATE-FUSION] [INFO] 🌌 ✨ [守護完成] 系統狀態: [operational] | 記憶體安全: [passed]
2026-08-24 21:16:10,011 [ULTIMATE-FUSION] [INFO] 🌌 【全融合心跳】世代 [967] 開始運作...
2026-08-24 21:16:27,173 [ULTIMATE-FUSION] [INFO] 🌌 🛡️ [生產級守護] 正在執行背景健康檢查與狀態同步...
2026-08-24 21:16:27,178 [ULTIMATE-FUSION] [INFO] 🌌 ✨ [守護完成] 系統狀態: [operational] | 記憶體安全: [passed]
2026-08-24 21:16:38,074 [ULTIMATE-FUSION] [INFO] 🌌 【全融合心跳】世代 [968] 開始運作...
2026-08-24 21:16:54,327 [ULTIMATE-FUSION] [INFO] 🌌 🛡️ [生產級守護] 正在執行背景健康檢查與狀態同步...
2026-08-24 21:16:54,362 [ULTIMATE-FUSION] [INFO] 🌌 ✨ [守護完成] 系統狀態: [operational] | 記憶體安全: [passed]
2026-08-24 21:17:04,581 [ULTIMATE-FUSION] [INFO] 🌌 【全融合心跳】世代 [969] 開始運作...
2026-08-24 21:17:21,130 [ULTIMATE-FUSION] [INFO] 🌌 🛡️ [生產級守護] 正在執行背景健康檢查與狀態同步...
2026-08-24 21:17:21,134 [ULTIMATE-FUSION] [INFO] 🌌 ✨ [守護完成] 系統狀態: [operational] | 記憶體安全: [passed]
2026-08-24 21:17:31,332 [ULTIMATE-FUSION] [INFO] 🌌 【全融合心跳】世代 [970] 開始運作...
2026-08-24 21:17:48,910 [ULTIMATE-FUSION] [INFO] 🌌 🛡️ [生產級守護] 正在執行背景健康檢查與狀態同步...
2026-08-24 21:17:48,913 [ULTIMATE-FUSION] [INFO] 🌌 ✨ [守護完成] 系統狀態: [operational] | 記憶體安全: [passed]
2026-08-24 21:17:58,996 [ULTIMATE-FUSION] [INFO] 🌌 【全融合心跳】世代 [971] 開始運作...
2026-08-24 21:18:16,525 [ULTIMATE-FUSION] [INFO] 🌌 🛡️ [生產級守護] 正在執行背景健康檢查與狀態同步...
2026-08-24 21:18:16,527 [ULTIMATE-FUSION] [INFO] 🌌 ✨ [守護完成] 系統狀態: [operational] | 記憶體安全: [passed]
2026-08-24 21:18:26,628 [ULTIMATE-FUSION] [INFO] 🌌 【全融合心跳】世代 [972] 開始運作...
2026-08-24 21:18:42,002 [ULTIMATE-FUSION] [INFO] 🌌 🛡️ [生產級守護] 正在執行背景健康檢查與狀態同步...
2026-08-24 21:18:42,006 [ULTIMATE-FUSION] [INFO] 🌌 ✨ [守護完成] 系統狀態: [operational] | 記憶體安全: [passed]
2026-08-24 21:18:52,106 [ULTIMATE-FUSION] [INFO] 🌌 【全融合心跳】世代 [973] 開始運作...
2026-08-24 21:19:07,023 [ULTIMATE-FUSION] [INFO] 🌌 🛡️ [生產級守護] 正在執行背景健康檢查與狀態同步...
2026-08-24 21:19:07,024 [ULTIMATE-FUSION] [INFO] 🌌 ✨ [守護完成] 系統狀態: [operational] | 記憶體安全: [passed]
2026-08-24 21:19:17,118 [ULTIMATE-FUSION] [INFO] 🌌 【全融合心跳】世代 [974] 開始運作...
2026-08-24 21:19:36,115 [ULTIMATE-FUSION] [INFO] 🌌 🛡️ [生產級守護] 正在執行背景健康檢查與狀態同步...
2026-08-24 21:19:36,115 [ULTIMATE-FUSION] [INFO] 🌌 ✨ [守護完成] 系統狀態: [operational] | 記憶體安全: [passed]
2026-08-24 21:19:46,153 [ULTIMATE-FUSION] [INFO] 🌌 【全融合心跳】世代 [975] 開始運作...
2026-08-24 21:20:14,196 [ULTIMATE-FUSION] [INFO] 🌌 🛡️ [生產級守護] 正在執行背景健康檢查與狀態同步...
2026-08-24 21:20:14,196 [ULTIMATE-FUSION] [INFO] 🌌 ✨ [守護完成] 系統狀態: [operational] | 記憶體安全: [passed]
2026-08-24 21:20:24,268 [ULTIMATE-FUSION] [INFO] 🌌 【全融合心跳】世代 [976] 開始運作...
2026-08-24 21:20:41,067 [ULTIMATE-FUSION] [INFO] 🌌 🛡️ [生產級守護] 正在執行背景健康檢查與狀態同步...
2026-08-24 21:20:41,068 [ULTIMATE-FUSION] [INFO] 🌌 ✨ [守護完成] 系統狀態: [operational] | 記憶體安全: [passed]
2026-08-24 21:20:51,143 [ULTIMATE-FUSION] [INFO] 🌌 【全融合心跳】世代 [977] 開始運作...
2026-08-24 21:21:09,380 [ULTIMATE-FUSION] [INFO] 🌌 🛡️ [生產級守護] 正在執行背景健康檢查與狀態同步...
2026-08-24 21:21:09,382 [ULTIMATE-FUSION] [INFO] 🌌 ✨ [守護完成] 系統狀態: [operational] | 記憶體安全: [passed]
2026-08-24 21:21:19,475 [ULTIMATE-FUSION] [INFO] 🌌 【全融合心跳】世代 [978] 開始運作...
2026-08-24 21:21:37,243 [ULTIMATE-FUSION] [INFO] 🌌 🛡️ [生產級守護] 正在執行背景健康檢查與狀態同步...
2026-08-24 21:21:37,244 [ULTIMATE-FUSION] [INFO] 🌌 ✨ [守護完成] 系統狀態: [operational] | 記憶體安全: [passed]
2026-08-24 21:21:47,306 [ULTIMATE-FUSION] [INFO] 🌌 【全融合心跳】世代 [979] 開始運作...
2026-08-24 21:22:11,896 [ULTIMATE-FUSION] [INFO] 🌌 🛡️ [生產級守護] 正在執行背景健康檢查與狀態同步...
2026-08-24 21:22:11,896 [ULTIMATE-FUSION] [INFO] 🌌 ✨ [守護完成] 系統狀態: [operational] | 記憶體安全: [passed]
2026-08-24 21:22:21,932 [ULTIMATE-FUSION] [INFO] 🌌 【全融合心跳】世代 [980] 開始運作...
2026-08-24 21:22:42,065 [ULTIMATE-FUSION] [INFO] 🌌 🛡️ [生產級守護] 正在執行背景健康檢查與狀態同步...
2026-08-24 21:22:42,067 [ULTIMATE-FUSION] [INFO] 🌌 ✨ [守護完成] 系統狀態: [operational] | 記憶體安全: [passed]
2026-08-24 21:22:52,199 [ULTIMATE-FUSION] [INFO] 🌌 【全融合心跳】世代 [981] 開始運作...
2026-08-24 21:23:12,176 [ULTIMATE-FUSION] [INFO] 🌌 🛡️ [生產級守護] 正在執行背景健康檢查與狀態同步...
2026-08-24 21:23:12,176 [ULTIMATE-FUSION] [INFO] 🌌 ✨ [守護完成] 系統狀態: [operational] | 記憶體安全: [passed]
2026-08-24 21:23:22,221 [ULTIMATE-FUSION] [INFO] 🌌 【全融合心跳】世代 [982] 開始運作...
2026-08-24 21:23:39,893 [ULTIMATE-FUSION] [INFO] 🌌 🛡️ [生產級守護] 正在執行背景健康檢查與狀態同步...
2026-08-24 21:23:39,894 [ULTIMATE-FUSION] [INFO] 🌌 ✨ [守護完成] 系統狀態: [operational] | 記憶體安全: [passed]
2026-08-24 21:23:50,015 [ULTIMATE-FUSION] [INFO] 🌌 【全融合心跳】世代 [983] 開始運作...
2026-08-24 21:24:14,545 [ULTIMATE-FUSION] [INFO] 🌌 🛡️ [生產級守護] 正在執行背景健康檢查與狀態同步...
2026-08-24 21:24:14,546 [ULTIMATE-FUSION] [INFO] 🌌 ✨ [守護完成] 系統狀態: [operational] | 記憶體安全: [passed]
2026-08-24 21:24:24,658 [ULTIMATE-FUSION] [INFO] 🌌 【全融合心跳】世代 [984] 開始運作...
2026-08-24 21:24:43,296 [ULTIMATE-FUSION] [INFO] 🌌 🛡️ [生產級守護] 正在執行背景健康檢查與狀態同步...
2026-08-24 21:24:43,299 [ULTIMATE-FUSION] [INFO] 🌌 ✨ [守護完成] 系統狀態: [operational] | 記憶體安全: [passed]
2026-08-24 21:24:53,445 [ULTIMATE-FUSION] [INFO] 🌌 【全融合心跳】世代 [985] 開始運作...
2026-08-24 21:25:17,988 [ULTIMATE-FUSION] [INFO] 🌌 🛡️ [生產級守護] 正在執行背景健康檢查與狀態同步...
2026-08-24 21:25:17,989 [ULTIMATE-FUSION] [INFO] 🌌 ✨ [守護完成] 系統狀態: [operational] | 記憶體安全: [passed]
2026-08-24 21:25:28,052 [ULTIMATE-FUSION] [INFO] 🌌 【全融合心跳】世代 [986] 開始運作...
2026-08-24 21:25:44,413 [ULTIMATE-FUSION] [INFO] 🌌 🛡️ [生產級守護] 正在執行背景健康檢查與狀態同步...
2026-08-24 21:25:44,415 [ULTIMATE-FUSION] [INFO] 🌌 ✨ [守護完成] 系統狀態: [operational] | 記憶體安全: [passed]
2026-08-24 21:25:54,496 [ULTIMATE-FUSION] [INFO] 🌌 【全融合心跳】世代 [987] 開始運作...
2026-08-24 21:26:11,125 [ULTIMATE-FUSION] [INFO] 🌌 🛡️ [生產級守護] 正在執行背景健康檢查與狀態同步...
2026-08-24 21:26:11,126 [ULTIMATE-FUSION] [INFO] 🌌 ✨ [守護完成] 系統狀態: [operational] | 記憶體安全: [passed]
2026-08-24 21:26:21,185 [ULTIMATE-FUSION] [INFO] 🌌 【全融合心跳】世代 [988] 開始運作...
2026-08-24 21:26:43,014 [ULTIMATE-FUSION] [INFO] 🌌 🛡️ [生產級守護] 正在執行背景健康檢查與狀態同步...
2026-08-24 21:26:43,015 [ULTIMATE-FUSION] [INFO] 🌌 ✨ [守護完成] 系統狀態: [operational] | 記憶體安全: [passed]
2026-08-24 21:26:53,120 [ULTIMATE-FUSION] [INFO] 🌌 【全融合心跳】世代 [989] 開始運作...
2026-08-24 21:27:13,017 [ULTIMATE-FUSION] [INFO] 🌌 🛡️ [生產級守護] 正在執行背景健康檢查與狀態同步...
2026-08-24 21:27:13,019 [ULTIMATE-FUSION] [INFO] 🌌 ✨ [守護完成] 系統狀態: [operational] | 記憶體安全: [passed]
2026-08-24 21:27:23,102 [ULTIMATE-FUSION] [INFO] 🌌 【全融合心跳】世代 [990] 開始運作...
2026-08-24 21:27:42,245 [ULTIMATE-FUSION] [INFO] 🌌 🛡️ [生產級守護] 正在執行背景健康檢查與狀態同步...
2026-08-24 21:27:42,246 [ULTIMATE-FUSION] [INFO] 🌌 ✨ [守護完成] 系統狀態: [operational] | 記憶體安全: [passed]
2026-08-24 21:27:52,334 [ULTIMATE-FUSION] [INFO] 🌌 【全融合心跳】世代 [991] 開始運作...
2026-08-24 21:28:07,354 [ULTIMATE-FUSION] [INFO] 🌌 🛡️ [生產級守護] 正在執行背景健康檢查與狀態同步...
2026-08-24 21:28:07,355 [ULTIMATE-FUSION] [INFO] 🌌 ✨ [守護完成] 系統狀態: [operational] | 記憶體安全: [passed]
2026-08-24 21:28:17,443 [ULTIMATE-FUSION] [INFO] 🌌 【全融合心跳】世代 [992] 開始運作...
2026-08-24 21:28:33,896 [ULTIMATE-FUSION] [INFO] 🌌 🛡️ [生產級守護] 正在執行背景健康檢查與狀態同步...
2026-08-24 21:28:33,897 [ULTIMATE-FUSION] [INFO] 🌌 ✨ [守護完成] 系統狀態: [operational] | 記憶體安全: [passed]
2026-08-24 21:28:43,998 [ULTIMATE-FUSION] [INFO] 🌌 【全融合心跳】世代 [993] 開始運作...
2026-08-24 21:29:03,592 [ULTIMATE-FUSION] [INFO] 🌌 🛡️ [生產級守護] 正在執行背景健康檢查與狀態同步...
2026-08-24 21:29:03,593 [ULTIMATE-FUSION] [INFO] 🌌 ✨ [守護完成] 系統狀態: [operational] | 記憶體安全: [passed]
2026-08-24 21:29:13,655 [ULTIMATE-FUSION] [INFO] 🌌 【全融合心跳】世代 [994] 開始運作...
2026-08-24 21:29:30,843 [ULTIMATE-FUSION] [INFO] 🌌 🛡️ [生產級守護] 正在執行背景健康檢查與狀態同步...
2026-08-24 21:29:30,844 [ULTIMATE-FUSION] [INFO] 🌌 ✨ [守護完成] 系統狀態: [operational] | 記憶體安全: [passed]
2026-08-24 21:29:40,909 [ULTIMATE-FUSION] [INFO] 🌌 【全融合心跳】世代 [995] 開始運作...
2026-08-24 21:30:02,839 [ULTIMATE-FUSION] [INFO] 🌌 🛡️ [生產級守護] 正在執行背景健康檢查與狀態同步...
2026-08-24 21:30:02,840 [ULTIMATE-FUSION] [INFO] 🌌 ✨ [守護完成] 系統狀態: [operational] | 記憶體安全: [passed]
2026-08-24 21:30:12,920 [ULTIMATE-FUSION] [INFO] 🌌 【全融合心跳】世代 [996] 開始運作...
2026-08-24 21:30:31,942 [ULTIMATE-FUSION] [INFO] 🌌 🛡️ [生產級守護] 正在執行背景健康檢查與狀態同步...
2026-08-24 21:30:31,942 [ULTIMATE-FUSION] [INFO] 🌌 ✨ [守護完成] 系統狀態: [operational] | 記憶體安全: [passed]
2026-08-24 21:30:42,016 [ULTIMATE-FUSION] [INFO] 🌌 【全融合心跳】世代 [997] 開始運作...
2026-08-24 21:31:07,810 [ULTIMATE-FUSION] [INFO] 🌌 🛡️ [生產級守護] 正在執行背景健康檢查與狀態同步...
2026-08-24 21:31:07,811 [ULTIMATE-FUSION] [INFO] 🌌 ✨ [守護完成] 系統狀態: [operational] | 記憶體安全: [passed]
2026-08-24 21:31:17,901 [ULTIMATE-FUSION] [INFO] 🌌 【全融合心跳】世代 [998] 開始運作...
2026-08-24 21:31:43,124 [ULTIMATE-FUSION] [INFO] 🌌 🛡️ [生產級守護] 正在執行背景健康檢查與狀態同步...
2026-08-24 21:31:43,126 [ULTIMATE-FUSION] [INFO] 🌌 ✨ [守護完成] 系統狀態: [operational] | 記憶體安全: [passed]
2026-08-24 21:31:53,214 [ULTIMATE-FUSION] [INFO] 🌌 【全融合心跳】世代 [999] 開始運作...
2026-08-24 21:32:12,244 [ULTIMATE-FUSION] [INFO] 🌌 🛡️ [生產級守護] 正在執行背景健康檢查與狀態同步...
2026-08-24 21:32:12,245 [ULTIMATE-FUSION] [INFO] 🌌 ✨ [守護完成] 系統狀態: [operational] | 記憶體安全: [passed]
2026-08-24 21:32:22,355 [ULTIMATE-FUSION] [INFO] 🌌 【全融合心跳】世代 [1000] 開始運作...
2026-08-24 21:32:39,743 [ULTIMATE-FUSION] [INFO] 🌌 🛡️ [生產級守護] 正在執行背景健康檢查與狀態同步...
2026-08-24 21:32:39,744 [ULTIMATE-FUSION] [INFO] 🌌 ✨ [守護完成] 系統狀態: [operational] | 記憶體安全: [passed]
2026-08-24 21:32:49,845 [ULTIMATE-FUSION] [INFO] 🌌 【全融合心跳】世代 [1001] 開始運作...
2026-08-24 21:33:08,858 [ULTIMATE-FUSION] [INFO] 🌌 🛡️ [生產級守護] 正在執行背景健康檢查與狀態同步...
2026-08-24 21:33:08,859 [ULTIMATE-FUSION] [INFO] 🌌 ✨ [守護完成] 系統狀態: [operational] | 記憶體安全: [passed]
2026-08-24 21:33:18,940 [ULTIMATE-FUSION] [INFO] 🌌 【全融合心跳】世代 [1002] 開始運作...
2026-08-24 21:33:35,714 [ULTIMATE-FUSION] [INFO] 🌌 🛡️ [生產級守護] 正在執行背景健康檢查與狀態同步...
2026-08-24 21:33:35,714 [ULTIMATE-FUSION] [INFO] 🌌 ✨ [守護完成] 系統狀態: [operational] | 記憶體安全: [passed]
2026-08-24 21:33:45,819 [ULTIMATE-FUSION] [INFO] 🌌 【全融合心跳】世代 [1003] 開始運作...
2026-08-24 21:34:00,844 [ULTIMATE-FUSION] [INFO] 🌌 🛡️ [生產級守護] 正在執行背景健康檢查與狀態同步...
2026-08-24 21:34:00,845 [ULTIMATE-FUSION] [INFO] 🌌 ✨ [守護完成] 系統狀態: [operational] | 記憶體安全: [passed]
2026-08-24 21:34:10,959 [ULTIMATE-FUSION] [INFO] 🌌 【全融合心跳】世代 [1004] 開始運作...
2026-08-24 21:34:37,530 [ULTIMATE-FUSION] [INFO] 🌌 🛡️ [生產級守護] 正在執行背景健康檢查與狀態同步...
2026-08-24 21:34:37,533 [ULTIMATE-FUSION] [INFO] 🌌 ✨ [守護完成] 系統狀態: [operational] | 記憶體安全: [passed]
2026-08-24 21:34:47,635 [ULTIMATE-FUSION] [INFO] 🌌 【全融合心跳】世代 [1005] 開始運作...
2026-08-24 21:35:12,024 [ULTIMATE-FUSION] [INFO] 🌌 🛡️ [生產級守護] 正在執行背景健康檢查與狀態同步...
2026-08-24 21:35:12,025 [ULTIMATE-FUSION] [INFO] 🌌 ✨ [守護完成] 系統狀態: [operational] | 記憶體安全: [passed]
2026-08-24 21:35:22,135 [ULTIMATE-FUSION] [INFO] 🌌 【全融合心跳】世代 [1006] 開始運作...
2026-08-24 21:35:37,519 [ULTIMATE-FUSION] [INFO] 🌌 🛡️ [生產級守護] 正在執行背景健康檢查與狀態同步...
2026-08-24 21:35:37,520 [ULTIMATE-FUSION] [INFO] 🌌 ✨ [守護完成] 系統狀態: [operational] | 記憶體安全: [passed]
2026-08-24 21:35:47,627 [ULTIMATE-FUSION] [INFO] 🌌 【全融合心跳】世代 [1007] 開始運作...
2026-08-24 21:36:05,512 [ULTIMATE-FUSION] [INFO] 🌌 🛡️ [生產級守護] 正在執行背景健康檢查與狀態同步...
2026-08-24 21:36:05,512 [ULTIMATE-FUSION] [INFO] 🌌 ✨ [守護完成] 系統狀態: [operational] | 記憶體安全: [passed]
2026-08-24 21:36:15,595 [ULTIMATE-FUSION] [INFO] 🌌 【全融合心跳】世代 [1008] 開始運作...
2026-08-24 21:36:34,767 [ULTIMATE-FUSION] [INFO] 🌌 🛡️ [生產級守護] 正在執行背景健康檢查與狀態同步...
2026-08-24 21:36:34,769 [ULTIMATE-FUSION] [INFO] 🌌 ✨ [守護完成] 系統狀態: [operational] | 記憶體安全: [passed]
2026-08-24 21:36:44,869 [ULTIMATE-FUSION] [INFO] 🌌 【全融合心跳】世代 [1009] 開始運作...
2026-08-24 21:37:02,548 [ULTIMATE-FUSION] [INFO] 🌌 🛡️ [生產級守護] 正在執行背景健康檢查與狀態同步...
2026-08-24 21:37:02,549 [ULTIMATE-FUSION] [INFO] 🌌 ✨ [守護完成] 系統狀態: [operational] | 記憶體安全: [passed]
2026-08-24 21:37:12,605 [ULTIMATE-FUSION] [INFO] 🌌 【全融合心跳】世代 [1010] 開始運作...
2026-08-24 21:37:37,444 [ULTIMATE-FUSION] [INFO] 🌌 🛡️ [生產級守護] 正在執行背景健康檢查與狀態同步...
2026-08-24 21:37:37,446 [ULTIMATE-FUSION] [INFO] 🌌 ✨ [守護完成] 系統狀態: [operational] | 記憶體安全: [passed]
2026-08-24 21:37:47,562 [ULTIMATE-FUSION] [INFO] 🌌 【全融合心跳】世代 [1011] 開始運作...
2026-08-24 21:38:05,071 [ULTIMATE-FUSION] [INFO] 🌌 🛡️ [生產級守護] 正在執行背景健康檢查與狀態同步...
2026-08-24 21:38:05,072 [ULTIMATE-FUSION] [INFO] 🌌 ✨ [守護完成] 系統狀態: [operational] | 記憶體安全: [passed]
2026-08-24 21:38:15,179 [ULTIMATE-FUSION] [INFO] 🌌 【全融合心跳】世代 [1012] 開始運作...
2026-08-24 21:38:31,595 [ULTIMATE-FUSION] [INFO] 🌌 🛡️ [生產級守護] 正在執行背景健康檢查與狀態同步...
2026-08-24 21:38:31,596 [ULTIMATE-FUSION] [INFO] 🌌 ✨ [守護完成] 系統狀態: [operational] | 記憶體安全: [passed]
2026-08-24 21:38:41,673 [ULTIMATE-FUSION] [INFO] 🌌 【全融合心跳】世代 [1013] 開始運作...
2026-08-24 21:39:03,657 [ULTIMATE-FUSION] [INFO] 🌌 🛡️ [生產級守護] 正在執行背景健康檢查與狀態同步...
2026-08-24 21:39:03,660 [ULTIMATE-FUSION] [INFO] 🌌 ✨ [守護完成] 系統狀態: [operational] | 記憶體安全: [passed]
2026-08-24 21:39:13,759 [ULTIMATE-FUSION] [INFO] 🌌 【全融合心跳】世代 [1014] 開始運作...
2026-08-24 21:39:34,774 [ULTIMATE-FUSION] [INFO] 🌌 🛡️ [生產級守護] 正在執行背景健康檢查與狀態同步...
2026-08-24 21:39:34,775 [ULTIMATE-FUSION] [INFO] 🌌 ✨ [守護完成] 系統狀態: [operational] | 記憶體安全: [passed]
2026-08-24 21:39:44,855 [ULTIMATE-FUSION] [INFO] 🌌 【全融合心跳】世代 [1015] 開始運作...
2026-08-24 21:40:06,506 [ULTIMATE-FUSION] [INFO] 🌌 🛡️ [生產級守護] 正在執行背景健康檢查與狀態同步...
2026-08-24 21:40:06,507 [ULTIMATE-FUSION] [INFO] 🌌 ✨ [守護完成] 系統狀態: [operational] | 記憶體安全: [passed]
2026-08-24 21:40:16,613 [ULTIMATE-FUSION] [INFO] 🌌 【全融合心跳】世代 [1016] 開始運作...
2026-08-24 21:40:48,496 [ULTIMATE-FUSION] [INFO] 🌌 🛡️ [生產級守護] 正在執行背景健康檢查與狀態同步...
2026-08-24 21:40:48,497 [ULTIMATE-FUSION] [INFO] 🌌 ✨ [守護完成] 系統狀態: [operational] | 記憶體安全: [passed]
2026-08-24 21:40:58,654 [ULTIMATE-FUSION] [INFO] 🌌 【全融合心跳】世代 [1017] 開始運作...
2026-08-24 21:41:14,163 [ULTIMATE-FUSION] [INFO] 🌌 🛡️ [生產級守護] 正在執行背景健康檢查與狀態同步...
2026-08-24 21:41:14,166 [ULTIMATE-FUSION] [INFO] 🌌 ✨ [守護完成] 系統狀態: [operational] | 記憶體安全: [passed]
2026-08-24 21:41:24,261 [ULTIMATE-FUSION] [INFO] 🌌 【全融合心跳】世代 [1018] 開始運作...
2026-08-24 21:41:39,820 [ULTIMATE-FUSION] [INFO] 🌌 🛡️ [生產級守護] 正在執行背景健康檢查與狀態同步...
2026-08-24 21:41:39,834 [ULTIMATE-FUSION] [INFO] 🌌 ✨ [守護完成] 系統狀態: [operational] | 記憶體安全: [passed]
2026-08-24 21:41:50,050 [ULTIMATE-FUSION] [INFO] 🌌 【全融合心跳】世代 [1019] 開始運作...
2026-08-24 21:42:08,211 [ULTIMATE-FUSION] [INFO] 🌌 🛡️ [生產級守護] 正在執行背景健康檢查與狀態同步...
2026-08-24 21:42:08,214 [ULTIMATE-FUSION] [INFO] 🌌 ✨ [守護完成] 系統狀態: [operational] | 記憶體安全: [passed]
2026-08-24 21:42:18,417 [ULTIMATE-FUSION] [INFO] 🌌 【全融合心跳】世代 [1020] 開始運作...
2026-08-24 21:42:38,444 [ULTIMATE-FUSION] [INFO] 🌌 🛡️ [生產級守護] 正在執行背景健康檢查與狀態同步...
2026-08-24 21:42:38,446 [ULTIMATE-FUSION] [INFO] 🌌 ✨ [守護完成] 系統狀態: [operational] | 記憶體安全: [passed]
2026-08-24 21:42:48,639 [ULTIMATE-FUSION] [INFO] 🌌 【全融合心跳】世代 [1021] 開始運作...
2026-08-24 21:43:04,342 [ULTIMATE-FUSION] [INFO] 🌌 🛡️ [生產級守護] 正在執行背景健康檢查與狀態同步...
2026-08-24 21:43:04,342 [ULTIMATE-FUSION] [INFO] 🌌 ✨ [守護完成] 系統狀態: [operational] | 記憶體安全: [passed]
2026-08-24 21:43:14,409 [ULTIMATE-FUSION] [INFO] 🌌 【全融合心跳】世代 [1022] 開始運作...
2026-08-24 21:43:32,350 [ULTIMATE-FUSION] [INFO] 🌌 🛡️ [生產級守護] 正在執行背景健康檢查與狀態同步...
2026-08-24 21:43:32,352 [ULTIMATE-FUSION] [INFO] 🌌 ✨ [守護完成] 系統狀態: [operational] | 記憶體安全: [passed]
2026-08-24 21:43:42,436 [ULTIMATE-FUSION] [INFO] 🌌 【全融合心跳】世代 [1023] 開始運作...
2026-08-24 21:44:08,889 [ULTIMATE-FUSION] [INFO] 🌌 🛡️ [生產級守護] 正在執行背景健康檢查與狀態同步...
2026-08-24 21:44:08,890 [ULTIMATE-FUSION] [INFO] 🌌 ✨ [守護完成] 系統狀態: [operational] | 記憶體安全: [passed]
2026-08-24 21:44:19,004 [ULTIMATE-FUSION] [INFO] 🌌 【全融合心跳】世代 [1024] 開始運作...
2026-08-24 21:44:35,176 [ULTIMATE-FUSION] [INFO] 🌌 🛡️ [生產級守護] 正在執行背景健康檢查與狀態同步...
2026-08-24 21:44:35,179 [ULTIMATE-FUSION] [INFO] 🌌 ✨ [守護完成] 系統狀態: [operational] | 記憶體安全: [passed]
2026-08-24 21:44:45,327 [ULTIMATE-FUSION] [INFO] 🌌 【全融合心跳】世代 [1025] 開始運作...
2026-08-24 21:45:07,322 [ULTIMATE-FUSION] [INFO] 🌌 🛡️ [生產級守護] 正在執行背景健康檢查與狀態同步...
2026-08-24 21:45:07,323 [ULTIMATE-FUSION] [INFO] 🌌 ✨ [守護完成] 系統狀態: [operational] | 記憶體安全: [passed]
2026-08-24 21:45:17,406 [ULTIMATE-FUSION] [INFO] 🌌 【全融合心跳】世代 [1026] 開始運作...
2026-08-24 21:45:48,035 [ULTIMATE-FUSION] [INFO] 🌌 🛡️ [生產級守護] 正在執行背景健康檢查與狀態同步...
2026-08-24 21:45:48,036 [ULTIMATE-FUSION] [INFO] 🌌 ✨ [守護完成] 系統狀態: [operational] | 記憶體安全: [passed]
2026-08-24 21:45:58,066 [ULTIMATE-FUSION] [INFO] 🌌 【全融合心跳】世代 [1027] 開始運作...
2026-08-24 21:46:18,147 [ULTIMATE-FUSION] [INFO] 🌌 🛡️ [生產級守護] 正在執行背景健康檢查與狀態同步...
2026-08-24 21:46:18,150 [ULTIMATE-FUSION] [INFO] 🌌 ✨ [守護完成] 系統狀態: [operational] | 記憶體安全: [passed]
2026-08-24 21:46:28,282 [ULTIMATE-FUSION] [INFO] 🌌 【全融合心跳】世代 [1028] 開始運作...
2026-08-24 21:46:48,976 [ULTIMATE-FUSION] [INFO] 🌌 🛡️ [生產級守護] 正在執行背景健康檢查與狀態同步...
2026-08-24 21:46:48,978 [ULTIMATE-FUSION] [INFO] 🌌 ✨ [守護完成] 系統狀態: [operational] | 記憶體安全: [passed]
2026-08-24 21:46:59,044 [ULTIMATE-FUSION] [INFO] 🌌 【全融合心跳】世代 [1029] 開始運作...
2026-08-24 21:47:21,522 [ULTIMATE-FUSION] [INFO] 🌌 🛡️ [生產級守護] 正在執行背景健康檢查與狀態同步...
2026-08-24 21:47:21,523 [ULTIMATE-FUSION] [INFO] 🌌 ✨ [守護完成] 系統狀態: [operational] | 記憶體安全: [passed]
2026-08-24 21:47:31,681 [ULTIMATE-FUSION] [INFO] 🌌 【全融合心跳】世代 [1030] 開始運作...
2026-08-24 21:47:51,244 [ULTIMATE-FUSION] [INFO] 🌌 🛡️ [生產級守護] 正在執行背景健康檢查與狀態同步...
2026-08-24 21:47:51,246 [ULTIMATE-FUSION] [INFO] 🌌 ✨ [守護完成] 系統狀態: [operational] | 記憶體安全: [passed]
2026-08-24 21:48:01,362 [ULTIMATE-FUSION] [INFO] 🌌 【全融合心跳】世代 [1031] 開始運作...
2026-08-24 21:48:17,855 [ULTIMATE-FUSION] [INFO] 🌌 🛡️ [生產級守護] 正在執行背景健康檢查與狀態同步...
2026-08-24 21:48:17,858 [ULTIMATE-FUSION] [INFO] 🌌 ✨ [守護完成] 系統狀態: [operational] | 記憶體安全: [passed]
2026-08-24 21:48:27,991 [ULTIMATE-FUSION] [INFO] 🌌 【全融合心跳】世代 [1032] 開始運作...
2026-08-24 21:48:50,046 [ULTIMATE-FUSION] [INFO] 🌌 🛡️ [生產級守護] 正在執行背景健康檢查與狀態同步...
2026-08-24 21:48:50,050 [ULTIMATE-FUSION] [INFO] 🌌 ✨ [守護完成] 系統狀態: [operational] | 記憶體安全: [passed]
2026-08-24 21:49:00,149 [ULTIMATE-FUSION] [INFO] 🌌 【全融合心跳】世代 [1033] 開始運作...
2026-08-24 21:49:19,415 [ULTIMATE-FUSION] [INFO] 🌌 🛡️ [生產級守護] 正在執行背景健康檢查與狀態同步...
2026-08-24 21:49:19,415 [ULTIMATE-FUSION] [INFO] 🌌 ✨ [守護完成] 系統狀態: [operational] | 記憶體安全: [passed]
2026-08-24 21:49:29,484 [ULTIMATE-FUSION] [INFO] 🌌 【全融合心跳】世代 [1034] 開始運作...
